loggingTime(txt),locationTimestamp_since1970(s),locationLatitude(WGS84),locationLongitude(WGS84),locationAltitude(m),locationSpeed(m/s),locationSpeedAccuracy(m/s),locationCourse(°),locationCourseAccuracy(°),locationVerticalAccuracy(m),locationHorizontalAccuracy(m),locationFloor(Z),accelerometerTimestamp_sinceReboot(s),accelerometerAccelerationX(G),accelerometerAccelerationY(G),accelerometerAccelerationZ(G),motionTimestamp_sinceReboot(s),motionYaw(rad),motionRoll(rad),motionPitch(rad),motionRotationRateX(rad/s),motionRotationRateY(rad/s),motionRotationRateZ(rad/s),motionUserAccelerationX(G),motionUserAccelerationY(G),motionUserAccelerationZ(G),motionAttitudeReferenceFrame(txt),motionQuaternionX(R),motionQuaternionY(R),motionQuaternionZ(R),motionQuaternionW(R),motionGravityX(G),motionGravityY(G),motionGravityZ(G),motionMagneticFieldX(µT),motionMagneticFieldY(µT),motionMagneticFieldZ(µT),motionHeading(°),motionMagneticFieldCalibrationAccuracy(Z),pedometerStartDate(txt),pedometerNumberofSteps(N),pedometerAverageActivePace(s/m),pedometerCurrentPace(s/m),pedometerCurrentCadence(steps/s),pedometerDistance(m),pedometerFloorAscended(N),pedometerFloorDescended(N),pedometerEndDate(txt),altimeterTimestamp_sinceReboot(s),altimeterReset(bool),altimeterRelativeAltitude(m),altimeterPressure(kPa),label
2026-05-05T17:18:22.203+02:00,1777994301.000206,53.23567559016271,10.40148929693773,27.11746,0,0.3080157,-1,-1,8,6.336596657109493,-9999,3961.919403541667,0.066253662109375,-0.073944091796875,-0.9742584228515625,3961.914367541667,-6.30126391542935e-18,-3.011254116515924e-18,-2.984596159444853e-18,0.2076012790203094,-0.1004581600427628,0.0720311775803566,0.03676990419626236,-0.001215800642967224,-0.04128527641296387,XArbitraryZVertical,-1.492298016894635e-18,-1.505626994869003e-18,-3.150631825068759e-18,1.00000004210137,0.06895827502012253,-0.165837436914444,-0.9837391376495361,0,0,0,-1,-1,2026-05-05T16:12:27.330+02:00,1853,1.428074,0,0,1618.589,0,0,2026-05-05T17:18:20.497+02:00,799687100.5986646,0,0.8699999,100.7547,0
2026-05-05T17:18:22.204+02:00,1777994301.000206,53.23567559016271,10.40148929693773,27.11746,0,0.3080157,-1,-1,8,6.336596657109493,-9999,3961.929477541667,0.1660003662109375,-0.201324462890625,-0.9736785888671875,3961.924440541667,0.0003997791419796289,-0.0006192515138129156,0.001678557346561155,0.1375113725662231,-0.03297366201877594,0.02194444835186005,-0.01397689431905746,0.07466627657413483,-0.01037943363189697,XArbitraryZVertical,0.0008393403690038102,-0.000309457859085993,0.0001996296180094684,0.9999996272216528,0.06828294694423676,-0.1675160080194473,-0.9835017919540405,0,0,0,-1,-1,2026-05-05T16:12:27.330+02:00,1853,1.428074,0,0,1618.589,0,0,2026-05-05T17:18:20.497+02:00,799687100.5986646,0,0.8699999,100.7547,0
2026-05-05T17:18:22.210+02:00,1777994301.000206,53.23567559016271,10.40148929693773,27.11746,0,0.3080157,-1,-1,8,6.336596657109493,-9999,3961.939550541667,0.1089935302734375,-0.1675872802734375,-0.952972412109375,3961.934513541667,0.0008131704896410861,-0.0009237070365721912,0.003138259022129746,0.1509107947349548,-0.03653990104794502,0.05957198515534401,0.05766469240188599,0.03772374987602234,0.0122227668762207,XArbitraryZVertical,0.001569316298353162,-0.0004612148946323862,0.0004058599681135764,0.9999986145149303,0.0679151639342308,-0.1689798533916473,-0.9832768440246582,0,0,0,-1,-1,2026-05-05T16:12:27.330+02:00,1853,1.428074,0,0,1618.589,0,0,2026-05-05T17:18:20.497+02:00,799687100.5986646,0,0.8699999,100.7547,0
2026-05-05T17:18:22.221+02:00,1777994301.000206,53.23567559016271,10.40148929693773,27.11746,0,0.3080157,-1,-1,8,6.336596657109493,-9999,3961.949623541667,0.098175048828125,-0.1188201904296875,-0.9524993896484375,3961.944586541667,0.001235774937922323,-0.001363109109596961,0.004533377279368206,0.124879889190197,-0.05156359449028969,0.02244691923260689,0.08039860427379608,-0.03852763772010803,0.01921772956848145,XArbitraryZVertical,0.00226710683172658,-0.0006801520549996928,0.0006163408202930674,0.9999970223997495,0.06741330772638321,-0.1703804582357407,-0.9830696582794189,0,0,0,-1,-1,2026-05-05T16:12:27.330+02:00,1853,1.428074,0,0,1618.589,0,0,2026-05-05T17:18:20.497+02:00,799687100.5986646,0,0.8699999,100.7547,0
2026-05-05T17:18:22.231+02:00,1777994302.000194,53.2356729079537,10.40149281733706,27.82473,0,0.8273451,-1,-1,7.999999999999999,5.429927758788004,-9999,3961.959696541667,0.097686767578125,-0.1385650634765625,-0.9473724365234375,3961.954659541667,0.001410627579750562,-0.001862689124108733,0.00561810538065856,0.08999381214380264,-0.04713528975844383,0.01842448115348816,0.02700909972190857,0.04125536978244781,0.03177636861801147,XArbitraryZVertical,0.002809704018070473,-0.0009293592782538163,0.0007026944640873549,0.9999953556780062,0.06689351052045822,-0.1714586168527603,-0.9829176664352417,0,0,0,-1,-1,2026-05-05T16:12:27.330+02:00,1853,1.428074,0,0,1618.589,0,0,2026-05-05T17:18:20.497+02:00,799687100.5986646,0,0.8699999,100.7547,0
2026-05-05T17:18:22.241+02:00,1777994302.000194,53.2356729079537,10.40149281733706,27.82473,0,0.8273451,-1,-1,7.999999999999999,5.429927758788004,-9999,3961.969769541667,0.09307861328125,-0.1549072265625,-0.95098876953125,3961.964732541667,0.001664591786907516,-0.002266751777285002,0.006355764748562887,0.05102664604783058,-0.03244262933731079,0.03310289233922958,0.03474181145429611,0.04546152055263519,0.03221040964126587,XArbitraryZVertical,0.003178816878674491,-0.001130724490939702,0.0008286892544596544,0.999994060493852,0.06645449995994568,-0.1722010225057602,-0.9828177094459534,0,0,0,-1,-1,2026-05-05T16:12:27.330+02:00,1853,1.428074,0,0,1618.589,0,0,2026-05-05T17:18:20.497+02:00,799687100.5986646,0,0.8699999,100.7547,0
2026-05-05T17:18:22.252+02:00,1777994302.000194,53.2356729079537,10.40149281733706,27.82473,0,0.8273451,-1,-1,7.999999999999999,5.429927758788004,-9999,3961.979842541667,0.0959014892578125,-0.1637420654296875,-0.9586639404296875,3961.974805541667,0.002174261698378225,-0.002534592733699958,0.006625587426388559,0.005743319634348154,-0.02180170267820358,0.0653335303068161,0.02794841676950455,0.02444508671760559,0.03546184301376343,XArbitraryZVertical,0.003314160648247185,-0.001263686858136485,0.001082925485263234,0.9999931524066584,0.06610678136348724,-0.1725011318922043,-0.9827885031700134,0,0,0,-1,-1,2026-05-05T16:12:27.330+02:00,1853,1.428074,0,0,1618.589,0,0,2026-05-05T17:18:20.497+02:00,799687100.5986646,0,0.8699999,100.7547,0
2026-05-05T17:18:22.261+02:00,1777994302.000194,53.2356729079537,10.40149281733706,27.82473,0,0.8273451,-1,-1,7.999999999999999,5.429927758788004,-9999,3961.989915541667,0.0854644775390625,-0.165191650390625,-0.9642486572265625,3961.984878541667,0.002898462082996354,-0.002718251325358006,0.006400601313200585,-0.05189654231071472,-0.01429052278399467,0.07702681422233582,0.02913423627614975,0.01206666231155396,0.02724188566207886,XArbitraryZVertical,0.003202258196933004,-0.001354478746391886,0.001444872017374328,0.9999930226299236,0.06580596417188644,-0.1723297089338303,-0.9828387498855591,0,0,0,-1,-1,2026-05-05T16:12:27.330+02:00,1853,1.428074,0,0,1618.589,0,0,2026-05-05T17:18:20.497+02:00,799687100.5986646,0,0.8699999,100.7547,0
2026-05-05T17:18:22.271+02:00,1777994302.000194,53.2356729079537,10.40149281733706,27.82473,0,0.8273451,-1,-1,7.999999999999999,5.429927758788004,-9999,3961.999988541667,0.0837860107421875,-0.166839599609375,-0.974517822265625,3961.994951541667,0.003763157528845944,-0.002807181683182993,0.005621386275077557,-0.0964653417468071,-0.006454703398048878,0.1003174781799316,0.02687843888998032,0.005409106612205505,0.02236080169677734,XArbitraryZVertical,0.002813322387991763,-0.00139829369939786,0.00187762314729928,0.9999933940066154,0.06557458639144897,-0.171623095870018,-0.9829778671264648,0,0,0,-1,-1,2026-05-05T16:12:27.330+02:00,1853,1.428074,0,0,1618.589,0,0,2026-05-05T17:18:20.497+02:00,799687100.5986646,0,0.8699999,100.7547,0
2026-05-05T17:18:22.281+02:00,1777994302.000194,53.2356729079537,10.40149281733706,27.82473,0,0.8273451,-1,-1,7.999999999999999,5.429927758788004,-9999,3962.010061541667,0.0957794189453125,-0.182220458984375,-0.9857940673828125,3962.005024541667,0.004814221642994346,-0.002704767202567951,0.00444634237858162,-0.1316105425357819,0.02747077308595181,0.1064269095659256,0.01560039818286896,0.00630950927734375,0.01455867290496826,XArbitraryZVertical,0.002226416158946003,-0.001347024493953736,0.002404093725011321,0.999993746969094,0.06550008803606033,-0.1705398708581924,-0.9831713438034058,0,0,0,-1,-1,2026-05-05T16:12:27.330+02:00,1853,1.428074,0,0,1618.589,0,0,2026-05-05T17:18:20.497+02:00,799687100.5986646,0,0.8699999,100.7547,0
2026-05-05T17:18:22.291+02:00,1777994302.000194,53.2356729079537,10.40149281733706,27.82473,0,0.8273451,-1,-1,7.999999999999999,5.429927758788004,-9999,3962.020134541667,0.1110992431640625,-0.1894378662109375,-0.99114990234375,3962.015097541667,0.005955268966501564,-0.002374531780001378,0.003110474920916975,-0.1252889931201935,0.03400057554244995,0.1199179515242577,0.02443807572126389,-0.003913536667823792,0.002663016319274902,XArbitraryZVertical,0.001558764036832342,-0.001182627965601473,0.002975777837490348,0.9999936833819375,0.06563457846641541,-0.1693042367696762,-0.9833759069442749,0,0,0,-1,-1,2026-05-05T16:12:27.330+02:00,1853,1.428074,0,0,1618.589,0,0,2026-05-05T17:18:20.497+02:00,799687100.5986646,0,0.8699999,100.7547,0
2026-05-05T17:18:22.301+02:00,1777994302.000194,53.2356729079537,10.40149281733706,27.82473,0,0.8273451,-1,-1,7.999999999999999,5.429927758788004,-9999,3962.030207541667,0.0955810546875,-0.1594085693359375,-0.9811859130859375,3962.025170541667,0.00713652323853025,-0.002105915825704434,0.001944384030189473,-0.1026041358709335,0.01889699138700962,0.1160469129681587,0.03795109689235687,-0.02109329402446747,-0.006359517574310303,XArbitraryZVertical,0.0009759423368979569,-0.001049481474958242,0.003567226655177724,0.9999926265167771,0.06570188701152802,-0.1682377606630325,-0.9835544228553772,0,0,0,-1,-1,2026-05-05T16:12:27.330+02:00,1853,1.428074,0,0,1618.589,0,0,2026-05-05T17:18:20.497+02:00,799687100.5986646,0,0.8699999,100.7547,0
2026-05-05T17:18:22.311+02:00,1777994302.000194,53.2356729079537,10.40149281733706,27.82473,0,0.8273451,-1,-1,7.999999999999999,5.429927758788004,-9999,3962.040280541667,0.07391357421875,-0.1414794921875,-0.9713897705078125,3962.035243541667,0.008360956301856735,-0.001891869746917506,0.0009948833980397381,-0.08759429305791855,0.0265146978199482,0.1286156922578812,0.04426170885562897,-0.009996622800827026,-0.005482316017150879,XArbitraryZVertical,0.0005013915501248912,-0.0009438468004107874,0.004179992989666161,0.9999907055539777,0.06570840626955032,-0.1673868000507355,-0.9836992025375366,0,0,0,-1,-1,2026-05-05T16:12:27.330+02:00,1853,1.428074,0,0,1618.589,0,0,2026-05-05T17:18:20.497+02:00,799687100.5986646,0,0.8699999,100.7547,0
2026-05-05T17:18:22.321+02:00,1777994302.000194,53.2356729079537,10.40149281733706,27.82473,0,0.8273451,-1,-1,7.999999999999999,5.429927758788004,-9999,3962.050353541667,0.095367431640625,-0.153045654296875,-0.9712677001953125,3962.045316541667,0.009630213996361586,-0.0015218685789976,0.0001447787021440566,-0.07114032655954361,0.04062226414680481,0.1112889125943184,0.01293551921844482,0.02132679522037506,0.009405434131622314,XArbitraryZVertical,7.605245534986676e-05,-0.0007605768225301427,0.004815031843103662,0.9999881277847541,0.06586088240146637,-0.1666362285614014,-0.983816385269165,0,0,0,-1,-1,2026-05-05T16:12:27.330+02:00,1853,1.428074,0,0,1618.589,0,0,2026-05-05T17:18:20.497+02:00,799687100.5986646,0,0.8699999,100.7547,0
2026-05-05T17:18:22.331+02:00,1777994302.000194,53.2356729079537,10.40149281733706,27.82473,0,0.8273451,-1,-1,7.999999999999999,5.429927758788004,-9999,3962.060426541667,0.1123504638671875,-0.1708984375,-0.9717864990234375,3962.055389541667,0.01057600156749733,-0.001263982240674614,-0.0004264240288975911,-0.0476432591676712,0.00965608935803175,0.08264714479446411,0.01615059375762939,0.02085898816585541,0.0131911039352417,XArbitraryZVertical,-0.0002098670362480498,-0.0006331096896655715,0.005288109726547868,0.999985792105065,0.0659569725394249,-0.1661379188299179,-0.9838942289352417,0,0,0,-1,-1,2026-05-05T16:12:27.330+02:00,1853,1.428074,0,0,1618.589,0,0,2026-05-05T17:18:20.497+02:00,799687100.5986646,0,0.8699999,100.7547,0
2026-05-05T17:18:22.342+02:00,1777994302.000194,53.2356729079537,10.40149281733706,27.82473,0,0.8273451,-1,-1,7.999999999999999,5.429927758788004,-9999,3962.070499541667,0.1044769287109375,-0.1666412353515625,-0.9753570556640625,3962.065462541667,0.01129351120139516,-0.001174964902789564,-0.000991610662870696,-0.07319341599941254,0.005978530272841454,0.05985893681645393,0.03994058072566986,0.003154441714286804,0.01329416036605835,XArbitraryZVertical,-0.0004924799838842712,-0.0005902726730478564,0.005647015364249008,0.9999837301889942,0.06592492014169693,-0.1656300276517868,-0.9839820265769958,0,0,0,-1,-1,2026-05-05T16:12:27.330+02:00,1853,1.428074,0,0,1618.589,0,0,2026-05-05T17:18:20.497+02:00,799687100.5986646,0,0.8699999,100.7547,0
2026-05-05T17:18:22.352+02:00,1777994302.000194,53.2356729079537,10.40149281733706,27.82473,0,0.8273451,-1,-1,7.999999999999999,5.429927758788004,-9999,3962.080572541667,0.0927276611328125,-0.16619873046875,-0.9678192138671875,3962.075535541667,0.01167618571651177,-0.001086067958614844,-0.001954658807358617,-0.120524175465107,0.01330754905939102,0.02404368296265602,0.04560855776071548,-0.00747208297252655,0.009632647037506104,XArbitraryZVertical,-0.000974142167574642,-0.0005487301343146097,0.005838586650856603,0.9999823489029253,0.06594846397638321,-0.1647080779075623,-0.9841351509094238,0,0,0,-1,-1,2026-05-05T16:12:27.330+02:00,1853,1.428074,0,0,1618.589,0,0,2026-05-05T17:18:20.497+02:00,799687100.5986646,0,0.8699999,100.7547,0
2026-05-05T17:18:22.361+02:00,1777994302.000194,53.2356729079537,10.40149281733706,27.82473,0,0.8273451,-1,-1,7.999999999999999,5.429927758788004,-9999,3962.090645541667,0.094818115234375,-0.168243408203125,-0.9605560302734375,3962.085608541667,0.01184749290218249,-0.0008825965013044325,-0.003341659753979693,-0.1533290892839432,0.02785826101899147,0.01569307595491409,0.03040716052055359,0.0004822015762329102,0.01175403594970703,XArbitraryZVertical,-0.001668185422781751,-0.0004511873643775253,0.005924440000717835,0.9999810045900211,0.0661199688911438,-0.1633545160293579,-0.984349250793457,0,0,0,-1,-1,2026-05-05T16:12:27.330+02:00,1853,1.428074,0,0,1618.589,0,0,2026-05-05T17:18:20.497+02:00,799687100.5986646,0,0.8699999,100.7547,0
2026-05-05T17:18:22.372+02:00,1777994302.000194,53.2356729079537,10.40149281733706,27.82473,0,0.8273451,-1,-1,7.999999999999999,5.429927758788004,-9999,3962.100718541667,0.0959625244140625,-0.16741943359375,-0.9557952880859375,3962.095681541667,0.01200253763812599,-0.0005572724548965064,-0.005031552764853621,-0.1827977746725082,0.03692978620529175,0.0143660232424736,0.02672545611858368,-0.00699983537197113,0.02096408605575562,XArbitraryZVertical,-0.002514055939743669,-0.0002937280377319657,0.006001913988589631,0.9999788776217652,0.06641420722007751,-0.1617013365030289,-0.9846023917198181,0,0,0,-1,-1,2026-05-05T16:12:27.330+02:00,1853,1.428074,0,0,1618.589,0,0,2026-05-05T17:18:20.497+02:00,799687100.5986646,0,0.8699999,100.7547,0
2026-05-05T17:18:22.382+02:00,1777994302.000194,53.2356729079537,10.40149281733706,27.82473,0,0.8273451,-1,-1,7.999999999999999,5.429927758788004,-9999,3962.110791541667,0.09539794921875,-0.168212890625,-0.9469757080078125,3962.105754541667,0.01216303930386782,-9.54910340061397e-05,-0.007129300809456044,-0.2355431318283081,0.05533569306135178,0.0166747160255909,0.02948666363954544,-0.007025390863418579,0.02630585432052612,XArbitraryZVertical,-0.003564286236764613,-6.94226320618839e-05,0.006081613141853621,0.9999752460235802,0.06684209406375885,-0.1596463471651077,-0.9849086999893188,0,0,0,-1,-1,2026-05-05T16:12:27.330+02:00,1853,1.428074,0,0,1618.589,0,0,2026-05-05T17:18:20.497+02:00,799687100.5986646,0,0.8699999,100.7547,0
2026-05-05T17:18:22.392+02:00,1777994302.000194,53.2356729079537,10.40149281733706,27.82473,0,0.8273451,-1,-1,7.999999999999999,5.429927758788004,-9999,3962.120864541667,0.0954742431640625,-0.1682586669921875,-0.942230224609375,3962.115827541667,0.01237497369680154,0.0006425302306773215,-0.009859055630415227,-0.3042414784431458,0.09043508768081665,0.02570309862494469,0.02818450331687927,-0.01075322926044464,0.03329557180404663,XArbitraryZVertical,-0.004931400945125431,0.0002907539844022086,0.006185788127309854,0.9999686810825584,0.06753390282392502,-0.1569713801145554,-0.9852914214134216,0,0,0,-1,-1,2026-05-05T16:12:27.330+02:00,1853,1.428074,0,0,1618.589,0,0,2026-05-05T17:18:20.497+02:00,799687100.5986646,0,0.8699999,100.7547,0
2026-05-05T17:18:22.402+02:00,1777994302.000194,53.2356729079537,10.40149281733706,27.82473,0,0.8273451,-1,-1,7.999999999999999,5.429927758788004,-9999,3962.130937541667,0.1011810302734375,-0.1667938232421875,-0.9552154541015625,3962.125900541667,0.01268408607102223,0.001727234731698745,-0.01316866499971208,-0.3393056392669678,0.118187889456749,0.03024552017450333,0.02689177542924881,-0.0143759697675705,0.04330348968505859,XArbitraryZVertical,-0.006589626971220415,0.000821823644891815,0.00633617447055468,0.9999578801649144,0.06855197250843048,-0.153730109333992,-0.9857320785522461,0,0,0,-1,-1,2026-05-05T16:12:27.330+02:00,1853,1.428074,0,0,1618.589,0,0,2026-05-05T17:18:20.497+02:00,799687100.5986646,0,0.8699999,100.7547,0
2026-05-05T17:18:22.412+02:00,1777994302.000194,53.2356729079537,10.40149281733706,27.82473,0,0.8273451,-1,-1,7.999999999999999,5.429927758788004,-9999,3962.141010541667,0.1043243408203125,-0.151214599609375,-0.9669342041015625,3962.135973541667,0.01303117666066592,0.002798924243963912,-0.01643417524038342,-0.3015092611312866,0.09037037193775177,0.04224332794547081,0.02766190469264984,-0.01807641983032227,0.03881341218948364,XArbitraryZVertical,-0.008225930410835885,0.00134584655525885,0.006503816585804453,0.9999441366653936,0.06955186277627945,-0.1505331993103027,-0.9861553311347961,0,0,0,-1,-1,2026-05-05T16:12:27.330+02:00,1853,1.428074,0,0,1618.589,0,0,2026-05-05T17:18:20.497+02:00,799687100.5986646,0,0.8699999,100.7547,0
2026-05-05T17:18:22.422+02:00,1777994302.000194,53.2356729079537,10.40149281733706,27.82473,0,0.8273451,-1,-1,7.999999999999999,5.429927758788004,-9999,3962.151083541667,0.1030120849609375,-0.1280364990234375,-0.982330322265625,3962.146046541667,0.0134979327101365,0.003631910368432866,-0.01936134194131628,-0.2821750640869141,0.07946792989969254,0.04697330296039581,0.03360005468130112,-0.01521104574203491,0.02535271644592285,XArbitraryZVertical,-0.009692538299449157,0.001750494810857042,0.00673100864890904,0.9999288586441371,0.07029705494642258,-0.1476765125989914,-0.9865342974662781,0,0,0,-1,-1,2026-05-05T16:12:27.330+02:00,1853,1.428074,0,0,1618.589,0,0,2026-05-05T17:18:20.497+02:00,799687100.5986646,0,0.8699999,100.7547,0
2026-05-05T17:18:22.432+02:00,1777994302.000194,53.2356729079537,10.40149281733706,27.82473,0,0.8273451,-1,-1,7.999999999999999,5.429927758788004,-9999,3962.161156541667,0.1024169921875,-0.1434173583984375,-0.9929962158203125,3962.156119541667,0.01405718814272219,0.004522263507780212,-0.02206510557053237,-0.2507332563400269,0.09121992439031601,0.06372218579053879,0.03371346741914749,0.008997857570648193,0.01369321346282959,XArbitraryZVertical,-0.0110479194189127,0.002183395387927635,0.007003145380166566,0.9999120910520601,0.0710839182138443,-0.1450452208518982,-0.9868682622909546,0,0,0,-1,-1,2026-05-05T16:12:27.330+02:00,1853,1.428074,0,0,1618.589,0,0,2026-05-05T17:18:20.497+02:00,799687100.5986646,0,0.8699999,100.7547,0
2026-05-05T17:18:22.442+02:00,1777994302.000194,53.2356729079537,10.40149281733706,27.82473,0,0.8273451,-1,-1,7.999999999999999,5.429927758788004,-9999,3962.171229541667,0.1033935546875,-0.1245880126953125,-0.9998931884765625,3962.166192541667,0.01481019932589652,0.005341277301157164,-0.02428940721452161,-0.1849576532840729,0.0643552839756012,0.08330341428518295,0.03070980310440063,0.009216919541358948,-0.003072082996368408,XArbitraryZVertical,-0.01216380367500107,0.002580435963428044,0.007372027222597827,0.9998954958845577,0.07176825404167175,-0.1428991705179214,-0.9871317744255066,0,0,0,-1,-1,2026-05-05T16:12:27.330+02:00,1853,1.428074,0,0,1618.589,0,0,2026-05-05T17:18:20.497+02:00,799687100.5986646,0,0.8699999,100.7547,0
2026-05-05T17:18:22.452+02:00,1777994302.000194,53.2356729079537,10.40149281733706,27.82473,0,0.8273451,-1,-1,7.999999999999999,5.429927758788004,-9999,3962.181302541667,0.1039886474609375,-0.095367431640625,-1.019912719726562,3962.176265541667,0.01567594960948315,0.00588520808089711,-0.02573053539575701,-0.0981210321187973,0.04032531753182411,0.08197742700576782,0.03081966936588287,0.000740543007850647,-0.006932318210601807,XArbitraryZVertical,-0.01288752389817852,0.002841432518759912,0.00779935690797409,0.9998824906578889,0.07216192036867142,-0.1415333896875381,-0.9872998595237732,0,0,0,-1,-1,2026-05-05T16:12:27.330+02:00,1853,1.428074,0,0,1618.589,0,0,2026-05-05T17:18:20.497+02:00,799687100.5986646,0,0.8699999,100.7547,0
2026-05-05T17:18:22.462+02:00,1777994302.000194,53.2356729079537,10.40149281733706,27.82473,0,0.8273451,-1,-1,7.999999999999999,5.429927758788004,-9999,3962.191375541667,0.1024169921875,-0.0861663818359375,-1.0302734375,3962.186338541667,0.01631498252682286,0.006139131008993334,-0.02626442635148303,-0.01222082041203976,0.00948005449026823,0.0400426909327507,0.03149913251399994,0.03422163426876068,-0.0221322774887085,XArbitraryZVertical,-0.01315637374120981,0.002962072602394274,0.008116350945263012,0.9998761738295697,0.07230643182992935,-0.1410484164953232,-0.9873586893081665,0,0,0,-1,-1,2026-05-05T16:12:27.330+02:00,1853,1.428074,0,0,1618.589,0,0,2026-05-05T17:18:20.497+02:00,799687100.5986646,0,0.8699999,100.7547,0
2026-05-05T17:18:22.473+02:00,1777994302.000194,53.2356729079537,10.40149281733706,27.82473,0,0.8273451,-1,-1,7.999999999999999,5.429927758788004,-9999,3962.201448541667,0.10211181640625,-0.099456787109375,-1.02508544921875,3962.196411541667,0.01644758554450996,0.006193252718380708,-0.02620006449972784,0.01527232304215431,0.003585680155083537,-0.008493153378367424,0.03029296547174454,0.05246719717979431,-0.03989088535308838,XArbitraryZVertical,-0.0131246148209843,0.002988523764639191,0.0081823914211541,0.9998759592649438,0.07233767211437225,-0.1411207616329193,-0.9873460531234741,0,0,0,-1,-1,2026-05-05T16:12:27.330+02:00,1853,1.428074,0,0,1618.589,0,0,2026-05-05T17:18:20.497+02:00,799687100.5986646,0,0.8699999,100.7547,0
2026-05-05T17:18:22.482+02:00,1777994302.000194,53.2356729079537,10.40149281733706,27.82473,0,0.8273451,-1,-1,7.999999999999999,5.429927758788004,-9999,3962.211521541667,0.1006927490234375,-0.1165771484375,-1.013900756835938,3962.206484541667,0.01627550651941226,0.006230809949912875,-0.02606325593791888,0.00996197946369648,0.006056827493011951,-0.02377257309854031,0.03036459535360336,0.04955446720123291,-0.04215645790100098,XArbitraryZVertical,-0.01305611300077974,0.003008988488921,0.008096335928971247,0.999877560568967,0.07240337133407593,-0.1412445306777954,-0.987323522567749,0,0,0,-1,-1,2026-05-05T16:12:27.330+02:00,1853,1.428074,0,0,1618.589,0,0,2026-05-05T17:18:20.497+02:00,799687100.5986646,0,0.8699999,100.7547,0
2026-05-05T17:18:22.493+02:00,1777994302.000194,53.2356729079537,10.40149281733706,27.82473,0,0.8273451,-1,-1,7.999999999999999,5.429927758788004,-9999,3962.221594541667,0.10394287109375,-0.132568359375,-0.993988037109375,3962.216557541667,0.01600478586947956,0.006295545082249956,-0.02602080599504642,-0.003938389010727406,0.009050486609339714,-0.02769088372588158,0.02764628827571869,0.03401446342468262,-0.03318047523498535,XArbitraryZVertical,-0.01303474197605303,0.00304329031244692,0.007960639222810385,0.9998787411138566,0.0725124254822731,-0.1412684917449951,-0.9873120784759521,0,0,0,-1,-1,2026-05-05T16:12:27.330+02:00,1853,1.428074,0,0,1618.589,0,0,2026-05-05T17:18:20.497+02:00,799687100.5986646,0,0.8699999,100.7547,0
2026-05-05T17:18:22.503+02:00,1777994302.000194,53.2356729079537,10.40149281733706,27.82473,0,0.8273451,-1,-1,7.999999999999999,5.429927758788004,-9999,3962.231667541667,0.10955810546875,-0.1386871337890625,-0.978973388671875,3962.226630541667,0.01576060253630653,0.006450255967660203,-0.02623603105532321,-0.04031914100050926,0.02522279694676399,-0.02106327377259731,0.02948200702667236,0.01582610607147217,-0.01723182201385498,XArbitraryZVertical,-0.01314257569578084,0.00312137530422003,0.007837195697445813,0.9998780903843423,0.07270612567663193,-0.1410397291183472,-0.9873305559158325,0,0,0,-1,-1,2026-05-05T16:12:27.330+02:00,1853,1.428074,0,0,1618.589,0,0,2026-05-05T17:18:20.497+02:00,799687100.5986646,0,0.8699999,100.7547,0
2026-05-05T17:18:22.513+02:00,1777994302.000194,53.2356729079537,10.40149281733706,27.82473,0,0.8273451,-1,-1,7.999999999999999,5.429927758788004,-9999,3962.241740541667,0.109466552734375,-0.14093017578125,-0.9678955078125,3962.236704541667,0.0155942507929236,0.006758151681532491,-0.0268268465227697,-0.07176841050386429,0.03393959254026413,-0.01775216497480869,0.03288809955120087,0.00413830578327179,0.001245796680450439,XArbitraryZVertical,-0.01343888057059373,0.003274081249146146,0.007750977997627067,0.9998743337060338,0.07303843647241592,-0.1404450684785843,-0.9873908162117004,0,0,0,-1,-1,2026-05-05T16:12:27.330+02:00,1853,1.428074,0,0,1618.589,0,0,2026-05-05T17:18:20.497+02:00,799687100.5986646,0,0.8699999,100.7547,0
2026-05-05T17:18:22.523+02:00,1777994302.000194,53.2356729079537,10.40149281733706,27.82473,0,0.8273451,-1,-1,7.999999999999999,5.429927758788004,-9999,3962.251813541667,0.104736328125,-0.133819580078125,-0.9663848876953125,3962.246777541667,0.01543132555969897,0.007070529124209709,-0.0275197870013436,-0.05851023644208908,0.02399454824626446,-0.01442161574959755,0.03712942451238632,-0.0009973645210266113,0.0146251916885376,XArbitraryZVertical,-0.01378623680169062,0.003428655456801332,0.007666165308778369,0.9998697677728722,0.07337474822998047,-0.1397497057914734,-0.9874644875526428,0,0,0,-1,-1,2026-05-05T16:12:27.330+02:00,1853,1.428074,0,0,1618.589,0,0,2026-05-05T17:18:20.497+02:00,799687100.5986646,0,0.8699999,100.7547,0
2026-05-05T17:18:22.533+02:00,1777994302.000194,53.2356729079537,10.40149281733706,27.82473,0,0.8273451,-1,-1,7.999999999999999,5.429927758788004,-9999,3962.261886541667,0.1010284423828125,-0.114166259765625,-0.972076416015625,3962.256850541667,0.01540745465803389,0.007204656345336223,-0.02797802621665115,-0.03434897214174271,0.003649596124887466,0.007547598332166672,0.03290318697690964,1.314282417297363e-05,0.0217745304107666,XArbitraryZVertical,-0.01401579880549733,0.003494098650688795,0.00765245735118618,0.9998664211212107,0.07351163774728775,-0.139295369386673,-0.9875185489654541,0,0,0,-1,-1,2026-05-05T16:12:27.330+02:00,1853,1.428074,0,0,1618.589,0,0,2026-05-05T17:18:20.497+02:00,799687100.5986646,0,0.8699999,100.7547,0
2026-05-05T17:18:22.543+02:00,1777994302.000194,53.2356729079537,10.40149281733706,27.82473,0,0.8273451,-1,-1,7.999999999999999,5.429927758788004,-9999,3962.271959541667,0.096649169921875,-0.1130523681640625,-0.9731292724609375,3962.266923541667,0.01555524664516341,0.007211985651617448,-0.02825994906903703,-0.02110677771270275,-0.005621667020022869,0.02091653272509575,0.02942605316638947,0.01549148559570312,0.01755648851394653,XArbitraryZVertical,-0.01415702772345158,0.003495623770070523,0.007725768531769653,0.9998638491370688,0.07349449396133423,-0.1390266269445419,-0.9875576496124268,0,0,0,-1,-1,2026-05-05T16:12:27.330+02:00,1853,1.428074,0,0,1618.589,0,0,2026-05-05T17:18:20.497+02:00,799687100.5986646,0,0.8699999,100.7547,0
2026-05-05T17:18:22.553+02:00,1777994302.000194,53.2356729079537,10.40149281733706,27.82473,0,0.8273451,-1,-1,7.999999999999999,5.429927758788004,-9999,3962.282032541667,0.1001129150390625,-0.132049560546875,-0.9789276123046875,3962.276996541667,0.01579104166388247,0.007103239987535368,-0.02840555443717833,-0.01181793678551912,-0.01759417355060577,0.02526520937681198,0.02581900358200073,0.02993537485599518,0.0142437219619751,XArbitraryZVertical,-0.0142298061412453,0.003439010936543873,0.00784415317086975,0.9998620714911874,0.07334788888692856,-0.1388983875513077,-0.9875866174697876,0,0,0,-1,-1,2026-05-05T16:12:27.330+02:00,1853,1.428074,0,0,1618.589,0,0,2026-05-05T17:18:20.497+02:00,799687100.5986646,0,0.8699999,100.7547,0
2026-05-05T17:18:22.563+02:00,1777994302.000194,53.2356729079537,10.40149281733706,27.82473,0,0.8273451,-1,-1,7.999999999999999,5.429927758788004,-9999,3962.292105541667,0.1007232666015625,-0.1419525146484375,-0.9887237548828125,3962.287069541667,0.0161450021424727,0.006901382763825605,-0.02849871759289281,-0.0109598133713007,-0.02520948275923729,0.04067665711045265,0.02410895377397537,0.01584397256374359,0.01218211650848389,XArbitraryZVertical,-0.01427617988384531,0.003335199630774077,0.008022378973660359,0.9998603543068952,0.07308954745531082,-0.1388297975063324,-0.9876154065132141,0,0,0,-1,-1,2026-05-05T16:12:27.330+02:00,1853,1.428074,0,0,1618.589,0,0,2026-05-05T17:18:20.497+02:00,799687100.5986646,0,0.8699999,100.7547,0
2026-05-05T17:18:22.573+02:00,1777994302.000194,53.2356729079537,10.40149281733706,27.82473,0,0.8273451,-1,-1,7.999999999999999,5.429927758788004,-9999,3962.302178541667,0.099639892578125,-0.1542816162109375,-0.9971466064453125,3962.297142541667,0.01650161873970555,0.006754923335373809,-0.02868527788188765,-0.02871537394821644,-0.008007326163351536,0.02613366581499577,0.02853965014219284,0.001370474696159363,0.004117310047149658,XArbitraryZVertical,-0.01436944127361066,0.003258660709453567,0.008201382045152342,0.9998577751127098,0.07288554310798645,-0.1386690586805344,-0.9876530766487122,0,0,0,-1,-1,2026-05-05T16:12:27.330+02:00,1853,1.428074,0,0,1618.589,0,0,2026-05-05T17:18:20.497+02:00,799687100.5986646,0,0.8699999,100.7547,0
2026-05-05T17:18:22.583+02:00,1777994302.000194,53.2356729079537,10.40149281733706,27.82473,0,0.8273451,-1,-1,7.999999999999999,5.429927758788004,-9999,3962.312251541667,0.097503662109375,-0.1392974853515625,-0.9954986572265625,3962.307215541667,0.01668771350317713,0.006652802241402596,-0.02890260637656157,-0.01208063121885061,-0.01746261306107044,0.01066809054464102,0.02671823650598526,-0.00975722074508667,-0.006357908248901367,XArbitraryZVertical,-0.01447796749687407,0.003205358231990889,0.008294774316499788,0.9998557456514362,0.07275383919477463,-0.1384666562080383,-0.9876911640167236,0,0,0,-1,-1,2026-05-05T16:12:27.330+02:00,1853,1.428074,0,0,1618.589,0,0,2026-05-05T17:18:20.497+02:00,799687100.5986646,0,0.8699999,100.7547,0
2026-05-05T17:18:22.593+02:00,1777994302.000194,53.2356729079537,10.40149281733706,27.82473,0,0.8273451,-1,-1,7.999999999999999,5.429927758788004,-9999,3962.322324541667,0.09234619140625,-0.1211700439453125,-0.99359130859375,3962.317288541667,0.01675951521876773,0.006442847703404307,-0.02892338418844236,0.003510845359414816,-0.02261077053844929,0.004766525700688362,0.0273648276925087,-0.01213812828063965,-0.01023054122924805,XArbitraryZVertical,-0.01448759603192126,0.003099788972550231,0.008332155472517623,0.999855581255999,0.07253448665142059,-0.1384508609771729,-0.9877095222473145,0,0,0,-1,-1,2026-05-05T16:12:27.330+02:00,1853,1.428074,0,0,1618.589,0,0,2026-05-05T17:18:20.497+02:00,799687100.5986646,0,0.8699999,100.7547,0
2026-05-05T17:18:22.603+02:00,1777994302.000194,53.2356729079537,10.40149281733706,27.82473,0,0.8273451,-1,-1,7.999999999999999,5.429927758788004,-9999,3962.332397541667,0.09759521484375,-0.12713623046875,-0.9879608154296875,3962.327361541667,0.01676604764867302,0.006309261840368041,-0.02899318387285077,-0.01974467746913433,-0.005604888778179884,-0.003464572597295046,0.021791011095047,0.01025426387786865,-0.006228625774383545,XArbitraryZVertical,-0.01452194431319285,0.003032664277118595,0.008336274644602253,0.9998552430063837,0.07240151613950729,-0.1383823156356812,-0.9877288937568665,0,0,0,-1,-1,2026-05-05T16:12:27.330+02:00,1853,1.428074,0,0,1618.589,0,0,2026-05-05T17:18:20.497+02:00,799687100.5986646,0,0.8699999,100.7547,0
2026-05-05T17:18:22.613+02:00,1777994302.000194,53.2356729079537,10.40149281733706,27.82473,0,0.8273451,-1,-1,7.999999999999999,5.429927758788004,-9999,3962.342470541667,0.0980377197265625,-0.142791748046875,-0.9814300537109375,3962.337434541667,0.01666128691404471,0.006540112265636415,-0.02931657392860459,-0.0403468906879425,0.01267291884869337,-0.01370123028755188,0.02210979908704758,0.01752662658691406,-0.003576457500457764,XArbitraryZVertical,-0.0146844133174105,0.003147478995320765,0.008281677583628598,0.9998529350707274,0.07264730334281921,-0.1380558013916016,-0.9877565503120422,0,0,0,-1,-1,2026-05-05T16:12:27.330+02:00,1853,1.428074,0,0,1618.589,0,0,2026-05-05T17:18:20.497+02:00,799687100.5986646,0,0.8699999,100.7547,0
2026-05-05T17:18:22.623+02:00,1777994302.000194,53.2356729079537,10.40149281733706,27.82473,0,0.8273451,-1,-1,7.999999999999999,5.429927758788004,-9999,3962.352543541667,0.1081695556640625,-0.1390838623046875,-0.9823150634765625,3962.347507541667,0.01648373936168538,0.006776586059807802,-0.02959072847397156,0.0002024534624069929,0.001222657039761543,-0.01399664208292961,0.02474550157785416,0.001741006970405579,0.003248989582061768,XArbitraryZVertical,-0.01482215998931451,0.003265865802217083,0.008190699884005356,0.9998512298057021,0.07291077077388763,-0.1377731114625931,-0.9877765774726868,0,0,0,-1,-1,2026-05-05T16:12:27.330+02:00,1853,1.428074,0,0,1618.589,0,0,2026-05-05T17:18:20.497+02:00,799687100.5986646,0,0.8699999,100.7547,0
2026-05-05T17:18:22.634+02:00,1777994302.000194,53.2356729079537,10.40149281733706,27.82473,0,0.8273451,-1,-1,7.999999999999999,5.429927758788004,-9999,3962.362616541667,0.10986328125,-0.10882568359375,-0.988555908203125,3962.357580541667,0.01637863676795382,0.006932473888389103,-0.02960996990281126,0.03000322543084621,-0.006102100946009159,-0.0009791115298867226,0.02890743315219879,-0.007119759917259216,0.007985472679138184,XArbitraryZVertical,-0.01483224061196724,0.003344497530916092,0.008136965880650668,0.999851345275678,0.0730823278427124,-0.1377471685409546,-0.9877675175666809,0,0,0,-1,-1,2026-05-05T16:12:27.330+02:00,1853,1.428074,0,0,1618.589,0,0,2026-05-05T17:18:20.497+02:00,799687100.5986646,0,0.8699999,100.7547,0
2026-05-05T17:18:22.644+02:00,1777994302.000194,53.2356729079537,10.40149281733706,27.82473,0,0.8273451,-1,-1,7.999999999999999,5.429927758788004,-9999,3962.372689541667,0.0989837646484375,-0.0987091064453125,-0.9872894287109375,3962.367653541667,0.01628791411864152,0.007170226403935435,-0.02944717355539642,0.02593753859400749,4.660547710955143e-05,-0.008812533691525459,0.03804177045822144,0.01291732490062714,0.00129246711730957,XArbitraryZVertical,-0.01475166406642589,0.003464695933696893,0.008090149311975157,0.9998525467272298,0.07333216071128845,-0.1379020661115646,-0.9877274036407471,0,0,0,-1,-1,2026-05-05T16:12:27.330+02:00,1853,1.428074,0,0,1618.589,0,0,2026-05-05T17:18:20.497+02:00,799687100.5986646,0,0.8699999,100.7547,0
2026-05-05T17:18:22.654+02:00,1777994302.000194,53.2356729079537,10.40149281733706,27.82473,0,0.8273451,-1,-1,7.999999999999999,5.429927758788004,-9999,3962.382762541667,0.089202880859375,-0.1056976318359375,-0.9866485595703125,3962.377726541667,0.01611115270515373,0.007487927813209047,-0.02926522394006559,0.01352347806096077,0.001751827308908105,-0.01598149538040161,0.031793512403965,0.03920842707157135,-0.0003129243850708008,XArbitraryZVertical,-0.01466166878174948,0.003625565099718583,0.007999790350577095,0.9998539284201663,0.07367525994777679,-0.1380701214075089,-0.9876784086227417,0,0,0,-1,-1,2026-05-05T16:12:27.330+02:00,1853,1.428074,0,0,1618.589,0,0,2026-05-05T17:18:20.497+02:00,799687100.5986646,0,0.8699999,100.7547,0
2026-05-05T17:18:22.664+02:00,1777994302.000194,53.2356729079537,10.40149281733706,27.82473,0,0.8273451,-1,-1,7.999999999999999,5.429927758788004,-9999,3962.392835541667,0.09283447265625,-0.10784912109375,-0.980499267578125,3962.387799541667,0.01592693042322314,0.007765871248453892,-0.02909794607455249,0.0005856823408976197,0.003992610611021519,-0.01424025371670723,0.01841164380311966,0.03470760583877563,0.0002989768981933594,XArbitraryZVertical,-0.01457880652540835,0.003766537704482423,0.007905989301520191,0.999855387759062,0.07398034632205963,-0.1382232308387756,-0.9876341819763184,0,0,0,-1,-1,2026-05-05T16:12:27.330+02:00,1853,1.428074,0,0,1618.589,0,0,2026-05-05T17:18:20.497+02:00,799687100.5986646,0,0.8699999,100.7547,0
2026-05-05T17:18:22.674+02:00,1777994302.000194,53.2356729079537,10.40149281733706,27.82473,0,0.8273451,-1,-1,7.999999999999999,5.429927758788004,-9999,3962.402908541667,0.0952606201171875,-0.1144256591796875,-0.9780426025390625,3962.397872541667,0.01579862040975449,0.008064918125689128,-0.02912416130726594,-0.02322697266936302,0.00430393498390913,-0.006449443753808737,0.01626379787921906,0.03259800374507904,0.004445672035217285,XArbitraryZVertical,-0.01459284245766997,0.003916870426502097,0.007839609025904604,0.9998551606724418,0.07429713755846024,-0.138188824057579,-0.9876152276992798,0,0,0,-1,-1,2026-05-05T16:12:27.330+02:00,1853,1.428074,0,0,1618.589,0,0,2026-05-05T17:18:20.497+02:00,799687100.5986646,0,0.8699999,100.7547,0
2026-05-05T17:18:22.684+02:00,1777994302.000194,53.2356729079537,10.40149281733706,27.82473,0,0.8273451,-1,-1,7.999999999999999,5.429927758788004,-9999,3962.412981541667,0.100433349609375,-0.1178131103515625,-0.9741363525390625,3962.407945541667,0.01576256127518931,0.008346811138358105,-0.02959497850307154,-0.0441947840154171,0.01304283086210489,0.002952313516288996,0.02017500251531601,0.02654562890529633,0.009387552738189697,XArbitraryZVertical,-0.01482924769743573,0.004056190037843435,0.007818515556549575,0.9998513032229988,0.07458209991455078,-0.1377211660146713,-0.9876590371131897,0,0,0,-1,-1,2026-05-05T16:12:27.330+02:00,1853,1.428074,0,0,1618.589,0,0,2026-05-05T17:18:20.497+02:00,799687100.5986646,0,0.8699999,100.7547,0
2026-05-05T17:18:22.694+02:00,1777994302.000194,53.2356729079537,10.40149281733706,27.82473,0,0.8273451,-1,-1,7.999999999999999,5.429927758788004,-9999,3962.423055541667,0.105926513671875,-0.11724853515625,-0.9720916748046875,3962.418018541667,0.01563169762505245,0.008680705634276349,-0.0303192485837366,-0.06207498162984848,0.005340170115232468,-0.02782583981752396,0.02171462774276733,0.02081628143787384,0.01127743721008301,XArbitraryZVertical,-0.01519235625403532,0.0042212292311678,0.007749003780030044,0.9998457031846468,0.07493457198143005,-0.1369967013597488,-0.9877331256866455,0,0,0,-1,-1,2026-05-05T16:12:27.330+02:00,1853,1.428074,0,0,1618.589,0,0,2026-05-05T17:18:20.497+02:00,799687100.5986646,0,0.8699999,100.7547,0
2026-05-05T17:18:22.704+02:00,1777994302.000194,53.2356729079537,10.40149281733706,27.82473,0,0.8273451,-1,-1,7.999999999999999,5.429927758788004,-9999,3962.433128541667,0.0973358154296875,-0.111846923828125,-0.9726409912109375,3962.428091541667,0.01523134310907397,0.008828286916115686,-0.0309262320664715,-0.0569230429828167,-0.01597657054662704,-0.03740083426237106,0.0300920158624649,0.01874019205570221,0.01496428251266479,XArbitraryZVertical,-0.01549551224895302,0.004295718187884391,0.007546361450703284,0.9998422795970817,0.07514787465333939,-0.1363701969385147,-0.98780357837677,0,0,0,-1,-1,2026-05-05T16:12:27.330+02:00,1853,1.428074,0,0,1618.589,0,0,2026-05-05T17:18:20.497+02:00,799687100.5986646,0,0.8699999,100.7547,0
2026-05-05T17:18:22.714+02:00,1777994302.000194,53.2356729079537,10.40149281733706,27.82473,0,0.8273451,-1,-1,7.999999999999999,5.429927758788004,-9999,3962.443201541667,0.0880584716796875,-0.1055755615234375,-0.9737548828125,3962.438164541667,0.0150507286078081,0.008900579210760569,-0.03125618706792057,-0.02843334525823593,-0.02324247173964977,0.01114779245108366,0.02858626842498779,0.02040094137191772,0.01474374532699585,XArbitraryZVertical,-0.01566034565081168,0.004332005428598925,0.007454755284039138,0.9998401954480722,0.0752498134970665,-0.1360320448875427,-0.9878425002098083,0,0,0,-1,-1,2026-05-05T16:12:27.330+02:00,1853,1.428074,0,0,1618.589,0,0,2026-05-05T17:18:20.497+02:00,799687100.5986646,0,0.8699999,100.7547,0
2026-05-05T17:18:22.725+02:00,1777994302.000194,53.2356729079537,10.40149281733706,27.82473,0,0.8273451,-1,-1,7.999999999999999,5.429927758788004,-9999,3962.453274541667,0.11236572265625,-0.111785888671875,-0.978302001953125,3962.448237541667,0.0153007705971967,0.009144376701197832,-0.03160236039524712,-0.024522440508008,0.000376837095245719,0.04276610538363457,0.01329576969146729,0.02662140130996704,0.01484960317611694,XArbitraryZVertical,-0.01583486834163233,0.004450589964987984,0.007577034630176211,0.9998360662712127,0.07544936239719391,-0.1357064694166183,-0.9878720045089722,0,0,0,-1,-1,2026-05-05T16:12:27.330+02:00,1853,1.428074,0,0,1618.589,0,0,2026-05-05T17:18:20.497+02:00,799687100.5986646,0,0.8699999,100.7547,0
2026-05-05T17:18:22.742+02:00,1777994302.000194,53.2356729079537,10.40149281733706,27.82473,0,0.8273451,-1,-1,7.999999999999999,5.429927758788004,-9999,3962.463347541667,0.1265716552734375,-0.12567138671875,-0.9891510009765625,3962.458310541667,0.01555177051807329,0.009512214448474511,-0.03227932975532399,-0.04094775393605232,0.009966880083084106,0.01459998171776533,0.02168619632720947,0.02927994728088379,0.01207619905471802,XArbitraryZVertical,-0.01617527163805773,0.004629834111089907,0.007697950326402235,0.9998288014856147,0.07577171921730042,-0.1350538730621338,-0.987936794757843,0,0,0,-1,-1,2026-05-05T16:12:27.330+02:00,1853,1.428074,0,0,1618.589,0,0,2026-05-05T17:18:20.497+02:00,799687100.5986646,0,0.8699999,100.7547,0
2026-05-05T17:18:22.744+02:00,1777994302.000194,53.2356729079537,10.40149281733706,27.82473,0,0.8273451,-1,-1,7.999999999999999,5.429927758788004,-9999,3962.473420541667,0.105926513671875,-0.11102294921875,-1.000656127929688,3962.468383541667,0.01554228020268524,0.009759406460459872,-0.03298292201952507,-0.03093565255403519,0.006364156492054462,-0.007609051186591387,0.04780665040016174,0.01355382800102234,0.004843235015869141,XArbitraryZVertical,-0.01652793327189034,0.004750723863912619,0.007689445111285411,0.9998226171429727,0.07601844519376755,-0.1343576610088348,-0.9880127906799316,0,0,0,-1,-1,2026-05-05T16:12:27.330+02:00,1853,1.428074,0,0,1618.589,0,0,2026-05-05T17:18:20.497+02:00,799687100.5986646,0,0.8699999,100.7547,0
2026-05-05T17:18:22.754+02:00,1777994302.000194,53.2356729079537,10.40149281733706,27.82473,0,0.8273451,-1,-1,7.999999999999999,5.429927758788004,-9999,3962.483493541667,0.095428466796875,-0.1014862060546875,-1.000503540039062,3962.478456541667,0.01539860443602021,0.009867009552564768,-0.03345210685148461,-0.01162240840494633,-0.006396113894879818,-0.01247304864227772,0.04190792143344879,0.01343134045600891,-0.008118331432342529,XArbitraryZVertical,-0.01676255163943537,0.004803878014261739,0.007615543484922651,0.999819035466627,0.0761493518948555,-0.1338842213153839,-0.9880669713020325,0,0,0,-1,-1,2026-05-05T16:12:27.330+02:00,1853,1.428074,0,0,1618.589,0,0,2026-05-05T17:18:20.497+02:00,799687100.5986646,0,0.8699999,100.7547,0
2026-05-05T17:18:22.764+02:00,1777994302.000194,53.2356729079537,10.40149281733706,27.82473,0,0.8273451,-1,-1,7.999999999999999,5.429927758788004,-9999,3962.493566541667,0.1031951904296875,-0.10565185546875,-0.989532470703125,3962.488529541667,0.01521497870655297,0.01003327056341398,-0.03368163686499306,0.005358599592000246,0.001405083807185292,-0.01450550556182861,0.0202283188700676,0.02857306599617004,-0.01357895135879517,XArbitraryZVertical,-0.01687747984552103,0.004887649892620177,0.007521763438706582,0.9998174092699103,0.0763445720076561,-0.133645087480545,-0.9880842566490173,0,0,0,-1,-1,2026-05-05T16:12:27.330+02:00,1853,1.428074,0,0,1618.589,0,0,2026-05-05T17:18:20.497+02:00,799687100.5986646,0,0.8699999,100.7547,0
2026-05-05T17:18:22.775+02:00,1777994302.000194,53.2356729079537,10.40149281733706,27.82473,0,0.8273451,-1,-1,7.999999999999999,5.429927758788004,-9999,3962.503639541667,0.0998077392578125,-0.118804931640625,-0.9764556884765625,3962.498602541667,0.01499955882839226,0.01026312106075729,-0.03376490167332448,0.004715979099273682,0.00333081535063684,-0.02103823982179165,0.02304744720458984,0.03189437091350555,-0.008428752422332764,XArbitraryZVertical,-0.01691943086979381,0.005004056503299854,0.007411915013441783,0.9998168929312113,0.07660772651433945,-0.1335484236478806,-0.9880769848823547,0,0,0,-1,-1,2026-05-05T16:12:27.330+02:00,1853,1.428074,0,0,1618.589,0,0,2026-05-05T17:18:20.497+02:00,799687100.5986646,0,0.8699999,100.7547,0
2026-05-05T17:18:22.785+02:00,1777994302.000194,53.2356729079537,10.40149281733706,27.82473,0,0.8273451,-1,-1,7.999999999999999,5.429927758788004,-9999,3962.513712541667,0.0972137451171875,-0.1303253173828125,-0.9696502685546875,3962.508675541667,0.01472979794080217,0.01058067823293812,-0.03395457883859263,-0.0167696587741375,0.006493585184216499,-0.02406765148043633,0.02502299845218658,0.02071784436702728,0.00637209415435791,XArbitraryZVertical,-0.01701473119935321,0.005164381063701488,0.007273858975127051,0.9998155224101353,0.07696676999330521,-0.1333429664373398,-0.9880768060684204,0,0,0,-1,-1,2026-05-05T16:12:27.330+02:00,1853,1.428074,0,0,1618.589,0,0,2026-05-05T17:18:20.497+02:00,799687100.5986646,0,0.8699999,100.7547,0
2026-05-05T17:18:22.795+02:00,1777994302.000194,53.2356729079537,10.40149281733706,27.82473,0,0.8273451,-1,-1,7.999999999999999,5.429927758788004,-9999,3962.523785541667,0.092681884765625,-0.133087158203125,-0.9655914306640625,3962.518748541667,0.01446742064302211,0.01091958548323757,-0.03442301621744691,-0.04633979871869087,0.006470948457717896,-0.01971578039228916,0.02061536908149719,0.008167475461959839,0.01452493667602539,XArbitraryZVertical,-0.01724943851831863,0.005334319796212156,0.007138503847822465,0.9998115731036692,0.077346071600914,-0.1328622996807098,-0.9881119132041931,0,0,0,-1,-1,2026-05-05T16:12:27.330+02:00,1853,1.428074,0,0,1618.589,0,0,2026-05-05T17:18:20.497+02:00,799687100.5986646,0,0.8699999,100.7547,0
2026-05-05T17:18:22.805+02:00,1777994302.000194,53.2356729079537,10.40149281733706,27.82473,0,0.8273451,-1,-1,7.999999999999999,5.429927758788004,-9999,3962.533858541667,0.0930633544921875,-0.1263275146484375,-0.9697265625,3962.528821541667,0.0142477250629191,0.01107353728282492,-0.03515897144791479,-0.05850107222795486,0.003728425363078713,-0.01988868601620197,0.01668712496757507,-0.001455575227737427,0.02220845222473145,XArbitraryZVertical,-0.01761729975649977,0.005410519496737055,0.007025266186061837,0.9998055722382474,0.07753591984510422,-0.1321198642253876,-0.9881966114044189,0,0,0,-1,-1,2026-05-05T16:12:27.330+02:00,1853,1.428074,0,0,1618.589,0,0,2026-05-05T17:18:20.497+02:00,799687100.5986646,0,0.8699999,100.7547,0
2026-05-05T17:18:22.815+02:00,1777994302.000194,53.2356729079537,10.40149281733706,27.82473,0,0.8273451,-1,-1,7.999999999999999,5.429927758788004,-9999,3962.543931541667,0.0906829833984375,-0.11639404296875,-0.973358154296875,3962.538894541667,0.01405324069054963,0.01118689498182824,-0.03597378270935641,-0.05753248184919357,-0.01538188569247723,-0.01511843316257,0.01559543609619141,0.001982778310775757,0.02134484052658081,XArbitraryZVertical,-0.01802449100507926,0.005465997883354474,0.006924715237115151,0.9997986943245738,0.07768156379461288,-0.1313010305166245,-0.9882943034172058,0,0,0,-1,-1,2026-05-05T16:12:27.330+02:00,1853,1.428074,0,0,1618.589,0,0,2026-05-05T17:18:20.497+02:00,799687100.5986646,0,0.8699999,100.7547,0
2026-05-05T17:18:22.825+02:00,1777994302.000194,53.2356729079537,10.40149281733706,27.82473,0,0.8273451,-1,-1,7.999999999999999,5.429927758788004,-9999,3962.554004541667,0.088775634765625,-0.1141510009765625,-0.9807281494140625,3962.548967541667,0.01383033225127789,0.01135810246451059,-0.03651469757782871,-0.02973461896181107,-0.02651842683553696,-0.01786648109555244,0.01464057713747025,0.009230136871337891,0.01723581552505493,XArbitraryZVertical,-0.01829486784774941,0.005551695847632144,0.006810171315158675,0.9997940435433598,0.07788873463869095,-0.1307511180639267,-0.9883508682250977,0,0,0,-1,-1,2026-05-05T16:12:27.330+02:00,1853,1.428074,0,0,1618.589,0,0,2026-05-05T17:18:20.497+02:00,799687100.5986646,0,0.8699999,100.7547,0
2026-05-05T17:18:22.835+02:00,1777994302.000194,53.2356729079537,10.40149281733706,27.82473,0,0.8273451,-1,-1,7.999999999999999,5.429927758788004,-9999,3962.564077541667,0.093353271484375,-0.1121368408203125,-0.9858856201171875,3962.559040541667,0.01361388236296988,0.01130132255968009,-0.03671171767606816,0.008846594952046871,-0.04269153997302055,-0.01234894525259733,0.01157806068658829,0.01790140569210052,0.01215332746505737,XArbitraryZVertical,-0.01839256733465562,0.005524611345097848,0.006701919564019893,0.9997930738378662,0.0778689906001091,-0.1305417865514755,-0.9883801341056824,0,0,0,-1,-1,2026-05-05T16:12:27.330+02:00,1853,1.428074,0,0,1618.589,0,0,2026-05-05T17:18:20.497+02:00,799687100.5986646,0,0.8699999,100.7547,0
2026-05-05T17:18:22.845+02:00,1777994302.000194,53.2356729079537,10.40149281733706,27.82473,0,0.8273451,-1,-1,7.999999999999999,5.429927758788004,-9999,3962.574150541667,0.0922698974609375,-0.102081298828125,-0.9849090576171875,3962.569113541667,0.01348537941232362,0.01100511896230874,-0.03678061501668362,0.02012636139988899,-0.04568786174058914,-0.007602259982377291,0.01262747496366501,0.01445254683494568,0.003960311412811279,XArbitraryZVertical,-0.01842566791358791,0.005377485332934554,0.006640210488442267,0.9997938238418941,0.07759776711463928,-0.1304651200771332,-0.9884116053581238,0,0,0,-1,-1,2026-05-05T16:12:27.330+02:00,1853,1.428074,0,0,1618.589,0,0,2026-05-05T17:18:20.497+02:00,799687100.5986646,0,0.8699999,100.7547,0
2026-05-05T17:18:22.855+02:00,1777994302.000194,53.2356729079537,10.40149281733706,27.82473,0,0.8273451,-1,-1,7.999999999999999,5.429927758788004,-9999,3962.584223541667,0.091217041015625,-0.1156768798828125,-0.9884185791015625,3962.579186541667,0.01336434183395415,0.01074868028847752,-0.03692076445357466,0.000818442611489445,-0.0356256403028965,-0.01097781583666801,0.01698044687509537,0.02576518058776855,0.003387570381164551,XArbitraryZVertical,-0.01849455910704672,0.005249932424431224,0.006581681541841606,0.9997936023205375,0.07736466825008392,-0.1303184032440186,-0.9884492158889771,0,0,0,-1,-1,2026-05-05T16:12:27.330+02:00,1853,1.428074,0,0,1618.589,0,0,2026-05-05T17:18:20.497+02:00,799687100.5986646,0,0.8699999,100.7547,0
2026-05-05T17:18:22.865+02:00,1777994302.000194,53.2356729079537,10.40149281733706,27.82473,0,0.8273451,-1,-1,7.999999999999999,5.429927758788004,-9999,3962.594296541667,0.0938262939453125,-0.123016357421875,-0.99609375,3962.589259541667,0.01315814098436348,0.01066268701307854,-0.03721767753514493,-0.02982404828071594,-0.02226935140788555,-0.0228792168200016,0.01391788572072983,0.02322989702224731,0.002379119396209717,XArbitraryZVertical,-0.01864216657022419,0.005207860694558665,0.006478588740288584,0.9997916583309187,0.07731444388628006,-0.1300109028816223,-0.9884936213493347,0,0,0,-1,-1,2026-05-05T16:12:27.330+02:00,1853,1.428074,0,0,1618.589,0,0,2026-05-05T17:18:20.497+02:00,799687100.5986646,0,0.8699999,100.7547,0
2026-05-05T17:18:22.875+02:00,1777994302.000194,53.2356729079537,10.40149281733706,27.82473,0,0.8273451,-1,-1,7.999999999999999,5.429927758788004,-9999,3962.604369541667,0.0910797119140625,-0.123016357421875,-1.000411987304688,3962.599333541667,0.01284266831120634,0.01069649499987127,-0.03768068476716473,-0.05356905981898308,-0.007956726476550102,-0.03389937430620193,0.0150214284658432,0.007827684283256531,-0.002890050411224365,XArbitraryZVertical,-0.01887290673246256,0.005226192269589695,0.006319304416122528,0.9997882418247601,0.07740108668804169,-0.1295317858457565,-0.9885497093200684,0,0,0,-1,-1,2026-05-05T16:12:27.330+02:00,1853,1.428074,0,0,1618.589,0,0,2026-05-05T17:18:20.497+02:00,799687100.5986646,0,0.8699999,100.7547,0
2026-05-05T17:18:22.886+02:00,1777994302.000194,53.2356729079537,10.40149281733706,27.82473,0,0.8273451,-1,-1,7.999999999999999,5.429927758788004,-9999,3962.614442541667,0.093109130859375,-0.1277008056640625,-0.9948577880859375,3962.609406541667,0.01248745722425301,0.01075830093889793,-0.03813104284308002,-0.03900934383273125,-0.01464791875332594,-0.03621133416891098,0.01519041508436203,0.006366565823554993,-0.01124578714370728,XArbitraryZVertical,-0.01909729890642835,0.0052590119675855,0.006139915526200354,0.9997849226602116,0.07752200961112976,-0.1290625035762787,-0.9886016249656677,0,0,0,-1,-1,2026-05-05T16:12:27.330+02:00,1853,1.428074,0,0,1618.589,0,0,2026-05-05T17:18:20.497+02:00,799687100.5986646,0,0.8699999,100.7547,0
2026-05-05T17:18:22.895+02:00,1777994302.000194,53.2356729079537,10.40149281733706,27.82473,0,0.8273451,-1,-1,7.999999999999999,5.429927758788004,-9999,3962.624515541667,0.0981597900390625,-0.11981201171875,-0.989227294921875,3962.619479541667,0.01214534391302066,0.01074873169355817,-0.03833271106744791,0.002011858392506838,-0.02601056173443794,-0.02929430641233921,0.01407447457313538,0.003275513648986816,-0.00905376672744751,XArbitraryZVertical,-0.01919718286600476,0.005256872464646902,0.005968433442872061,0.9997840556037118,0.07756983488798141,-0.1288400888442993,-0.9886268973350525,0,0,0,-1,-1,2026-05-05T16:12:27.330+02:00,1853,1.428074,0,0,1618.589,0,0,2026-05-05T17:18:20.497+02:00,799687100.5986646,0,0.8699999,100.7547,0
2026-05-05T17:18:22.906+02:00,1777994302.000194,53.2356729079537,10.40149281733706,27.82473,0,0.8273451,-1,-1,7.999999999999999,5.429927758788004,-9999,3962.634588541667,0.0943145751953125,-0.1114349365234375,-0.9834136962890625,3962.629552541667,0.01178804630629518,0.01054681053870799,-0.03822637257546535,0.02949679829180241,-0.04097992554306984,-0.0398629903793335,0.01963157951831818,0.002944841980934143,-0.003361821174621582,XArbitraryZVertical,-0.01914250013381879,0.005159681489677448,0.005792047228177047,0.9997866912860387,0.07742960005998611,-0.1289214044809341,-0.9886273145675659,0,0,0,-1,-1,2026-05-05T16:12:27.330+02:00,1853,1.428074,0,0,1618.589,0,0,2026-05-05T17:18:20.497+02:00,799687100.5986646,0,0.8699999,100.7547,0
2026-05-05T17:18:22.924+02:00,1777994302.000194,53.2356729079537,10.40149281733706,27.82473,0,0.8273451,-1,-1,7.999999999999999,5.429927758788004,-9999,3962.644661541667,0.0889892578125,-0.1157379150390625,-0.9816436767578125,3962.639625541667,0.01131207360460901,0.01023092010895922,-0.03807882659917422,0.0238231997936964,-0.0434044674038887,-0.04725699126720428,0.02023099362850189,0.01547959446907043,0.00242459774017334,XArbitraryZVertical,-0.01906663622713155,0.005006749436847108,0.005557519797225782,0.9997902793682344,0.077196404337883,-0.1290355175733566,-0.9886306524276733,0,0,0,-1,-1,2026-05-05T16:12:27.330+02:00,1853,1.428074,0,0,1618.589,0,0,2026-05-05T17:18:20.497+02:00,799687100.5986646,0,0.8699999,100.7547,0
2026-05-05T17:18:22.926+02:00,1777994302.000194,53.2356729079537,10.40149281733706,27.82473,0,0.8273451,-1,-1,7.999999999999999,5.429927758788004,-9999,3962.654734541667,0.0879364013671875,-0.1228179931640625,-0.980560302734375,3962.649698541667,0.01075786595063342,0.009902092079888698,-0.03801997473273025,0.0110576581209898,-0.04134610667824745,-0.05607119202613831,0.01390257477760315,0.01630936563014984,0.006788790225982666,XArbitraryZVertical,-0.01903496115671419,0.004847814185798697,0.005283757440448926,0.9997930825088107,0.07696352899074554,-0.1290565431118011,-0.9886460304260254,0,0,0,-1,-1,2026-05-05T16:12:27.330+02:00,1853,1.428074,0,0,1618.589,0,0,2026-05-05T17:18:20.497+02:00,799687100.5986646,0,0.8699999,100.7547,0
2026-05-05T17:18:22.936+02:00,1777994302.000194,53.2356729079537,10.40149281733706,27.82473,0,0.8273451,-1,-1,7.999999999999999,5.429927758788004,-9999,3962.664807541667,0.091827392578125,-0.1294403076171875,-0.980804443359375,3962.659771541667,0.01021731091294366,0.009657628755538628,-0.03818062612998203,-0.001457601319998503,-0.03173236548900604,-0.04263794049620628,0.01086496561765671,0.008957743644714355,0.00761944055557251,XArbitraryZVertical,-0.01911334560286141,0.004730334307578555,0.005015466315542112,0.9997935709084623,0.07681205868721008,-0.1288613080978394,-0.98868328332901,0,0,0,-1,-1,2026-05-05T16:12:27.330+02:00,1853,1.428074,0,0,1618.589,0,0,2026-05-05T17:18:20.497+02:00,799687100.5986646,0,0.8699999,100.7547,0
2026-05-05T17:18:22.946+02:00,1777994302.000194,53.2356729079537,10.40149281733706,27.82473,0,0.8273451,-1,-1,7.999999999999999,5.429927758788004,-9999,3962.674880541667,0.1011199951171875,-0.13079833984375,-0.98974609375,3962.669844541667,0.00982838855895468,0.009348519201072604,-0.0381881980527695,0.001008379273116589,-0.02479003369808197,-0.03825883939862251,0.01249436289072037,0.002118676900863647,0.008954823017120361,XArbitraryZVertical,-0.01911546566324234,0.004579509114621501,0.004823981113901195,0.9997951514103735,0.07657119631767273,-0.1288276463747025,-0.9887063503265381,0,0,0,-1,-1,2026-05-05T16:12:27.330+02:00,1853,1.428074,0,0,1618.589,0,0,2026-05-05T17:18:20.497+02:00,799687100.5986646,0,0.8699999,100.7547,0
2026-05-05T17:18:22.956+02:00,1777994302.000194,53.2356729079537,10.40149281733706,27.82473,0,0.8273451,-1,-1,7.999999999999999,5.429927758788004,-9999,3962.684953125,0.1082916259765625,-0.126068115234375,-0.9976959228515625,3962.679917125,0.009459149542631618,0.009051448481088334,-0.0381352348760618,0.005008713342249393,-0.02521534077823162,-0.03769265115261078,0.02011194825172424,-0.001531153917312622,0.00457465648651123,XArbitraryZVertical,-0.0190874545297028,0.004434660557817396,0.004642360742505635,0.9997971902467182,0.07633887976408005,-0.1288551986217499,-0.9887207746505737,0,0,0,-1,-1,2026-05-05T16:12:27.330+02:00,1853,1.428074,0,0,1618.589,0,0,2026-05-05T17:18:20.497+02:00,799687100.5986646,0,0.8699999,100.7547,0
2026-05-05T17:18:22.966+02:00,1777994302.000194,53.2356729079537,10.40149281733706,27.82473,0,0.8273451,-1,-1,7.999999999999999,5.429927758788004,-9999,3962.695026125,0.1060638427734375,-0.11468505859375,-0.99639892578125,3962.689990125,0.009020785900819298,0.008783533012279148,-0.03808346318533155,0.004531315062195063,-0.01972896419465542,-0.04628879949450493,0.02874203026294708,-0.001051664352416992,-0.005774080753326416,XArbitraryZVertical,-0.01906000710549152,0.004305031873390813,0.004425895519243305,0.9997993484025318,0.07614690065383911,-0.1288769096136093,-0.9887326955795288,0,0,0,-1,-1,2026-05-05T16:12:27.330+02:00,1853,1.428074,0,0,1618.589,0,0,2026-05-05T17:18:20.497+02:00,799687100.5986646,0,0.8699999,100.7547,0
2026-05-05T17:18:22.976+02:00,1777994302.000194,53.2356729079537,10.40149281733706,27.82473,0,0.8273451,-1,-1,7.999999999999999,5.429927758788004,-9999,3962.705099125,0.103668212890625,-0.113922119140625,-0.9898681640625,3962.700063125,0.008550300078669533,0.008566037878306764,-0.03796660562189052,0.01493868231773376,-0.01580958813428879,-0.047418512403965,0.03244947642087936,0.009301364421844482,-0.009726524353027344,XArbitraryZVertical,-0.01900012070356128,0.004201044081972118,0.004193027231887474,0.9998019437014718,0.07601001858711243,-0.1289607882499695,-0.9887323379516602,0,0,0,-1,-1,2026-05-05T16:12:27.330+02:00,1853,1.428074,0,0,1618.589,0,0,2026-05-05T17:18:20.497+02:00,799687100.5986646,0,0.8699999,100.7547,0
2026-05-05T17:18:22.986+02:00,1777994302.000194,53.2356729079537,10.40149281733706,27.82473,0,0.8273451,-1,-1,7.999999999999999,5.429927758788004,-9999,3962.715172125,0.1023406982421875,-0.111083984375,-0.985443115234375,3962.710136125,0.008053444394591101,0.008367759217486189,-0.03772124027383563,0.03082401305437088,-0.0145887965336442,-0.04942260682582855,0.02800074219703674,0.0158277153968811,-0.004526615142822266,XArbitraryZVertical,-0.01887602626510544,0.004107147845541978,0.003947054492924898,0.9998057088714911,0.07589637488126755,-0.1291700005531311,-0.9887137413024902,0,0,0,-1,-1,2026-05-05T16:12:27.330+02:00,1853,1.428074,0,0,1618.589,0,0,2026-05-05T17:18:20.497+02:00,799687100.5986646,0,0.8699999,100.7547,0
2026-05-05T17:18:22.996+02:00,1777994302.000194,53.2356729079537,10.40149281733706,27.82473,0,0.8273451,-1,-1,7.999999999999999,5.429927758788004,-9999,3962.725245125,0.10455322265625,-0.1147613525390625,-0.97998046875,3962.720209125,0.007556358613159037,0.008182552580984315,-0.0373808857612993,0.03079258650541306,-0.01632038317620754,-0.04568859189748764,0.02657564729452133,0.01771773397922516,0.0003853440284729004,XArbitraryZVertical,-0.01870451743451672,0.004019909654380933,0.003701015820827004,0.9998102443128903,0.07579559087753296,-0.1294731050729752,-0.9886818528175354,0,0,0,-1,-1,2026-05-05T16:12:27.330+02:00,1853,1.428074,0,0,1618.589,0,0,2026-05-05T17:18:20.497+02:00,799687100.5986646,0,0.8699999,100.7547,0
2026-05-05T17:18:23.006+02:00,1777994302.000194,53.2356729079537,10.40149281733706,27.82473,0,0.8273451,-1,-1,7.999999999999999,5.429927758788004,-9999,3962.735319125,0.103179931640625,-0.1209869384765625,-0.9787445068359375,3962.730282125,0.00705902259183265,0.007979149253619479,-0.03721030810677395,0.003086443757638335,-0.01414378266781569,-0.05242133140563965,0.02724354714155197,0.017303466796875,0.006098806858062744,XArbitraryZVertical,-0.01861789578216341,0.003923186121037648,0.003454643367891972,0.9998129920880801,0.07567699998617172,-0.1296081393957138,-0.988673210144043,0,0,0,-1,-1,2026-05-05T16:12:27.330+02:00,1853,1.428074,0,0,1618.589,0,0,2026-05-05T17:18:20.497+02:00,799687100.5986646,0,0.8699999,100.7547,0
2026-05-05T17:18:23.016+02:00,1777994302.000194,53.2356729079537,10.40149281733706,27.82473,0,0.8273451,-1,-1,7.999999999999999,5.429927758788004,-9999,3962.745392125,0.09918212890625,-0.129302978515625,-0.9820098876953125,3962.740355125,0.006545153692779875,0.0077782785325804,-0.03722107724586697,-0.004442312754690647,-0.02190157026052475,-0.04656637087464333,0.02909618616104126,0.01264981925487518,0.01038581132888794,XArbitraryZVertical,-0.01862194859538618,0.003827534701924895,0.003199605217377421,0.9998141829900229,0.07556387037038803,-0.1295626610517502,-0.9886878132820129,0,0,0,-1,-1,2026-05-05T16:12:27.330+02:00,1853,1.428074,0,0,1618.589,0,0,2026-05-05T17:18:20.497+02:00,799687100.5986646,0,0.8699999,100.7547,0
2026-05-05T17:18:23.026+02:00,1777994302.000194,53.2356729079537,10.40149281733706,27.82473,0,0.8273451,-1,-1,7.999999999999999,5.429927758788004,-9999,3962.755465125,0.097320556640625,-0.1129302978515625,-0.9830474853515625,3962.750428125,0.006108212025330812,0.007462694993495889,-0.03724329083782611,-0.0006848585326224566,-0.03105086088180542,-0.03975027427077293,0.02492575347423553,0.002832561731338501,0.008518815040588379,XArbitraryZVertical,-0.01863174710772107,0.00367380588580885,0.002984071233858834,0.9998151869434865,0.07532450556755066,-0.1295110136270523,-0.9887128472328186,0,0,0,-1,-1,2026-05-05T16:12:27.330+02:00,1853,1.428074,0,0,1618.589,0,0,2026-05-05T17:18:20.497+02:00,799687100.5986646,0,0.8699999,100.7547,0
2026-05-05T17:18:23.037+02:00,1777994302.000194,53.2356729079537,10.40149281733706,27.82473,0,0.8273451,-1,-1,7.999999999999999,5.429927758788004,-9999,3962.765538125,0.0947418212890625,-0.1038818359375,-0.9809417724609375,3962.760501125,0.005796558851806949,0.007090267205830252,-0.0372401014051504,-0.008564619347453117,-0.03501204773783684,-0.01972224004566669,0.02377733588218689,0.005973145365715027,0.005630791187286377,XArbitraryZVertical,-0.01862905184706424,0.00349053404592976,0.002831748309713476,0.999816398351614,0.0750080868601799,-0.1294930279254913,-0.9887392520904541,0,0,0,-1,-1,2026-05-05T16:12:27.330+02:00,1853,1.428074,0,0,1618.589,0,0,2026-05-05T17:18:20.497+02:00,799687100.5986646,0,0.8699999,100.7547,0
2026-05-05T17:18:23.047+02:00,1777994302.000194,53.2356729079537,10.40149281733706,27.82473,0,0.8273451,-1,-1,7.999999999999999,5.429927758788004,-9999,3962.775611125,0.098358154296875,-0.11895751953125,-0.9842681884765625,3962.770574125,0.005510649984449008,0.006795701186721592,-0.03753548106480715,-0.04607950523495674,-0.01705381833016872,-0.03493734449148178,0.01997722685337067,0.0244908481836319,0.00678861141204834,XArbitraryZVertical,-0.01877581839329389,0.003345524713148588,0.002691054313952435,0.9998145711399185,0.07476461678743362,-0.1291813999414444,-0.9887984991073608,0,0,0,-1,-1,2026-05-05T16:12:27.330+02:00,1853,1.428074,0,0,1618.589,0,0,2026-05-05T17:18:20.497+02:00,799687100.5986646,0,0.8699999,100.7547,0
2026-05-05T17:18:23.057+02:00,1777994302.000194,53.2356729079537,10.40149281733706,27.82473,0,0.8273451,-1,-1,7.999999999999999,5.429927758788004,-9999,3962.785684125,0.1010284423828125,-0.1413421630859375,-0.980224609375,3962.780647125,0.005057668314391858,0.006602382842360077,-0.03799507740131246,-0.04009351879358292,-0.01797021180391312,-0.05296081677079201,0.02193902432918549,0.02116721868515015,0.006921648979187012,XArbitraryZVertical,-0.01900457670167656,0.003252540478705983,0.002465650730858957,0.99981115432427,0.0746491327881813,-0.1286959052085876,-0.9888705015182495,0,0,0,-1,-1,2026-05-05T16:12:27.330+02:00,1853,1.428074,0,0,1618.589,0,0,2026-05-05T17:18:20.497+02:00,799687100.5986646,0,0.8699999,100.7547,0
2026-05-05T17:18:23.067+02:00,1777994302.000194,53.2356729079537,10.40149281733706,27.82473,0,0.8273451,-1,-1,7.999999999999999,5.429927758788004,-9999,3962.795757125,0.09759521484375,-0.1034088134765625,-0.975860595703125,3962.790720125,0.004561902514238447,0.006270276237029391,-0.03813450984522584,0.008460809476673603,-0.04074929654598236,-0.04463151469826698,0.02694571763277054,-0.007584244012832642,0.00540614128112793,XArbitraryZVertical,-0.01907310622084793,0.003091066371453757,0.002220748866696932,0.9998108395749224,0.07440318912267685,-0.1285241544246674,-0.9889113903045654,0,0,0,-1,-1,2026-05-05T16:12:27.330+02:00,1853,1.428074,0,0,1618.589,0,0,2026-05-05T17:18:20.497+02:00,799687100.5986646,0,0.8699999,100.7547,0
2026-05-05T17:18:23.077+02:00,1777994302.000194,53.2356729079537,10.40149281733706,27.82473,0,0.8273451,-1,-1,7.999999999999999,5.429927758788004,-9999,3962.805830125,0.094146728515625,-0.0946807861328125,-0.971435546875,3962.800793125,0.004129018634223654,0.005822233512781243,-0.03793048723517246,0.02715753205120564,-0.0408419743180275,-0.04343362525105476,0.02605056017637253,0.003574416041374207,0.01183551549911499,XArbitraryZVertical,-0.01896999516800335,0.002871431580978023,0.002008921327623977,0.9998138976024967,0.07403185963630676,-0.1286964863538742,-0.98891681432724,0,0,0,-1,-1,2026-05-05T16:12:27.330+02:00,1853,1.428074,0,0,1618.589,0,0,2026-05-05T17:18:20.497+02:00,799687100.5986646,0,0.8699999,100.7547,0
2026-05-05T17:18:23.087+02:00,1777994302.000194,53.2356729079537,10.40149281733706,27.82473,0,0.8273451,-1,-1,7.999999999999999,5.429927758788004,-9999,3962.815903125,0.09771728515625,-0.1077728271484375,-0.96893310546875,3962.810866125,0.003705827480276278,0.005428083268355826,-0.03763351682500012,0.02649259380996227,-0.03071130812168121,-0.0415760725736618,0.02235719561576843,0.03571495413780212,0.01489192247390747,XArbitraryZVertical,-0.01882057311673197,0.002678689374235528,0.001801511417193166,0.9998177346522457,0.07371216267347336,-0.1289614140987396,-0.98890620470047,0,0,0,-1,-1,2026-05-05T16:12:27.330+02:00,1853,1.428074,0,0,1618.589,0,0,2026-05-05T17:18:20.497+02:00,799687100.5986646,0,0.8699999,100.7547,0
2026-05-05T17:18:23.097+02:00,1777994303.000197,53.23566526313196,10.4015132048496,25.73068,0.66,0.97,163.125002298636,119.0872933266196,5.999999999999979,4.890059363221343,-9999,3962.825976125,0.096771240234375,-0.11431884765625,-0.9769134521484375,3962.820939125,0.003238870222462517,0.005130940910920842,-0.03745703793361092,0.01055490598082542,-0.02048902958631516,-0.05516431853175163,0.02058997005224228,0.02816721796989441,0.0209166407585144,XArbitraryZVertical,-0.01873148984031016,0.0025346863664491,0.001571100375829447,0.99982020841311,0.07349574565887451,-0.1291041076183319,-0.9889037013053894,0,0,0,-1,-1,2026-05-05T16:12:27.330+02:00,1853,1.428074,0,0,1618.589,0,0,2026-05-05T17:18:20.497+02:00,799687100.5986646,0,0.8699999,100.7547,0
2026-05-05T17:18:23.107+02:00,1777994303.000197,53.23566526313196,10.4015132048496,25.73068,0.66,0.97,163.125002298636,119.0872933266196,5.999999999999979,4.890059363221343,-9999,3962.836049125,0.0985565185546875,-0.13092041015625,-0.9826202392578125,3962.831012125,0.002643343897882189,0.004929972748652463,-0.03736121268866244,0.006796919740736485,-0.0139975743368268,-0.06368909776210785,0.02580159157514572,0.01850143074989319,0.01661401987075806,XArbitraryZVertical,-0.01868270190793521,0.002439863239408807,0.001275392130554151,0.9998217925258308,0.07339581847190857,-0.1291581690311432,-0.9889040589332581,0,0,0,-1,-1,2026-05-05T16:12:27.330+02:00,1853,1.428074,0,0,1618.589,0,0,2026-05-05T17:18:20.497+02:00,799687100.5986646,0,0.8699999,100.7547,0
2026-05-05T17:18:23.117+02:00,1777994303.000197,53.23566526313196,10.4015132048496,25.73068,0.66,0.97,163.125002298636,119.0872933266196,5.999999999999979,4.890059363221343,-9999,3962.846122125,0.106842041015625,-0.127532958984375,-0.98516845703125,3962.841085125,0.001971929502372026,0.004761722123389591,-0.03723822598073383,0.01610147021710873,-0.008226504549384117,-0.06603480875492096,0.0214468315243721,0.007041394710540771,0.008902549743652344,XArbitraryZVertical,-0.01862032246500444,0.002362088308971518,0.0009414640041790055,0.9998233920258328,0.07334078848361969,-0.1292337775230408,-0.9888982772827148,0,0,0,-1,-1,2026-05-05T16:12:27.330+02:00,1853,1.428074,0,0,1618.589,0,0,2026-05-05T17:18:20.497+02:00,799687100.5986646,0,0.8699999,100.7547,0
2026-05-05T17:18:23.127+02:00,1777994303.000197,53.23566526313196,10.4015132048496,25.73068,0.66,0.97,163.125002298636,119.0872933266196,5.999999999999979,4.890059363221343,-9999,3962.856195125,0.1019287109375,-0.1183013916015625,-0.983123779296875,3962.851158125,0.001317445141915636,0.004637122588466287,-0.03706462903396328,0.01787380501627922,-0.005360144190490246,-0.06416953355073929,0.03043372184038162,-0.003177255392074585,0.005270719528198242,XArbitraryZVertical,-0.0185327266258686,0.00230595361703719,0.0006156418300691805,0.9998254214142004,0.07332607358694077,-0.1293605864048004,-0.9888827800750732,0,0,0,-1,-1,2026-05-05T16:12:27.330+02:00,1853,1.428074,0,0,1618.589,0,0,2026-05-05T17:18:20.497+02:00,799687100.5986646,0,0.8699999,100.7547,0
2026-05-05T17:18:23.137+02:00,1777994303.000197,53.23566526313196,10.4015132048496,25.73068,0.66,0.97,163.125002298636,119.0872933266196,5.999999999999979,4.890059363221343,-9999,3962.866268125,0.101470947265625,-0.1185455322265625,-0.9852447509765625,3962.861231125,0.0007244762919042855,0.004596581707407927,-0.03688403239857274,0.01497735176235437,0.003198190359398723,-0.05507110804319382,0.03139788657426834,0.008664116263389587,0.004454910755157471,XArbitraryZVertical,-0.01844175277717006,0.002291217786413279,0.000319792901896186,0.9998272888698072,0.07338424772024155,-0.1294984817504883,-0.9888604283332825,0,0,0,-1,-1,2026-05-05T16:12:27.330+02:00,1853,1.428074,0,0,1618.589,0,0,2026-05-05T17:18:20.497+02:00,799687100.5986646,0,0.8699999,100.7547,0
2026-05-05T17:18:23.147+02:00,1777994303.000197,53.23566526313196,10.4015132048496,25.73068,0.66,0.97,163.125002298636,119.0872933266196,5.999999999999979,4.890059363221343,-9999,3962.876341125,0.099945068359375,-0.119384765625,-0.98492431640625,3962.871304125,0.0001736938038022005,0.004619099918992831,-0.036759490263913,0.008648348972201347,0.007781489752233028,-0.05513156205415726,0.02675247192382812,0.01161806285381317,0.005823850631713867,XArbitraryZVertical,-0.01837886070406874,0.002307561543700232,4.438549211405121e-05,0.9998284892063779,0.07349779456853867,-0.1295837610960007,-0.9888408184051514,0,0,0,-1,-1,2026-05-05T16:12:27.330+02:00,1853,1.428074,0,0,1618.589,0,0,2026-05-05T17:18:20.497+02:00,799687100.5986646,0,0.8699999,100.7547,0
2026-05-05T17:18:23.157+02:00,1777994303.000197,53.23566526313196,10.4015132048496,25.73068,0.66,0.97,163.125002298636,119.0872933266196,5.999999999999979,4.890059363221343,-9999,3962.886414125,0.0956878662109375,-0.1184844970703125,-0.9866180419921875,3962.881378125,-0.0003623163219723961,0.004641547942966034,-0.03667816669659072,0.006062952801585197,0.004945755936205387,-0.0526907742023468,0.02790792286396027,0.01012042164802551,0.002590298652648926,XArbitraryZVertical,-0.01833758468060982,0.002323703591934663,-0.0002236856407808219,0.9998291636487261,0.07360881567001343,-0.1296272575855255,-0.9888268113136292,0,0,0,-1,-1,2026-05-05T16:12:27.330+02:00,1853,1.428074,0,0,1618.589,0,0,2026-05-05T17:18:20.497+02:00,799687100.5986646,0,0.8699999,100.7547,0
2026-05-05T17:18:23.167+02:00,1777994303.000197,53.23566526313196,10.4015132048496,25.73068,0.66,0.97,163.125002298636,119.0872933266196,5.999999999999979,4.890059363221343,-9999,3962.896487125,0.0962066650390625,-0.1146240234375,-0.988311767578125,3962.891451125,-0.0009116883906739463,0.004630212825837001,-0.03665538923966074,-0.00242161238566041,-0.0007422228809446096,-0.05782854557037354,0.02334199845790863,0.009967699646949768,0.00447845458984375,XArbitraryZVertical,-0.01832556230679529,0.002323069357823931,-0.0004981945425772096,0.9998292556015552,0.07368866354227066,-0.1296118646860123,-0.9888229370117188,0,0,0,-1,-1,2026-05-05T16:12:27.330+02:00,1853,1.428074,0,0,1618.589,0,0,2026-05-05T17:18:20.497+02:00,799687100.5986646,0,0.8699999,100.7547,0
2026-05-05T17:18:23.177+02:00,1777994303.000197,53.23566526313196,10.4015132048496,25.73068,0.66,0.97,163.125002298636,119.0872933266196,5.999999999999979,4.890059363221343,-9999,3962.906560125,0.0985565185546875,-0.119903564453125,-0.9870147705078125,3962.901524125,-0.001476827714218996,0.004581509082531111,-0.03665664022588002,0.001037833862937987,-0.002281530061736703,-0.05226700007915497,0.02166379988193512,0.0131164938211441,0.001306533813476562,XArbitraryZVertical,-0.01832554980558128,0.002303900272627453,-0.0007802711210336183,0.9998291052998006,0.07373417168855667,-0.1295715570449829,-0.9888247847557068,0,0,0,-1,-1,2026-05-05T16:12:27.330+02:00,1853,1.428074,0,0,1618.589,0,0,2026-05-05T17:18:20.497+02:00,799687100.5986646,0,0.8699999,100.7547,0
2026-05-05T17:18:23.188+02:00,1777994303.000197,53.23566526313196,10.4015132048496,25.73068,0.66,0.97,163.125002298636,119.0872933266196,5.999999999999979,4.890059363221343,-9999,3962.916633125,0.0973052978515625,-0.1197357177734375,-0.981536865234375,3962.911597125,-0.001948577872975959,0.004467958090940898,-0.03662781614799533,0.005728139542043209,-0.008592423051595688,-0.0403168648481369,0.02420037239789963,0.01320390403270721,0.0007144808769226074,XArbitraryZVertical,-0.01831065406223554,0.002251443528598815,-0.001015033531425836,0.9998292805569748,0.07370004057884216,-0.1295674294233322,-0.9888278841972351,0,0,0,-1,-1,2026-05-05T16:12:27.330+02:00,1853,1.428074,0,0,1618.589,0,0,2026-05-05T17:18:20.497+02:00,799687100.5986646,0,0.8699999,100.7547,0
2026-05-05T17:18:23.198+02:00,1777994303.000197,53.23566526313196,10.4015132048496,25.73068,0.66,0.97,163.125002298636,119.0872933266196,5.999999999999979,4.890059363221343,-9999,3962.926706125,0.100738525390625,-0.1089630126953125,-0.977294921875,3962.921670125,-0.002308834827028555,0.00435163347682649,-0.03652883270467586,0.0105306189507246,-0.01000096835196018,-0.03265921026468277,0.02478983253240585,0.007432729005813599,0.003592967987060547,XArbitraryZVertical,-0.01826083478609977,0.002196534283185212,-0.001193959681829578,0.9998300949940764,0.07364464551210403,-0.1296403706073761,-0.9888224601745605,0,0,0,-1,-1,2026-05-05T16:12:27.330+02:00,1853,1.428074,0,0,1618.589,0,0,2026-05-05T17:18:23.076+02:00,799687103.1696333,0,0.9099998,100.7542,0
2026-05-05T17:18:23.208+02:00,1777994303.000197,53.23566526313196,10.4015132048496,25.73068,0.66,0.97,163.125002298636,119.0872933266196,5.999999999999979,4.890059363221343,-9999,3962.936779125,0.1010589599609375,-0.109130859375,-0.9762725830078125,3962.931743125,-0.00265723573194674,0.004208912850476502,-0.03645503038544205,0.002199185080826283,-0.01219781022518873,-0.03793080151081085,0.0249800831079483,0.01503469049930573,0.01062709093093872,XArbitraryZVertical,-0.01822365377018218,0.0021283194167466,-0.001366750644241613,0.999830742378005,0.07356119900941849,-0.1296892315149307,-0.9888222813606262,0,0,0,-1,-1,2026-05-05T16:12:27.330+02:00,1853,1.428074,0,0,1618.589,0,0,2026-05-05T17:18:23.076+02:00,799687103.1696333,0,0.9099998,100.7542,0
2026-05-05T17:18:23.218+02:00,1777994303.000197,53.23566526313196,10.4015132048496,25.73068,0.66,0.97,163.125002298636,119.0872933266196,5.999999999999979,4.890059363221343,-9999,3962.946852125,0.104248046875,-0.125335693359375,-0.9764251708984375,3962.941816125,-0.003124479060508983,0.004118414224162619,-0.03643309648484001,0.004675125703215599,0.001785915577784181,-0.05589861795306206,0.02766247093677521,0.02222613990306854,0.01279616355895996,XArbitraryZVertical,-0.01821226279708489,0.002087318374507574,-0.001599485818569502,0.9998307216646215,0.07354909181594849,-0.1296785175800323,-0.9888245463371277,0,0,0,-1,-1,2026-05-05T16:12:27.330+02:00,1853,1.428074,0,0,1618.589,0,0,2026-05-05T17:18:23.076+02:00,799687103.1696333,0,0.9099998,100.7542,0
2026-05-05T17:18:23.228+02:00,1777994303.000197,53.23566526313196,10.4015132048496,25.73068,0.66,0.97,163.125002298636,119.0872933266196,5.999999999999979,4.890059363221343,-9999,3962.956925125,0.10992431640625,-0.1331329345703125,-0.9854888916015625,3962.951889125,-0.003684176811540764,0.004050298127456025,-0.0363173111833982,0.01168920006603003,-0.004097805824130774,-0.05493049323558807,0.02832385152578354,0.01363478600978851,0.01295214891433716,XArbitraryZVertical,-0.018153857996543,0.00205825808784382,-0.001878551580492731,0.9998314185746733,0.07357436418533325,-0.1297541707754135,-0.9888127446174622,0,0,0,-1,-1,2026-05-05T16:12:27.330+02:00,1853,1.428074,0,0,1618.589,0,0,2026-05-05T17:18:23.076+02:00,799687103.1696333,0,0.9099998,100.7542,0
2026-05-05T17:18:23.238+02:00,1777994303.000197,53.23566526313196,10.4015132048496,25.73068,0.66,0.97,163.125002298636,119.0872933266196,5.999999999999979,4.890059363221343,-9999,3962.966998125,0.105865478515625,-0.122039794921875,-0.98199462890625,3962.961962125,-0.004169457008275745,0.003991019728968296,-0.03622643038563606,0.002676796400919557,0.0007627294398844242,-0.04031772911548615,0.03468035906553268,-0.00313955545425415,0.00836557149887085,XArbitraryZVertical,-0.01810799027293473,0.002032935871016845,-0.002120523928719899,0.9998317021866127,0.07359602302312851,-0.1298102736473083,-0.9888038039207458,0,0,0,-1,-1,2026-05-05T16:12:27.330+02:00,1853,1.428074,0,0,1618.589,0,0,2026-05-05T17:18:23.076+02:00,799687103.1696333,0,0.9099998,100.7542,0
2026-05-05T17:18:23.248+02:00,1777994303.000197,53.23566526313196,10.4015132048496,25.73068,0.66,0.97,163.125002298636,119.0872933266196,5.999999999999979,4.890059363221343,-9999,3962.977071125,0.1119232177734375,-0.1336669921875,-0.9809112548828125,3962.972035125,-0.004547431436273603,0.004017651321964269,-0.03622852718943255,-0.00802847184240818,0.009047023952007294,-0.03639582544565201,0.03492715209722519,0.003606945276260376,0.002793192863464355,XArbitraryZVertical,-0.01810862305085572,0.002049673888794112,-0.002309722461916155,0.9998312468184702,0.073684923350811,-0.1297818869352341,-0.9888008832931519,0,0,0,-1,-1,2026-05-05T16:12:27.330+02:00,1853,1.428074,0,0,1618.589,0,0,2026-05-05T17:18:23.076+02:00,799687103.1696333,0,0.9099998,100.7542,0
2026-05-05T17:18:23.258+02:00,1777994303.000197,53.23566526313196,10.4015132048496,25.73068,0.66,0.97,163.125002298636,119.0872933266196,5.999999999999979,4.890059363221343,-9999,3962.987145125,0.109375,-0.1241912841796875,-0.982635498046875,3962.982108125,-0.004933263311076152,0.004057273849377532,-0.03629690494221953,-0.003412148449569941,0.004412591457366943,-0.03913541883230209,0.03406114131212234,0.002337515354156494,0.009160876274108887,XArbitraryZVertical,-0.01814236056993703,0.002073058236118339,-0.002503032333414135,0.9998301345148308,0.07378799468278885,-0.1296873539686203,-0.9888055920600891,0,0,0,-1,-1,2026-05-05T16:12:27.330+02:00,1853,1.428074,0,0,1618.589,0,0,2026-05-05T17:18:23.076+02:00,799687103.1696333,0,0.9099998,100.7542,0
2026-05-05T17:18:23.268+02:00,1777994303.000197,53.23566526313196,10.4015132048496,25.73068,0.66,0.97,163.125002298636,119.0872933266196,5.999999999999979,4.890059363221343,-9999,3962.997218125,0.0998992919921875,-0.1113433837890625,-0.9827423095703125,3962.992181125,-0.005322006342187984,0.004026602417755388,-0.03627639347338382,0.005136012565344572,-0.004965730011463165,-0.03752740100026131,0.03820806741714478,-0.002491086721420288,0.006610989570617676,XArbitraryZVertical,-0.01813174395676563,0.002061224457040595,-0.002697072305707315,0.999829885613337,0.07382199168205261,-0.1296805441379547,-0.9888039827346802,0,0,0,-1,-1,2026-05-05T16:12:27.330+02:00,1853,1.428074,0,0,1618.589,0,0,2026-05-05T17:18:23.076+02:00,799687103.1696333,0,0.9099998,100.7542,0
2026-05-05T17:18:23.278+02:00,1777994303.000197,53.23566526313196,10.4015132048496,25.73068,0.66,0.97,163.125002298636,119.0872933266196,5.999999999999979,4.890059363221343,-9999,3963.007291125,0.097747802734375,-0.1143951416015625,-0.9793701171875,3963.002254125,-0.00572221062669277,0.00395248282498069,-0.03622778461650117,0.002136228140443563,0.0008780441712588072,-0.04002118855714798,0.03032637387514114,0.0144510418176651,0.006746172904968262,XArbitraryZVertical,-0.01810713815069837,0.00202773048524507,-0.002896421618870185,0.9998298452796043,0.07381488382816315,-0.1297006756067276,-0.9888018369674683,0,0,0,-1,-1,2026-05-05T16:12:27.330+02:00,1853,1.428074,0,0,1618.589,0,0,2026-05-05T17:18:23.076+02:00,799687103.1696333,0,0.9099998,100.7542,0
2026-05-05T17:18:23.288+02:00,1777994303.000197,53.23566526313196,10.4015132048496,25.73068,0.66,0.97,163.125002298636,119.0872933266196,5.999999999999979,4.890059363221343,-9999,3963.017364125,0.096588134765625,-0.12457275390625,-0.9750213623046875,3963.012327125,-0.006160917720335778,0.004213965178242768,-0.03637846664968124,-0.00629320926964283,0.01203375868499279,-0.03659329935908318,0.02384588122367859,0.0182538777589798,0.006958603858947754,XArbitraryZVertical,-0.01818161366369777,0.002162650300698603,-0.003118259545424105,0.9998275348247376,0.0741460844874382,-0.1295209676027298,-0.9888006448745728,0,0,0,-1,-1,2026-05-05T16:12:27.330+02:00,1853,1.428074,0,0,1618.589,0,0,2026-05-05T17:18:23.076+02:00,799687103.1696333,0,0.9099998,100.7542,0
2026-05-05T17:18:23.298+02:00,1777994303.000197,53.23566526313196,10.4015132048496,25.73068,0.66,0.97,163.125002298636,119.0872933266196,5.999999999999979,4.890059363221343,-9999,3963.027437125,0.0956878662109375,-0.127899169921875,-0.972137451171875,3963.022400125,-0.006568410593500067,0.004591845857400933,-0.03675299186378723,-0.03204544633626938,0.01461889035999775,-0.03671979904174805,0.02236700803041458,0.01048494875431061,0.0117841362953186,XArbitraryZVertical,-0.01836777346042016,0.002355869174017436,-0.003325824288635874,0.9998230834042601,0.07458735257387161,-0.1291220188140869,-0.9888195991516113,0,0,0,-1,-1,2026-05-05T16:12:27.330+02:00,1853,1.428074,0,0,1618.589,0,0,2026-05-05T17:18:23.076+02:00,799687103.1696333,0,0.9099998,100.7542,0
2026-05-05T17:18:23.308+02:00,1777994303.000197,53.23566526313196,10.4015132048496,25.73068,0.66,0.97,163.125002298636,119.0872933266196,5.999999999999979,4.890059363221343,-9999,3963.037510125,0.096923828125,-0.132720947265625,-0.96722412109375,3963.032473125,-0.00701447747397695,0.005021120924056399,-0.03733279770073609,-0.06876521557569504,0.0212208665907383,-0.04583512991666794,0.02040357887744904,0.001747220754623413,0.01480060815811157,XArbitraryZVertical,-0.01865633623905819,0.002575568183621639,-0.003553469277055759,0.9998164001870481,0.07508595287799835,-0.1285172402858734,-0.9888606667518616,0,0,0,-1,-1,2026-05-05T16:12:27.330+02:00,1853,1.428074,0,0,1618.589,0,0,2026-05-05T17:18:23.076+02:00,799687103.1696333,0,0.9099998,100.7542,0
2026-05-05T17:18:23.319+02:00,1777994303.000197,53.23566526313196,10.4015132048496,25.73068,0.66,0.97,163.125002298636,119.0872933266196,5.999999999999979,4.890059363221343,-9999,3963.047583125,0.0997314453125,-0.141204833984375,-0.966339111328125,3963.042546125,-0.007480025981639877,0.005509205552160781,-0.0381013225775087,-0.08703289926052094,0.02101766690611839,-0.04089763015508652,0.02068266272544861,-0.001273468136787415,0.02014023065567017,XArbitraryZVertical,-0.01903900188028473,0.002825324965389781,-0.003791784571049213,0.9998076252978634,0.07564609497785568,-0.1277243196964264,-0.9889206886291504,0,0,0,-1,-1,2026-05-05T16:12:27.330+02:00,1853,1.428074,0,0,1618.589,0,0,2026-05-05T17:18:23.076+02:00,799687103.1696333,0,0.9099998,100.7542,0
2026-05-05T17:18:23.329+02:00,1777994303.000197,53.23566526313196,10.4015132048496,25.73068,0.66,0.97,163.125002298636,119.0872933266196,5.999999999999979,4.890059363221343,-9999,3963.057656125,0.10162353515625,-0.1255340576171875,-0.96771240234375,3963.052619125,-0.00781887609891037,0.005623746996124741,-0.038905759565598,-0.06829660385847092,0.006049636751413345,-0.02850381284952164,0.02133679389953613,-0.01140104234218597,0.02258259057998657,XArbitraryZVertical,-0.01944043707585053,0.002887360901758157,-0.00396336815370527,0.9997989706980708,0.07581593841314316,-0.126904621720314,-0.9890131950378418,0,0,0,-1,-1,2026-05-05T16:12:27.330+02:00,1853,1.428074,0,0,1618.589,0,0,2026-05-05T17:18:23.076+02:00,799687103.1696333,0,0.9099998,100.7542,0
2026-05-05T17:18:23.339+02:00,1777994303.000197,53.23566526313196,10.4015132048496,25.73068,0.66,0.97,163.125002298636,119.0872933266196,5.999999999999979,4.890059363221343,-9999,3963.067729125,0.0972747802734375,-0.10699462890625,-0.9738922119140625,3963.062692125,-0.008012158055440255,0.005614635089131164,-0.03947738138544165,-0.04863502085208893,0.0006018744315952063,-0.01384364347904921,0.02592161297798157,-0.009966045618057251,0.02312791347503662,XArbitraryZVertical,-0.01972592874788903,0.002885813568044402,-0.004060680805539521,0.9997930120917905,0.07583927363157272,-0.1263254582881927,-0.9890855550765991,0,0,0,-1,-1,2026-05-05T16:12:27.330+02:00,1853,1.428074,0,0,1618.589,0,0,2026-05-05T17:18:23.076+02:00,799687103.1696333,0,0.9099998,100.7542,0
2026-05-05T17:18:23.349+02:00,1777994303.000197,53.23566526313196,10.4015132048496,25.73068,0.66,0.97,163.125002298636,119.0872933266196,5.999999999999979,4.890059363221343,-9999,3963.077802125,0.0975494384765625,-0.113372802734375,-0.97784423828125,3963.072765125,-0.008125966882703539,0.005561480368811613,-0.0398338393002087,-0.02516538091003895,-0.004803011193871498,-0.006656771060079336,0.02395622432231903,0.01280556619167328,0.01786649227142334,XArbitraryZVertical,-0.01990406615880755,0.002861078434886583,-0.004117530414026033,0.9997892986767174,0.07580575346946716,-0.1259647458791733,-0.9891341328620911,0,0,0,-1,-1,2026-05-05T16:12:27.330+02:00,1853,1.428074,0,0,1618.589,0,0,2026-05-05T17:18:23.076+02:00,799687103.1696333,0,0.9099998,100.7542,0
2026-05-05T17:18:23.359+02:00,1777994303.000197,53.23566526313196,10.4015132048496,25.73068,0.66,0.97,163.125002298636,119.0872933266196,5.999999999999979,4.890059363221343,-9999,3963.087875125,0.0960235595703125,-0.1189422607421875,-0.9802703857421875,3963.082838125,-0.008037909720460167,0.005496350128170125,-0.03996000553146216,-0.003989255521446466,-0.005306082312017679,0.0152266900986433,0.02163948863744736,0.01714245975017548,0.01315736770629883,XArbitraryZVertical,-0.01996739437750389,0.002827893803575339,-0.004073031145905224,0.9997883229906422,0.07572686672210693,-0.1258460879325867,-0.9891552925109863,0,0,0,-1,-1,2026-05-05T16:12:27.330+02:00,1853,1.428074,0,0,1618.589,0,0,2026-05-05T17:18:23.076+02:00,799687103.1696333,0,0.9099998,100.7542,0
2026-05-05T17:18:23.369+02:00,1777994303.000197,53.23566526313196,10.4015132048496,25.73068,0.66,0.97,163.125002298636,119.0872933266196,5.999999999999979,4.890059363221343,-9999,3963.097948125,0.10052490234375,-0.119232177734375,-0.9921112060546875,3963.092911125,-0.007897249620606511,0.005654296188471446,-0.04009705554857265,-0.007000438403338194,-7.536751218140125e-05,0.01977836526930332,0.02077396959066391,0.008303970098495483,0.01114904880523682,XArbitraryZVertical,-0.02003578763284058,0.002905712478692643,-0.00400448115456838,0.9997870037620129,0.07585995644330978,-0.1257203370332718,-0.9891610741615295,0,0,0,-1,-1,2026-05-05T16:12:27.330+02:00,1853,1.428074,0,0,1618.589,0,0,2026-05-05T17:18:23.076+02:00,799687103.1696333,0,0.9099998,100.7542,0
2026-05-05T17:18:23.379+02:00,1777994303.000197,53.23566526313196,10.4015132048496,25.73068,0.66,0.97,163.125002298636,119.0872933266196,5.999999999999979,4.890059363221343,-9999,3963.108021125,0.0973358154296875,-0.11541748046875,-0.9979400634765625,3963.102984125,-0.007801683431197208,0.005822021734387644,-0.04027622164502907,-0.01280053704977036,-0.005368666257709265,0.001045690383762121,0.02211908996105194,0.006027668714523315,0.003895998001098633,XArbitraryZVertical,-0.02012515849635469,0.00298894416063762,-0.003958642188475027,0.9997851455709269,0.07601019740104675,-0.1255497485399246,-0.9891712069511414,0,0,0,-1,-1,2026-05-05T16:12:27.330+02:00,1853,1.428074,0,0,1618.589,0,0,2026-05-05T17:18:23.076+02:00,799687103.1696333,0,0.9099998,100.7542,0
2026-05-05T17:18:23.389+02:00,1777994303.000197,53.23566526313196,10.4015132048496,25.73068,0.66,0.97,163.125002298636,119.0872933266196,5.999999999999979,4.890059363221343,-9999,3963.118094125,0.098297119140625,-0.123443603515625,-1.000167846679688,3963.113058125,-0.007921432570660983,0.005879391360290341,-0.04031046385046721,0.003607997437939048,-0.01640826836228371,-0.0225769467651844,0.02443815767765045,0.007679089903831482,-0.007258713245391846,XArbitraryZVertical,-0.0201419807355144,0.003018894423439384,-0.004019129935685008,0.9997845206453936,0.07608676701784134,-0.1255074739456177,-0.9891707301139832,0,0,0,-1,-1,2026-05-05T16:12:27.330+02:00,1853,1.428074,0,0,1618.589,0,0,2026-05-05T17:18:23.076+02:00,799687103.1696333,0,0.9099998,100.7542,0
2026-05-05T17:18:23.399+02:00,1777994303.000197,53.23566526313196,10.4015132048496,25.73068,0.66,0.97,163.125002298636,119.0872933266196,5.999999999999979,4.890059363221343,-9999,3963.128167125,0.097259521484375,-0.1279449462890625,-0.995208740234375,3963.123131125,-0.008280621429519259,0.005798064796360307,-0.0402574428423375,-0.002111939946189523,-0.03613829612731934,-0.04594618827104568,0.01922552287578583,0.007935225963592529,-0.009061098098754883,XArbitraryZVertical,-0.02011510343544952,0.002981748968224787,-0.004197791787746517,0.9997844748982228,0.07606564462184906,-0.12553471326828,-0.9891688823699951,0,0,0,-1,-1,2026-05-05T16:12:27.330+02:00,1853,1.428074,0,0,1618.589,0,0,2026-05-05T17:18:23.076+02:00,799687103.1696333,0,0.9099998,100.7542,0
2026-05-05T17:18:23.409+02:00,1777994303.000197,53.23566526313196,10.4015132048496,25.73068,0.66,0.97,163.125002298636,119.0872933266196,5.999999999999979,4.890059363221343,-9999,3963.138240125,0.0892181396484375,-0.1282501220703125,-0.984588623046875,3963.133204125,-0.008720663298377019,0.005596694017017859,-0.04012582543066485,0.0005586246261373162,-0.04055355116724968,-0.04660625383257866,0.02367032319307327,-0.002753406763076782,-0.009979486465454102,XArbitraryZVertical,-0.02004909720160032,0.002885227877853896,-0.004415561600351199,0.9997851386404488,0.07593906670808792,-0.125634029507637,-0.9891659617424011,0,0,0,-1,-1,2026-05-05T16:12:27.330+02:00,1853,1.428074,0,0,1618.589,0,0,2026-05-05T17:18:23.076+02:00,799687103.1696333,0,0.9099998,100.7542,0
2026-05-05T17:18:23.419+02:00,1777994303.000197,53.23566526313196,10.4015132048496,25.73068,0.66,0.97,163.125002298636,119.0872933266196,5.999999999999979,4.890059363221343,-9999,3963.148313125,0.098297119140625,-0.131988525390625,-0.9787750244140625,3963.143277125,-0.009282985006692722,0.005537163868424918,-0.04010703374082607,-0.01955090463161469,-0.01473686750978231,-0.06167681515216827,0.01579331606626511,-0.0008975863456726074,-0.0001222491264343262,XArbitraryZVertical,-0.02003903191765819,0.002861063180471511,-0.004696040141666736,0.9997840941662682,0.07597305625677109,-0.1256130188703537,-0.9891660213470459,0,0,0,-1,-1,2026-05-05T16:12:27.330+02:00,1853,1.428074,0,0,1618.589,0,0,2026-05-05T17:18:23.076+02:00,799687103.1696333,0,0.9099998,100.7542,0
2026-05-05T17:18:23.429+02:00,1777994303.000197,53.23566526313196,10.4015132048496,25.73068,0.66,0.97,163.125002298636,119.0872933266196,5.999999999999979,4.890059363221343,-9999,3963.158386125,0.0946197509765625,-0.13916015625,-0.9771270751953125,3963.153350125,-0.009922160268622207,0.005658571801005985,-0.04042301256419484,-0.02324098162353039,-0.002410959685221314,-0.05279943346977234,0.01663556694984436,-0.005558311939239502,0.007626652717590332,XArbitraryZVertical,-0.02019576651441321,0.002928932594676208,-0.005017205924346565,0.9997792025051558,0.07619893550872803,-0.125255286693573,-0.9891940355300903,0,0,0,-1,-1,2026-05-05T16:12:27.330+02:00,1853,1.428074,0,0,1618.589,0,0,2026-05-05T17:18:23.076+02:00,799687103.1696333,0,0.9099998,100.7542,0
2026-05-05T17:18:23.439+02:00,1777994303.000197,53.23566526313196,10.4015132048496,25.73068,0.66,0.97,163.125002298636,119.0872933266196,5.999999999999979,4.890059363221343,-9999,3963.168459125,0.103607177734375,-0.130645751953125,-0.98553466796875,3963.163423125,-0.01037525295876754,0.005866703706102518,-0.04071437858040482,-0.008644461631774902,0.01050670351833105,-0.03473974019289017,0.02093229442834854,-0.01047153770923615,0.01265037059783936,XArbitraryZVertical,-0.02034020721948686,0.003038297557230557,-0.005246215630518769,0.9997747689711204,0.07647983729839325,-0.1249349638819695,-0.9892128705978394,0,0,0,-1,-1,2026-05-05T16:12:27.330+02:00,1853,1.428074,0,0,1618.589,0,0,2026-05-05T17:18:23.076+02:00,799687103.1696333,0,0.9099998,100.7542,0
2026-05-05T17:18:23.450+02:00,1777994303.000197,53.23566526313196,10.4015132048496,25.73068,0.66,0.97,163.125002298636,119.0872933266196,5.999999999999979,4.890059363221343,-9999,3963.178532125,0.1033477783203125,-0.1114959716796875,-0.9864959716796875,3963.173496125,-0.01071395936685524,0.006182903797295271,-0.04082845450236575,-0.003643364179879427,0.01550678815692663,-0.0264509804546833,0.02009047567844391,-0.01337017863988876,0.007954657077789307,XArbitraryZVertical,-0.02039586045547436,0.003200108241541648,-0.005418916164473984,0.9997722343823027,0.07684862613677979,-0.1247981488704681,-0.989201545715332,0,0,0,-1,-1,2026-05-05T16:12:27.330+02:00,1853,1.428074,0,0,1618.589,0,0,2026-05-05T17:18:23.076+02:00,799687103.1696333,0,0.9099998,100.7542,0
2026-05-05T17:18:23.460+02:00,1777994303.000197,53.23566526313196,10.4015132048496,25.73068,0.66,0.97,163.125002298636,119.0872933266196,5.999999999999979,4.890059363221343,-9999,3963.188605125,0.09619140625,-0.11053466796875,-0.991607666015625,3963.183569125,-0.01100637200144873,0.006534142033053821,-0.040919615409326,-0.005372288171201944,0.01675554551184177,-0.02658147551119328,0.02875842154026031,0.005180425941944122,0.001925826072692871,XArbitraryZVertical,-0.02043998403927824,0.003378916734739778,-0.005568814402794751,0.99976995490728,0.07724440842866898,-0.1246872693300247,-0.9891847372055054,0,0,0,-1,-1,2026-05-05T16:12:27.330+02:00,1853,1.428074,0,0,1618.589,0,0,2026-05-05T17:18:23.076+02:00,799687103.1696333,0,0.9099998,100.7542,0
2026-05-05T17:18:23.470+02:00,1777994303.000197,53.23566526313196,10.4015132048496,25.73068,0.66,0.97,163.125002298636,119.0872933266196,5.999999999999979,4.890059363221343,-9999,3963.198678125,0.100067138671875,-0.122833251953125,-0.993896484375,3963.193642125,-0.01128769469773369,0.006901732061654558,-0.04110488748307327,-0.01732088066637516,0.01707112789154053,-0.02475947514176369,0.02111556380987167,0.01593296229839325,0.0002560615539550781,XArbitraryZVertical,-0.02053107420797028,0.003566060613665155,-0.005713509004452719,0.9997665828206271,0.07765460014343262,-0.1244839951395988,-0.9891781806945801,0,0,0,-1,-1,2026-05-05T16:12:27.330+02:00,1853,1.428074,0,0,1618.589,0,0,2026-05-05T17:18:23.076+02:00,799687103.1696333,0,0.9099998,100.7542,0
2026-05-05T17:18:23.480+02:00,1777994303.000197,53.23566526313196,10.4015132048496,25.73068,0.66,0.97,163.125002298636,119.0872933266196,5.999999999999979,4.890059363221343,-9999,3963.208752125,0.102447509765625,-0.12994384765625,-0.989013671875,3963.203715125,-0.01149270348757225,0.007234719931069288,-0.04141629216910615,-0.02866781130433083,0.02437591180205345,-0.01185113284736872,0.01899731159210205,0.007843531668186188,-0.005148828029632568,XArbitraryZVertical,-0.02068540555183937,0.00373550291109574,-0.005819952210539641,0.9997621727186001,0.07801809161901474,-0.1241612806916237,-0.9891901612281799,0,0,0,-1,-1,2026-05-05T16:12:27.330+02:00,1853,1.428074,0,0,1618.589,0,0,2026-05-05T17:18:23.076+02:00,799687103.1696333,0,0.9099998,100.7542,0
2026-05-05T17:18:23.490+02:00,1777994303.000197,53.23566526313196,10.4015132048496,25.73068,0.66,0.97,163.125002298636,119.0872933266196,5.999999999999979,4.890059363221343,-9999,3963.218825125,0.104705810546875,-0.1247711181640625,-0.987640380859375,3963.213788125,-0.01159939633275896,0.00767171158712919,-0.04170405072243486,-0.03056818805634975,0.02251782454550266,-0.007543869782239199,0.0237351581454277,-0.003389373421669006,-0.002553761005401611,XArbitraryZVertical,-0.0208277672248773,0.003955872868783323,-0.005878339843886063,0.9997580294152223,0.07846823334693909,-0.1238689199090004,-0.9891911745071411,0,0,0,-1,-1,2026-05-05T16:12:27.330+02:00,1853,1.428074,0,0,1618.589,0,0,2026-05-05T17:18:23.076+02:00,799687103.1696333,0,0.9099998,100.7542,0
2026-05-05T17:18:23.500+02:00,1777994303.000197,53.23566526313196,10.4015132048496,25.73068,0.66,0.97,163.125002298636,119.0872933266196,5.999999999999979,4.890059363221343,-9999,3963.228898125,0.1014556884765625,-0.12225341796875,-0.9892730712890625,3963.223861125,-0.01168385627805925,0.008014364751805364,-0.04198490336221694,-0.03705884516239166,0.01975665986537933,-0.008909005671739578,0.02464847266674042,-0.005672231316566467,0.001726150512695312,XArbitraryZVertical,-0.02096697727606004,0.004128845751647885,-0.005924673139616677,0.9997541630519469,0.07882139086723328,-0.1235849633812904,-0.989198625087738,0,0,0,-1,-1,2026-05-05T16:12:27.330+02:00,1853,1.428074,0,0,1618.589,0,0,2026-05-05T17:18:23.076+02:00,799687103.1696333,0,0.9099998,100.7542,0
2026-05-05T17:18:23.510+02:00,1777994303.000197,53.23566526313196,10.4015132048496,25.73068,0.66,0.97,163.125002298636,119.0872933266196,5.999999999999979,4.890059363221343,-9999,3963.238971125,0.10089111328125,-0.12408447265625,-0.9881591796875,3963.233934125,-0.01174969619370841,0.008360213074785426,-0.04229000198138587,-0.04352207109332085,0.01899073459208012,-0.001099818851798773,0.02443252503871918,0.001192733645439148,0.0002865791320800781,XArbitraryZVertical,-0.021118322514589,0.004303300097571211,-0.005961829258267279,0.9997500143912773,0.07917467504739761,-0.1232783049345016,-0.9892086982727051,0,0,0,-1,-1,2026-05-05T16:12:27.330+02:00,1853,1.428074,0,0,1618.589,0,0,2026-05-05T17:18:23.076+02:00,799687103.1696333,0,0.9099998,100.7542,0
2026-05-05T17:18:23.520+02:00,1777994303.000197,53.23566526313196,10.4015132048496,25.73068,0.66,0.97,163.125002298636,119.0872933266196,5.999999999999979,4.890059363221343,-9999,3963.249044125,0.10565185546875,-0.125701904296875,-0.9892730712890625,3963.244007125,-0.01169467956905159,0.008768166764551765,-0.04270288124697454,-0.05591029673814774,0.02981675043702126,0.01098480634391308,0.02078749239444733,-0.0004785433411598206,0.001052916049957275,XArbitraryZVertical,-0.02132361728365186,0.004507832467388974,-0.005939514461641668,0.9997449029592657,0.07956959307193756,-0.1228735148906708,-0.9892273545265198,0,0,0,-1,-1,2026-05-05T16:12:27.330+02:00,1853,1.428074,0,0,1618.589,0,0,2026-05-05T17:18:23.076+02:00,799687103.1696333,0,0.9099998,100.7542,0
2026-05-05T17:18:23.530+02:00,1777994303.000197,53.23566526313196,10.4015132048496,25.73068,0.66,0.97,163.125002298636,119.0872933266196,5.999999999999979,4.890059363221343,-9999,3963.259117125,0.11163330078125,-0.1273651123046875,-0.99176025390625,3963.254080125,-0.01158145000939462,0.009211320642435347,-0.04316652461388008,-0.05941719934344292,0.03083674237132072,0.008848220109939575,0.02383101731538773,-0.003050461411476135,-8.404254913330078e-06,XArbitraryZVertical,-0.02155433053894163,0.004729464753996783,-0.005888677489366584,0.9997392283658333,0.07998980581760406,-0.1224225610494614,-0.9892494082450867,0,0,0,-1,-1,2026-05-05T16:12:27.330+02:00,1853,1.428074,0,0,1618.589,0,0,2026-05-05T17:18:23.076+02:00,799687103.1696333,0,0.9099998,100.7542,0
2026-05-05T17:18:23.540+02:00,1777994303.000197,53.23566526313196,10.4015132048496,25.73068,0.66,0.97,163.125002298636,119.0872933266196,5.999999999999979,4.890059363221343,-9999,3963.269190125,0.1120452880859375,-0.122711181640625,-0.991241455078125,3963.264153125,-0.01152600796479624,0.009688330863942132,-0.04370928911736485,-0.0427069291472435,0.02714134007692337,0.006678275763988495,0.02806736528873444,-0.004590950906276703,-0.0003463625907897949,XArbitraryZVertical,-0.02182437460628038,0.004968845235728141,-0.005867384908344531,0.999732299288021,0.08045317232608795,-0.1218891516327858,-0.9892776608467102,0,0,0,-1,-1,2026-05-05T16:12:27.330+02:00,1853,1.428074,0,0,1618.589,0,0,2026-05-05T17:18:23.076+02:00,799687103.1696333,0,0.9099998,100.7542,0
2026-05-05T17:18:23.550+02:00,1777994303.000197,53.23566526313196,10.4015132048496,25.73068,0.66,0.97,163.125002298636,119.0872933266196,5.999999999999979,4.890059363221343,-9999,3963.279263125,0.1096038818359375,-0.1155853271484375,-0.98455810546875,3963.274226125,-0.01142303354442618,0.01003648273210382,-0.04412031796285278,-0.02434166520833969,0.01760908775031567,0.01513181533664465,0.03161516785621643,-0.004075057804584503,-0.003329873085021973,XArbitraryZVertical,-0.02202907613228635,0.005142901552134075,-0.005820715647559957,0.9997272295150569,0.08078110218048096,-0.121489517390728,-0.9893001317977905,0,0,0,-1,-1,2026-05-05T16:12:27.330+02:00,1853,1.428074,0,0,1618.589,0,0,2026-05-05T17:18:23.076+02:00,799687103.1696333,0,0.9099998,100.7542,0
2026-05-05T17:18:23.560+02:00,1777994303.000197,53.23566526313196,10.4015132048496,25.73068,0.66,0.97,163.125002298636,119.0872933266196,5.999999999999979,4.890059363221343,-9999,3963.289336125,0.1055755615234375,-0.108428955078125,-0.9819183349609375,3963.284299125,-0.0112809672019354,0.01031214515334151,-0.04432320882202072,-0.007865220308303833,0.01381301786750555,0.0130500216037035,0.03022124618291855,0.001868128776550293,0.001510143280029297,XArbitraryZVertical,-0.02213006791039854,0.005279691204795716,-0.005753248810554791,0.9997246092745175,0.08103061467409134,-0.1212986707687378,-0.9893031120300293,0,0,0,-1,-1,2026-05-05T16:12:27.330+02:00,1853,1.428074,0,0,1618.589,0,0,2026-05-05T17:18:23.076+02:00,799687103.1696333,0,0.9099998,100.7542,0
2026-05-05T17:18:23.570+02:00,1777994303.000197,53.23566526313196,10.4015132048496,25.73068,0.66,0.97,163.125002298636,119.0872933266196,5.999999999999979,4.890059363221343,-9999,3963.299409125,0.1050872802734375,-0.1112213134765625,-0.980255126953125,3963.294372125,-0.01122727873264342,0.01057935293219798,-0.0443339545403184,-0.002455061767250299,0.002781138988211751,0.001985320122912526,0.02627311646938324,0.01023836433887482,0.00719684362411499,XArbitraryZVertical,-0.02213481563079008,0.005412693699921355,-0.005729396311111692,0.9997239351342773,0.08128611743450165,-0.1212918311357498,-0.98928302526474,0,0,0,-1,-1,2026-05-05T16:12:27.330+02:00,1853,1.428074,0,0,1618.589,0,0,2026-05-05T17:18:23.076+02:00,799687103.1696333,0,0.9099998,100.7542,0
2026-05-05T17:18:23.580+02:00,1777994303.000197,53.23566526313196,10.4015132048496,25.73068,0.66,0.97,163.125002298636,119.0872933266196,5.999999999999979,4.890059363221343,-9999,3963.309482125,0.105743408203125,-0.1175994873046875,-0.9741363525390625,3963.304446125,-0.0112261755305377,0.01077863524986703,-0.04425357705224904,0.001651266356930137,-0.00833596009761095,0.005885519552975893,0.02413839846849442,0.01327821612358093,0.00784224271774292,XArbitraryZVertical,-0.02209407056268037,0.00551207453871835,-0.005730838994019999,0.9997242586997215,0.08148296922445297,-0.1213714778423309,-0.9892570376396179,0,0,0,-1,-1,2026-05-05T16:12:27.330+02:00,1853,1.428074,0,0,1618.589,0,0,2026-05-05T17:18:23.076+02:00,799687103.1696333,0,0.9099998,100.7542,0
2026-05-05T17:18:23.590+02:00,1777994303.000197,53.23566526313196,10.4015132048496,25.73068,0.66,0.97,163.125002298636,119.0872933266196,5.999999999999979,4.890059363221343,-9999,3963.319555125,0.1028289794921875,-0.120330810546875,-0.969482421875,3963.314519125,-0.01112163077106154,0.01089495727925032,-0.04418858623409259,0.01229448337107897,-0.01280394569039345,0.02292462438344955,0.02341503649950027,0.007734738290309906,0.01170116662979126,XArbitraryZVertical,-0.0220615415608102,0.005568887793163912,-0.005679692985665066,0.9997249671384743,0.08158070594072342,-0.1214432269334793,-0.9892401695251465,0,0,0,-1,-1,2026-05-05T16:12:27.330+02:00,1853,1.428074,0,0,1618.589,0,0,2026-05-05T17:18:23.076+02:00,799687103.1696333,0,0.9099998,100.7542,0
2026-05-05T17:18:23.601+02:00,1777994303.000197,53.23566526313196,10.4015132048496,25.73068,0.66,0.97,163.125002298636,119.0872933266196,5.999999999999979,4.890059363221343,-9999,3963.329628125,0.099273681640625,-0.118560791015625,-0.96856689453125,3963.324592125,-0.01089449482393591,0.01090204810495731,-0.04402071180275083,0.01826103031635284,-0.02520788460969925,0.02776678279042244,0.0237356498837471,0.002256006002426147,0.01841038465499878,XArbitraryZVertical,-0.02197823857722636,0.005569479381274494,-0.005565786774202687,0.999727493280677,0.08155002444982529,-0.1216255128383636,-0.9892203211784363,0,0,0,-1,-1,2026-05-05T16:12:27.330+02:00,1853,1.428074,0,0,1618.589,0,0,2026-05-05T17:18:23.076+02:00,799687103.1696333,0,0.9099998,100.7542,0
2026-05-05T17:18:23.611+02:00,1777994303.000197,53.23566526313196,10.4015132048496,25.73068,0.66,0.97,163.125002298636,119.0872933266196,5.999999999999979,4.890059363221343,-9999,3963.339701125,0.1012420654296875,-0.118438720703125,-0.9738616943359375,3963.334665125,-0.01058834125264264,0.01084194537102585,-0.0438003532232158,0.01695395074784756,-0.02882419154047966,0.03495984897017479,0.01903939992189407,0.002648398280143738,0.02121281623840332,XArbitraryZVertical,-0.02186910340918892,0.005535501584511143,-0.005411506706803722,0.9997309443757164,0.08143974840641022,-0.1218653172254562,-0.9891998767852783,0,0,0,-1,-1,2026-05-05T16:12:27.330+02:00,1853,1.428074,0,0,1618.589,0,0,2026-05-05T17:18:23.076+02:00,799687103.1696333,0,0.9099998,100.7542,0
2026-05-05T17:18:23.621+02:00,1777994303.000197,53.23566526313196,10.4015132048496,25.73068,0.66,0.97,163.125002298636,119.0872933266196,5.999999999999979,4.890059363221343,-9999,3963.349774125,0.0999755859375,-0.1187744140625,-0.976409912109375,3963.344738125,-0.01026286501890517,0.01085989731785518,-0.04368797991008453,-0.005433115176856518,-0.01627351157367229,0.03224581852555275,0.01904500275850296,0.004323743283748627,0.01863580942153931,XArbitraryZVertical,-0.0218137874365343,0.00554063517102252,-0.005248710499314744,0.9997328879389742,0.08140362054109573,-0.121999517083168,-0.9891862869262695,0,0,0,-1,-1,2026-05-05T16:12:27.330+02:00,1853,1.428074,0,0,1618.589,0,0,2026-05-05T17:18:23.076+02:00,799687103.1696333,0,0.9099998,100.7542,0
2026-05-05T17:18:23.631+02:00,1777994303.000197,53.23566526313196,10.4015132048496,25.73068,0.66,0.97,163.125002298636,119.0872933266196,5.999999999999979,4.890059363221343,-9999,3963.359847125,0.097808837890625,-0.1157379150390625,-0.9759063720703125,3963.354811125,-0.00997746883596295,0.01100595366608266,-0.04375121760633097,-0.01410532649606466,-0.01513687521219254,0.03180273622274399,0.01969523727893829,0.003091111779212952,0.01295673847198486,XArbitraryZVertical,-0.0218458134365219,0.005610684421891663,-0.005107813563007609,0.999732615543337,0.0815010741353035,-0.121957078576088,-0.9891835451126099,0,0,0,-1,-1,2026-05-05T16:12:27.330+02:00,1853,1.428074,0,0,1618.589,0,0,2026-05-05T17:18:23.076+02:00,799687103.1696333,0,0.9099998,100.7542,0
2026-05-05T17:18:23.641+02:00,1777994303.000197,53.23566526313196,10.4015132048496,25.73068,0.66,0.97,163.125002298636,119.0872933266196,5.999999999999979,4.890059363221343,-9999,3963.369920125,0.1075439453125,-0.1193389892578125,-0.9839935302734375,3963.364884125,-0.009700386945216442,0.01108476678957384,-0.04390679772532693,-0.01865267381072044,-0.01759949885308743,0.0240409541875124,0.01577181369066238,0.004863977432250977,0.01374882459640503,XArbitraryZVertical,-0.02192416351851,0.005647421492584965,-0.004970593170315001,0.9997314076351739,0.08153350651264191,-0.1218225955963135,-0.9891974329948425,0,0,0,-1,-1,2026-05-05T16:12:27.330+02:00,1853,1.428074,0,0,1618.589,0,0,2026-05-05T17:18:23.076+02:00,799687103.1696333,0,0.9099998,100.7542,0
2026-05-05T17:18:23.651+02:00,1777994303.000197,53.23566526313196,10.4015132048496,25.73068,0.66,0.97,163.125002298636,119.0872933266196,5.999999999999979,4.890059363221343,-9999,3963.379993125,0.1108856201171875,-0.1206512451171875,-0.988311767578125,3963.374957125,-0.009486648649071028,0.01120557246114495,-0.04414199240134817,-0.01172696333378553,-0.004891161806881428,0.02552533335983753,0.02073796093463898,0.004569873213768005,0.01108312606811523,XArbitraryZVertical,-0.02204204012398213,0.005706008566576814,-0.004865723746438506,0.999728940724901,0.08161802589893341,-0.121604785323143,-0.9892172813415527,0,0,0,-1,-1,2026-05-05T16:12:27.330+02:00,1853,1.428074,0,0,1618.589,0,0,2026-05-05T17:18:23.076+02:00,799687103.1696333,0,0.9099998,100.7542,0
2026-05-05T17:18:23.661+02:00,1777994303.000197,53.23566526313196,10.4015132048496,25.73068,0.66,0.97,163.125002298636,119.0872933266196,5.999999999999979,4.890059363221343,-9999,3963.390066125,0.1074066162109375,-0.105621337890625,-0.9828643798828125,3963.385030125,-0.00933141200838793,0.0113759871772751,-0.04427756789872481,0.008048338815569878,-0.006591057404875755,0.01534992828965187,0.02910921722650528,0.0006624162197113037,0.001610755920410156,XArbitraryZVertical,-0.02210984346506742,0.005789789403928924,-0.004790382917656533,0.9997273624437913,0.08176115900278091,-0.1214815005660057,-0.9892205595970154,0,0,0,-1,-1,2026-05-05T16:12:27.330+02:00,1853,1.428074,0,0,1618.589,0,0,2026-05-05T17:18:23.076+02:00,799687103.1696333,0,0.9099998,100.7542,0
2026-05-05T17:18:23.671+02:00,1777994303.000197,53.23566526313196,10.4015132048496,25.73068,0.66,0.97,163.125002298636,119.0872933266196,5.999999999999979,4.890059363221343,-9999,3963.400140125,0.107635498046875,-0.10699462890625,-0.982818603515625,3963.395103125,-0.00922046461584705,0.01144203046333575,-0.04413417678848049,0.03031002171337605,-0.02658447250723839,0.01402527093887329,0.0272008404135704,0.008151687681674957,0.00377047061920166,XArbitraryZVertical,-0.02203833121207494,0.005821253898505066,-0.004735251495103094,0.9997290617055029,0.08180797100067139,-0.1216313019394875,-0.9891983270645142,0,0,0,-1,-1,2026-05-05T16:12:27.330+02:00,1853,1.428074,0,0,1618.589,0,0,2026-05-05T17:18:23.076+02:00,799687103.1696333,0,0.9099998,100.7542,0
2026-05-05T17:18:23.681+02:00,1777994303.000197,53.23566526313196,10.4015132048496,25.73068,0.66,0.97,163.125002298636,119.0872933266196,5.999999999999979,4.890059363221343,-9999,3963.410213125,0.1083221435546875,-0.114898681640625,-0.986480712890625,3963.405176125,-0.009131643042616242,0.01140781302468995,-0.04383113157716748,0.02562232501804829,-0.01543701253831387,0.009341304190456867,0.0245184600353241,0.01871186494827271,0.007215797901153564,XArbitraryZVertical,-0.02188718873140105,0.005802498637733376,-0.004689627029020027,0.9997326714301958,0.08175902813673019,-0.1219375729560852,-0.9891646504402161,0,0,0,-1,-1,2026-05-05T16:12:27.330+02:00,1853,1.428074,0,0,1618.589,0,0,2026-05-05T17:18:23.076+02:00,799687103.1696333,0,0.9099998,100.7542,0
2026-05-05T17:18:23.691+02:00,1777994303.000197,53.23566526313196,10.4015132048496,25.73068,0.66,0.97,163.125002298636,119.0872933266196,5.999999999999979,4.890059363221343,-9999,3963.420286125,0.10797119140625,-0.1291656494140625,-0.98193359375,3963.415249125,-0.009069209973317971,0.01155133061869421,-0.04361827321420042,0.0106053464114666,0.01184121333062649,0.009608885273337364,0.02591298520565033,0.01019896566867828,0.004492878913879395,XArbitraryZVertical,-0.02178063500440466,0.005873086059384873,-0.004659385543061677,0.9997347083365233,0.08189037442207336,-0.1221526935696602,-0.9891272187232971,0,0,0,-1,-1,2026-05-05T16:12:27.330+02:00,1853,1.428074,0,0,1618.589,0,0,2026-05-05T17:18:23.076+02:00,799687103.1696333,0,0.9099998,100.7542,0
2026-05-05T17:18:23.701+02:00,1777994303.000197,53.23566526313196,10.4015132048496,25.73068,0.66,0.97,163.125002298636,119.0872933266196,5.999999999999979,4.890059363221343,-9999,3963.430359125,0.105072021484375,-0.1300506591796875,-0.9791107177734375,3963.425322125,-0.008990060167709733,0.01185403982089953,-0.04354367057341518,0.007805298548191786,0.01984933950006962,0.01153461635112762,0.02623710781335831,0.0004212334752082825,0.003726840019226074,XArbitraryZVertical,-0.02174287500672303,0.006023375250597249,-0.004622900012220717,0.9997348733679231,0.08217661827802658,-0.1222321465611458,-0.9890936613082886,0,0,0,-1,-1,2026-05-05T16:12:27.330+02:00,1853,1.428074,0,0,1618.589,0,0,2026-05-05T17:18:23.076+02:00,799687103.1696333,0,0.9099998,100.7542,0
2026-05-05T17:18:23.711+02:00,1777994303.000197,53.23566526313196,10.4015132048496,25.73068,0.66,0.97,163.125002298636,119.0872933266196,5.999999999999979,4.890059363221343,-9999,3963.440432125,0.106781005859375,-0.1298828125,-0.9802703857421875,3963.435395125,-0.008838404292530504,0.01225349248869559,-0.04341920031972092,0.01927601359784603,0.03261866047978401,0.02688667550683022,0.02379205822944641,-0.009057924151420593,0.009905099868774414,XArbitraryZVertical,-0.02168020553227543,0.006221133466434775,-0.00455105983430694,0.9997353007561049,0.08254646509885788,-0.1223660260438919,-0.9890463352203369,0,0,0,-1,-1,2026-05-05T16:12:27.330+02:00,1853,1.428074,0,0,1618.589,0,0,2026-05-05T17:18:23.076+02:00,799687103.1696333,0,0.9099998,100.7542,0
2026-05-05T17:18:23.721+02:00,1777994303.000197,53.23566526313196,10.4015132048496,25.73068,0.66,0.97,163.125002298636,119.0872933266196,5.999999999999979,4.890059363221343,-9999,3963.450505125,0.1079254150390625,-0.120361328125,-0.9823760986328125,3963.445468125,-0.008585617553712014,0.01280789255101827,-0.04319318451846186,0.03289009258151054,0.04203799739480019,0.02857032604515553,0.02282809466123581,-0.008099235594272614,0.008032262325286865,XArbitraryZVertical,-0.02156678619266241,0.006495050392932103,-0.004429996687989548,0.9997365558600528,0.08305267244577408,-0.1226075515151024,-0.9889740347862244,0,0,0,-1,-1,2026-05-05T16:12:27.330+02:00,1853,1.428074,0,0,1618.589,0,0,2026-05-05T17:18:23.076+02:00,799687103.1696333,0,0.9099998,100.7542,0
2026-05-05T17:18:23.738+02:00,1777994303.000197,53.23566526313196,10.4015132048496,25.73068,0.66,0.97,163.125002298636,119.0872933266196,5.999999999999979,4.890059363221343,-9999,3963.460578125,0.1131439208984375,-0.12255859375,-0.984893798828125,3963.455541125,-0.008364532154160076,0.01343553994168699,-0.0428971378177445,0.02928715571761131,0.05072682350873947,0.01942902430891991,0.0239076092839241,-0.001732908189296722,0.008204162120819092,XArbitraryZVertical,-0.02141816414743502,0.006805810004170357,-0.004325270726600784,0.9997380843180872,0.08363636583089828,-0.1229161396622658,-0.9888865351676941,0,0,0,-1,-1,2026-05-05T16:12:27.330+02:00,1853,1.428074,0,0,1618.589,0,0,2026-05-05T17:18:23.076+02:00,799687103.1696333,0,0.9099998,100.7542,0
2026-05-05T17:18:23.742+02:00,1777994303.000197,53.23566526313196,10.4015132048496,25.73068,0.66,0.97,163.125002298636,119.0872933266196,5.999999999999979,4.890059363221343,-9999,3963.470651125,0.11065673828125,-0.1185455322265625,-0.9836273193359375,3963.465614125,-0.008196788162721944,0.01418125013603534,-0.04262920015558645,0.02528309263288975,0.05501584708690643,0.01775655895471573,0.02640272676944733,0.002602957189083099,0.003608107566833496,XArbitraryZVertical,-0.02128321769019542,0.007176241916608197,-0.004248468419816142,0.9997387275745128,0.08434558659791946,-0.1231931671500206,-0.988791823387146,0,0,0,-1,-1,2026-05-05T16:12:27.330+02:00,1853,1.428074,0,0,1618.589,0,0,2026-05-05T17:18:23.076+02:00,799687103.1696333,0,0.9099998,100.7542,0
2026-05-05T17:18:23.752+02:00,1777994303.000197,53.23566526313196,10.4015132048496,25.73068,0.66,0.97,163.125002298636,119.0872933266196,5.999999999999979,4.890059363221343,-9999,3963.480724125,0.11346435546875,-0.1194610595703125,-0.985748291015625,3963.475687125,-0.008047535494807904,0.01496075080494695,-0.04244797475094103,0.0261398833245039,0.06036028265953064,0.02111287415027618,0.02698448300361633,0.002853885293006897,0.005626261234283447,XArbitraryZVertical,-0.02119153460800972,0.007563951132304334,-0.004181486457813226,0.9997381553912318,0.08509134501218796,-0.1233830600976944,-0.9887042641639709,0,0,0,-1,-1,2026-05-05T16:12:27.330+02:00,1853,1.428074,0,0,1618.589,0,0,2026-05-05T17:18:23.076+02:00,799687103.1696333,0,0.9099998,100.7542,0
2026-05-05T17:18:23.762+02:00,1777994303.000197,53.23566526313196,10.4015132048496,25.73068,0.66,0.97,163.125002298636,119.0872933266196,5.999999999999979,4.890059363221343,-9999,3963.490797125,0.1156463623046875,-0.1201934814453125,-0.977142333984375,3963.485761125,-0.00780572665609205,0.01582304811782113,-0.04240721375346698,0.01260969508439302,0.07425079494714737,0.03247525170445442,0.02411206066608429,0.005459405481815338,0.003321051597595215,XArbitraryZVertical,-0.02117032258814168,0.00799234857866239,-0.004069591190428445,0.9997356648984389,0.0859038233757019,-0.1234403625130653,-0.9886268377304077,0,0,0,-1,-1,2026-05-05T16:12:27.330+02:00,1853,1.428074,0,0,1618.589,0,0,2026-05-05T17:18:23.076+02:00,799687103.1696333,0,0.9099998,100.7542,0
2026-05-05T17:18:23.772+02:00,1777994303.000197,53.23566526313196,10.4015132048496,25.73068,0.66,0.97,163.125002298636,119.0872933266196,5.999999999999979,4.890059363221343,-9999,3963.500870125,0.1143035888671875,-0.1325225830078125,-0.9735565185546875,3963.495834125,-0.007442182681912293,0.01675974580482367,-0.04247066826427345,-0.005043973680585623,0.06735000759363174,0.04832838103175163,0.02934950590133667,0.004048816859722137,0.006210267543792725,XArbitraryZVertical,-0.0212016700566565,0.008456836909885008,-0.003898045725673615,0.9997318897430202,0.08676990121603012,-0.1234030649065971,-0.9885558485984802,0,0,0,-1,-1,2026-05-05T16:12:27.330+02:00,1853,1.428074,0,0,1618.589,0,0,2026-05-05T17:18:23.076+02:00,799687103.1696333,0,0.9099998,100.7542,0
2026-05-05T17:18:23.782+02:00,1777994303.000197,53.23566526313196,10.4015132048496,25.73068,0.66,0.97,163.125002298636,119.0872933266196,5.999999999999979,4.890059363221343,-9999,3963.510943125,0.119415283203125,-0.1336669921875,-0.97589111328125,3963.505907125,-0.006921925121978255,0.01762555938588641,-0.04260638261461405,-0.02397292479872704,0.06725173443555832,0.0544978603720665,0.02653463929891586,-0.002076275646686554,0.01460796594619751,XArbitraryZVertical,-0.02127013047189991,0.008884333556645016,-0.003647758279418515,0.999727703830114,0.08754009008407593,-0.1233052015304565,-0.98850017786026,0,0,0,-1,-1,2026-05-05T16:12:27.330+02:00,1853,1.428074,0,0,1618.589,0,0,2026-05-05T17:18:23.076+02:00,799687103.1696333,0,0.9099998,100.7542,0
2026-05-05T17:18:23.792+02:00,1777994303.000197,53.23566526313196,10.4015132048496,25.73068,0.66,0.97,163.125002298636,119.0872933266196,5.999999999999979,4.890059363221343,-9999,3963.521016125,0.1117095947265625,-0.127105712890625,-0.97479248046875,3963.515980125,-0.006440003309717319,0.01847247257805429,-0.04283357205538287,-0.03842845559120178,0.06247935444116592,0.04383629932999611,0.02895046770572662,-0.01302490383386612,0.01287060976028442,XArbitraryZVertical,-0.02138439079228346,0.009302892649857529,-0.003416911837997698,0.9997222143331445,0.08829808980226517,-0.1231140196323395,-0.9884565472602844,0,0,0,-1,-1,2026-05-05T16:12:27.330+02:00,1853,1.428074,0,0,1618.589,0,0,2026-05-05T17:18:23.076+02:00,799687103.1696333,0,0.9099998,100.7542,0
2026-05-05T17:18:23.802+02:00,1777994303.000197,53.23566526313196,10.4015132048496,25.73068,0.66,0.97,163.125002298636,119.0872933266196,5.999999999999979,4.890059363221343,-9999,3963.531089125,0.107666015625,-0.126434326171875,-0.9748687744140625,3963.526053125,-0.00602364143971861,0.01901099983499747,-0.04325106014526974,-0.04566612839698792,0.0529702752828598,0.03572484105825424,0.02825714647769928,-0.006725728511810303,0.01229697465896606,XArbitraryZVertical,-0.02159414761574446,0.009568215092138291,-0.003216517284818236,0.999715869473611,0.08876252919435501,-0.1227298453450203,-0.9884627461433411,0,0,0,-1,-1,2026-05-05T16:12:27.330+02:00,1853,1.428074,0,0,1618.589,0,0,2026-05-05T17:18:23.076+02:00,799687103.1696333,0,0.9099998,100.7542,0
2026-05-05T17:18:23.812+02:00,1777994303.000197,53.23566526313196,10.4015132048496,25.73068,0.66,0.97,163.125002298636,119.0872933266196,5.999999999999979,4.890059363221343,-9999,3963.541162125,0.112701416015625,-0.128875732421875,-0.9768829345703125,3963.536126125,-0.005676447137341015,0.01955920758798553,-0.04372013368353924,-0.05071649700403214,0.06176349893212318,0.0333005003631115,0.01866205781698227,-0.004724428057670593,0.01455086469650269,XArbitraryZVertical,-0.02182944167748534,0.009839107176074937,-0.003051167245423879,0.9997086960387906,0.08924812078475952,-0.1222897320985794,-0.9884735941886902,0,0,0,-1,-1,2026-05-05T16:12:27.330+02:00,1853,1.428074,0,0,1618.589,0,0,2026-05-05T17:18:23.076+02:00,799687103.1696333,0,0.9099998,100.7542,0
2026-05-05T17:18:23.822+02:00,1777994303.000197,53.23566526313196,10.4015132048496,25.73068,0.66,0.97,163.125002298636,119.0872933266196,5.999999999999979,4.890059363221343,-9999,3963.551235125,0.109954833984375,-0.130950927734375,-0.9753875732421875,3963.546199125,-0.005279446607606036,0.02001160517240985,-0.04408461626880116,-0.02495653554797173,0.03059066645801067,0.04311877489089966,0.02133139222860336,-0.004615068435668945,0.01211601495742798,XArbitraryZVertical,-0.02201293573014621,0.01006134727024673,-0.002859475295794224,0.9997030484354221,0.08963054418563843,-0.1219565868377686,-0.9884801506996155,0,0,0,-1,-1,2026-05-05T16:12:27.330+02:00,1853,1.428074,0,0,1618.589,0,0,2026-05-05T17:18:23.076+02:00,799687103.1696333,0,0.9099998,100.7542,0
2026-05-05T17:18:23.832+02:00,1777994303.000197,53.23566526313196,10.4015132048496,25.73068,0.66,0.97,163.125002298636,119.0872933266196,5.999999999999979,4.890059363221343,-9999,3963.561308125,0.1162109375,-0.1290740966796875,-0.9796905517578125,3963.556272125,-0.004766603181362768,0.02038328961683722,-0.04430560456514294,-0.02425447478890419,0.04777604341506958,0.05709617584943771,0.02117034792900085,-0.009009554982185364,0.01315045356750488,XArbitraryZVertical,-0.02212549344126032,0.01024172837561044,-0.002608341248560112,0.9996993522896668,0.08991365879774094,-0.1217735260725021,-0.9884769916534424,0,0,0,-1,-1,2026-05-05T16:12:27.330+02:00,1853,1.428074,0,0,1618.589,0,0,2026-05-05T17:18:23.076+02:00,799687103.1696333,0,0.9099998,100.7542,0
2026-05-05T17:18:23.842+02:00,1777994303.000197,53.23566526313196,10.4015132048496,25.73068,0.66,0.97,163.125002298636,119.0872933266196,5.999999999999979,4.890059363221343,-9999,3963.571382125,0.1093292236328125,-0.1307830810546875,-0.9727020263671875,3963.566345125,-0.004184772441009895,0.02095635491668997,-0.04462666186248647,-0.04133918136358261,0.06230039149522781,0.05574728548526764,0.02224045991897583,-0.00983622670173645,0.01047134399414062,XArbitraryZVertical,-0.02228828580684128,0.01052203543625092,-0.002325527668893346,0.9996935729375385,0.09038468450307846,-0.121496170759201,-0.9884681701660156,0,0,0,-1,-1,2026-05-05T16:12:27.330+02:00,1853,1.428074,0,0,1618.589,0,0,2026-05-05T17:18:23.076+02:00,799687103.1696333,0,0.9099998,100.7542,0
2026-05-05T17:18:23.852+02:00,1777994303.000197,53.23566526313196,10.4015132048496,25.73068,0.66,0.97,163.125002298636,119.0872933266196,5.999999999999979,4.890059363221343,-9999,3963.581455125,0.106964111328125,-0.138458251953125,-0.9738922119140625,3963.576418125,-0.00363176873747678,0.02167357990007713,-0.04509575332016619,-0.06342136859893799,0.07982745766639709,0.05041350424289703,0.02404794096946716,-0.006920576095581055,0.01121455430984497,XArbitraryZVertical,-0.02252493065905309,0.01087474311813694,-0.002059635734328374,0.9996850796168988,0.09100334346294403,-0.1210701391100883,-0.9884636402130127,0,0,0,-1,-1,2026-05-05T16:12:27.330+02:00,1853,1.428074,0,0,1618.589,0,0,2026-05-05T17:18:23.076+02:00,799687103.1696333,0,0.9099998,100.7542,0
2026-05-05T17:18:23.862+02:00,1777994303.000197,53.23566526313196,10.4015132048496,25.73068,0.66,0.97,163.125002298636,119.0872933266196,5.999999999999979,4.890059363221343,-9999,3963.591528125,0.1070404052734375,-0.1309051513671875,-0.9760284423828125,3963.586491125,-0.003106233567352579,0.02246154304728938,-0.04576223065308084,-0.07199808210134506,0.07824394106864929,0.05177890881896019,0.01366493850946426,-0.01463942229747772,0.0165824294090271,XArbitraryZVertical,-0.02286021061051759,0.0112631138595228,-0.001809556137029762,0.9996735862544205,0.09169701486825943,-0.1204466372728348,-0.9884757399559021,0,0,0,-1,-1,2026-05-05T16:12:27.330+02:00,1853,1.428074,0,0,1618.589,0,0,2026-05-05T17:18:23.076+02:00,799687103.1696333,0,0.9099998,100.7542,0
2026-05-05T17:18:23.872+02:00,1777994303.000197,53.23566526313196,10.4015132048496,25.73068,0.66,0.97,163.125002298636,119.0872933266196,5.999999999999979,4.890059363221343,-9999,3963.601601125,0.10791015625,-0.1199798583984375,-0.9734649658203125,3963.596564125,-0.002566161462301548,0.02331456260241327,-0.04655750802233598,-0.08776628226041794,0.09772682934999466,0.04950956255197525,0.01571656763553619,-0.01763258874416351,0.01347506046295166,XArbitraryZVertical,-0.02326009753483218,0.01168371287423356,-0.001553981646515521,0.9996599871732428,0.0924530103802681,-0.1196965128183365,-0.9884964227676392,0,0,0,-1,-1,2026-05-05T16:12:27.330+02:00,1853,1.428074,0,0,1618.589,0,0,2026-05-05T17:18:23.076+02:00,799687103.1696333,0,0.9099998,100.7542,0
2026-05-05T17:18:23.883+02:00,1777994303.000197,53.23566526313196,10.4015132048496,25.73068,0.66,0.97,163.125002298636,119.0872933266196,5.999999999999979,4.890059363221343,-9999,3963.611674125,0.1092376708984375,-0.11810302734375,-0.972808837890625,3963.606637125,-0.001978505231805979,0.02425371551320849,-0.0474253408984912,-0.09102332592010498,0.08150578290224075,0.0580977238714695,0.01370810717344284,-0.005313590168952942,0.01412117481231689,XArbitraryZVertical,-0.02369669855969036,0.0121465983751913,-0.001276427526499861,0.9996446632976046,0.09328654408454895,-0.1188777014613152,-0.9885169267654419,0,0,0,-1,-1,2026-05-05T16:12:27.330+02:00,1853,1.428074,0,0,1618.589,0,0,2026-05-05T17:18:23.076+02:00,799687103.1696333,0,0.9099998,100.7542,0
2026-05-05T17:18:23.893+02:00,1777994303.000197,53.23566526313196,10.4015132048496,25.73068,0.66,0.97,163.125002298636,119.0872933266196,5.999999999999979,4.890059363221343,-9999,3963.621747125,0.11322021484375,-0.1097869873046875,-0.97747802734375,3963.616710125,-0.001268498831970136,0.02510613633387596,-0.0483352732004035,-0.09995951503515244,0.09364819526672363,0.07453715056180954,0.01427736878395081,-0.000291191041469574,0.01697725057601929,XArbitraryZVertical,-0.02415541453260547,0.01256439511539039,-0.0009373545372432962,0.9996288784305467,0.09401427954435349,-0.1180254593491554,-0.9885501265525818,0,0,0,-1,-1,2026-05-05T16:12:27.330+02:00,1853,1.428074,0,0,1618.589,0,0,2026-05-05T17:18:23.076+02:00,799687103.1696333,0,0.9099998,100.7542,0
2026-05-05T17:18:23.903+02:00,1777994303.000197,53.23566526313196,10.4015132048496,25.73068,0.66,0.97,163.125002298636,119.0872933266196,5.999999999999979,4.890059363221343,-9999,3963.631820125,0.109527587890625,-0.107818603515625,-0.969696044921875,3963.626783125,-0.000408160081241715,0.02614215399950501,-0.04934239140220123,-0.1066328585147858,0.1085501834750175,0.08470989763736725,0.01630710810422897,0.001837477087974548,0.01309806108474731,XArbitraryZVertical,-0.02466391795796661,0.01307176053068374,-0.0005264376766053379,0.9996102181038841,0.09489896893501282,-0.117087110877037,-0.988577127456665,0,0,0,-1,-1,2026-05-05T16:12:27.330+02:00,1853,1.428074,0,0,1618.589,0,0,2026-05-05T17:18:23.076+02:00,799687103.1696333,0,0.9099998,100.7542,0
2026-05-05T17:18:23.913+02:00,1777994303.000197,53.23566526313196,10.4015132048496,25.73068,0.66,0.97,163.125002298636,119.0872933266196,5.999999999999979,4.890059363221343,-9999,3963.641893125,0.1088714599609375,-0.1090545654296875,-0.9680023193359375,3963.636856125,0.0005037956482733519,0.02730098085812811,-0.05036533517799002,-0.1055849120020866,0.1140607967972755,0.08581936359405518,0.01624020934104919,0.00959952175617218,0.01434987783432007,XArbitraryZVertical,-0.02518109723985406,0.01363939623601785,-9.191427318777191e-05,0.9995898260798785,0.0958966463804245,-0.1161363869905472,-0.9885930418968201,0,0,0,-1,-1,2026-05-05T16:12:27.330+02:00,1853,1.428074,0,0,1618.589,0,0,2026-05-05T17:18:23.076+02:00,799687103.1696333,0,0.9099998,100.7542,0
2026-05-05T17:18:23.923+02:00,1777994303.000197,53.23566526313196,10.4015132048496,25.73068,0.66,0.97,163.125002298636,119.0872933266196,5.999999999999979,4.890059363221343,-9999,3963.651966125,0.1107025146484375,-0.10205078125,-0.9730987548828125,3963.646929125,0.001320151678973809,0.02844213349016861,-0.05135193019211224,-0.09412266314029694,0.1085041090846062,0.07079008221626282,0.01123110949993134,0.004680246114730835,0.02185267210006714,XArbitraryZVertical,-0.02567992348312415,0.01419895118110979,0.0002947044344693152,0.9995694270357184,0.09689268469810486,-0.1152149066329002,-0.9886037111282349,0,0,0,-1,-1,2026-05-05T16:12:27.330+02:00,1853,1.428074,0,0,1618.589,0,0,2026-05-05T17:18:23.076+02:00,799687103.1696333,0,0.9099998,100.7542,0
2026-05-05T17:18:23.933+02:00,1777994303.000197,53.23566526313196,10.4015132048496,25.73068,0.66,0.97,163.125002298636,119.0872933266196,5.999999999999979,4.890059363221343,-9999,3963.662039125,0.114166259765625,-0.10302734375,-0.97955322265625,3963.657003125,0.002004622048548782,0.02942690515503811,-0.05217427492635928,-0.07351677864789963,0.08986996114253998,0.05555247515439987,0.01177211105823517,0.009207040071487427,0.01845419406890869,XArbitraryZVertical,-0.02609608118392255,0.01468176498486343,0.0006180870968122297,0.9995515403704428,0.09775549918413162,-0.1144469082355499,-0.9886080026626587,0,0,0,-1,-1,2026-05-05T16:12:27.330+02:00,1853,1.428074,0,0,1618.589,0,0,2026-05-05T17:18:23.076+02:00,799687103.1696333,0,0.9099998,100.7542,0
2026-05-05T17:18:23.943+02:00,1777994303.000197,53.23566526313196,10.4015132048496,25.73068,0.66,0.97,163.125002298636,119.0872933266196,5.999999999999979,4.890059363221343,-9999,3963.672112125,0.1191864013671875,-0.1004791259765625,-0.9864349365234375,3963.667076125,0.002492714497831727,0.03024898998100105,-0.0528297402788746,-0.06210938841104507,0.07571792602539062,0.03720489144325256,0.01300647854804993,0.01136793196201324,0.01294404268264771,XArbitraryZVertical,-0.02642759810934142,0.01508571458006545,0.0008463300543433106,0.9995366208795491,0.09848951548337936,-0.1138307005167007,-0.9886062741279602,0,0,0,-1,-1,2026-05-05T16:12:27.330+02:00,1853,1.428074,0,0,1618.589,0,0,2026-05-05T17:18:23.076+02:00,799687103.1696333,0,0.9099998,100.7542,0
2026-05-05T17:18:23.953+02:00,1777994303.000197,53.23566526313196,10.4015132048496,25.73068,0.66,0.97,163.125002298636,119.0872933266196,5.999999999999979,4.890059363221343,-9999,3963.682185041667,0.1204071044921875,-0.1034698486328125,-0.9925079345703125,3963.677149125,0.002834985087081535,0.03099591517602306,-0.05343906027837816,-0.06101280823349953,0.07902291417121887,0.02698794193565845,0.01719026267528534,0.01065006107091904,0.005404531955718994,XArbitraryZVertical,-0.0267350744130663,0.01545392380356984,0.001002784046234996,0.9995226189478809,0.09917328506708145,-0.1132501661777496,-0.9886046051979065,0,0,0,-1,-1,2026-05-05T16:12:27.330+02:00,1853,1.428074,0,0,1618.589,0,0,2026-05-05T17:18:23.076+02:00,799687103.1696333,0,0.9099998,100.7542,0
2026-05-05T17:18:23.963+02:00,1777994303.000197,53.23566526313196,10.4015132048496,25.73068,0.66,0.97,163.125002298636,119.0872933266196,5.999999999999979,4.890059363221343,-9999,3963.692258041667,0.1218719482421875,-0.105255126953125,-0.993255615234375,3963.687222041667,0.003122867512369745,0.03182933995432228,-0.05404416768578549,-0.06121307611465454,0.08917355537414551,0.0278587955981493,0.01958577334880829,0.01083285361528397,-0.00209963321685791,XArbitraryZVertical,-0.0270401816454532,0.01586598696504462,0.001130688896189469,0.9995077469840539,0.09995159506797791,-0.112670011818409,-0.9885925054550171,0,0,0,-1,-1,2026-05-05T16:12:27.330+02:00,1853,1.428074,0,0,1618.589,0,0,2026-05-05T17:18:23.076+02:00,799687103.1696333,0,0.9099998,100.7542,0
2026-05-05T17:18:23.973+02:00,1777994303.000197,53.23566526313196,10.4015132048496,25.73068,0.66,0.97,163.125002298636,119.0872933266196,5.999999999999979,4.890059363221343,-9999,3963.702331041667,0.12432861328125,-0.10888671875,-0.9922943115234375,3963.697295041667,0.003455298096049135,0.03277239690260399,-0.05462134529696171,-0.05780460685491562,0.1016680374741554,0.02869329787790775,0.01966782659292221,0.007903069257736206,-0.005071401596069336,XArbitraryZVertical,-0.02733186715910615,0.0163321583965537,0.00127933027225216,0.9994922244836945,0.1008308604359627,-0.1121205985546112,-0.9885656833648682,0,0,0,-1,-1,2026-05-05T16:12:27.330+02:00,1853,1.428074,0,0,1618.589,0,0,2026-05-05T17:18:23.076+02:00,799687103.1696333,0,0.9099998,100.7542,0
2026-05-05T17:18:23.983+02:00,1777994303.000197,53.23566526313196,10.4015132048496,25.73068,0.66,0.97,163.125002298636,119.0872933266196,5.999999999999979,4.890059363221343,-9999,3963.712404041667,0.1243896484375,-0.1167144775390625,-0.9913482666015625,3963.707368041667,0.003695910329947723,0.03390705927660943,-0.05522562515423577,-0.06599302589893341,0.1303819864988327,0.01643956080079079,0.02094893902540207,0.005016334354877472,-0.004048526287078857,XArbitraryZVertical,-0.02763660438152071,0.01689521237450775,0.001378932256760735,0.9994743122590249,0.1019148603081703,-0.11153794080019,-0.9885204434394836,0,0,0,-1,-1,2026-05-05T16:12:27.330+02:00,1853,1.428074,0,0,1618.589,0,0,2026-05-05T17:18:23.076+02:00,799687103.1696333,0,0.9099998,100.7542,0
2026-05-05T17:18:23.993+02:00,1777994303.000197,53.23566526313196,10.4015132048496,25.73068,0.66,0.97,163.125002298636,119.0872933266196,5.999999999999979,4.890059363221343,-9999,3963.722477041667,0.1193084716796875,-0.12384033203125,-0.99639892578125,3963.717441041667,0.003853825749945663,0.03528589631269733,-0.05586545449782173,-0.06307467818260193,0.1421968191862106,0.009645769372582436,0.02212740480899811,-0.002534732222557068,-0.002942442893981934,XArbitraryZVertical,-0.02795867697658981,0.0175813090052711,0.001433135121239996,0.9994534610707513,0.1032540872693062,-0.1109143644571304,-0.9884516000747681,0,0,0,-1,-1,2026-05-05T16:12:27.330+02:00,1853,1.428074,0,0,1618.589,0,0,2026-05-05T17:18:23.076+02:00,799687103.1696333,0,0.9099998,100.7542,0
2026-05-05T17:18:24.003+02:00,1777994303.000197,53.23566526313196,10.4015132048496,25.73068,0.66,0.97,163.125002298636,119.0872933266196,5.999999999999979,4.890059363221343,-9999,3963.732551041667,0.1173858642578125,-0.13165283203125,-1.003219604492188,3963.727514041667,0.003916111798302442,0.03671654411618098,-0.05648807793782928,-0.06359905749559402,0.1589973717927933,-0.0001365537755191326,0.01640293747186661,-0.009815894067287445,-0.005386829376220703,XArbitraryZVertical,-0.02827139857336012,0.01829459574433947,0.001438531148779666,0.9994319160822811,0.1046603173017502,-0.1103012934327126,-0.9883723258972168,0,0,0,-1,-1,2026-05-05T16:12:27.330+02:00,1853,1.428074,0,0,1618.589,0,0,2026-05-05T17:18:23.076+02:00,799687103.1696333,0,0.9099998,100.7542,0
2026-05-05T17:18:24.014+02:00,1777994303.000197,53.23566526313196,10.4015132048496,25.73068,0.66,0.97,163.125002298636,119.0872933266196,5.999999999999979,4.890059363221343,-9999,3963.742624041667,0.1126861572265625,-0.124603271484375,-1.000228881835938,3963.737587041667,0.003945478896541213,0.03842716200592747,-0.05708251883985081,-0.05551231279969215,0.1835408061742783,0.003084073774516582,0.01160192489624023,-0.01928394287824631,-0.01287162303924561,XArbitraryZVertical,-0.02856994519964934,0.01914824893501084,0.001423300179388733,0.9994074394817671,0.106348529458046,-0.1097138598561287,-0.9882574677467346,0,0,0,-1,-1,2026-05-05T16:12:27.330+02:00,1853,1.428074,0,0,1618.589,0,0,2026-05-05T17:18:23.076+02:00,799687103.1696333,0,0.9099998,100.7542,0
2026-05-05T17:18:24.024+02:00,1777994303.000197,53.23566526313196,10.4015132048496,25.73068,0.66,0.97,163.125002298636,119.0872933266196,5.999999999999979,4.890059363221343,-9999,3963.752697041667,0.11474609375,-0.1058197021484375,-1.004318237304688,3963.747660041667,0.004053159728709626,0.04023119577929197,-0.05749254981244526,-0.03024850226938725,0.1819929778575897,0.01437188219279051,0.007180273532867432,-0.02003415673971176,-0.01361417770385742,XArbitraryZVertical,-0.02877718660419217,0.02004765196786865,0.001447202663126143,0.9993838050775251,0.1081151515245438,-0.1093145906925201,-0.9881100058555603,0,0,0,-1,-1,2026-05-05T16:12:27.330+02:00,1853,1.428074,0,0,1618.589,0,0,2026-05-05T17:18:23.076+02:00,799687103.1696333,0,0.9099998,100.7542,0
2026-05-05T17:18:24.034+02:00,1777994303.000197,53.23566526313196,10.4015132048496,25.73068,0.66,0.97,163.125002298636,119.0872933266196,5.999999999999979,4.890059363221343,-9999,3963.762770041667,0.1126861572265625,-0.0980377197265625,-1.004928588867188,3963.757733041667,0.004224554637789771,0.04217354256547223,-0.05773378085461956,-0.02212421037256718,0.2136472910642624,0.01710261963307858,0.002938687801361084,-0.006360962986946106,-0.01385891437530518,XArbitraryZVertical,-0.02890091899897862,0.02101542383452598,0.001502347806631991,0.9993602316776913,0.1100068837404251,-0.1090870350599289,-0.9879263639450073,0,0,0,-1,-1,2026-05-05T16:12:27.330+02:00,1853,1.428074,0,0,1618.589,0,0,2026-05-05T17:18:23.076+02:00,799687103.1696333,0,0.9099998,100.7542,0
2026-05-05T17:18:24.044+02:00,1777994303.000197,53.23566526313196,10.4015132048496,25.73068,0.66,0.97,163.125002298636,119.0872933266196,5.999999999999979,4.890059363221343,-9999,3963.772843041667,0.1084136962890625,-0.0965576171875,-1.010650634765625,3963.767806041667,0.004425650609857067,0.04432196190946112,-0.05788841535778069,-0.009281116537749767,0.2170169949531555,0.01678464002907276,0.003168396651744843,0.009399041533470154,-0.01770997047424316,XArbitraryZVertical,-0.0289820041084373,0.02208580826441726,0.001570065123961219,0.9993346479814972,0.1120965108275414,-0.1089473739266396,-0.9877068400382996,0,0,0,-1,-1,2026-05-05T16:12:27.330+02:00,1853,1.428074,0,0,1618.589,0,0,2026-05-05T17:18:23.076+02:00,799687103.1696333,0,0.9099998,100.7542,0
2026-05-05T17:18:24.054+02:00,1777994304.000199,53.2356659222912,10.40152397416238,24.63485,0.66,0.72,145.5468794797908,88.39469285906092,6.593871895214569,4.748651530191798,-9999,3963.782916041667,0.117889404296875,-0.0924072265625,-1.017440795898438,3963.777879041667,0.004573803608593293,0.0465874327298148,-0.057901054730679,0.002824548631906509,0.2434105277061462,0.009127851575613022,-0.005483657121658325,0.01043422520160675,-0.01900094747543335,XArbitraryZVertical,-0.02899179605966119,0.02321560747013364,0.001611112912124863,0.9993087947981734,0.1143093556165695,-0.1089449599385262,-0.9874534606933594,0,0,0,-1,-1,2026-05-05T16:12:27.330+02:00,1853,1.428074,0,0,1618.589,0,0,2026-05-05T17:18:23.076+02:00,799687103.1696333,0,0.9099998,100.7542,0
2026-05-05T17:18:24.064+02:00,1777994304.000199,53.2356659222912,10.40152397416238,24.63485,0.66,0.72,145.5468794797908,88.39469285906092,6.593871895214569,4.748651530191798,-9999,3963.792989041667,0.1206512451171875,-0.1021575927734375,-1.017578125,3963.787952041667,0.004653375051646443,0.04922141133062256,-0.05781863670399368,0.01256159786134958,0.2831310331821442,0.004879310727119446,-0.003798075020313263,0.01558725535869598,-0.027446448802948,XArbitraryZVertical,-0.02895369241886986,0.02453063968788774,0.00161370305386448,0.9992783825452415,0.1168962493538857,-0.109032079577446,-0.987140953540802,0,0,0,-1,-1,2026-05-05T16:12:27.330+02:00,1853,1.428074,0,0,1618.589,0,0,2026-05-05T17:18:23.076+02:00,799687103.1696333,0,0.9099998,100.7542,0
2026-05-05T17:18:24.074+02:00,1777994304.000199,53.2356659222912,10.40152397416238,24.63485,0.66,0.72,145.5468794797908,88.39469285906092,6.593871895214569,4.748651530191798,-9999,3963.803062041667,0.1240997314453125,-0.1075897216796875,-1.021728515625,3963.798026041667,0.004708250246160072,0.05218564367471701,-0.05764094507484633,0.01554748043417931,0.3136804103851318,0.006856108549982309,0.00097685307264328,0.01233399659395218,-0.03129494190216064,XArbitraryZVertical,-0.02886798643120366,0.02601113907019605,0.001600528363173344,0.9992434903410535,0.1198117434978485,-0.1092120483517647,-0.9867714643478394,0,0,0,-1,-1,2026-05-05T16:12:27.330+02:00,1853,1.428074,0,0,1618.589,0,0,2026-05-05T17:18:23.076+02:00,799687103.1696333,0,0.9099998,100.7542,0
2026-05-05T17:18:24.084+02:00,1777994304.000199,53.2356659222912,10.40152397416238,24.63485,0.66,0.72,145.5468794797908,88.39469285906092,6.593871895214569,4.748651530191798,-9999,3963.813135041667,0.1292724609375,-0.11859130859375,-1.020278930664062,3963.808099041667,0.004672094412226861,0.05560726872616274,-0.05760891981338787,-0.009986640885472298,0.3750785291194916,-0.01467208564281464,-0.002282530069351196,0.004230357706546783,-0.03203505277633667,XArbitraryZVertical,-0.02885418161716295,0.02772119055996202,0.00153352096864801,0.9991980126926679,0.1231931895017624,-0.1092413440346718,-0.9863517284393311,0,0,0,-1,-1,2026-05-05T16:12:27.330+02:00,1853,1.428074,0,0,1618.589,0,0,2026-05-05T17:18:23.076+02:00,799687103.1696333,0,0.9099998,100.7542,0
2026-05-05T17:18:24.094+02:00,1777994304.000199,53.2356659222912,10.40152397416238,24.63485,0.66,0.72,145.5468794797908,88.39469285906092,6.593871895214569,4.748651530191798,-9999,3963.823208041667,0.126190185546875,-0.132171630859375,-0.999755859375,3963.818172041667,0.004455714494235782,0.05967022589211322,-0.05762557549381019,-0.008132441900670528,0.5093229413032532,-0.03588409721851349,0.0008314400911331177,-0.002743661403656006,-0.03870946168899536,XArbitraryZVertical,-0.02886234032633331,0.02975407866811842,0.001366555445466954,0.9991395082932201,0.1272356063127518,-0.1092100813984871,-0.9858419299125671,0,0,0,-1,-1,2026-05-05T16:12:27.330+02:00,1853,1.428074,0,0,1618.589,0,0,2026-05-05T17:18:23.076+02:00,799687103.1696333,0,0.9099998,100.7542,0
2026-05-05T17:18:24.104+02:00,1777994304.000199,53.2356659222912,10.40152397416238,24.63485,0.66,0.72,145.5468794797908,88.39469285906092,6.593871895214569,4.748651530191798,-9999,3963.833281041667,0.1335601806640625,-0.1445159912109375,-1.012466430664062,3963.828245041667,0.0040202667005193,0.0646629793953163,-0.05824986594495721,-0.1202989220619202,0.4912384152412415,-0.04777617752552032,-0.005187869071960449,-0.01755256205797195,-0.02530324459075928,XArbitraryZVertical,-0.02917048732732825,0.03225357410612529,0.001066876049459668,0.9990534483714468,0.1322325468063354,-0.1085613220930099,-0.9852557778358459,0,0,0,-1,-1,2026-05-05T16:12:27.330+02:00,1853,1.428074,0,0,1618.589,0,0,2026-05-05T17:18:23.076+02:00,799687103.1696333,0,0.9099998,100.7542,0
2026-05-05T17:18:24.114+02:00,1777994304.000199,53.2356659222912,10.40152397416238,24.63485,0.66,0.72,145.5468794797908,88.39469285906092,6.593871895214569,4.748651530191798,-9999,3963.843354041667,0.170989990234375,-0.1120452880859375,-1.042022705078125,3963.838318041667,0.00375017793713696,0.0697601969459135,-0.05939162264946028,-0.08613935858011246,0.5403329730033875,-0.0217692106962204,-0.01183311641216278,-0.03228369355201721,-0.00955963134765625,XArbitraryZVertical,-0.02973869315720434,0.03480194610708013,0.0008376924839678614,0.9989514193405895,0.1373061537742615,-0.1074105203151703,-0.9846877455711365,0,0,0,-1,-1,2026-05-05T16:12:27.330+02:00,1853,1.428074,0,0,1618.589,0,0,2026-05-05T17:18:23.076+02:00,799687103.1696333,0,0.9099998,100.7542,0
2026-05-05T17:18:24.124+02:00,1777994304.000199,53.2356659222912,10.40152397416238,24.63485,0.66,0.72,145.5468794797908,88.39469285906092,6.593871895214569,4.748651530191798,-9999,3963.853427041667,0.1482086181640625,-0.0977783203125,-0.9698333740234375,3963.848391041667,0.003496371726274878,0.07555476670427268,-0.06023786756046322,-0.08847495168447495,0.5878214240074158,-0.04318608343601227,0.0118488222360611,-0.02708271890878677,-0.06009042263031006,XArbitraryZVertical,-0.03015884514606414,0.0376986041735814,0.0006087751562728594,0.9988337412057466,0.1430584341287613,-0.1065537631511688,-0.9839617013931274,0,0,0,-1,-1,2026-05-05T16:12:27.330+02:00,1853,1.428074,0,0,1618.589,0,0,2026-05-05T17:18:23.076+02:00,799687103.1696333,0,0.9099998,100.7542,0
2026-05-05T17:18:24.134+02:00,1777994304.000199,53.2356659222912,10.40152397416238,24.63485,0.66,0.72,145.5468794797908,88.39469285906092,6.593871895214569,4.748651530191798,-9999,3963.863500041667,0.139404296875,-0.09698486328125,-0.9702301025390625,3963.858464041667,0.003273849450947035,0.08104509398126965,-0.06116205041075617,-0.09999392181634903,0.5253647565841675,-0.01724989339709282,0.01865682005882263,0.006439685821533203,-0.01981174945831299,XArbitraryZVertical,-0.03061739817295903,0.04044244913367059,0.0003961284472107522,0.9987126525739605,0.1485032290220261,-0.1056218072772026,-0.9832552075386047,0,0,0,-1,-1,2026-05-05T16:12:27.330+02:00,1853,1.428074,0,0,1618.589,0,0,2026-05-05T17:18:23.076+02:00,799687103.1696333,0,0.9099998,100.7542,0
2026-05-05T17:18:24.145+02:00,1777994304.000199,53.2356659222912,10.40152397416238,24.63485,0.66,0.72,145.5468794797908,88.39469285906092,6.593871895214569,4.748651530191798,-9999,3963.873574041667,0.175628662109375,-0.10504150390625,-0.931671142578125,3963.868537041667,0.003402284973228907,0.08659552108173076,-0.06249645229401197,-0.1622801870107651,0.5849737524986267,0.02173745259642601,-0.02231170237064362,0.0061163529753685,0.01737833023071289,XArbitraryZVertical,-0.03128741161895169,0.043209941224261,0.0003463841879241782,0.9985759177632023,0.1539492905139923,-0.104306660592556,-0.9825577735900879,0,0,0,-1,-1,2026-05-05T16:12:27.330+02:00,1853,1.428074,0,0,1618.589,0,0,2026-05-05T17:18:23.076+02:00,799687103.1696333,0,0.9099998,100.7542,0
2026-05-05T17:18:24.154+02:00,1777994304.000199,53.2356659222912,10.40152397416238,24.63485,0.66,0.72,145.5468794797908,88.39469285906092,6.593871895214569,4.748651530191798,-9999,3963.883647041667,0.158599853515625,-0.0985870361328125,-0.9117431640625,3963.878610041667,0.003835213254785013,0.09257388345234148,-0.06422786865190419,-0.19112329185009,0.5980122685432434,0.02632781118154526,0.002709865570068359,0.001650743186473846,0.02405834197998047,XArbitraryZVertical,-0.03216264874948442,0.04618496763308826,0.000428896971839618,0.9984149073019489,0.1597657352685928,-0.1026181504130363,-0.9818066954612732,0,0,0,-1,-1,2026-05-05T16:12:27.330+02:00,1853,1.428074,0,0,1618.589,0,0,2026-05-05T17:18:23.076+02:00,799687103.1696333,0,0.9099998,100.7542,0
2026-05-05T17:18:24.165+02:00,1777994304.000199,53.2356659222912,10.40152397416238,24.63485,0.66,0.72,145.5468794797908,88.39469285906092,6.593871895214569,4.748651530191798,-9999,3963.893720041667,0.1603240966796875,-0.077362060546875,-0.9204254150390625,3963.888683041667,0.004209156635709862,0.09850459330468274,-0.06617329985396742,-0.1991268992424011,0.5843513607978821,0.01030623354017735,0.003615438938140869,-0.004694849252700806,0.06826579570770264,XArbitraryZVertical,-0.03314397985541102,0.04913579292981207,0.0004722404033466868,0.9982419747067932,0.1655435115098953,-0.1007128655910492,-0.9810464978218079,0,0,0,-1,-1,2026-05-05T16:12:27.330+02:00,1853,1.428074,0,0,1618.589,0,0,2026-05-05T17:18:23.076+02:00,799687103.1696333,0,0.9099998,100.7542,0
2026-05-05T17:18:24.175+02:00,1777994304.000199,53.2356659222912,10.40152397416238,24.63485,0.66,0.72,145.5468794797908,88.39469285906092,6.593871895214569,4.748651530191798,-9999,3963.903793041667,0.163330078125,-0.0787200927734375,-0.9111480712890625,3963.898756041667,0.004416781696891826,0.1043200605113751,-0.06824080556337253,-0.2127288430929184,0.5691961050033569,-0.01426835171878338,-0.0143117755651474,0.01144015043973923,0.06235378980636597,XArbitraryZVertical,-0.03418237174678358,0.05203067104700726,0.0004255373336635536,0.9980602916612289,0.1712331771850586,-0.09867464751005173,-0.9802767634391785,0,0,0,-1,-1,2026-05-05T16:12:27.330+02:00,1853,1.428074,0,0,1618.589,0,0,2026-05-05T17:18:23.076+02:00,799687103.1696333,0,0.9099998,100.7542,0
2026-05-05T17:18:24.185+02:00,1777994304.000199,53.2356659222912,10.40152397416238,24.63485,0.66,0.72,145.5468794797908,88.39469285906092,6.593871895214569,4.748651530191798,-9999,3963.913866041667,0.1779937744140625,-0.08837890625,-0.9102325439453125,3963.908829041667,0.004459293466770618,0.109823722586173,-0.07042196848575998,-0.2230989187955856,0.5216725468635559,-0.01552882604300976,-0.01523450016975403,0.02221683412790298,0.06232625246047974,XArbitraryZVertical,-0.03527285516589015,0.0547717382251854,0.0002927793242766742,0.9978756740431701,0.1766420006752014,-0.09651187807321548,-0.9795320630073547,0,0,0,-1,-1,2026-05-05T16:12:27.330+02:00,1853,1.428074,0,0,1618.589,0,0,2026-05-05T17:18:23.076+02:00,799687103.1696333,0,0.9099998,100.7542,0
2026-05-05T17:18:24.195+02:00,1777994304.000199,53.2356659222912,10.40152397416238,24.63485,0.66,0.72,145.5468794797908,88.39469285906092,6.593871895214569,4.748651530191798,-9999,3963.923939041667,0.19189453125,-0.0858306884765625,-0.915374755859375,3963.918902041667,0.004513434525688114,0.1151442298254386,-0.07272438758940487,-0.2367037236690521,0.5447371006011963,-0.03201978281140327,-0.01269319653511047,0.009893722832202911,0.0711287260055542,XArbitraryZVertical,-0.0364236196823646,0.05742022338284235,0.0001596617034337904,0.9976855159896746,0.1818674057722092,-0.09422904998064041,-0.9787977933883667,0,0,0,-1,-1,2026-05-05T16:12:27.330+02:00,1853,1.428074,0,0,1618.589,0,0,2026-05-05T17:18:23.076+02:00,799687103.1696333,0,0.9099998,100.7542,0
2026-05-05T17:18:24.205+02:00,1777994304.000199,53.2356659222912,10.40152397416238,24.63485,0.66,0.72,145.5468794797908,88.39469285906092,6.593871895214569,4.748651530191798,-9999,3963.934012041667,0.1900177001953125,-0.0810546875,-0.9038848876953125,3963.928975041667,0.004338977859018867,0.1207026541794411,-0.07529855170525954,-0.2661010324954987,0.5692112445831299,-0.05627132579684258,0.0007019937038421631,0.003037095069885254,0.06165361404418945,XArbitraryZVertical,-0.03770252658661329,0.06019030431491742,-0.0001062602147979007,0.9974745924381737,0.1873625963926315,-0.09166014194488525,-0.9780049324035645,0,0,0,-1,-1,2026-05-05T16:12:27.330+02:00,1853,1.428074,0,0,1618.589,0,0,2026-05-05T17:18:23.076+02:00,799687103.1696333,0,0.9099998,100.7542,0
2026-05-05T17:18:24.215+02:00,1777994304.000199,53.2356659222912,10.40152397416238,24.63485,0.66,0.72,145.5468794797908,88.39469285906092,6.593871895214569,4.748651530191798,-9999,3963.944085041667,0.204925537109375,-0.0844268798828125,-0.926483154296875,3963.939048041667,0.004116550073584087,0.1265295622679825,-0.07814015925289453,-0.2893903255462646,0.6005779504776001,-0.06091747805476189,-0.001995384693145752,0.006714105606079102,0.07010173797607422,XArbitraryZVertical,-0.03911194671439695,0.06309397108542557,-0.0004168896746800009,0.9972407985023172,0.1931270062923431,-0.0888216495513916,-0.9771451354026794,0,0,0,-1,-1,2026-05-05T16:12:27.330+02:00,1853,1.428074,0,0,1618.589,0,0,2026-05-05T17:18:23.076+02:00,799687103.1696333,0,0.9099998,100.7542,0
2026-05-05T17:18:24.225+02:00,1777994304.000199,53.2356659222912,10.40152397416238,24.63485,0.66,0.72,145.5468794797908,88.39469285906092,6.593871895214569,4.748651530191798,-9999,3963.954158041667,0.2144012451171875,-0.0699920654296875,-0.930572509765625,3963.949122041667,0.003796663537216278,0.1326294150940844,-0.08117575175617621,-0.3006765246391296,0.6210070848464966,-0.08171436935663223,-0.004270777106285095,0.002164840698242188,0.06374257802963257,XArbitraryZVertical,-0.04061316197548377,0.06613455860665785,-0.0007962592863189552,0.9969835561582755,0.1991713047027588,-0.08578299731016159,-0.9762029051780701,0,0,0,-1,-1,2026-05-05T16:12:27.330+02:00,1853,1.428074,0,0,1618.589,0,0,2026-05-05T17:18:23.076+02:00,799687103.1696333,0,0.9099998,100.7542,0
2026-05-05T17:18:24.242+02:00,1777994304.000199,53.2356659222912,10.40152397416238,24.63485,0.66,0.72,145.5468794797908,88.39469285906092,6.593871895214569,4.748651530191798,-9999,3963.964231041667,0.2116546630859375,-0.0720367431640625,-0.927825927734375,3963.959195041667,0.003205422122490789,0.1389299407044548,-0.08429669564694187,-0.3023517727851868,0.6442711353302002,-0.1230784580111504,0.007470086216926575,0.003447063267230988,0.04238700866699219,XArbitraryZVertical,-0.04214533913251566,0.06928001650291006,-0.001327184577157071,0.9967057290134259,0.2054510861635208,-0.08264017850160599,-0.9751719832420349,0,0,0,-1,-1,2026-05-05T16:12:27.330+02:00,1853,1.428074,0,0,1618.589,0,0,2026-05-05T17:18:23.076+02:00,799687103.1696333,0,0.9099998,100.7542,0
2026-05-05T17:18:24.245+02:00,1777994304.000199,53.2356659222912,10.40152397416238,24.63485,0.66,0.72,145.5468794797908,88.39469285906092,6.593871895214569,4.748651530191798,-9999,3963.974304041667,0.2213287353515625,-0.0817718505859375,-0.9488372802734375,3963.969268041667,0.00229551853077922,0.1452747072764035,-0.08750066509091252,-0.3004268407821655,0.6325082182884216,-0.1416958272457123,0.0003225505352020264,0.01277229934930801,0.04758012294769287,XArbitraryZVertical,-0.04370423728095751,0.0724539395908359,-0.002030462967590476,0.9964116407405093,0.2118204236030579,-0.07939217984676361,-0.9740785360336304,0,0,0,-1,-1,2026-05-05T16:12:27.330+02:00,1853,1.428074,0,0,1618.589,0,0,2026-05-05T17:18:23.076+02:00,799687103.1696333,0,0.9099998,100.7542,0
2026-05-05T17:18:24.255+02:00,1777994304.000199,53.2356659222912,10.40152397416238,24.63485,0.66,0.72,145.5468794797908,88.39469285906092,6.593871895214569,4.748651530191798,-9999,3963.984377041667,0.234466552734375,-0.0690460205078125,-0.960235595703125,3963.979341041667,0.001231149440513527,0.1515598079267531,-0.09060816148427467,-0.282586932182312,0.6396505832672119,-0.162431389093399,-0.003503113985061646,-0.004154615104198456,0.03630369901657104,XArbitraryZVertical,-0.04520515632611841,0.07560190157922264,-0.002815501738699979,0.9961089107999418,0.2181485295295715,-0.07622868567705154,-0.9729338884353638,0,0,0,-1,-1,2026-05-05T16:12:27.330+02:00,1853,1.428074,0,0,1618.589,0,0,2026-05-05T17:18:23.076+02:00,799687103.1696333,0,0.9099998,100.7542,0
2026-05-05T17:18:24.265+02:00,1777994304.000199,53.2356659222912,10.40152397416238,24.63485,0.66,0.72,145.5468794797908,88.39469285906092,6.593871895214569,4.748651530191798,-9999,3963.994450041667,0.2497711181640625,-0.0593719482421875,-0.9537506103515625,3963.989414041667,3.411279450930943e-05,0.1577664073014058,-0.09349688626641393,-0.2476478815078735,0.6151638627052307,-0.1539574861526489,0.004103913903236389,-0.003249980509281158,0.01354491710662842,XArbitraryZVertical,-0.04658744014498853,0.07871453256097623,-0.003665517073541734,0.9958013017330951,0.2244117259979248,-0.07327284663915634,-0.9717357754707336,0,0,0,-1,-1,2026-05-05T16:12:27.330+02:00,1853,1.428074,0,0,1618.589,0,0,2026-05-05T17:18:23.076+02:00,799687103.1696333,0,0.9099998,100.7542,0
2026-05-05T17:18:24.275+02:00,1777994304.000199,53.2356659222912,10.40152397416238,24.63485,0.66,0.72,145.5468794797908,88.39469285906092,6.593871895214569,4.748651530191798,-9999,3964.004523041667,0.27154541015625,-0.042572021484375,-0.95672607421875,3963.999487041667,-0.001092947962500731,0.1636460136116265,-0.09606799581541073,-0.2230649292469025,0.5780615210533142,-0.1497703939676285,0.009640440344810486,0.008411742746829987,0.01386409997940063,XArbitraryZVertical,-0.04781026545724131,0.08166360365244357,-0.004468409139635061,0.9955025426672672,0.2303345501422882,-0.07063708454370499,-0.9705443978309631,0,0,0,-1,-1,2026-05-05T16:12:27.330+02:00,1853,1.428074,0,0,1618.589,0,0,2026-05-05T17:18:23.076+02:00,799687103.1696333,0,0.9099998,100.7542,0
2026-05-05T17:18:24.286+02:00,1777994304.000199,53.2356659222912,10.40152397416238,24.63485,0.66,0.72,145.5468794797908,88.39469285906092,6.593871895214569,4.748651530191798,-9999,3964.014597041667,0.2735748291015625,-0.018707275390625,-0.951263427734375,3964.009560041667,-0.002266008323185837,0.1689645836984811,-0.09841124468245918,-0.1994355022907257,0.5118592977523804,-0.1567870229482651,0.02608419954776764,0.01429974287748337,0.01334035396575928,XArbitraryZVertical,-0.04891482479244477,0.08433517228514575,-0.005277978720725695,0.9952221548381701,0.2357108443975449,-0.06822430342435837,-0.9694254994392395,0,0,0,-1,-1,2026-05-05T16:12:27.330+02:00,1853,1.428074,0,0,1618.589,0,0,2026-05-05T17:18:23.076+02:00,799687103.1696333,0,0.9099998,100.7542,0
2026-05-05T17:18:24.296+02:00,1777994304.000199,53.2356659222912,10.40152397416238,24.63485,0.66,0.72,145.5468794797908,88.39469285906092,6.593871895214569,4.748651530191798,-9999,3964.024670041667,0.287353515625,-0.0271453857421875,-0.944061279296875,3964.019633041667,-0.003412003012975618,0.17364111850107,-0.1005866806536698,-0.1930029094219208,0.4501285552978516,-0.1401439905166626,0.03319849073886871,0.03814783692359924,0.01310884952545166,XArbitraryZVertical,-0.04993497055974358,0.0866871964121749,-0.006056592946520355,0.9949649502928731,0.2404526323080063,-0.06597986072301865,-0.9684157967567444,0,0,0,-1,-1,2026-05-05T16:12:27.330+02:00,1853,1.428074,0,0,1618.589,0,0,2026-05-05T17:18:23.076+02:00,799687103.1696333,0,0.9099998,100.7542,0
2026-05-05T17:18:24.306+02:00,1777994304.000199,53.2356659222912,10.40152397416238,24.63485,0.66,0.72,145.5468794797908,88.39469285906092,6.593871895214569,4.748651530191798,-9999,3964.034743041667,0.2999725341796875,-0.0399932861328125,-0.9366607666015625,3964.029706041667,-0.004311136528587095,0.1778704708823913,-0.1026854386119671,-0.1904508024454117,0.4143247306346893,-0.1134127750992775,0.03358933329582214,0.04406825453042984,0.02057701349258423,XArbitraryZVertical,-0.05092601713369378,0.08881097686740065,-0.006702362973171599,0.9947232766082367,0.2447157502174377,-0.06382838636636734,-0.9674916863441467,0,0,0,-1,-1,2026-05-05T16:12:27.330+02:00,1853,1.428074,0,0,1618.589,0,0,2026-05-05T17:18:23.076+02:00,799687103.1696333,0,0.9099998,100.7542,0
2026-05-05T17:18:24.316+02:00,1777994304.000199,53.2356659222912,10.40152397416238,24.63485,0.66,0.72,145.5468794797908,88.39469285906092,6.593871895214569,4.748651530191798,-9999,3964.044816041667,0.29400634765625,-0.050689697265625,-0.934295654296875,3964.039779041667,-0.005035884884940843,0.1817346187243569,-0.1048103639715296,-0.1987155377864838,0.3862209320068359,-0.09905188530683517,0.04776264727115631,0.02664363756775856,0.02618294954299927,XArbitraryZVertical,-0.05193675562586376,0.09074879428113623,-0.00725728413950754,0.9944921906449132,0.2485935688018799,-0.06166256219148636,-0.9666431546211243,0,0,0,-1,-1,2026-05-05T16:12:27.330+02:00,1853,1.428074,0,0,1618.589,0,0,2026-05-05T17:18:23.076+02:00,799687103.1696333,0,0.9099998,100.7542,0
2026-05-05T17:18:24.326+02:00,1777994304.000199,53.2356659222912,10.40152397416238,24.63485,0.66,0.72,145.5468794797908,88.39469285906092,6.593871895214569,4.748651530191798,-9999,3964.054889041667,0.30108642578125,-0.0591583251953125,-0.9355316162109375,3964.049852041667,-0.005709437736963854,0.1851283894772031,-0.107036164812662,-0.1950683444738388,0.3063167929649353,-0.104675680398941,0.04589125514030457,0.01350102573633194,0.0315900444984436,XArbitraryZVertical,-0.05299983208955748,0.09245140769754034,-0.007782830669577352,0.9942751653276339,0.2520061135292053,-0.05939946696162224,-0.9659009575843811,0,0,0,-1,-1,2026-05-05T16:12:27.330+02:00,1853,1.428074,0,0,1618.589,0,0,2026-05-05T17:18:23.076+02:00,799687103.1696333,0,0.9099998,100.7542,0
2026-05-05T17:18:24.336+02:00,1777994304.000199,53.2356659222912,10.40152397416238,24.63485,0.66,0.72,145.5468794797908,88.39469285906092,6.593871895214569,4.748651530191798,-9999,3964.064962041667,0.317169189453125,-0.06646728515625,-0.942047119140625,3964.059925041667,-0.006292866784696459,0.1879789662357363,-0.1090352590514329,-0.1770388036966324,0.2746595144271851,-0.08894618600606918,0.03901001811027527,0.00246700644493103,0.031646728515625,XArbitraryZVertical,-0.05395499357646487,0.09388195450403987,-0.00824186996119872,0.9940860606068166,0.2548742592334747,-0.05736812576651573,-0.9652709364891052,0,0,0,-1,-1,2026-05-05T16:12:27.330+02:00,1853,1.428074,0,0,1618.589,0,0,2026-05-05T17:18:23.076+02:00,799687103.1696333,0,0.9099998,100.7542,0
2026-05-05T17:18:24.346+02:00,1777994304.000199,53.2356659222912,10.40152397416238,24.63485,0.66,0.72,145.5468794797908,88.39469285906092,6.593871895214569,4.748651530191798,-9999,3964.075035041667,0.3070220947265625,-0.05487060546875,-0.9440460205078125,3964.069998041667,-0.006922032135745168,0.1904464504783509,-0.1108836029546097,-0.1570523083209991,0.2375068366527557,-0.09849361330270767,0.05478805303573608,-0.007733706384897232,0.02558439970016479,XArbitraryZVertical,-0.05483346985409798,0.09512364736843015,-0.008708677366630679,0.9939159275635607,0.2573762536048889,-0.05548345670104027,-0.9647170901298523,0,0,0,-1,-1,2026-05-05T16:12:27.330+02:00,1853,1.428074,0,0,1618.589,0,0,2026-05-05T17:18:23.076+02:00,799687103.1696333,0,0.9099998,100.7542,0
2026-05-05T17:18:24.356+02:00,1777994304.000199,53.2356659222912,10.40152397416238,24.63485,0.66,0.72,145.5468794797908,88.39469285906092,6.593871895214569,4.748651530191798,-9999,3964.085108041667,0.3030548095703125,-0.0625457763671875,-0.9569549560546875,3964.080072041667,-0.007671312879932326,0.1926492822932548,-0.1126551569272113,-0.1552102565765381,0.2246163189411163,-0.1032709255814552,0.05424883961677551,-0.009565751999616623,0.02163201570510864,XArbitraryZVertical,-0.05566809976245975,0.09623745488633817,-0.009226255231838013,0.9937576280081382,0.259639710187912,-0.05366666987538338,-0.9642131924629211,0,0,0,-1,-1,2026-05-05T16:12:27.330+02:00,1853,1.428074,0,0,1618.589,0,0,2026-05-05T17:18:23.076+02:00,799687103.1696333,0,0.9099998,100.7542,0
2026-05-05T17:18:24.366+02:00,1777994304.000199,53.2356659222912,10.40152397416238,24.63485,0.66,0.72,145.5468794797908,88.39469285906092,6.593871895214569,4.748651530191798,-9999,3964.095181041667,0.3186798095703125,-0.08624267578125,-0.9676513671875,3964.090145041667,-0.008324600036655579,0.1947414169817613,-0.1143899690334851,-0.1572081595659256,0.2028175592422485,-0.09596880525350571,0.04078748822212219,-0.001970581710338593,0.01432985067367554,XArbitraryZVertical,-0.05648856123466168,0.09729392126362961,-0.009693040539323813,0.9936039722064934,0.2617790699005127,-0.05189294368028641,-0.9637317061424255,0,0,0,-1,-1,2026-05-05T16:12:27.330+02:00,1853,1.428074,0,0,1618.589,0,0,2026-05-05T17:18:23.076+02:00,799687103.1696333,0,0.9099998,100.7542,0
2026-05-05T17:18:24.376+02:00,1777994304.000199,53.2356659222912,10.40152397416238,24.63485,0.66,0.72,145.5468794797908,88.39469285906092,6.593871895214569,4.748651530191798,-9999,3964.105254041667,0.316436767578125,-0.075286865234375,-0.97662353515625,3964.100218041667,-0.009063437411426005,0.1965458337904823,-0.1161321134601964,-0.1502034515142441,0.1865155547857285,-0.1148406341671944,0.04568794369697571,-0.0274546779692173,-0.0003383159637451172,XArbitraryZVertical,-0.05730895663600826,0.09821017161296999,-0.010196118652486,0.9934618581843747,0.2636535167694092,-0.0501057468354702,-0.9633152484893799,0,0,0,-1,-1,2026-05-05T16:12:27.330+02:00,1853,1.428074,0,0,1618.589,0,0,2026-05-05T17:18:23.076+02:00,799687103.1696333,0,0.9099998,100.7542,0
2026-05-05T17:18:24.386+02:00,1777994304.000199,53.2356659222912,10.40152397416238,24.63485,0.66,0.72,145.5468794797908,88.39469285906092,6.593871895214569,4.748651530191798,-9999,3964.115327041667,0.3115234375,-0.083251953125,-0.971710205078125,3964.110291041667,-0.009904051457426236,0.198312702021618,-0.1177765867876575,-0.1388328224420547,0.1872596442699432,-0.1106141954660416,0.05524915456771851,-0.03473666682839394,-0.01028186082839966,XArbitraryZVertical,-0.05807508905809735,0.09911115713719423,-0.01074528509130286,0.9933220590771784,0.2655058801174164,-0.04840847477316856,-0.9628931879997253,0,0,0,-1,-1,2026-05-05T16:12:27.330+02:00,1853,1.428074,0,0,1618.589,0,0,2026-05-05T17:18:23.076+02:00,799687103.1696333,0,0.9099998,100.7542,0
2026-05-05T17:18:24.396+02:00,1777994304.000199,53.2356659222912,10.40152397416238,24.63485,0.66,0.72,145.5468794797908,88.39469285906092,6.593871895214569,4.748651530191798,-9999,3964.125400041667,0.3121337890625,-0.07110595703125,-0.9715576171875,3964.120364041667,-0.01066245960432245,0.2000325433490853,-0.1193675595769,-0.142358586192131,0.1781353801488876,-0.1012537181377411,0.04503414034843445,-0.02929496765136719,-0.01254314184188843,XArbitraryZVertical,-0.0588180458445182,0.09998680852664248,-0.01125089614638793,0.9931850591153921,0.2672980427742004,-0.04677009955048561,-0.9624782204627991,0,0,0,-1,-1,2026-05-05T16:12:27.330+02:00,1853,1.428074,0,0,1618.589,0,0,2026-05-05T17:18:23.076+02:00,799687103.1696333,0,0.9099998,100.7542,0
2026-05-05T17:18:24.406+02:00,1777994304.000199,53.2356659222912,10.40152397416238,24.63485,0.66,0.72,145.5468794797908,88.39469285906092,6.593871895214569,4.748651530191798,-9999,3964.135473041667,0.316558837890625,-0.0616607666015625,-0.96136474609375,3964.130437041667,-0.01128018578698049,0.2016681539909763,-0.1208918667640162,-0.1348087936639786,0.1685083210468292,-0.08132874220609665,0.04241657257080078,-0.03712860867381096,-0.009154319763183594,XArbitraryZVertical,-0.05953461997508027,0.1008168332114397,-0.01168205178312376,0.9930534343116907,0.2689848244190216,-0.04520781710743904,-0.9620828628540039,0,0,0,-1,-1,2026-05-05T16:12:27.330+02:00,1853,1.428074,0,0,1618.589,0,0,2026-05-05T17:18:23.076+02:00,799687103.1696333,0,0.9099998,100.7542,0
2026-05-05T17:18:24.416+02:00,1777994304.000199,53.2356659222912,10.40152397416238,24.63485,0.66,0.72,145.5468794797908,88.39469285906092,6.593871895214569,4.748651530191798,-9999,3964.145547041667,0.3154144287109375,-0.0563812255859375,-0.959320068359375,3964.140510041667,-0.0117717173074432,0.2031467474347823,-0.1223226554918373,-0.1175549104809761,0.1457601189613342,-0.06887886673212051,0.04337480664253235,-0.01815743744373322,-0.005009889602661133,XArbitraryZVertical,-0.0602114131437127,0.1015653663791704,-0.01204225238784748,0.9929320451399707,0.2704984843730927,-0.04374746978282928,-0.9617258906364441,0,0,0,-1,-1,2026-05-05T16:12:27.330+02:00,1853,1.428074,0,0,1618.589,0,0,2026-05-05T17:18:23.076+02:00,799687103.1696333,0,0.9099998,100.7542,0
2026-05-05T17:18:24.427+02:00,1777994304.000199,53.2356659222912,10.40152397416238,24.63485,0.66,0.72,145.5468794797908,88.39469285906092,6.593871895214569,4.748651530191798,-9999,3964.155620041667,0.3158416748046875,-0.05303955078125,-0.9600982666015625,3964.150583041667,-0.01218231045897291,0.2044379437627127,-0.1234234005922557,-0.0880710557103157,0.1187961623072624,-0.05730156973004341,0.04593375325202942,-0.01919171214103699,0.002161383628845215,XArbitraryZVertical,-0.06072911623202986,0.1022186118980491,-0.01234080133821853,0.9928298742501355,0.271815299987793,-0.04262164235115051,-0.9614051580429077,0,0,0,-1,-1,2026-05-05T16:12:27.330+02:00,1853,1.428074,0,0,1618.589,0,0,2026-05-05T17:18:23.076+02:00,799687103.1696333,0,0.9099998,100.7542,0
2026-05-05T17:18:24.437+02:00,1777994304.000199,53.2356659222912,10.40152397416238,24.63485,0.66,0.72,145.5468794797908,88.39469285906092,6.593871895214569,4.748651530191798,-9999,3964.165693041667,0.3173370361328125,-0.0582122802734375,-0.9673004150390625,3964.160656041667,-0.01255338758732587,0.2055425499316809,-0.1243312360381135,-0.07469021528959274,0.1216867491602898,-0.05118649080395699,0.04115799069404602,-0.009731367230415344,0.002691090106964111,XArbitraryZVertical,-0.06115389091615483,0.1027781534533562,-0.01260484066507195,0.9927426791363323,0.2729441821575165,-0.04169074818491936,-0.9611260890960693,0,0,0,-1,-1,2026-05-05T16:12:27.330+02:00,1853,1.428074,0,0,1618.589,0,0,2026-05-05T17:18:23.076+02:00,799687103.1696333,0,0.9099998,100.7542,0
2026-05-05T17:18:24.447+02:00,1777994304.000199,53.2356659222912,10.40152397416238,24.63485,0.66,0.72,145.5468794797908,88.39469285906092,6.593871895214569,4.748651530191798,-9999,3964.175766041667,0.3122711181640625,-0.0525665283203125,-0.96923828125,3964.170729041667,-0.01289505376216919,0.2066783739618185,-0.1250347826765793,-0.05046450346708298,0.1079086288809776,-0.04462658986449242,0.04333242774009705,-0.0158429741859436,-0.003495573997497559,XArbitraryZVertical,-0.06147829012769799,0.1033523596714786,-0.01284522654549991,0.992659973129207,0.2740961909294128,-0.04096550121903419,-0.9608293771743774,0,0,0,-1,-1,2026-05-05T16:12:27.330+02:00,1853,1.428074,0,0,1618.589,0,0,2026-05-05T17:18:23.076+02:00,799687103.1696333,0,0.9099998,100.7542,0
2026-05-05T17:18:24.457+02:00,1777994304.000199,53.2356659222912,10.40152397416238,24.63485,0.66,0.72,145.5468794797908,88.39469285906092,6.593871895214569,4.748651530191798,-9999,3964.185839041667,0.318115234375,-0.0361785888671875,-0.973052978515625,3964.180802041667,-0.01325635516146806,0.207609035850552,-0.1254517221033692,-0.01899180002510548,0.09308573603630066,-0.04202135279774666,0.03912708163261414,-0.0169554129242897,-0.007320404052734375,XArbitraryZVertical,-0.06166049985761655,0.1038253926275192,-0.01307462253545216,0.992596256220148,0.2750514149665833,-0.04052445292472839,-0.9605751037597656,0,0,0,-1,-1,2026-05-05T16:12:27.330+02:00,1853,1.428074,0,0,1618.589,0,0,2026-05-05T17:18:23.076+02:00,799687103.1696333,0,0.9099998,100.7542,0
2026-05-05T17:18:24.467+02:00,1777994304.000199,53.2356659222912,10.40152397416238,24.63485,0.66,0.72,145.5468794797908,88.39469285906092,6.593871895214569,4.748651530191798,-9999,3964.195912041667,0.3197784423828125,-0.0334625244140625,-0.966583251953125,3964.190875041667,-0.01363950319370155,0.2083940409582738,-0.125620652042843,-0.002891660202294588,0.08996104449033737,-0.03691953420639038,0.03847843408584595,-0.004104539752006531,-0.01126950979232788,XArbitraryZVertical,-0.06171923618318425,0.104226804012316,-0.01329770074550029,0.9925476457565097,0.2758679091930389,-0.04032905399799347,-0.9603491425514221,0,0,0,-1,-1,2026-05-05T16:12:27.330+02:00,1853,1.428074,0,0,1618.589,0,0,2026-05-05T17:18:23.076+02:00,799687103.1696333,0,0.9099998,100.7542,0
2026-05-05T17:18:24.477+02:00,1777994304.000199,53.2356659222912,10.40152397416238,24.63485,0.66,0.72,145.5468794797908,88.39469285906092,6.593871895214569,4.748651530191798,-9999,3964.205985041667,0.3209228515625,-0.0367431640625,-0.964508056640625,3964.200949041667,-0.01401299568155482,0.2091613705920965,-0.1256523946446493,0.006382638588547707,0.08378437906503677,-0.0349155031144619,0.04343435168266296,0.007891848683357239,-0.009772002696990967,XArbitraryZVertical,-0.0617103507150188,0.1046191370752779,-0.01350837409035524,0.9925040204060379,0.276664525270462,-0.04027100279927254,-0.9601224064826965,0,0,0,-1,-1,2026-05-05T16:12:27.330+02:00,1853,1.428074,0,0,1618.589,0,0,2026-05-05T17:18:23.076+02:00,799687103.1696333,0,0.9099998,100.7542,0
2026-05-05T17:18:24.487+02:00,1777994304.000199,53.2356659222912,10.40152397416238,24.63485,0.66,0.72,145.5468794797908,88.39469285906092,6.593871895214569,4.748651530191798,-9999,3964.216058041667,0.3237762451171875,-0.047332763671875,-0.96124267578125,3964.211022041667,-0.01436097395299101,0.2099624291991882,-0.1256912693950134,0.0005234176642261446,0.08636710792779922,-0.03731714189052582,0.04230433702468872,0.005783837288618088,-0.004392147064208984,XArbitraryZVertical,-0.06170595099388387,0.1050273932049094,-0.01370778933012723,0.9924585124366018,0.2774893641471863,-0.04020766541361809,-0.9598869681358337,0,0,0,-1,-1,2026-05-05T16:12:27.330+02:00,1853,1.428074,0,0,1618.589,0,0,2026-05-05T17:18:23.076+02:00,799687103.1696333,0,0.9099998,100.7542,0
2026-05-05T17:18:24.497+02:00,1777994304.000199,53.2356659222912,10.40152397416238,24.63485,0.66,0.72,145.5468794797908,88.39469285906092,6.593871895214569,4.748651530191798,-9999,3964.226131041667,0.3190460205078125,-0.051177978515625,-0.954681396484375,3964.221095041667,-0.01476815969857767,0.210726084899379,-0.1257039676373551,0.009300824254751205,0.08019496500492096,-0.04200191050767899,0.04432931542396545,-0.001703947782516479,-0.004255235195159912,XArbitraryZVertical,-0.06168555475082292,0.1054189014360772,-0.01393406270093047,0.9924150865806295,0.278287261724472,-0.04016616567969322,-0.9596576690673828,0,0,0,-1,-1,2026-05-05T16:12:27.330+02:00,1853,1.428074,0,0,1618.589,0,0,2026-05-05T17:18:23.076+02:00,799687103.1696333,0,0.9099998,100.7542,0
2026-05-05T17:18:24.507+02:00,1777994304.000199,53.2356659222912,10.40152397416238,24.63485,0.66,0.72,145.5468794797908,88.39469285906092,6.593871895214569,4.748651530191798,-9999,3964.236204041667,0.3187713623046875,-0.057373046875,-0.9507904052734375,3964.231168041667,-0.01513410834206911,0.2114289945478521,-0.1257036880033345,8.815061300992966e-05,0.07936646044254303,-0.02999691292643547,0.04286414384841919,-0.009435314685106277,0.0015755295753479,XArbitraryZVertical,-0.06166116501291533,0.1057789748397282,-0.01413730806411242,0.9923753477678413,0.2790200114250183,-0.04014049097895622,-0.9594459533691406,0,0,0,-1,-1,2026-05-05T16:12:27.330+02:00,1853,1.428074,0,0,1618.589,0,0,2026-05-05T17:18:23.076+02:00,799687103.1696333,0,0.9099998,100.7542,0
2026-05-05T17:18:24.517+02:00,1777994304.000199,53.2356659222912,10.40152397416238,24.63485,0.66,0.72,145.5468794797908,88.39469285906092,6.593871895214569,4.748651530191798,-9999,3964.246277041667,0.3211669921875,-0.0622100830078125,-0.9426116943359375,3964.241241041667,-0.01540115422759971,0.2121585775759946,-0.1258309527381087,-0.01599521189928055,0.08836928009986877,-0.02419422008097172,0.03803130984306335,-0.01473855227231979,0.005668044090270996,XArbitraryZVertical,-0.0617049795212721,0.106149268034237,-0.01429899234734378,0.992330808820769,0.2797635197639465,-0.0399947315454483,-0.9592355489730835,0,0,0,-1,-1,2026-05-05T16:12:27.330+02:00,1853,1.428074,0,0,1618.589,0,0,2026-05-05T17:18:23.076+02:00,799687103.1696333,0,0.9099998,100.7542,0
2026-05-05T17:18:24.527+02:00,1777994304.000199,53.2356659222912,10.40152397416238,24.63485,0.66,0.72,145.5468794797908,88.39469285906092,6.593871895214569,4.748651530191798,-9999,3964.256350041667,0.320068359375,-0.0625762939453125,-0.93634033203125,3964.251314041667,-0.01556360406777409,0.2129287034028584,-0.1260082517597092,-0.009920008480548859,0.07130453735589981,-0.01754297502338886,0.03992035984992981,-0.01907717064023018,0.01199817657470703,XArbitraryZVertical,-0.06177879078201954,0.1065364733146274,-0.01441270836311391,0.9922830723740221,0.2805294990539551,-0.03980650007724762,-0.9590196013450623,0,0,0,-1,-1,2026-05-05T16:12:27.330+02:00,1853,1.428074,0,0,1618.589,0,0,2026-05-05T17:18:23.076+02:00,799687103.1696333,0,0.9099998,100.7542,0
2026-05-05T17:18:24.537+02:00,1777994304.000199,53.2356659222912,10.40152397416238,24.63485,0.66,0.72,145.5468794797908,88.39469285906092,6.593871895214569,4.748651530191798,-9999,3964.266423041667,0.3192291259765625,-0.04052734375,-0.9344482421875,3964.261387041667,-0.01568710361510873,0.213607375624615,-0.126060177858408,0.007881305180490017,0.06210997700691223,-0.01079525612294674,0.0399971604347229,-0.02502759173512459,0.02068477869033813,XArbitraryZVertical,-0.06179306290653493,0.106877029440067,-0.01449769235125974,0.9922442970772695,0.2812003791332245,-0.03974597528576851,-0.9588256478309631,0,0,0,-1,-1,2026-05-05T16:12:27.330+02:00,1853,1.428074,0,0,1618.589,0,0,2026-05-05T17:18:23.076+02:00,799687103.1696333,0,0.9099998,100.7542,0
2026-05-05T17:18:24.548+02:00,1777994304.000199,53.2356659222912,10.40152397416238,24.63485,0.66,0.72,145.5468794797908,88.39469285906092,6.593871895214569,4.748651530191798,-9999,3964.276497041667,0.3173828125,-0.0193328857421875,-0.932861328125,3964.271460041667,-0.01584122293161456,0.2141005011261442,-0.1259196357757338,0.01909933798015118,0.0514589287340641,-0.01266958937048912,0.03786835074424744,-0.01340857520699501,0.02358555793762207,XArbitraryZVertical,-0.06171149669638788,0.1071263526842758,-0.01458192806049137,0.9922213041880311,0.2816964983940125,-0.03987511992454529,-0.9586746096611023,0,0,0,-1,-1,2026-05-05T16:12:27.330+02:00,1853,1.428074,0,0,1618.589,0,0,2026-05-05T17:18:23.076+02:00,799687103.1696333,0,0.9099998,100.7542,0
2026-05-05T17:18:24.557+02:00,1777994304.000199,53.2356659222912,10.40152397416238,24.63485,0.66,0.72,145.5468794797908,88.39469285906092,6.593871895214569,4.748651530191798,-9999,3964.286570041667,0.3144073486328125,-0.0123443603515625,-0.9298553466796875,3964.281533041667,-0.01601788239495323,0.2145850065416378,-0.12572648772036,0.02401670627295971,0.04923998564481735,-0.01143388263881207,0.03513437509536743,0.0110786147415638,0.02476119995117188,XArbitraryZVertical,-0.06160265107347176,0.1073720570392508,-0.01467424668212453,0.992200088866509,0.2821874022483826,-0.040055051445961,-0.9585227370262146,0,0,0,-1,-1,2026-05-05T16:12:27.330+02:00,1853,1.428074,0,0,1618.589,0,0,2026-05-05T17:18:23.076+02:00,799687103.1696333,0,0.9099998,100.7542,0
2026-05-05T17:18:24.568+02:00,1777994304.000199,53.2356659222912,10.40152397416238,24.63485,0.66,0.72,145.5468794797908,88.39469285906092,6.593871895214569,4.748651530191798,-9999,3964.296643041667,0.31951904296875,-0.01953125,-0.926422119140625,3964.291606041667,-0.01612354571039169,0.2150487839856658,-0.1254879300040752,0.02483695931732655,0.04873877763748169,0.001699229935184121,0.03340864181518555,0.02614041045308113,0.02727121114730835,XArbitraryZVertical,-0.06147520068938539,0.1076052335905841,-0.0147282333939804,0.9921819707732392,0.282646656036377,-0.04028530791401863,-0.9583777785301208,0,0,0,-1,-1,2026-05-05T16:12:27.330+02:00,1853,1.428074,0,0,1618.589,0,0,2026-05-05T17:18:23.076+02:00,799687103.1696333,0,0.9099998,100.7542,0
2026-05-05T17:18:24.578+02:00,1777994304.000199,53.2356659222912,10.40152397416238,24.63485,0.66,0.72,145.5468794797908,88.39469285906092,6.593871895214569,4.748651530191798,-9999,3964.306716041667,0.321868896484375,-0.0325775146484375,-0.9315032958984375,3964.301679041667,-0.01608038586776139,0.2155338358432083,-0.1251475151383204,0.03539106994867325,0.05454393476247787,0.01785875856876373,0.03296887874603271,0.02655903249979019,0.02951806783676147,XArbitraryZVertical,-0.0613050616203875,0.1078443205138082,-0.01470354568726532,0.9921669206534514,0.2831017076969147,-0.04062763974070549,-0.9582290053367615,0,0,0,-1,-1,2026-05-05T16:12:27.330+02:00,1853,1.428074,0,0,1618.589,0,0,2026-05-05T17:18:23.076+02:00,799687103.1696333,0,0.9099998,100.7542,0
2026-05-05T17:18:24.588+02:00,1777994304.000199,53.2356659222912,10.40152397416238,24.63485,0.66,0.72,145.5468794797908,88.39469285906092,6.593871895214569,4.748651530191798,-9999,3964.316789041667,0.3242950439453125,-0.0339202880859375,-0.93963623046875,3964.311752041667,-0.01601483760408041,0.2160399357178593,-0.1247809193948616,0.03280886635184288,0.04699653387069702,0.006642322987318039,0.03756347298622131,0.01463045924901962,0.03003436326980591,XArbitraryZVertical,-0.06112300420732538,0.1080931542229201,-0.01466691116255671,0.9921516074186791,0.2835730016231537,-0.04099764302372932,-0.9580738544464111,0,0,0,-1,-1,2026-05-05T16:12:27.330+02:00,1853,1.428074,0,0,1618.589,0,0,2026-05-05T17:18:23.076+02:00,799687103.1696333,0,0.9099998,100.7542,0
2026-05-05T17:18:24.598+02:00,1777994304.000199,53.2356659222912,10.40152397416238,24.63485,0.66,0.72,145.5468794797908,88.39469285906092,6.593871895214569,4.748651530191798,-9999,3964.326862041667,0.322723388671875,-0.029296875,-0.93841552734375,3964.321825041667,-0.01611837322075528,0.2163959288389091,-0.1244802492087888,0.02603564783930779,0.03520352765917778,-0.01201338693499565,0.03852090239524841,0.005569100379943848,0.02219575643539429,XArbitraryZVertical,-0.06096561856480172,0.1082727250656245,-0.01471302399035028,0.9921410254751007,0.2839278280735016,-0.04128992930054665,-0.9579561948776245,0,0,0,-1,-1,2026-05-05T16:12:27.330+02:00,1853,1.428074,0,0,1618.589,0,0,2026-05-05T17:18:23.076+02:00,799687103.1696333,0,0.9099998,100.7542,0
2026-05-05T17:18:24.608+02:00,1777994304.000199,53.2356659222912,10.40152397416238,24.63485,0.66,0.72,145.5468794797908,88.39469285906092,6.593871895214569,4.748651530191798,-9999,3964.336935041667,0.3206329345703125,-0.0403900146484375,-0.931365966796875,3964.331899041667,-0.0163685196532857,0.216728952523876,-0.1244049867853658,-0.005151832010596991,0.04349660873413086,-0.03322120383381844,0.03938350081443787,0.01055490970611572,0.01683807373046875,XArbitraryZVertical,-0.06091226718298359,0.1084455008976511,-0.01484322099622334,0.9921234682641383,0.2842859327793121,-0.04134714230895042,-0.957847535610199,0,0,0,-1,-1,2026-05-05T16:12:27.330+02:00,1853,1.428074,0,0,1618.589,0,0,2026-05-05T17:18:23.076+02:00,799687103.1696333,0,0.9099998,100.7542,0
2026-05-05T17:18:24.618+02:00,1777994304.000199,53.2356659222912,10.40152397416238,24.63485,0.66,0.72,145.5468794797908,88.39469285906092,6.593871895214569,4.748651530191798,-9999,3964.347008041667,0.3185272216796875,-0.050994873046875,-0.931854248046875,3964.341972041667,-0.01675277066689479,0.2171281445745159,-0.1246672154314126,-0.03029958158731461,0.04978273436427116,-0.04977820813655853,0.036542147397995,0.007763806730508804,0.02395075559616089,XArbitraryZVertical,-0.06101852004588565,0.1086554255461181,-0.01506009593306868,0.9920907296612682,0.2847316563129425,-0.0410584844648838,-0.9577275514602661,0,0,0,-1,-1,2026-05-05T16:12:27.330+02:00,1853,1.428074,0,0,1618.589,0,0,2026-05-05T17:18:23.076+02:00,799687103.1696333,0,0.9099998,100.7542,0
2026-05-05T17:18:24.628+02:00,1777994304.000199,53.2356659222912,10.40152397416238,24.63485,0.66,0.72,145.5468794797908,88.39469285906092,6.593871895214569,4.748651530191798,-9999,3964.357081041667,0.3194427490234375,-0.0450286865234375,-0.9309844970703125,3964.352045041667,-0.01714587394196012,0.2175543925392668,-0.1251397236543878,-0.04438344389200211,0.04991323128342628,-0.04659999534487724,0.03495347499847412,-0.006971545517444611,0.02642470598220825,XArbitraryZVertical,-0.0612283174148372,0.108879265461874,-0.01529356535636585,0.9920496467676594,0.2852064669132233,-0.04055958613753319,-0.9576075077056885,0,0,0,-1,-1,2026-05-05T16:12:27.330+02:00,1853,1.428074,0,0,1618.589,0,0,2026-05-05T17:18:23.076+02:00,799687103.1696333,0,0.9099998,100.7542,0
2026-05-05T17:18:24.638+02:00,1777994304.000199,53.2356659222912,10.40152397416238,24.63485,0.66,0.72,145.5468794797908,88.39469285906092,6.593871895214569,4.748651530191798,-9999,3964.367154041667,0.318084716796875,-0.0345001220703125,-0.9251556396484375,3964.362118041667,-0.01755038559331962,0.2180066995342728,-0.1257156814043532,-0.0520559549331665,0.04967354610562325,-0.05413753539323807,0.03252851963043213,-0.008978147059679031,0.02575093507766724,XArbitraryZVertical,-0.06148849636051835,0.1091165318605097,-0.01553915987310993,0.992003769560953,0.2857088148593903,-0.03995679318904877,-0.9574831128120422,0,0,0,-1,-1,2026-05-05T16:12:27.330+02:00,1853,1.428074,0,0,1618.589,0,0,2026-05-05T17:18:23.076+02:00,799687103.1696333,0,0.9099998,100.7542,0
2026-05-05T17:18:24.648+02:00,1777994304.000199,53.2356659222912,10.40152397416238,24.63485,0.66,0.72,145.5468794797908,88.39469285906092,6.593871895214569,4.748651530191798,-9999,3964.377227041667,0.3142547607421875,-0.0240936279296875,-0.9248504638671875,3964.372191041667,-0.01789445337020393,0.2184061717895964,-0.1263243236631842,-0.04313996061682701,0.03942010924220085,-0.04012877494096756,0.03345948457717896,-0.0004082284867763519,0.02891039848327637,XArbitraryZVertical,-0.06176850043459352,0.1093258595318086,-0.01575502506654201,0.9919599014400162,0.286151111125946,-0.03932565823197365,-0.9573771953582764,0,0,0,-1,-1,2026-05-05T16:12:27.330+02:00,1853,1.428074,0,0,1618.589,0,0,2026-05-05T17:18:23.076+02:00,799687103.1696333,0,0.9099998,100.7542,0
2026-05-05T17:18:24.658+02:00,1777994304.000199,53.2356659222912,10.40152397416238,24.63485,0.66,0.72,145.5468794797908,88.39469285906092,6.593871895214569,4.748651530191798,-9999,3964.387301041667,0.3219146728515625,-0.019561767578125,-0.9345855712890625,3964.382264041667,-0.01820319250416704,0.2187406310364704,-0.1267954464867003,-0.03609062731266022,0.03758972138166428,-0.04004056006669998,0.02835610508918762,0.01031539216637611,0.03370165824890137,XArbitraryZVertical,-0.06198265492315339,0.1095017823048507,-0.01594400585282408,0.991924073984447,0.2865242660045624,-0.03883406892418861,-0.9572856426239014,0,0,0,-1,-1,2026-05-05T16:12:27.330+02:00,1853,1.428074,0,0,1618.589,0,0,2026-05-05T17:18:23.076+02:00,799687103.1696333,0,0.9099998,100.7542,0
2026-05-05T17:18:24.668+02:00,1777994304.000199,53.2356659222912,10.40152397416238,24.63485,0.66,0.72,145.5468794797908,88.39469285906092,6.593871895214569,4.748651530191798,-9999,3964.397374041667,0.3229522705078125,-0.015289306640625,-0.939361572265625,3964.392337041667,-0.01856068701430859,0.2190173404520219,-0.1272015215700412,-0.02831845730543137,0.03438220918178558,-0.04806173592805862,0.0304267406463623,0.01661426573991776,0.02834212779998779,XArbitraryZVertical,-0.06216226901526977,0.1096505573980733,-0.01615190760586006,0.9918930298565874,0.2868492603302002,-0.03840382024645805,-0.9572056531906128,0,0,0,-1,-1,2026-05-05T16:12:27.330+02:00,1853,1.428074,0,0,1618.589,0,0,2026-05-05T17:18:23.076+02:00,799687103.1696333,0,0.9099998,100.7542,0
2026-05-05T17:18:24.678+02:00,1777994304.000199,53.2356659222912,10.40152397416238,24.63485,0.66,0.72,145.5468794797908,88.39469285906092,6.593871895214569,4.748651530191798,-9999,3964.407447041667,0.32684326171875,-0.0165863037109375,-0.9379425048828125,3964.402410041667,-0.01893554573734051,0.2193021839298882,-0.1275156075264522,-0.01674158871173859,0.03497396409511566,-0.03721627965569496,0.0365312397480011,0.02036380022764206,0.01765048503875732,XArbitraryZVertical,-0.06229517289456722,0.1098038485878837,-0.0163637218179935,0.9918643064639321,0.2871839702129364,-0.03806400299072266,-0.9571188688278198,0,0,0,-1,-1,2026-05-05T16:12:27.330+02:00,1853,1.428074,0,0,1618.589,0,0,2026-05-05T17:18:23.076+02:00,799687103.1696333,0,0.9099998,100.7542,0
2026-05-05T17:18:24.688+02:00,1777994304.000199,53.2356659222912,10.40152397416238,24.63485,0.66,0.72,145.5468794797908,88.39469285906092,6.593871895214569,4.748651530191798,-9999,3964.417520041667,0.337799072265625,-0.0215606689453125,-0.942626953125,3964.412483041667,-0.01921534667183427,0.2195968950792623,-0.1276812645845722,-0.001292059198021889,0.03669622913002968,-0.02576148882508278,0.03574571013450623,0.02338303625583649,0.01983296871185303,XArbitraryZVertical,-0.0623595413285259,0.1099589267941211,-0.0165206673898549,0.9918404959512952,0.2875117659568787,-0.03787889331579208,-0.957027792930603,0,0,0,-1,-1,2026-05-05T16:12:27.330+02:00,1853,1.428074,0,0,1618.589,0,0,2026-05-05T17:18:23.076+02:00,799687103.1696333,0,0.9099998,100.7542,0
2026-05-05T17:18:24.698+02:00,1777994304.000199,53.2356659222912,10.40152397416238,24.63485,0.66,0.72,145.5468794797908,88.39469285906092,6.593871895214569,4.748651530191798,-9999,3964.427593041667,0.3334197998046875,-0.0173492431640625,-0.94403076171875,3964.422556041667,-0.01946877086293322,0.2199012309206671,-0.1276404555190211,0.0200614333152771,0.0386216938495636,-0.02340006455779076,0.04453936219215393,0.01775981113314629,0.01698595285415649,XArbitraryZVertical,-0.0623228366362585,0.110117703910257,-0.01665361213334452,0.991822910699756,0.2878428399562836,-0.03790140897035599,-0.9569273591041565,0,0,0,-1,-1,2026-05-05T16:12:27.330+02:00,1853,1.428074,0,0,1618.589,0,0,2026-05-05T17:18:23.076+02:00,799687103.1696333,0,0.9099998,100.7542,0
2026-05-05T17:18:24.709+02:00,1777994304.000199,53.2356659222912,10.40152397416238,24.63485,0.66,0.72,145.5468794797908,88.39469285906092,6.593871895214569,4.748651530191798,-9999,3964.437666041667,0.328582763671875,-0.02069091796875,-0.948089599609375,3964.432629041667,-0.01979078452466083,0.2201966968352764,-0.1274369807738158,0.03342171385884285,0.0266537144780159,-0.02947127446532249,0.04948684573173523,0.01793954893946648,0.01289635896682739,XArbitraryZVertical,-0.0622017040666601,0.1102739747819873,-0.01681141526803974,0.9918104825410474,0.2881749272346497,-0.03808114305138588,-0.9568202495574951,0,0,0,-1,-1,2026-05-05T16:12:27.330+02:00,1853,1.428074,0,0,1618.589,0,0,2026-05-05T17:18:23.076+02:00,799687103.1696333,0,0.9099998,100.7542,0
2026-05-05T17:18:24.719+02:00,1777994304.000199,53.2356659222912,10.40152397416238,24.63485,0.66,0.72,145.5468794797908,88.39469285906092,6.593871895214569,4.748651530191798,-9999,3964.447739041667,0.3311004638671875,-0.037353515625,-0.948211669921875,3964.442702041667,-0.02016809958811243,0.2202896917214577,-0.1271477598658962,0.03292844071984291,0.00805952399969101,-0.031334288418293,0.04213833808898926,0.02122200280427933,0.01256716251373291,XArbitraryZVertical,-0.06203666117662775,0.1103313861132401,-0.01698564729901016,0.9918114882904864,0.2883212566375732,-0.03834236040711403,-0.9567657709121704,0,0,0,-1,-1,2026-05-05T16:12:27.330+02:00,1853,1.428074,0,0,1618.589,0,0,2026-05-05T17:18:23.076+02:00,799687103.1696333,0,0.9099998,100.7542,0
2026-05-05T17:18:24.729+02:00,1777994304.000199,53.2356659222912,10.40152397416238,24.63485,0.66,0.72,145.5468794797908,88.39469285906092,6.593871895214569,4.748651530191798,-9999,3964.457812041667,0.3332672119140625,-0.0469818115234375,-0.9312286376953125,3964.452776041667,-0.02048822611498763,0.2202421006366417,-0.1269775082966969,0.005674716550856829,-0.006499710958451033,-0.02299033664166927,0.0410970151424408,0.009527891874313354,0.005693674087524414,XArbitraryZVertical,-0.06193496696024875,0.1103174422910189,-0.01713364292264782,0.9918168536592178,0.2883250117301941,-0.03848908096551895,-0.9567587375640869,0,0,0,-1,-1,2026-05-05T16:12:27.330+02:00,1853,1.428074,0,0,1618.589,0,0,2026-05-05T17:18:23.076+02:00,799687103.1696333,0,0.9099998,100.7542,0
2026-05-05T17:18:24.739+02:00,1777994304.000199,53.2356659222912,10.40152397416238,24.63485,0.66,0.72,145.5468794797908,88.39469285906092,6.593871895214569,4.748651530191798,-9999,3964.467885041667,0.3348236083984375,-0.056121826171875,-0.91815185546875,3964.462849041667,-0.02067431283861278,0.2201360405898285,-0.1271825166767267,-0.03807105869054794,-0.003461842890828848,-0.02338861301541328,0.04322719573974609,-0.005429763346910477,0.01660311222076416,XArbitraryZVertical,-0.06202729417608035,0.110270940951195,-0.01723380940233921,0.9918145516535566,0.2882547378540039,-0.03827141597867012,-0.9567886590957642,0,0,0,-1,-1,2026-05-05T16:12:27.330+02:00,1853,1.428074,0,0,1618.589,0,0,2026-05-05T17:18:23.076+02:00,799687103.1696333,0,0.9099998,100.7542,0
2026-05-05T17:18:24.749+02:00,1777994304.000199,53.2356659222912,10.40152397416238,24.63485,0.66,0.72,145.5468794797908,88.39469285906092,6.593871895214569,4.748651530191798,-9999,3964.477958041667,0.332611083984375,-0.0628204345703125,-0.9114990234375,3964.472922041667,-0.02077573986790331,0.2201239956046805,-0.1277741050337462,-0.07314542680978775,0.007892544381320477,-0.02122186496853828,0.04593384265899658,-0.01333563774824142,0.03231000900268555,XArbitraryZVertical,-0.06231522378463508,0.1102691006007721,-0.01731596452450389,0.9917951946231249,0.2882641851902008,-0.03767449781298637,-0.9568094611167908,0,0,0,-1,-1,2026-05-05T16:12:27.330+02:00,1853,1.428074,0,0,1618.589,0,0,2026-05-05T17:18:23.076+02:00,799687103.1696333,0,0.9099998,100.7542,0
2026-05-05T17:18:24.759+02:00,1777994304.000199,53.2356659222912,10.40152397416238,24.63485,0.66,0.72,145.5468794797908,88.39469285906092,6.593871895214569,4.748651530191798,-9999,3964.488031041667,0.3333282470703125,-0.0595245361328125,-0.920074462890625,3964.482995041667,-0.02073331503039093,0.2202922391990197,-0.1285449108013388,-0.07362441718578339,0.0246914979070425,-0.003547663800418377,0.04473567008972168,-0.02377492561936378,0.0432778000831604,XArbitraryZVertical,-0.06269839844924584,0.1103524637928695,-0.01734219072698726,0.9917612811387816,0.2884247004985809,-0.03690928593277931,-0.9567909240722656,0,0,0,-1,-1,2026-05-05T16:12:27.330+02:00,1853,1.428074,0,0,1618.589,0,0,2026-05-05T17:18:23.076+02:00,799687103.1696333,0,0.9099998,100.7542,0
2026-05-05T17:18:24.769+02:00,1777994304.000199,53.2356659222912,10.40152397416238,24.63485,0.66,0.72,145.5468794797908,88.39469285906092,6.593871895214569,4.748651530191798,-9999,3964.498104041667,0.3394927978515625,-0.0462799072265625,-0.947540283203125,3964.493068041667,-0.02054787780003208,0.2204375444320195,-0.1290092879386464,-0.02720285765826702,-0.0004314321558922529,0.0142244091257453,0.04410353302955627,-0.02660483494400978,0.04425263404846191,XArbitraryZVertical,-0.06293768302388891,0.1104194274221528,-0.01728012494923124,0.9917397481994183,0.2885380983352661,-0.03645974397659302,-0.9567739963531494,0,0,0,-1,-1,2026-05-05T16:12:27.330+02:00,1853,1.428074,0,0,1618.589,0,0,2026-05-05T17:18:23.076+02:00,799687103.1696333,0,0.9099998,100.7542,0
2026-05-05T17:18:24.779+02:00,1777994304.000199,53.2356659222912,10.40152397416238,24.63485,0.66,0.72,145.5468794797908,88.39469285906092,6.593871895214569,4.748651530191798,-9999,3964.508178041667,0.3502044677734375,-0.031890869140625,-0.9568634033203125,3964.503141041667,-0.02038710471089569,0.2203703700279527,-0.1290904532946085,0.002200836315751076,-0.009268333204090595,0.01367726363241673,0.0469697117805481,-0.01695433631539345,0.02407950162887573,XArbitraryZVertical,-0.06298738929601433,0.1103811787397224,-0.01720271420650054,0.9917422115914315,0.2884490191936493,-0.03639038279652596,-0.9568035006523132,0,0,0,-1,-1,2026-05-05T16:12:27.330+02:00,1853,1.428074,0,0,1618.589,0,0,2026-05-05T17:18:23.076+02:00,799687103.1696333,0,0.9099998,100.7542,0
2026-05-05T17:18:24.789+02:00,1777994304.000199,53.2356659222912,10.40152397416238,24.63485,0.66,0.72,145.5468794797908,88.39469285906092,6.593871895214569,4.748651530191798,-9999,3964.518251041667,0.33929443359375,-0.0307159423828125,-0.9438018798828125,3964.513214041667,-0.02031746237023538,0.2201578063476865,-0.1289573625540084,0.01049312110990286,-0.02884203568100929,0.005794039927423,0.05885815620422363,-0.001390028744935989,0.0005338191986083984,XArbitraryZVertical,-0.06292704551551888,0.1102733715655058,-0.01715423134569965,0.9917589639532879,0.2882335484027863,-0.03652806207537651,-0.9568631649017334,0,0,0,-1,-1,2026-05-05T16:12:27.330+02:00,1853,1.428074,0,0,1618.589,0,0,2026-05-05T17:18:23.076+02:00,799687103.1696333,0,0.9099998,100.7542,0
2026-05-05T17:18:24.799+02:00,1777994304.000199,53.2356659222912,10.40152397416238,24.63485,0.66,0.72,145.5468794797908,88.39469285906092,6.593871895214569,4.748651530191798,-9999,3964.528324041667,0.32855224609375,-0.039886474609375,-0.9279022216796875,3964.523287041667,-0.02022668494919824,0.2199200606320759,-0.1289358637196711,-0.01032161340117455,-0.02200223878026009,0.01134826242923737,0.05859667062759399,0.00687764585018158,0.005183279514312744,XArbitraryZVertical,-0.06292342236557034,0.1101525910059424,-0.01710056595355432,0.9917735276346974,0.2879914939403534,-0.03655599430203438,-0.9569349884986877,0,0,0,-1,-1,2026-05-05T16:12:27.330+02:00,1853,1.428074,0,0,1618.589,0,0,2026-05-05T17:18:23.076+02:00,799687103.1696333,0,0.9099998,100.7542,0
2026-05-05T17:18:24.809+02:00,1777994304.000199,53.2356659222912,10.40152397416238,24.63485,0.66,0.72,145.5468794797908,88.39469285906092,6.593871895214569,4.748651530191798,-9999,3964.538397041667,0.331878662109375,-0.046661376953125,-0.916534423828125,3964.533360041667,-0.02005479677346982,0.2200874750504139,-0.1291362718259519,-0.02242860943078995,-0.02456393279135227,0.01916810125112534,0.04395097494125366,0.002433028072118759,0.02001196146011353,XArbitraryZVertical,-0.06303085473617398,0.110230483264574,-0.01703151206480975,0.9917592847112026,0.2881260514259338,-0.03636858239769936,-0.9569016098976135,0,0,0,-1,-1,2026-05-05T16:12:27.330+02:00,1853,1.428074,0,0,1618.589,0,0,2026-05-05T17:18:23.076+02:00,799687103.1696333,0,0.9099998,100.7542,0
2026-05-05T17:18:24.820+02:00,1777994304.000199,53.2356659222912,10.40152397416238,24.63485,0.66,0.72,145.5468794797908,88.39469285906092,6.593871895214569,4.748651530191798,-9999,3964.548470041667,0.3294677734375,-0.038787841796875,-0.91314697265625,3964.543433041667,-0.01977244170274916,0.2203962664609647,-0.1292748305918346,-0.03079556860029697,-0.005873868241906166,0.02634452283382416,0.04022017121315002,-0.008930590003728867,0.03597760200500488,XArbitraryZVertical,-0.06311252760919069,0.1103748992860155,-0.01690879211432364,0.9917400755007433,0.2883778810501099,-0.03625068813562393,-0.9568302035331726,0,0,0,-1,-1,2026-05-05T16:12:27.330+02:00,1853,1.428074,0,0,1618.589,0,0,2026-05-05T17:18:23.076+02:00,799687103.1696333,0,0.9099998,100.7542,0
2026-05-05T17:18:24.829+02:00,1777994304.000199,53.2356659222912,10.40152397416238,24.63485,0.66,0.72,145.5468794797908,88.39469285906092,6.593871895214569,4.748651530191798,-9999,3964.558543041667,0.3153076171875,-0.025970458984375,-0.9240570068359375,3964.553506041667,-0.01950082476958405,0.220954339364481,-0.1294198962379643,-0.03538872301578522,0.008821721188724041,0.01664528995752335,0.0449770987033844,-0.007774010300636292,0.04233413934707642,XArbitraryZVertical,-0.06319477831698808,0.1106432450425955,-0.01679965542082541,0.9917067407327799,0.2888699471950531,-0.03612552583217621,-0.9566864967346191,0,0,0,-1,-1,2026-05-05T16:12:27.330+02:00,1853,1.428074,0,0,1618.589,0,0,2026-05-05T17:18:23.076+02:00,799687103.1696333,0,0.9099998,100.7542,0
2026-05-05T17:18:24.840+02:00,1777994304.000199,53.2356659222912,10.40152397416238,24.63485,0.66,0.72,145.5468794797908,88.39469285906092,6.593871895214569,4.748651530191798,-9999,3964.568616041667,0.3189544677734375,-0.017974853515625,-0.9460296630859375,3964.563580041667,-0.01923935931318512,0.2214923658759542,-0.1295195456327103,-0.03638474643230438,-0.009471265599131584,0.01742912456393242,0.03266224265098572,0.004184558987617493,0.04071378707885742,XArbitraryZVertical,-0.06325417321212909,0.110901881560776,-0.0166924745957667,0.9916758640709158,0.2893439829349518,-0.03604490682482719,-0.9565463066101074,0,0,0,-1,-1,2026-05-05T16:12:27.330+02:00,1853,1.428074,0,0,1618.589,0,0,2026-05-05T17:18:23.076+02:00,799687103.1696333,0,0.9099998,100.7542,0
2026-05-05T17:18:24.850+02:00,1777994304.000199,53.2356659222912,10.40152397416238,24.63485,0.66,0.72,145.5468794797908,88.39469285906092,6.593871895214569,4.748651530191798,-9999,3964.578689041667,0.3311920166015625,-0.0218658447265625,-0.953125,3964.573653041667,-0.01894881644633298,0.2217878752363341,-0.1295595895307288,-0.03208613768219948,-0.03361628204584122,0.02362363785505295,0.02435341477394104,0.0153806172311306,0.02144724130630493,XArbitraryZVertical,-0.06328769678753576,0.1110392626619363,-0.0165599601031509,0.9916605491675248,0.2895809412002563,-0.0360257625579834,-0.9564753174781799,0,0,0,-1,-1,2026-05-05T16:12:27.330+02:00,1853,1.428074,0,0,1618.589,0,0,2026-05-05T17:18:23.076+02:00,799687103.1696333,0,0.9099998,100.7542,0
2026-05-05T17:18:24.860+02:00,1777994304.000199,53.2356659222912,10.40152397416238,24.63485,0.66,0.72,145.5468794797908,88.39469285906092,6.593871895214569,4.748651530191798,-9999,3964.588762041667,0.325775146484375,-0.025604248046875,-0.9427032470703125,3964.583726041667,-0.01862333060234958,0.22183704723767,-0.1296873945944796,-0.03902218118309975,-0.05278997868299484,0.0262572355568409,0.03751000761985779,0.01631409674882889,0.004347145557403564,XArbitraryZVertical,-0.06336873948395115,0.1110534706644256,-0.01640714947046307,0.9916563586515494,0.2895774245262146,-0.03592164069414139,-0.9564802646636963,0,0,0,-1,-1,2026-05-05T16:12:27.330+02:00,1853,1.428074,0,0,1618.589,0,0,2026-05-05T17:18:23.076+02:00,799687103.1696333,0,0.9099998,100.7542,0
2026-05-05T17:18:24.870+02:00,1777994304.000199,53.2356659222912,10.40152397416238,24.63485,0.66,0.72,145.5468794797908,88.39469285906092,6.593871895214569,4.748651530191798,-9999,3964.598835041667,0.3225555419921875,-0.028472900390625,-0.93310546875,3964.593799041667,-0.01828009894966694,0.2218943547067951,-0.1300525298769885,-0.04890810325741768,-0.03552683442831039,0.02930868789553642,0.04017698764801025,0.01165641471743584,0.007334291934967041,XArbitraryZVertical,-0.06356839819373647,0.1110713504863065,-0.01625884397357135,0.991644033297033,0.2895807325839996,-0.03558219969272614,-0.956492006778717,0,0,0,-1,-1,2026-05-05T16:12:27.330+02:00,1853,1.428074,0,0,1618.589,0,0,2026-05-05T17:18:23.076+02:00,799687103.1696333,0,0.9099998,100.7542,0
2026-05-05T17:18:24.880+02:00,1777994304.000199,53.2356659222912,10.40152397416238,24.63485,0.66,0.72,145.5468794797908,88.39469285906092,6.593871895214569,4.748651530191798,-9999,3964.608908041667,0.3211212158203125,-0.0208587646484375,-0.94635009765625,3964.603872041667,-0.0178485419171182,0.2220494472237677,-0.130476066591131,-0.0443723089993,-0.03779957816004753,0.03902842476963997,0.03482943773269653,0.008045434951782227,0.02012568712234497,XArbitraryZVertical,-0.06380114074855132,0.1111348731600259,-0.0160730888037142,0.9916250285406552,0.2896639704704285,-0.03519082069396973,-0.9564812779426575,0,0,0,-1,-1,2026-05-05T16:12:27.330+02:00,1853,1.428074,0,0,1618.589,0,0,2026-05-05T17:18:23.076+02:00,799687103.1696333,0,0.9099998,100.7542,0
2026-05-05T17:18:24.890+02:00,1777994304.000199,53.2356659222912,10.40152397416238,24.63485,0.66,0.72,145.5468794797908,88.39469285906092,6.593871895214569,4.748651530191798,-9999,3964.618982041667,0.325164794921875,-0.008697509765625,-0.9554901123046875,3964.613945041667,-0.01743254002017164,0.2221123233997153,-0.1308033496506482,-0.03620998933911324,-0.03477049618959427,0.03093028627336025,0.03165888786315918,0.008252408355474472,0.01890158653259277,XArbitraryZVertical,-0.06398604366009752,0.111152998847966,-0.01588683834181079,0.9916141465956714,0.2896607220172882,-0.03489425033330917,-0.9564931392669678,0,0,0,-1,-1,2026-05-05T16:12:27.330+02:00,1853,1.428074,0,0,1618.589,0,0,2026-05-05T17:18:23.076+02:00,799687103.1696333,0,0.9099998,100.7542,0
2026-05-05T17:18:24.900+02:00,1777994304.000199,53.2356659222912,10.40152397416238,24.63485,0.66,0.72,145.5468794797908,88.39469285906092,6.593871895214569,4.748651530191798,-9999,3964.629055041667,0.3289337158203125,-0.0202484130859375,-0.95770263671875,3964.624018041667,-0.01706997296701735,0.2222551811587863,-0.1309641353276624,-0.03064494207501411,-0.02497379295527935,0.02696716971695423,0.03340953588485718,0.0213930644094944,0.004065811634063721,XArbitraryZVertical,-0.06408480197993273,0.1112123305741518,-0.01572049975625326,0.9916037134682694,0.2897411286830902,-0.0347597748041153,-0.9564736485481262,0,0,0,-1,-1,2026-05-05T16:12:27.330+02:00,1853,1.428074,0,0,1618.589,0,0,2026-05-05T17:18:23.076+02:00,799687103.1696333,0,0.9099998,100.7542,0
2026-05-05T17:18:24.910+02:00,1777994304.000199,53.2356659222912,10.40152397416238,24.63485,0.66,0.72,145.5468794797908,88.39469285906092,6.593871895214569,4.748651530191798,-9999,3964.639128041667,0.3318634033203125,-0.0328826904296875,-0.9605560302734375,3964.634091041667,-0.01677039764414752,0.2225606989984844,-0.1310948791069904,-0.02707657217979431,-0.02084589377045631,0.02476926147937775,0.03664281964302063,0.02297778055071831,-0.0003381967544555664,XArbitraryZVertical,-0.06416391019618578,0.1113542745112315,-0.01558896975293816,0.9915847388343717,0.2899868488311768,-0.03465075418353081,-0.9564031362533569,0,0,0,-1,-1,2026-05-05T16:12:27.330+02:00,1853,1.428074,0,0,1618.589,0,0,2026-05-05T17:18:23.076+02:00,799687103.1696333,0,0.9099998,100.7542,0
2026-05-05T17:18:24.920+02:00,1777994304.000199,53.2356659222912,10.40152397416238,24.63485,0.66,0.72,145.5468794797908,88.39469285906092,6.593871895214569,4.748651530191798,-9999,3964.649201041667,0.3270721435546875,-0.027252197265625,-0.9565582275390625,3964.644164041667,-0.0165027388053815,0.2228341621091276,-0.1313172958501514,-0.02285418286919594,-0.0156889483332634,0.01875857450067997,0.0415794849395752,0.005944646894931793,-0.002824008464813232,XArbitraryZVertical,-0.06428698424871587,0.1114813698156749,-0.01547732065000573,0.9915642008278157,0.2902076244354248,-0.03444806113839149,-0.9563434720039368,0,0,0,-1,-1,2026-05-05T16:12:27.330+02:00,1853,1.428074,0,0,1618.589,0,0,2026-05-05T17:18:23.076+02:00,799687103.1696333,0,0.9099998,100.7542,0
2026-05-05T17:18:24.930+02:00,1777994304.000199,53.2356659222912,10.40152397416238,24.63485,0.66,0.72,145.5468794797908,88.39469285906092,6.593871895214569,4.748651530191798,-9999,3964.659274041667,0.3265533447265625,-0.027557373046875,-0.9452056884765625,3964.654237041667,-0.01630996845924664,0.2230127570073249,-0.1316016685082264,-0.01554034370929003,-0.01092428714036942,0.0150248222053051,0.03902623057365417,0.003447063267230988,-0.004261314868927002,XArbitraryZVertical,-0.06443736029546898,0.1115638329681214,-0.01540320300922937,0.9915462691250457,0.2903500199317932,-0.03417826816439629,-0.9563099145889282,0,0,0,-1,-1,2026-05-05T16:12:27.330+02:00,1853,1.428074,0,0,1618.589,0,0,2026-05-05T17:18:23.076+02:00,799687103.1696333,0,0.9099998,100.7542,0
2026-05-05T17:18:24.940+02:00,1777994304.000199,53.2356659222912,10.40152397416238,24.63485,0.66,0.72,145.5468794797908,88.39469285906092,6.593871895214569,4.748651530191798,-9999,3964.669347041667,0.3220672607421875,-0.03375244140625,-0.9393310546875,3964.664311041667,-0.01614824355511,0.223319080783266,-0.1318897931448024,-0.01830832660198212,-0.01006009057164192,0.01392966322600842,0.03588810563087463,0.007398016750812531,0.005493283271789551,XArbitraryZVertical,-0.06458689229137103,0.1117105847892339,-0.01534883573554877,0.9915208606253726,0.2906194925308228,-0.03390253707766533,-0.9562379121780396,0,0,0,-1,-1,2026-05-05T16:12:27.330+02:00,1853,1.428074,0,0,1618.589,0,0,2026-05-05T17:18:23.076+02:00,799687103.1696333,0,0.9099998,100.7542,0
2026-05-05T17:18:24.950+02:00,1777994304.000199,53.2356659222912,10.40152397416238,24.63485,0.66,0.72,145.5468794797908,88.39469285906092,6.593871895214569,4.748651530191798,-9999,3964.679420041667,0.3166961669921875,-0.0363922119140625,-0.932464599609375,3964.674384041667,-0.01596414506024177,0.2236504157162022,-0.1321932135050806,-0.02844804711639881,-0.008962602354586124,0.0190794188529253,0.03411805629730225,0.002225823700428009,0.01515048742294312,XArbitraryZVertical,-0.06474508202753544,0.1118689798586931,-0.01528507998379436,0.9914937119575559,0.2909093797206879,-0.03361315280199051,-0.9561599493026733,0,0,0,-1,-1,2026-05-05T16:12:27.330+02:00,1853,1.428074,0,0,1618.589,0,0,2026-05-05T17:18:23.076+02:00,799687103.1696333,0,0.9099998,100.7542,0
2026-05-05T17:18:24.961+02:00,1777994304.000199,53.2356659222912,10.40152397416238,24.63485,0.66,0.72,145.5468794797908,88.39469285906092,6.593871895214569,4.748651530191798,-9999,3964.689492916667,0.31964111328125,-0.039520263671875,-0.9290924072265625,3964.684456916667,-0.01569595728715903,0.2239081714192173,-0.1325429138915614,-0.0367550291121006,-0.01596085727214813,0.02161874249577522,0.02793011069297791,-0.002330441027879715,0.01996666193008423,XArbitraryZVertical,-0.0649315088653058,0.111988146284837,-0.01517987330815809,0.9914696869616453,0.291115939617157,-0.03328357264399529,-0.9561086297035217,0,0,0,-1,-1,2026-05-05T16:12:27.330+02:00,1853,1.428074,0,0,1618.589,0,0,2026-05-05T17:18:23.076+02:00,799687103.1696333,0,0.9099998,100.7542,0
2026-05-05T17:18:24.971+02:00,1777994304.000199,53.2356659222912,10.40152397416238,24.63485,0.66,0.72,145.5468794797908,88.39469285906092,6.593871895214569,4.748651530191798,-9999,3964.699565916667,0.3213043212890625,-0.037841796875,-0.9353485107421875,3964.694529916667,-0.01540224279594218,0.2241097493708805,-0.1328932209562113,-0.03069820441305637,-0.01617817021906376,0.02412797324359417,0.02614867687225342,-0.005619026720523834,0.02679920196533203,XArbitraryZVertical,-0.0651201142019283,0.112078574500581,-0.01506026711113951,0.9914489458874647,0.291264683008194,-0.03295518830418587,-0.9560747146606445,0,0,0,-1,-1,2026-05-05T16:12:27.330+02:00,1853,1.428074,0,0,1618.589,0,0,2026-05-05T17:18:23.076+02:00,799687103.1696333,0,0.9099998,100.7542,0
2026-05-05T17:18:24.981+02:00,1777994304.000199,53.2356659222912,10.40152397416238,24.63485,0.66,0.72,145.5468794797908,88.39469285906092,6.593871895214569,4.748651530191798,-9999,3964.709638916667,0.32196044921875,-0.02545166015625,-0.9464569091796875,3964.704602916667,-0.01510015607760375,0.2242395811650031,-0.133220927817997,-0.01182321086525917,-0.02243367023766041,0.03164687380194664,0.02921336889266968,-0.007206052541732788,0.02530562877655029,XArbitraryZVertical,-0.06529854194308758,0.1121331037959618,-0.01493295295965604,0.9914329889064575,0.2913433015346527,-0.03264990448951721,-0.9560612440109253,0,0,0,-1,-1,2026-05-05T16:12:27.330+02:00,1853,1.428074,0,0,1618.589,0,0,2026-05-05T17:18:23.076+02:00,799687103.1696333,0,0.9099998,100.7542,0
2026-05-05T17:18:24.991+02:00,1777994304.000199,53.2356659222912,10.40152397416238,24.63485,0.66,0.72,145.5468794797908,88.39469285906092,6.593871895214569,4.748651530191798,-9999,3964.719712916667,0.3216705322265625,-0.0196075439453125,-0.9494476318359375,3964.714675916667,-0.01483213992289571,0.2243131487937665,-0.1334144327325103,0.00196663779206574,-0.03775856271386147,0.02500894665718079,0.02893996238708496,0.0001731216907501221,0.01433157920837402,XArbitraryZVertical,-0.0654089543037201,0.112160805597868,-0.01481325066781743,0.9914244226328659,0.291372537612915,-0.03247598931193352,-0.9560582637786865,0,0,0,-1,-1,2026-05-05T16:12:27.330+02:00,1853,1.428074,0,0,1618.589,0,0,2026-05-05T17:18:23.076+02:00,799687103.1696333,0,0.9099998,100.7542,0
2026-05-05T17:18:25.001+02:00,1777994304.000199,53.2356659222912,10.40152397416238,24.63485,0.66,0.72,145.5468794797908,88.39469285906092,6.593871895214569,4.748651530191798,-9999,3964.729785916667,0.31951904296875,-0.0237579345703125,-0.9476165771484375,3964.724748916667,-0.01464736507501639,0.2243935436545562,-0.1333751059032992,0.003796336008235812,-0.02929876744747162,0.01606245711445808,0.03064745664596558,0.01197465136647224,0.007143735885620117,XArbitraryZVertical,-0.06539923328487249,0.1121946289383127,-0.0147221007947999,0.9914225024453041,0.2914198040962219,-0.03252823650836945,-0.9560420513153076,0,0,0,-1,-1,2026-05-05T16:12:27.330+02:00,1853,1.428074,0,0,1618.589,0,0,2026-05-05T17:18:23.076+02:00,799687103.1696333,0,0.9099998,100.7542,0
2026-05-05T17:18:25.011+02:00,1777994304.000199,53.2356659222912,10.40152397416238,24.63485,0.66,0.72,145.5468794797908,88.39469285906092,6.593871895214569,4.748651530191798,-9999,3964.739858916667,0.3160858154296875,-0.0291595458984375,-0.9477691650390625,3964.734821916667,-0.01452393452735604,0.2244411695141507,-0.1333498167444666,-0.006071208044886589,-0.02615330740809441,0.01216678507626057,0.02926364541053772,0.01158133894205093,0.007760345935821533,XArbitraryZVertical,-0.06539327109974888,0.1122142053241426,-0.01466106582455691,0.9914215777179272,0.2914455831050873,-0.03256217762827873,-0.9560330510139465,0,0,0,-1,-1,2026-05-05T16:12:27.330+02:00,1853,1.428074,0,0,1618.589,0,0,2026-05-05T17:18:23.076+02:00,799687103.1696333,0,0.9099998,100.7542,0
2026-05-05T17:18:25.021+02:00,1777994304.000199,53.2356659222912,10.40152397416238,24.63485,0.66,0.72,145.5468794797908,88.39469285906092,6.593871895214569,4.748651530191798,-9999,3964.749931916667,0.3167877197265625,-0.036956787109375,-0.945587158203125,3964.744894916667,-0.01443416198577744,0.2245866003399276,-0.1335496217950077,-0.02405676059424877,-0.01903467811644077,0.003633616724982858,0.02657392621040344,0.006017416715621948,0.007835209369659424,XArbitraryZVertical,-0.06549629812774986,0.1122833263005671,-0.01463244094361625,0.9914074053459649,0.2915718257427216,-0.03236934542655945,-0.9560011029243469,0,0,0,-1,-1,2026-05-05T16:12:27.330+02:00,1853,1.428074,0,0,1618.589,0,0,2026-05-05T17:18:23.076+02:00,799687103.1696333,0,0.9099998,100.7542,0
2026-05-05T17:18:25.031+02:00,1777994304.000199,53.2356659222912,10.40152397416238,24.63485,0.66,0.72,145.5468794797908,88.39469285906092,6.593871895214569,4.748651530191798,-9999,3964.760004916667,0.3186187744140625,-0.03765869140625,-0.94549560546875,3964.754967916667,-0.01430503404055598,0.2247923148713569,-0.1337990864920356,-0.02543654479086399,-0.01999767683446407,0.01343351602554321,0.02429026365280151,-0.0004630051553249359,0.008780837059020996,XArbitraryZVertical,-0.06562572219740527,0.1123810231421147,-0.01458906898239742,0.9913883923272725,0.2917498052120209,-0.03212976828217506,-0.9559548497200012,0,0,0,-1,-1,2026-05-05T16:12:27.330+02:00,1853,1.428074,0,0,1618.589,0,0,2026-05-05T17:18:23.076+02:00,799687103.1696333,0,0.9099998,100.7542,0
2026-05-05T17:18:25.041+02:00,1777994304.000199,53.2356659222912,10.40152397416238,24.63485,0.66,0.72,145.5468794797908,88.39469285906092,6.593871895214569,4.748651530191798,-9999,3964.770077916667,0.322265625,-0.0327301025390625,-0.945037841796875,3964.765040916667,-0.01408012099652647,0.2249749396841222,-0.1339205550694547,-0.01357743423432112,-0.01639974676072598,0.02159344218671322,0.02540171146392822,-0.006458103656768799,0.01069480180740356,XArbitraryZVertical,-0.06569725506199124,0.1124641370231373,-0.01449034817915885,0.9913756690051211,0.2918895781040192,-0.0320245623588562,-0.9559157490730286,0,0,0,-1,-1,2026-05-05T16:12:27.330+02:00,1853,1.428074,0,0,1618.589,0,0,2026-05-05T17:18:23.076+02:00,799687103.1696333,0,0.9099998,100.7542,0
2026-05-05T17:18:25.051+02:00,1777994304.000199,53.2356659222912,10.40152397416238,24.63485,0.66,0.72,145.5468794797908,88.39469285906092,6.593871895214569,4.748651530191798,-9999,3964.780150916667,0.3210906982421875,-0.0257720947265625,-0.9464111328125,3964.775114916667,-0.01389324220925818,0.2250733035946173,-0.1338929409093295,-0.004539464600384235,-0.02524863183498383,0.0162974800914526,0.02945736050605774,-0.002968873828649521,0.01142150163650513,XArbitraryZVertical,-0.06569336281303917,0.1125067589420417,-0.0143994041779945,0.9913724633822476,0.2919538021087646,-0.03206530958414078,-0.9558947682380676,0,0,0,-1,-1,2026-05-05T16:12:27.330+02:00,1853,1.428074,0,0,1618.589,0,0,2026-05-05T17:18:23.076+02:00,799687103.1696333,0,0.9099998,100.7542,0
2026-05-05T17:18:25.061+02:00,1777994304.000199,53.2356659222912,10.40152397416238,24.63485,0.66,0.72,145.5468794797908,88.39469285906092,6.593871895214569,4.748651530191798,-9999,3964.790223916667,0.3152923583984375,-0.0133514404296875,-0.9414825439453125,3964.785187916667,-0.01376121874056093,0.2251473304143668,-0.1337197885814595,0.0177203007042408,-0.03840517997741699,0.01381474826484919,0.03030902147293091,0.001577086746692657,0.009111762046813965,XArbitraryZVertical,-0.06561442037046514,0.1125391751805799,-0.01432672951955828,0.9913750703072929,0.2920023798942566,-0.03224725276231766,-0.9558737874031067,0,0,0,-1,-1,2026-05-05T16:12:27.330+02:00,1853,1.428074,0,0,1618.589,0,0,2026-05-05T17:18:23.076+02:00,799687103.1696333,0,0.9099998,100.7542,0
2026-05-05T17:18:25.071+02:00,1777994304.000199,53.2356659222912,10.40152397416238,24.63485,0.66,0.72,145.5468794797908,88.39469285906092,6.593871895214569,4.748651530191798,-9999,3964.800296916667,0.3135528564453125,-0.0118255615234375,-0.942352294921875,3964.795260916667,-0.01364607959854131,0.2251142801176012,-0.133454146034266,0.02802380546927452,-0.0339699499309063,0.02173072844743729,0.02659189701080322,0.01359932869672775,0.01142239570617676,XArbitraryZVertical,-0.06548944106379732,0.1125191057463365,-0.01425374567809806,0.9913867221065014,0.2919506132602692,-0.03252023085951805,-0.9558804035186768,0,0,0,-1,-1,2026-05-05T16:12:27.330+02:00,1853,1.428074,0,0,1618.589,0,0,2026-05-05T17:18:23.076+02:00,799687103.1696333,0,0.9099998,100.7542,0
2026-05-05T17:18:25.081+02:00,1777994304.000199,53.2356659222912,10.40152397416238,24.63485,0.66,0.72,145.5468794797908,88.39469285906092,6.593871895214569,4.748651530191798,-9999,3964.810369916667,0.319610595703125,-0.01446533203125,-0.9467315673828125,3964.805333916667,-0.01348633973627651,0.2251067436693827,-0.1331517573091752,0.0458623506128788,-0.03011342883110046,0.02912898920476437,0.02130132913589478,0.02172454074025154,0.01528275012969971,XArbitraryZVertical,-0.06534857588470638,0.112510264527434,-0.01415744229017041,0.9913983519814028,0.2919158637523651,-0.03283294662833214,-0.9558802843093872,0,0,0,-1,-1,2026-05-05T16:12:27.330+02:00,1853,1.428074,0,0,1618.589,0,0,2026-05-05T17:18:23.076+02:00,799687103.1696333,0,0.9099998,100.7542,0
2026-05-05T17:18:25.092+02:00,1777994304.000199,53.2356659222912,10.40152397416238,24.63485,0.66,0.72,145.5468794797908,88.39469285906092,6.593871895214569,4.748651530191798,-9999,3964.820442916667,0.320953369140625,-0.0047454833984375,-0.949554443359375,3964.815406916667,-0.0133270113388413,0.225102821732146,-0.1326546419136081,0.06179311498999596,-0.0322202555835247,0.02929756790399551,0.02496558427810669,0.01960684731602669,0.01143002510070801,XArbitraryZVertical,-0.06511112140547572,0.112503328964924,-0.01405059101617962,0.991416252739183,0.2918831706047058,-0.03333975747227669,-0.9558727145195007,0,0,0,-1,-1,2026-05-05T16:12:27.330+02:00,1853,1.428074,0,0,1618.589,0,0,2026-05-05T17:18:23.076+02:00,799687103.1696333,0,0.9099998,100.7542,0
2026-05-05T17:18:25.102+02:00,1777994304.000199,53.2356659222912,10.40152397416238,24.63485,0.66,0.72,145.5468794797908,88.39469285906092,6.593871895214569,4.748651530191798,-9999,3964.830516916667,0.316131591796875,0.0032501220703125,-0.948944091796875,3964.825479916667,-0.01326092471919296,0.2249904439447814,-0.1319668902895887,0.08044674247503281,-0.04054156690835953,0.02152539789676666,0.02959004044532776,0.02321156486868858,0.007292866706848145,XArbitraryZVertical,-0.06477466093362957,0.1124457594830221,-0.01397580420209978,0.9914459016877504,0.2917600870132446,-0.03403004258871078,-0.9558860063552856,0,0,0,-1,-1,2026-05-05T16:12:27.330+02:00,1853,1.428074,0,0,1618.589,0,0,2026-05-05T17:18:23.076+02:00,799687103.1696333,0,0.9099998,100.7542,0
2026-05-05T17:18:25.112+02:00,1777994304.000199,53.2356659222912,10.40152397416238,24.63485,0.66,0.72,145.5468794797908,88.39469285906092,6.593871895214569,4.748651530191798,-9999,3964.840589916667,0.3161468505859375,-0.0073394775390625,-0.9490966796875,3964.835552916667,-0.01327950780045065,0.2248025539194496,-0.1311413319726389,0.0781090185046196,-0.04330246523022652,0.01192869804799557,0.02624824643135071,0.03533998876810074,0.007059693336486816,XArbitraryZVertical,-0.06436563121689466,0.1123535451838173,-0.01393291195774461,0.9914835970182566,0.2915771007537842,-0.03485170751810074,-0.9559122323989868,0,0,0,-1,-1,2026-05-05T16:12:27.330+02:00,1853,1.428074,0,0,1618.589,0,0,2026-05-05T17:18:23.076+02:00,799687103.1696333,0,0.9099998,100.7542,0
2026-05-05T17:18:25.122+02:00,1777994304.000199,53.2356659222912,10.40152397416238,24.63485,0.66,0.72,145.5468794797908,88.39469285906092,6.593871895214569,4.748651530191798,-9999,3964.850662916667,0.3175048828125,-0.03216552734375,-0.9516448974609375,3964.845625916667,-0.01335131106350445,0.2246506497306705,-0.1303870985391116,0.06114687025547028,-0.03475744649767876,0.01335408817976713,0.02393132448196411,0.03623932600021362,0.00768512487411499,XArbitraryZVertical,-0.0639887139933735,0.1122808254894645,-0.01392160581680296,0.9915163030523956,0.2914373576641083,-0.03559846431016922,-0.955927312374115,0,0,0,-1,-1,2026-05-05T16:12:27.330+02:00,1853,1.428074,0,0,1618.589,0,0,2026-05-05T17:18:23.076+02:00,799687103.1696333,0,0.9099998,100.7542,0
2026-05-05T17:18:25.132+02:00,1777994304.000199,53.2356659222912,10.40152397416238,24.63485,0.66,0.72,145.5468794797908,88.39469285906092,6.593871895214569,4.748651530191798,-9999,3964.860735916667,0.3214111328125,-0.0411376953125,-0.951995849609375,3964.855698916667,-0.0133067665917152,0.2247185196844196,-0.1298782857481575,0.03468144312500954,-0.0185779444873333,0.0150923328474164,0.0252813994884491,0.01575359329581261,0.004994571208953857,XArbitraryZVertical,-0.06373846688485194,0.1123132197196927,-0.01387333862669038,0.9915294637947244,0.2914910912513733,-0.03610881417989731,-0.9558917880058289,0,0,0,-1,-1,2026-05-05T16:12:27.330+02:00,1853,1.428074,0,0,1618.589,0,0,2026-05-05T17:18:23.076+02:00,799687103.1696333,0,0.9099998,100.7542,0
2026-05-05T17:18:25.142+02:00,1777994305.000182,53.23567768563851,10.40152986534908,24.64566,0,0.8049845,-1,-1,6.521699085374412,4.748651530191761,-9999,3964.870808916667,0.324310302734375,-0.040374755859375,-0.9461212158203125,3964.865771916667,-0.01328314208736317,0.224862263307842,-0.1297089413907379,0.008658150210976601,-0.01518641039729118,-0.0001447428949177265,0.02672076225280762,-0.003164671361446381,0.004551053047180176,XArbitraryZVertical,-0.06365483216196238,0.1123837838721308,-0.0138567631425184,0.9915271101294383,0.2916233837604523,-0.03627929463982582,-0.9558449983596802,0,0,0,-1,-1,2026-05-05T16:12:27.330+02:00,1853,1.428074,0,0,1618.589,0,0,2026-05-05T17:18:23.076+02:00,799687103.1696333,0,0.9099998,100.7542,0
2026-05-05T17:18:25.152+02:00,1777994305.000182,53.23567768563851,10.40152986534908,24.64566,0,0.8049845,-1,-1,6.521699085374412,4.748651530191761,-9999,3964.880881916667,0.313507080078125,-0.0391998291015625,-0.935150146484375,3964.875845916667,-0.01333288295421746,0.2249926286027338,-0.1298437061410816,0.001348305260762572,-0.01493234373629093,-0.0007796403951942921,0.03310266137123108,-0.003607701510190964,0.005614101886749268,XArbitraryZVertical,-0.06371794975388205,0.1124499525195387,-0.0138930912164948,0.9915150408561052,0.2917569577693939,-0.03614145144820213,-0.9558094143867493,0,0,0,-1,-1,2026-05-05T16:12:27.330+02:00,1853,1.428074,0,0,1618.589,0,0,2026-05-05T17:18:23.076+02:00,799687103.1696333,0,0.9099998,100.7542,0
2026-05-05T17:18:25.162+02:00,1777994305.000182,53.23567768563851,10.40152986534908,24.64566,0,0.8049845,-1,-1,6.521699085374412,4.748651530191761,-9999,3964.890954916667,0.3146820068359375,-0.03704833984375,-0.9300537109375,3964.885918916667,-0.01337801014121143,0.2250499496289219,-0.130107284990305,-0.003006549086421728,-0.02141048386693001,-0.004478837829083204,0.02728602290153503,-0.00495697557926178,0.01471406221389771,XArbitraryZVertical,-0.06384569265696795,0.1124797133485924,-0.0139319974930205,0.9915029671073808,0.2918210327625275,-0.03587554767727852,-0.9557998776435852,0,0,0,-1,-1,2026-05-05T16:12:27.330+02:00,1853,1.428074,0,0,1618.589,0,0,2026-05-05T17:18:23.076+02:00,799687103.1696333,0,0.9099998,100.7542,0
2026-05-05T17:18:25.172+02:00,1777994305.000182,53.23567768563851,10.40152986534908,24.64566,0,0.8049845,-1,-1,6.521699085374412,4.748651530191761,-9999,3964.901027916667,0.3158416748046875,-0.0447845458984375,-0.9287109375,3964.895991916667,-0.0134174435316592,0.225110323519907,-0.13029418600618,0.01120833866298199,-0.0196959413588047,0.002703974023461342,0.02073559165000916,-0.001697611063718796,0.02379542589187622,XArbitraryZVertical,-0.06393572639401066,0.1125108553471397,-0.01396391059461999,0.9914930566985254,0.2918864786624908,-0.03568641468882561,-0.9557870030403137,0,0,0,-1,-1,2026-05-05T16:12:27.330+02:00,1853,1.428074,0,0,1618.589,0,0,2026-05-05T17:18:23.076+02:00,799687103.1696333,0,0.9099998,100.7542,0
2026-05-05T17:18:25.182+02:00,1777994305.000182,53.23567768563851,10.40152986534908,24.64566,0,0.8049845,-1,-1,6.521699085374412,4.748651530191761,-9999,3964.911100916667,0.316619873046875,-0.0346832275390625,-0.933135986328125,3964.906064916667,-0.01344461912003301,0.225100160340394,-0.1303731487829034,0.01957487314939499,-0.03536598011851311,0.003698198590427637,0.02418887615203857,-0.006157517433166504,0.02700424194335938,XArbitraryZVertical,-0.06397341646422641,0.1125066573200171,-0.01398146476366611,0.9914908799714854,0.2918817102909088,-0.03560579568147659,-0.9557914733886719,0,0,0,-1,-1,2026-05-05T16:12:27.330+02:00,1853,1.428074,0,0,1618.589,0,0,2026-05-05T17:18:23.076+02:00,799687103.1696333,0,0.9099998,100.7542,0
2026-05-05T17:18:25.192+02:00,1777994305.000182,53.23567768563851,10.40152986534908,24.64566,0,0.8049845,-1,-1,6.521699085374412,4.748651530191761,-9999,3964.921174916667,0.3198394775390625,-0.0206146240234375,-0.932403564453125,3964.916137916667,-0.01346417651787181,0.2249460189695644,-0.1304263447233737,0.02574062347412109,-0.04328702017664909,0.009757156483829021,0.02468359470367432,-0.007356312125921249,0.0247156023979187,XArbitraryZVertical,-0.0639997677146253,0.1124308486273305,-0.01398919652913964,0.9914976886909144,0.2917379140853882,-0.03555139526724815,-0.9558373689651489,0,0,0,-1,-1,2026-05-05T16:12:27.330+02:00,1853,1.428074,0,0,1618.589,0,0,2026-05-05T17:18:23.076+02:00,799687103.1696333,0,0.9099998,100.7542,0
2026-05-05T17:18:25.203+02:00,1777994305.000182,53.23567768563851,10.40152986534908,24.64566,0,0.8049845,-1,-1,6.521699085374412,4.748651530191761,-9999,3964.931247916667,0.324554443359375,-0.0295867919921875,-0.935760498046875,3964.926210916667,-0.01342019430048211,0.2247564579159294,-0.1305237099979022,0.01070500165224075,-0.03332839533686638,0.01481662970036268,0.02610695362091064,0.01017360761761665,0.02242642641067505,XArbitraryZVertical,-0.06405184097313328,0.11233543995137,-0.01396675415384118,0.991505402661765,0.291550487279892,-0.03545742481946945,-0.9558980464935303,0,0,0,-1,-1,2026-05-05T16:12:27.330+02:00,1853,1.428074,0,0,1618.589,0,0,2026-05-05T17:18:23.076+02:00,799687103.1696333,0,0.9099998,100.7542,0
2026-05-05T17:18:25.212+02:00,1777994305.000182,53.23567768563851,10.40152986534908,24.64566,0,0.8049845,-1,-1,6.521699085374412,4.748651530191761,-9999,3964.941320916667,0.3203277587890625,-0.0355072021484375,-0.9423370361328125,3964.936283916667,-0.01328235092163612,0.2246865857184815,-0.1305585473401361,0.004658827558159828,-0.02853790111839771,0.01728111878037453,0.03091034293174744,0.01193390786647797,0.02155399322509766,XArbitraryZVertical,-0.0640773361893827,0.1122963640318758,-0.01389811864857391,0.9915092277721435,0.2914621233940125,-0.03543245047330856,-0.9559259414672852,0,0,0,-1,-1,2026-05-05T16:12:27.330+02:00,1853,1.428074,0,0,1618.589,0,0,2026-05-05T17:18:23.076+02:00,799687103.1696333,0,0.9099998,100.7542,0
2026-05-05T17:18:25.223+02:00,1777994305.000182,53.23567768563851,10.40152986534908,24.64566,0,0.8049845,-1,-1,6.521699085374412,4.748651530191761,-9999,3964.951393916667,0.321746826171875,-0.033111572265625,-0.9549560546875,3964.946356916667,-0.01317736818984331,0.2246187912764061,-0.1303952375587114,0.0132460305467248,-0.02917413040995598,0.009407350793480873,0.03120672702789307,0.0008583851158618927,0.01778870820999146,XArbitraryZVertical,-0.06400272960285537,0.1122594533170631,-0.01383480371110204,0.9915191177881145,0.2913793623447418,-0.03560264781117439,-0.955944836139679,0,0,0,-1,-1,2026-05-05T16:12:27.330+02:00,1853,1.428074,0,0,1618.589,0,0,2026-05-05T17:18:23.076+02:00,799687103.1696333,0,0.9099998,100.7542,0
2026-05-05T17:18:25.243+02:00,1777994305.000182,53.23567768563851,10.40152986534908,24.64566,0,0.8049845,-1,-1,6.521699085374412,4.748651530191761,-9999,3964.961466916667,0.321990966796875,-0.041107177734375,-0.92730712890625,3964.956429916667,-0.01316614189273906,0.2253964113135551,-0.1297457615971202,0.1285845935344696,0.05663451924920082,0.02743269130587578,0.02810531854629517,0.003032457083463669,0.007178902626037598,XArbitraryZVertical,-0.06367597369362962,0.1126448520574336,-0.0138178184206363,0.9914966805583271,0.2921156287193298,-0.03625085204839706,-0.9556957483291626,0,0,0,-1,-1,2026-05-05T16:12:27.330+02:00,1853,1.428074,0,0,1618.589,0,0,2026-05-05T17:18:23.076+02:00,799687103.1696333,0,0.9099998,100.7542,0
2026-05-05T17:18:25.245+02:00,1777994305.000182,53.23567768563851,10.40152986534908,24.64566,0,0.8049845,-1,-1,6.521699085374412,4.748651530191761,-9999,3964.971539916667,0.3328857421875,-0.025115966796875,-0.8922576904296875,3964.966502916667,-0.01289919009281275,0.2249230532755036,-0.1291273311245629,0.03767329081892967,-0.0211992934346199,0.02565988898277283,0.03049725294113159,0.002584364265203476,0.001447856426239014,XArbitraryZVertical,-0.06338761810482831,0.1124019467183197,-0.01363590222305665,0.9915452576807736,0.2916158139705658,-0.03688612952828407,-0.955824077129364,0,0,0,-1,-1,2026-05-05T16:12:27.330+02:00,1853,1.428074,0,0,1618.589,0,0,2026-05-05T17:18:23.076+02:00,799687103.1696333,0,0.9099998,100.7542,0
2026-05-05T17:18:25.253+02:00,1777994305.000182,53.23567768563851,10.40152986534908,24.64566,0,0.8049845,-1,-1,6.521699085374412,4.748651530191761,-9999,3964.981612916667,0.2850799560546875,-0.0045623779296875,-0.9786834716796875,3964.976576916667,-0.01288595059757271,0.2250893584925529,-0.1288181796217942,0.002240197965875268,0.009097358211874962,-0.0009397626854479313,0.03797236084938049,-0.01050375029444695,0.0771486759185791,XArbitraryZVertical,-0.06323394488127854,0.112484105265104,-0.01361734900828774,0.9915460272734706,0.2917701005935669,-0.03719522804021835,-0.9557650089263916,0,0,0,-1,-1,2026-05-05T16:12:27.330+02:00,1853,1.428074,0,0,1618.589,0,0,2026-05-05T17:18:23.076+02:00,799687103.1696333,0,0.9099998,100.7542,0
2026-05-05T17:18:25.263+02:00,1777994305.000182,53.23567768563851,10.40152986534908,24.64566,0,0.8049845,-1,-1,6.521699085374412,4.748651530191761,-9999,3964.991685916667,0.321441650390625,-0.06719970703125,-0.9231414794921875,3964.986649916667,-0.01280266301561195,0.22486783098222,-0.1289154181699891,-0.01838667690753937,-0.009647034108638763,0.009202552959322929,0.02005380392074585,0.04519132152199745,-0.005619347095489502,XArbitraryZVertical,-0.06328834640609925,0.1123716023962369,-0.01357447654785054,0.9915558893238705,0.291545957326889,-0.03710417076945305,-0.9558369517326355,0,0,0,-1,-1,2026-05-05T16:12:27.330+02:00,1853,1.428074,0,0,1618.589,0,0,2026-05-05T17:18:23.076+02:00,799687103.1696333,0,0.9099998,100.7542,0
2026-05-05T17:18:25.273+02:00,1777994305.000182,53.23567768563851,10.40152986534908,24.64566,0,0.8049845,-1,-1,6.521699085374412,4.748651530191761,-9999,3965.001758916667,0.3207244873046875,-0.0488128662109375,-0.93408203125,3964.996722916667,-0.01266039246914176,0.2252722837655989,-0.1292534135230185,-0.0693766251206398,0.02901886776089668,-0.0005885581485927105,-0.0004545748233795166,-0.01359197124838829,0.0124240517616272,XArbitraryZVertical,-0.06346118774046218,0.1125674497225057,-0.01353562769285527,0.9915231825960609,0.2919127345085144,-0.03677729517221451,-0.9557376503944397,0,0,0,-1,-1,2026-05-05T16:12:27.330+02:00,1853,1.428074,0,0,1618.589,0,0,2026-05-05T17:18:23.076+02:00,799687103.1696333,0,0.9099998,100.7542,0
2026-05-05T17:18:25.283+02:00,1777994305.000182,53.23567768563851,10.40152986534908,24.64566,0,0.8049845,-1,-1,6.521699085374412,4.748651530191761,-9999,3965.011831916667,0.3101043701171875,-0.0401458740234375,-0.932464599609375,3965.006795916667,-0.01247413120892733,0.2250319543671932,-0.1299066850115935,-0.03913131356239319,-0.1321295499801636,0.01714782789349556,0.04316487908363342,-0.01894501596689224,0.02635037899017334,XArbitraryZVertical,-0.06379718700347335,0.1124420436794276,-0.01347212632700453,0.9915166606647298,0.2916587591171265,-0.03613921254873276,-0.9558395147323608,0,0,0,-1,-1,2026-05-05T16:12:27.330+02:00,1853,1.428074,0,0,1618.589,0,0,2026-05-05T17:18:23.076+02:00,799687103.1696333,0,0.9099998,100.7542,0
2026-05-05T17:18:25.293+02:00,1777994305.000182,53.23567768563851,10.40152986534908,24.64566,0,0.8049845,-1,-1,6.521699085374412,4.748651530191761,-9999,3965.021905916667,0.3585052490234375,-0.0073699951171875,-0.95513916015625,3965.016868916667,-0.01226155817576273,0.2238543689974411,-0.1300510744745125,0.007069201674312353,-0.1278461217880249,0.02387470565736294,0.01290538907051086,-0.0136418305337429,0.02530413866043091,XArbitraryZVertical,-0.06388858583925826,0.1118513514710327,-0.01333718468499455,0.9915794818840143,0.2905004024505615,-0.03601027280092239,-0.9561970233917236,0,0,0,-1,-1,2026-05-05T16:12:27.330+02:00,1853,1.428074,0,0,1618.589,0,0,2026-05-05T17:18:23.076+02:00,799687103.1696333,0,0.9099998,100.7542,0
2026-05-05T17:18:25.303+02:00,1777994305.000182,53.23567768563851,10.40152986534908,24.64566,0,0.8049845,-1,-1,6.521699085374412,4.748651530191761,-9999,3965.031978916667,0.3133087158203125,-0.02264404296875,-0.9590911865234375,3965.026941916667,-0.01204826747075903,0.2231924145308135,-0.1300386632435186,-0.01689179241657257,-0.0221236776560545,0.01617364399135113,0.05063602328300476,0.0149957500398159,0.01453441381454468,XArbitraryZVertical,-0.06389874142401415,0.1115163590249404,-0.01320960238470503,0.9916181694144411,0.2898333668708801,-0.0360376201570034,-0.9563984274864197,0,0,0,-1,-1,2026-05-05T16:12:27.330+02:00,1853,1.428074,0,0,1618.589,0,0,2026-05-05T17:18:23.076+02:00,799687103.1696333,0,0.9099998,100.7542,0
