loggingTime(txt),locationTimestamp_since1970(s),locationLatitude(WGS84),locationLongitude(WGS84),locationAltitude(m),locationSpeed(m/s),locationSpeedAccuracy(m/s),locationCourse(°),locationCourseAccuracy(°),locationVerticalAccuracy(m),locationHorizontalAccuracy(m),locationFloor(Z),accelerometerTimestamp_sinceReboot(s),accelerometerAccelerationX(G),accelerometerAccelerationY(G),accelerometerAccelerationZ(G),motionTimestamp_sinceReboot(s),motionYaw(rad),motionRoll(rad),motionPitch(rad),motionRotationRateX(rad/s),motionRotationRateY(rad/s),motionRotationRateZ(rad/s),motionUserAccelerationX(G),motionUserAccelerationY(G),motionUserAccelerationZ(G),motionAttitudeReferenceFrame(txt),motionQuaternionX(R),motionQuaternionY(R),motionQuaternionZ(R),motionQuaternionW(R),motionGravityX(G),motionGravityY(G),motionGravityZ(G),motionMagneticFieldX(µT),motionMagneticFieldY(µT),motionMagneticFieldZ(µT),motionHeading(°),motionMagneticFieldCalibrationAccuracy(Z),activityTimestamp_sinceReboot(s),activity(txt),activityActivityConfidence(Z),activityActivityStartDate(txt),pedometerStartDate(txt),pedometerNumberofSteps(N),pedometerAverageActivePace(s/m),pedometerCurrentPace(s/m),pedometerCurrentCadence(steps/s),pedometerDistance(m),pedometerFloorAscended(N),pedometerFloorDescended(N),pedometerEndDate(txt),altimeterTimestamp_sinceReboot(s),altimeterReset(bool),altimeterRelativeAltitude(m),altimeterPressure(kPa),batteryState(N),batteryLevel(R)
2026-04-24T18:21:01.742+02:00,1777047653.571205,53.56895416345577,9.882977505173033,38.55946,-1,-1,-1,-1,9.056828472500998,2.789105338997707,-9999,3276.32563625,0.178680419921875,-0.52874755859375,-0.822235107421875,3276.31682525,0.04766885797968042,0.2060165668390649,0.5571673299952956,0.0327138751745224,0.02403227612376213,-0.02580740861594677,0.007299885153770447,0.001959145069122314,0.007794857025146484,XArbitraryZVertical,0.2711027568584332,0.1053527308531126,0.05106046803594387,0.9554040733095488,0.1736235916614532,-0.5287840962409973,-0.8308082222938538,0,0,0,-1,-1,3230.927795875,unknown,2,2026-04-24T18:20:16.323+02:00,null,0,0,0,0,0,0,0,null,798740460.2590986,0,0.75,101.556,1,0.85
2026-04-24T18:21:01.752+02:00,1777047653.571205,53.56895416345577,9.882977505173033,38.55946,-1,-1,-1,-1,9.056828472500998,2.789105338997707,-9999,3276.33571125,0.179443359375,-0.5276336669921875,-0.82012939453125,3276.32690025,0.04734583559269125,0.2063517143843256,0.5573638285283266,0.02393796294927597,0.01795813627541065,-0.02386117167770863,0.004799708724021912,0.0002033114433288574,0.008413136005401611,XArbitraryZVertical,0.2712052288433418,0.1054684842501299,0.05096067927321039,0.9553675569876858,0.1738807260990143,-0.5289508700370789,-0.8306482434272766,0,0,0,-1,-1,3230.927795875,unknown,2,2026-04-24T18:20:16.323+02:00,null,0,0,0,0,0,0,0,null,798740460.2590986,0,0.75,101.556,1,0.85
2026-04-24T18:21:01.761+02:00,1777047653.571205,53.56895416345577,9.882977505173033,38.55946,-1,-1,-1,-1,9.056828472500998,2.789105338997707,-9999,3276.34578625,0.18408203125,-0.5279083251953125,-0.8172149658203125,3276.33697525,0.04712116590313296,0.2065732186498151,0.5574973626363751,0.0167000237852335,0.01106800697743893,-0.01207075733691454,0.005393132567405701,0.001430511474609375,0.01041120290756226,XArbitraryZVertical,0.2712753234083815,0.1055434406649007,0.05088958425844241,0.9553431440632235,0.1740502268075943,-0.5290641784667969,-0.8305405378341675,0,0,0,-1,-1,3230.927795875,unknown,2,2026-04-24T18:20:16.323+02:00,null,0,0,0,0,0,0,0,null,798740460.2590986,0,0.75,101.556,1,0.85
2026-04-24T18:21:01.772+02:00,1777047653.571205,53.56895416345577,9.882977505173033,38.55946,-1,-1,-1,-1,9.056828472500998,2.789105338997707,-9999,3276.35586125,0.183349609375,-0.5316314697265625,-0.8155975341796875,3276.34705025,0.04698979344619498,0.2066864497408379,0.5575503912497134,0.007298798765987158,0.005621575750410557,-0.007750310935080051,0.009943529963493347,0.001200854778289795,0.01327842473983765,XArbitraryZVertical,0.2713047301855834,0.1055795461941487,0.05084464313464403,0.9553332404092491,0.1741385161876678,-0.5291091799736023,-0.8304933905601501,0,0,0,-1,-1,3230.927795875,unknown,2,2026-04-24T18:20:16.323+02:00,null,0,0,0,0,0,0,0,null,798740460.2590986,0,0.75,101.556,1,0.85
2026-04-24T18:21:01.782+02:00,1777047653.571205,53.56895416345577,9.882977505173033,38.55946,-1,-1,-1,-1,9.056828472500998,2.789105338997707,-9999,3276.36593625,0.178314208984375,-0.532501220703125,-0.814208984375,3276.35712525,0.04696453941672471,0.206684045488591,0.5574699582806772,-0.01039289962500334,0.0001988476142287254,-0.002261935500428081,0.009204372763633728,-0.002590537071228027,0.01493793725967407,XArbitraryZVertical,0.2712676492850468,0.1055752097112363,0.05082852454301776,0.9553451110557161,0.1741452515125275,-0.5290409326553345,-0.8305354714393616,0,0,0,-1,-1,3230.927795875,unknown,2,2026-04-24T18:20:16.323+02:00,null,0,0,0,0,0,0,0,null,798740460.2590986,0,0.75,101.556,1,0.85
2026-04-24T18:21:01.792+02:00,1777047653.571205,53.56895416345577,9.882977505173033,38.55946,-1,-1,-1,-1,9.056828472500998,2.789105338997707,-9999,3276.37601125,0.1780853271484375,-0.5301513671875,-0.815826416015625,3276.36720025,0.04704758759045427,0.2066208166859006,0.5573058558848512,-0.0190697442740202,-0.001964438240975142,0.007662600371986628,0.004203677177429199,-0.003599584102630615,0.01642251014709473,XArbitraryZVertical,0.271186365756991,0.1055567483503652,0.05085200970124629,0.955369010715349,0.174110546708107,-0.5289016366004944,-0.83063143491745,0,0,0,-1,-1,3230.927795875,unknown,2,2026-04-24T18:20:16.323+02:00,null,0,0,0,0,0,0,0,null,798740460.2590986,0,0.75,101.556,1,0.85
2026-04-24T18:21:01.802+02:00,1777047653.571205,53.56895416345577,9.882977505173033,38.55946,-1,-1,-1,-1,9.056828472500998,2.789105338997707,-9999,3276.38608625,0.1782989501953125,-0.5246429443359375,-0.8187713623046875,3276.37727525,0.04722141628802938,0.2065063909674636,0.5571171580571418,-0.01767328940331936,-0.003323715645819902,0.01003627572208643,0.004049375653266907,-0.00140988826751709,0.0149226188659668,XArbitraryZVertical,0.2710898606977661,0.1055262120968658,0.05091080137698462,0.9553965649407221,0.1740359514951706,-0.5287414789199829,-0.8307490348815918,0,0,0,-1,-1,3230.927795875,unknown,2,2026-04-24T18:20:16.323+02:00,null,0,0,0,0,0,0,0,null,798740460.2590986,0,0.75,101.556,1,0.85
2026-04-24T18:21:01.812+02:00,1777047653.571205,53.56895416345577,9.882977505173033,38.55946,-1,-1,-1,-1,9.056828472500998,2.789105338997707,-9999,3276.39616125,0.1783447265625,-0.52032470703125,-0.822113037109375,3276.38735025,0.04739586466803152,0.2063819570239505,0.5569517400634618,-0.018956134095788,-0.005392459686845541,0.01265096757560968,0.004348441958427429,0.003958165645599365,0.0120849609375,XArbitraryZVertical,0.2710046751628082,0.1054908738189871,0.05096960757161588,0.9554215680172374,0.1739505082368851,-0.5286011099815369,-0.8308562636375427,0,0,0,-1,-1,3230.927795875,unknown,2,2026-04-24T18:20:16.323+02:00,null,0,0,0,0,0,0,0,null,798740460.2590986,0,0.75,101.556,1,0.85
2026-04-24T18:21:01.822+02:00,1777047653.571205,53.56895416345577,9.882977505173033,38.55946,-1,-1,-1,-1,9.056828472500998,2.789105338997707,-9999,3276.40623625,0.176116943359375,-0.5188446044921875,-0.821380615234375,3276.39742525,0.04757081808837089,0.2062521273870133,0.5568164270194657,-0.01720968633890152,-0.003472320269793272,0.01419646665453911,0.004487454891204834,0.008161544799804688,0.008835852146148682,XArbitraryZVertical,0.2709340434815796,0.1054529411707461,0.05102934465914102,0.9554425434404521,0.1738572865724564,-0.5284861922264099,-0.8309488296508789,0,0,0,-1,-1,3230.927795875,unknown,2,2026-04-24T18:20:16.323+02:00,null,0,0,0,0,0,0,0,null,798740460.2590986,0,0.75,101.556,1,0.85
2026-04-24T18:21:01.832+02:00,1777047653.571205,53.56895416345577,9.882977505173033,38.55946,-1,-1,-1,-1,9.056828472500998,2.789105338997707,-9999,3276.41631125,0.173828125,-0.521148681640625,-0.823211669921875,3276.40750025,0.04775686412568599,0.2061226329613939,0.5567108304067095,-0.01447914820164442,-0.006516313645988703,0.01502204686403275,0.002355858683586121,0.009551942348480225,0.009645342826843262,XArbitraryZVertical,0.2708770116623563,0.1054165625475998,0.05109579901391822,0.9554592205558671,0.1737610995769501,-0.5283965468406677,-0.8310259580612183,0,0,0,-1,-1,3230.927795875,unknown,2,2026-04-24T18:20:16.323+02:00,null,0,0,0,0,0,0,0,null,798740460.2590986,0,0.75,101.556,1,0.85
2026-04-24T18:21:01.842+02:00,1777047653.571205,53.56895416345577,9.882977505173033,38.55946,-1,-1,-1,-1,9.056828472500998,2.789105338997707,-9999,3276.42638625,0.1718597412109375,-0.5244598388671875,-0.82421875,3276.41757525,0.04793105203399265,0.2059886119817963,0.5566079383575677,-0.01303198654204607,-0.008254025131464005,0.0137700280174613,0.0001672953367233276,0.007160484790802002,0.007890820503234863,XArbitraryZVertical,0.2708220242077578,0.1053763976645759,0.0511561111993151,0.9554760437526747,0.1736608445644379,-0.5283092260360718,-0.8311024904251099,0,0,0,-1,-1,3230.927795875,unknown,2,2026-04-24T18:20:16.323+02:00,null,0,0,0,0,0,0,0,null,798740460.2590986,0,0.75,101.556,1,0.85
2026-04-24T18:21:01.852+02:00,1777047653.571205,53.56895416345577,9.882977505173033,38.55946,-1,-1,-1,-1,9.056828472500998,2.789105338997707,-9999,3276.43646125,0.1736297607421875,-0.5259857177734375,-0.8245086669921875,3276.42765025,0.04811980279912518,0.205807616666768,0.5565001803602045,-0.01885631866753101,-0.01401098072528839,0.01691335812211037,-0.001662284135818481,0.003757834434509277,0.006970882415771484,XArbitraryZVertical,0.2707651642337429,0.1053157695263156,0.05121681180159272,0.9554955791473111,0.1735220402479172,-0.5282177329063416,-0.8311896324157715,0,0,0,-1,-1,3230.927795875,unknown,2,2026-04-24T18:20:16.323+02:00,null,0,0,0,0,0,0,0,null,798740460.2590986,0,0.75,101.556,1,0.85
2026-04-24T18:21:01.862+02:00,1777047653.571205,53.56895416345577,9.882977505173033,38.55946,-1,-1,-1,-1,9.056828472500998,2.789105338997707,-9999,3276.44653625,0.1739654541015625,-0.527587890625,-0.8227386474609375,3276.43772525,0.04829883449635722,0.2056249472028514,0.5564046005500716,-0.0229412354528904,-0.01710530743002892,0.01580874435603619,0.0002492517232894897,0.002150833606719971,0.006762027740478516,XArbitraryZVertical,0.2707146979051436,0.1052529826882949,0.05127321705283205,0.9555137504215525,0.1733805239200592,-0.5281365513801575,-0.831270694732666,0,0,0,-1,-1,3230.927795875,unknown,2,2026-04-24T18:20:16.323+02:00,null,0,0,0,0,0,0,0,null,798740460.2590986,0,0.75,101.556,1,0.85
2026-04-24T18:21:01.872+02:00,1777047653.571205,53.56895416345577,9.882977505173033,38.55946,-1,-1,-1,-1,9.056828472500998,2.789105338997707,-9999,3276.45661125,0.1722869873046875,-0.5286407470703125,-0.8227691650390625,3276.44780025,0.04852055937895001,0.2053770299609861,0.5563046406553698,-0.02789152041077614,-0.01944036781787872,0.01880746334791183,0.0007802844047546387,0.0004637837409973145,0.008626699447631836,XArbitraryZVertical,0.2706615755009187,0.1051647996136122,0.05134099985827793,0.9555348468342192,0.1731851845979691,-0.5280516743659973,-0.8313653469085693,0,0,0,-1,-1,3230.927795875,unknown,2,2026-04-24T18:20:16.323+02:00,null,0,0,0,0,0,0,0,null,798740460.2590986,0,0.75,101.556,1,0.85
2026-04-24T18:21:01.882+02:00,1777047653.571205,53.56895416345577,9.882977505173033,38.55946,-1,-1,-1,-1,9.056828472500998,2.789105338997707,-9999,3276.46668625,0.1707916259765625,-0.525543212890625,-0.8227081298828125,3276.45787525,0.04876172469624989,0.2051171127478537,0.5561281993428344,-0.03214282914996147,-0.01963877305388451,0.01788654178380966,-0.0007010847330093384,-0.0007389187812805176,0.008732438087463379,XArbitraryZVertical,0.2705711517513419,0.105073675296994,0.05141294976625798,0.9555666286591422,0.1729880720376968,-0.527901828289032,-0.8315015435218811,0,0,0,-1,-1,3230.927795875,unknown,2,2026-04-24T18:20:16.323+02:00,null,0,0,0,0,0,0,0,null,798740460.2590986,0,0.75,101.556,1,0.85
2026-04-24T18:21:01.893+02:00,1777047653.571205,53.56895416345577,9.882977505173033,38.55946,-1,-1,-1,-1,9.056828472500998,2.789105338997707,-9999,3276.47676125,0.168670654296875,-0.5239410400390625,-0.82470703125,3276.46795025,0.04900117085568299,0.2048598371572775,0.5558992575958102,-0.02851240895688534,-0.01424480602145195,0.01457623392343521,-0.002007082104682922,0.002164125442504883,0.008956193923950195,XArbitraryZVertical,0.2704556544896839,0.1049836761515081,0.05148206308189599,0.9556054854274076,0.1727987229824066,-0.5277073383331299,-0.8316643238067627,0,0,0,-1,-1,3230.927795875,unknown,2,2026-04-24T18:20:16.323+02:00,null,0,0,0,0,0,0,0,null,798740460.2590986,0,0.75,101.556,1,0.85
2026-04-24T18:21:01.903+02:00,1777047653.571205,53.56895416345577,9.882977505173033,38.55946,-1,-1,-1,-1,9.056828472500998,2.789105338997707,-9999,3276.48683625,0.1671905517578125,-0.5233612060546875,-0.8299713134765625,3276.47802525,0.04918625254380631,0.2046866571150571,0.5556695209703513,-0.02172225341200829,-0.008613286539912224,0.00854870118200779,-0.004008665680885315,0.003571152687072754,0.007105886936187744,XArbitraryZVertical,0.2703404775818324,0.1049264763337798,0.05153656809892866,0.9556414042410385,0.1726793348789215,-0.5275121927261353,-0.8318129181861877,0,0,0,-1,-1,3230.927795875,unknown,2,2026-04-24T18:20:16.323+02:00,null,0,0,0,0,0,0,0,null,798740460.2590986,0,0.75,101.556,1,0.85
2026-04-24T18:21:01.913+02:00,1777047653.571205,53.56895416345577,9.882977505173033,38.55946,-1,-1,-1,-1,9.056828472500998,2.789105338997707,-9999,3276.49691125,0.165863037109375,-0.5225982666015625,-0.8300323486328125,3276.48810025,0.04928665116106865,0.2045938455550983,0.555499042618354,-0.01300625968724489,-0.003172182478010654,0.00361120025627315,-0.005429819226264954,0.004006147384643555,0.001945674419403076,XArbitraryZVertical,0.2702560220097141,0.1048960748236702,0.05156419822433849,0.9556671545730571,0.1726204007863998,-0.5273673534393311,-0.8319169878959656,0,0,0,-1,-1,3230.927795875,unknown,2,2026-04-24T18:20:16.323+02:00,null,0,0,0,0,0,0,0,null,798740460.2590986,0,0.75,101.556,1,0.85
2026-04-24T18:21:01.923+02:00,1777047653.571205,53.56895416345577,9.882977505173033,38.55946,-1,-1,-1,-1,9.056828472500998,2.789105338997707,-9999,3276.50698625,0.1680145263671875,-0.525390625,-0.83343505859375,3276.49817525,0.0493253968393313,0.2045456575655193,0.5553794182538759,-0.01203202176839113,-0.002878168597817421,0.001248177140951157,-0.006730064749717712,0.004667460918426514,0.001954734325408936,XArbitraryZVertical,0.2701979980442018,0.104878551297977,0.05157073597861646,0.9556851005342597,0.1725931167602539,-0.527265727519989,-0.8319870829582214,0,0,0,-1,-1,3230.927795875,unknown,2,2026-04-24T18:20:16.323+02:00,null,0,0,0,0,0,0,0,null,798740460.2590986,0,0.75,101.556,1,0.85
2026-04-24T18:21:01.933+02:00,1777047653.571205,53.56895416345577,9.882977505173033,38.55946,-1,-1,-1,-1,9.056828472500998,2.789105338997707,-9999,3276.51706125,0.1698760986328125,-0.5256195068359375,-0.833038330078125,3276.50825025,0.04937271245345771,0.2044915960541317,0.5552797379922292,-0.01126476563513279,-0.002183083910495043,0.002475894521921873,-0.004544273018836975,0.001790404319763184,-0.001387238502502441,XArbitraryZVertical,0.2701492091328856,0.1048593270799324,0.05158148591617848,0.9557004273248011,0.1725588142871857,-0.5271810293197632,-0.8320478796958923,0,0,0,-1,-1,3230.927795875,unknown,2,2026-04-24T18:20:16.323+02:00,null,0,0,0,0,0,0,0,null,798740460.2590986,0,0.75,101.556,1,0.85
2026-04-24T18:21:01.943+02:00,1777047653.571205,53.56895416345577,9.882977505173033,38.55946,-1,-1,-1,-1,9.056828472500998,2.789105338997707,-9999,3276.52713625,0.1710662841796875,-0.5270538330078125,-0.8335723876953125,3276.51832525,0.04941176065759532,0.2044456790013741,0.555176249435729,-0.01631603576242924,-0.003952221479266882,0.0003351122722961009,-0.002655565738677979,0.001473546028137207,-0.0009291172027587891,XArbitraryZVertical,0.2700988227290831,0.1048428839110622,0.05158921500151901,0.9557160544346519,0.1725316792726517,-0.5270931124687195,-0.8321092128753662,0,0,0,-1,-1,3230.927795875,unknown,2,2026-04-24T18:20:16.323+02:00,null,0,0,0,0,0,0,0,null,798740460.2590986,0,0.75,101.556,1,0.85
2026-04-24T18:21:01.953+02:00,1777047653.571205,53.56895416345577,9.882977505173033,38.55946,-1,-1,-1,-1,9.056828472500998,2.789105338997707,-9999,3276.53721025,0.1706390380859375,-0.52716064453125,-0.8336181640625,3276.52840025,0.04944932343532354,0.2044025027581,0.5550569866848232,-0.01300732512027025,0.0008630396332591772,0.0005207345820963383,-0.001442223787307739,-6.204843521118164e-05,-0.001394152641296387,XArbitraryZVertical,0.2700408977501353,0.1048275824015049,0.05159588799377254,0.9557337282171471,0.1725085079669952,-0.5269917249679565,-0.8321781754493713,0,0,0,-1,-1,3230.927795875,unknown,2,2026-04-24T18:20:16.323+02:00,null,0,0,0,0,0,0,0,null,798740460.2590986,0,0.75,101.556,1,0.85
2026-04-24T18:21:01.963+02:00,1777047653.571205,53.56895416345577,9.882977505173033,38.55946,-1,-1,-1,-1,9.056828472500998,2.789105338997707,-9999,3276.54728525,0.1715087890625,-0.5257110595703125,-0.8357086181640625,3276.53847425,0.04944418212556898,0.2044188176636227,0.5549802336543689,-0.006536003202199936,0.001529895002022386,-0.003774211741983891,-0.001891270279884338,-0.0002341270446777344,-0.001403152942657471,XArbitraryZVertical,0.2700040151820999,0.1048348492729055,0.05159212776794714,0.9557435552393234,0.1725302934646606,-0.5269265174865723,-0.8322149515151978,0,0,0,-1,-1,3230.927795875,unknown,2,2026-04-24T18:20:16.323+02:00,null,0,0,0,0,0,0,0,null,798740460.2590986,0,0.75,101.556,1,0.85
2026-04-24T18:21:01.973+02:00,1777047653.571205,53.56895416345577,9.882977505173033,38.55946,-1,-1,-1,-1,9.056828472500998,2.789105338997707,-9999,3276.55736025,0.17071533203125,-0.5220947265625,-0.838470458984375,3276.54854925,0.04938439114940569,0.2044613258236835,0.5549589077447753,0.002213546074926853,0.00399997690692544,-0.008451521396636963,-0.001059159636497498,0.001197338104248047,-0.003489911556243896,XArbitraryZVertical,0.2699958514127035,0.1048471387208611,0.05156832122633297,0.9557457843774328,0.1725679486989975,-0.5269083976745605,-0.8322186470031738,0,0,0,-1,-1,3230.927795875,unknown,2,2026-04-24T18:20:16.323+02:00,null,0,0,0,0,0,0,0,null,798740460.2590986,0,0.75,101.556,1,0.85
2026-04-24T18:21:01.996+02:00,1777047653.571205,53.56895416345577,9.882977505173033,38.55946,-1,-1,-1,-1,9.056828472500998,2.789105338997707,-9999,3276.56743525,0.170745849609375,-0.5209503173828125,-0.8393402099609375,3276.55862425,0.04926184867637497,0.2045898808665221,0.5550310091495847,0.01469349209219217,0.008577152155339718,-0.01104990020394325,-0.001951873302459717,0.004874944686889648,-0.006311178207397461,XArbitraryZVertical,0.2700334532170233,0.1048918630253313,0.05153040772688641,0.9557323501083909,0.1726672202348709,-0.5269696712493896,-0.8321592807769775,0,0,0,-1,-1,3230.927795875,unknown,2,2026-04-24T18:20:16.323+02:00,null,0,0,0,0,0,0,0,null,798740460.2590986,0,0.75,101.556,1,0.85
2026-04-24T18:21:01.997+02:00,1777047653.571205,53.56895416345577,9.882977505173033,38.55946,-1,-1,-1,-1,9.056828472500998,2.789105338997707,-9999,3276.57751025,0.1697845458984375,-0.5215606689453125,-0.833709716796875,3276.56869925,0.04910284862639593,0.2047767778773964,0.5551859373249102,0.02005629800260067,0.01223180815577507,-0.01243021711707115,-0.002060294151306152,0.006151020526885986,-0.007293164730072021,XArbitraryZVertical,0.2701111374628684,0.1049593641667812,0.05148676189582416,0.9557052859317225,0.1728061437606812,-0.5271013379096985,-0.8320469856262207,0,0,0,-1,-1,3230.927795875,unknown,2,2026-04-24T18:20:16.323+02:00,null,0,0,0,0,0,0,0,null,798740460.2590986,0,0.75,101.556,1,0.85
2026-04-24T18:21:02.003+02:00,1777047653.571205,53.56895416345577,9.882977505173033,38.55946,-1,-1,-1,-1,9.056828472500998,2.789105338997707,-9999,3276.58758525,0.1715545654296875,-0.5236663818359375,-0.8291473388671875,3276.57877425,0.04892928202547246,0.2049443157992483,0.5553633810621135,0.02342253364622593,0.007830668240785599,-0.01285545714199543,-0.003141939640045166,0.005691409111022949,-0.001783251762390137,XArbitraryZVertical,0.2702008423365994,0.1050155670220894,0.05143458038985127,0.9556765911912474,0.1729265004396439,-0.5272520780563354,-0.8319264650344849,0,0,0,-1,-1,3230.927795875,unknown,2,2026-04-24T18:20:16.323+02:00,null,0,0,0,0,0,0,0,null,798740460.2590986,0,0.75,101.556,1,0.85
2026-04-24T18:21:02.014+02:00,1777047653.571205,53.56895416345577,9.882977505173033,38.55946,-1,-1,-1,-1,9.056828472500998,2.789105338997707,-9999,3276.59766025,0.17205810546875,-0.5247039794921875,-0.8311309814453125,3276.58884925,0.04872971003058231,0.2051200126198469,0.5555779586114632,0.02926950342953205,0.0111958384513855,-0.01574418880045414,-0.001495033502578735,0.003768026828765869,0.002637982368469238,XArbitraryZVertical,0.2703094929597039,0.1050720512847518,0.05137280415890429,0.9556429594128342,0.1730496138334274,-0.5274344086647034,-0.831785261631012,0,0,0,-1,-1,3230.927795875,unknown,2,2026-04-24T18:20:16.323+02:00,null,0,0,0,0,0,0,0,null,798740460.2590986,0,0.75,101.556,1,0.85
2026-04-24T18:21:02.024+02:00,1777047653.571205,53.56895416345577,9.882977505173033,38.55946,-1,-1,-1,-1,9.056828472500998,2.789105338997707,-9999,3276.60773525,0.1732635498046875,-0.524993896484375,-0.83062744140625,3276.59892425,0.04844373392127586,0.2053648662267616,0.555845463208237,0.03414266183972359,0.008356375619769096,-0.02083795145153999,-0.001166388392448425,0.002957701683044434,0.0004737377166748047,XArbitraryZVertical,0.2704462232965924,0.1051497283807913,0.05128154300630646,0.9556006817222162,0.1732245087623596,-0.5276616811752319,-0.8316047787666321,0,0,0,-1,-1,3230.927795875,unknown,2,2026-04-24T18:20:16.323+02:00,null,0,0,0,0,0,0,0,null,798740460.2590986,0,0.75,101.556,1,0.85
2026-04-24T18:21:02.034+02:00,1777047653.571205,53.56895416345577,9.882977505173033,38.55946,-1,-1,-1,-1,9.056828472500998,2.789105338997707,-9999,3276.61781025,0.17498779296875,-0.526611328125,-0.826904296875,3276.60899925,0.04815289549243468,0.2055860624080332,0.5561074712783497,0.0266469307243824,0.006661274004727602,-0.01539578102529049,-0.0001166611909866333,0.002890288829803467,0.0008035898208618164,XArbitraryZVertical,0.2705812114910767,0.1052154140193777,0.05118455220924542,0.955560451958464,0.1733802258968353,-0.5278842449188232,-0.8314310312271118,0,0,0,-1,-1,3230.927795875,unknown,2,2026-04-24T18:20:16.323+02:00,null,0,0,0,0,0,0,0,null,798740460.2590986,0,0.75,101.556,1,0.85
2026-04-24T18:21:02.044+02:00,1777047653.571205,53.56895416345577,9.882977505173033,38.55946,-1,-1,-1,-1,9.056828472500998,2.789105338997707,-9999,3276.62788525,0.1764984130859375,-0.5343475341796875,-0.8224945068359375,3276.61907425,0.04796680530539224,0.2057132560032453,0.5562486470576229,0.007171499542891979,0.004070817492902279,-0.01028437539935112,0.001517057418823242,0.001392781734466553,0.004431724548339844,XArbitraryZVertical,0.2706553106723784,0.1052506447982389,0.05111936150988568,0.9555390249348507,0.173470750451088,-0.5280041098594666,-0.8313360214233398,0,0,0,-1,-1,3230.927795875,unknown,2,2026-04-24T18:20:16.323+02:00,null,0,0,0,0,0,0,0,null,798740460.2590986,0,0.75,101.556,1,0.85
2026-04-24T18:21:02.054+02:00,1777047653.571205,53.56895416345577,9.882977505173033,38.55946,-1,-1,-1,-1,9.056828472500998,2.789105338997707,-9999,3276.63796025,0.17279052734375,-0.5390625,-0.817108154296875,3276.62914925,0.04792098955171037,0.2057350492673373,0.5561696436749554,-0.01962176337838173,0.0008198968134820461,-0.004494929686188698,0.003001034259796143,-0.006410479545593262,0.008878588676452637,XArbitraryZVertical,0.2706193749041008,0.105255068871574,0.05109678420785386,0.955549892364022,0.1734973788261414,-0.5279369950294495,-0.8313730359077454,0,0,0,-1,-1,3230.927795875,unknown,2,2026-04-24T18:20:16.323+02:00,null,0,0,0,0,0,0,0,null,798740460.2590986,0,0.75,101.556,1,0.85
2026-04-24T18:21:02.064+02:00,1777047653.571205,53.56895416345577,9.882977505173033,38.55946,-1,-1,-1,-1,9.056828472500998,2.789105338997707,-9999,3276.64803525,0.1713409423828125,-0.5326385498046875,-0.8160247802734375,3276.63922425,0.04797731074047058,0.2057286339329285,0.5558457407765766,-0.0371500551700592,0.006343558896332979,-0.000549656106159091,-0.0007364153861999512,-0.01140058040618896,0.01443338394165039,XArbitraryZVertical,0.270461596231164,0.1052604697603642,0.05110789746540487,0.9555933850355465,0.1735269725322723,-0.527661919593811,-0.8315415382385254,0,0,0,-1,-1,3230.927795875,unknown,2,2026-04-24T18:20:16.323+02:00,null,0,0,0,0,0,0,0,null,798740460.2590986,0,0.75,101.556,1,0.85
2026-04-24T18:21:02.074+02:00,1777047653.571205,53.56895416345577,9.882977505173033,38.55946,-1,-1,-1,-1,9.056828472500998,2.789105338997707,-9999,3276.65811025,0.170318603515625,-0.5220489501953125,-0.8164215087890625,3276.64929925,0.04808136338547701,0.2057559993357793,0.5554307404039688,-0.03678812831640244,0.01493145432323217,0.0004916399484500289,-0.002253502607345581,-0.0053291916847229,0.01572626829147339,XArbitraryZVertical,0.2702568471051127,0.1052886868402544,0.05114218794501968,0.9556463706255349,0.1735944449901581,-0.5273093581199646,-0.8317510485649109,0,0,0,-1,-1,3230.927795875,unknown,2,2026-04-24T18:20:16.323+02:00,null,0,0,0,0,0,0,0,null,798740460.2590986,0,0.75,101.556,1,0.85
2026-04-24T18:21:02.084+02:00,1777047653.571205,53.56895416345577,9.882977505173033,38.55946,-1,-1,-1,-1,9.056828472500998,2.789105338997707,-9999,3276.66818525,0.17205810546875,-0.5142364501953125,-0.8189697265625,3276.65937425,0.04814555938622578,0.2058497926393348,0.5551404464096279,-0.01853578165173531,0.01380680128931999,-0.002864409470930696,-0.00338512659072876,0.005013704299926758,0.01546311378479004,XArbitraryZVertical,0.2701121512319635,0.1053429183775215,0.05117214776475161,0.9556797266360697,0.173703745007515,-0.5270626544952393,-0.8318845629692078,0,0,0,-1,-1,3230.927795875,unknown,2,2026-04-24T18:20:16.323+02:00,null,0,0,0,0,0,0,0,null,798740460.2590986,0,0.75,101.556,1,0.85
2026-04-24T18:21:02.094+02:00,1777047653.571205,53.56895416345577,9.882977505173033,38.55946,-1,-1,-1,-1,9.056828472500998,2.789105338997707,-9999,3276.67826025,0.1761474609375,-0.5113525390625,-0.8206329345703125,3276.66944925,0.04811735464416396,0.2060162675039862,0.555047259554812,0.001960173016414046,0.01548166386783123,-0.003155493177473545,-0.001794159412384033,0.01274698972702026,0.01293402910232544,XArbitraryZVertical,0.2700647640030335,0.1054188873662797,0.05117684389967931,0.9556845661654533,0.1738522797822952,-0.5269834399223328,-0.8319037556648254,0,0,0,-1,-1,3230.927795875,unknown,2,2026-04-24T18:20:16.323+02:00,null,0,0,0,0,0,0,0,null,798740460.2590986,0,0.75,101.556,1,0.85
2026-04-24T18:21:02.105+02:00,1777047653.571205,53.56895416345577,9.882977505173033,38.55946,-1,-1,-1,-1,9.056828472500998,2.789105338997707,-9999,3276.68833525,0.1747283935546875,-0.513671875,-0.825653076171875,3276.67952425,0.04806734617858888,0.2061764959079836,0.5550989967878919,0.008441507816314697,0.01246723160147667,-0.004122286569327116,0.002167493104934692,0.015674889087677,0.01121628284454346,XArbitraryZVertical,0.270088061752298,0.1054885654961367,0.05117697537466646,0.9556702733323583,0.1739799976348877,-0.527027428150177,-0.831849217414856,0,0,0,-1,-1,3230.927795875,unknown,2,2026-04-24T18:20:16.323+02:00,null,0,0,0,0,0,0,0,null,798740460.2590986,0,0.75,101.556,1,0.85
2026-04-24T18:21:02.116+02:00,1777047653.571205,53.56895416345577,9.882977505173033,38.55946,-1,-1,-1,-1,9.056828472500998,2.789105338997707,-9999,3276.69841025,0.1750640869140625,-0.521575927734375,-0.8277587890625,3276.68959925,0.04801240514946712,0.2063269491550514,0.5551588176239342,0.003333298722282052,0.01016306504607201,-0.001270840177312493,0.0006297379732131958,0.01340639591217041,0.006139039993286133,XArbitraryZVertical,0.2701157498054822,0.1055528870954081,0.05117381211605646,0.9556554659852513,0.1740986853837967,-0.5270782709121704,-0.8317921161651611,0,0,0,-1,-1,3230.927795875,unknown,2,2026-04-24T18:20:16.323+02:00,null,0,0,0,0,0,0,0,null,798740460.2590986,0,0.75,101.556,1,0.85
2026-04-24T18:21:02.125+02:00,1777047653.571205,53.56895416345577,9.882977505173033,38.55946,-1,-1,-1,-1,9.056828472500998,2.789105338997707,-9999,3276.70848525,0.1759185791015625,-0.5303955078125,-0.829681396484375,3276.69967425,0.04802878140995154,0.2063861718137057,0.5551054219165956,-0.01598617620766163,0.0007282835431396961,0.002850468037649989,0.0009103864431381226,0.005456984043121338,0.004050612449645996,XArbitraryZVertical,0.2700878237976688,0.1055835389527687,0.05118716787226779,0.9556592435080865,0.1741537153720856,-0.5270329117774963,-0.8318093419075012,0,0,0,-1,-1,3230.927795875,unknown,2,2026-04-24T18:20:16.323+02:00,null,0,0,0,0,0,0,0,null,798740460.2590986,0,0.75,101.556,1,0.85
2026-04-24T18:21:02.135+02:00,1777047653.571205,53.56895416345577,9.882977505173033,38.55946,-1,-1,-1,-1,9.056828472500998,2.789105338997707,-9999,3276.71856025,0.1746826171875,-0.5325469970703125,-0.8282318115234375,3276.70974925,0.04810146975679447,0.2063316592813245,0.5549053309183255,-0.03340112045407295,-0.007646026089787483,0.00335274008102715,0.001788631081581116,-0.003532707691192627,0.002240657806396484,XArbitraryZVertical,0.2699896400955298,0.1055678294488575,0.05120529047293269,0.9556877360595887,0.1741299629211426,-0.5268628597259521,-0.8319220542907715,0,0,0,-1,-1,3230.927795875,unknown,2,2026-04-24T18:20:16.323+02:00,null,0,0,0,0,0,0,0,null,798740460.2590986,0,0.75,101.556,1,0.85
2026-04-24T18:21:02.145+02:00,1777047653.571205,53.56895416345577,9.882977505173033,38.55946,-1,-1,-1,-1,9.056828472500998,2.789105338997707,-9999,3276.72863525,0.1751861572265625,-0.529388427734375,-0.8292694091796875,3276.71982425,0.04827531728449588,0.2061368905525749,0.5546159002412078,-0.04094313830137253,-0.01275982800871134,0.008549566380679607,0.0006835013628005981,-0.005930185317993164,0.003873348236083984,XArbitraryZVertical,0.2698469529485938,0.1054989630749159,0.05124870561776936,0.9557333120630204,0.1739991307258606,-0.5266168117523193,-0.8321051597595215,0,0,0,-1,-1,3230.927795875,unknown,2,2026-04-24T18:20:16.323+02:00,null,0,0,0,0,0,0,0,null,798740460.2590986,0,0.75,101.556,1,0.85
2026-04-24T18:21:02.155+02:00,1777047653.571205,53.56895416345577,9.882977505173033,38.55946,-1,-1,-1,-1,9.056828472500998,2.789105338997707,-9999,3276.73871025,0.1729583740234375,-0.5229034423828125,-0.8325347900390625,3276.72989925,0.048476128275606,0.2059233011967917,0.554292088570428,-0.03763522580265999,-0.0091602997854352,0.009538132697343826,0.001329913735389709,-0.003046929836273193,0.003039836883544922,XArbitraryZVertical,0.2696868748177217,0.105424787537714,0.05130091580018445,0.9557838846126084,0.173856258392334,-0.5263414978981018,-0.8323091864585876,0,0,0,-1,-1,3230.927795875,unknown,2,2026-04-24T18:20:16.323+02:00,null,0,0,0,0,0,0,0,null,798740460.2590986,0,0.75,101.556,1,0.85
2026-04-24T18:21:02.166+02:00,1777047653.571205,53.56895416345577,9.882977505173033,38.55946,-1,-1,-1,-1,9.056828472500998,2.789105338997707,-9999,3276.74878525,0.1706390380859375,-0.517364501953125,-0.83563232421875,3276.73997425,0.04864448963840488,0.2057820320748168,0.554050671151699,-0.01680493913590908,-0.001544191502034664,0.007737368810921907,-0.0008062422275543213,0.003232777118682861,-7.665157318115234e-05,XArbitraryZVertical,0.269566101824639,0.1053805658148861,0.05135120800676871,0.9558200858211674,0.173764631152153,-0.5261362195014954,-0.8324580788612366,0,0,0,-1,-1,3230.927795875,unknown,2,2026-04-24T18:20:16.323+02:00,null,0,0,0,0,0,0,0,null,798740460.2590986,0,0.75,101.556,1,0.85
2026-04-24T18:21:02.175+02:00,1777047653.571205,53.56895416345577,9.882977505173033,38.55946,-1,-1,-1,-1,9.056828472500998,2.789105338997707,-9999,3276.75886025,0.1699371337890625,-0.51470947265625,-0.8340606689453125,3276.75004925,0.04873138358276916,0.2057383458259515,0.5539887897580962,0.002708840882405639,0.001812989357858896,0.005472616292536259,-0.003095865249633789,0.008719086647033691,-0.003134727478027344,XArbitraryZVertical,0.2695330279196151,0.1053715462133637,0.05138399662412981,0.9558286502682795,0.1737349182367325,-0.5260835886001587,-0.8324975967407227,0,0,0,-1,-1,3230.927795875,unknown,2,2026-04-24T18:20:16.323+02:00,null,0,0,0,0,0,0,0,null,798740460.2590986,0,0.75,101.556,1,0.85
2026-04-24T18:21:02.186+02:00,1777047653.571205,53.56895416345577,9.882977505173033,38.55946,-1,-1,-1,-1,9.056828472500998,2.789105338997707,-9999,3276.76893525,0.16925048828125,-0.518585205078125,-0.8311920166015625,3276.76012425,0.04871965258460306,0.205746426347149,0.554101901049851,0.0209516528993845,-0.002666447777301073,0.0008368520648218691,-0.003792345523834229,0.01147031784057617,-0.00162273645401001,XArbitraryZVertical,0.2695875607677866,0.1053735517437256,0.05138468419745895,0.9558130543475697,0.1737294942140579,-0.5261797904968262,-0.8324379324913025,0,0,0,-1,-1,3230.927795875,unknown,2,2026-04-24T18:20:16.323+02:00,null,0,0,0,0,0,0,0,null,798740460.2590986,0,0.75,101.556,1,0.85
2026-04-24T18:21:02.200+02:00,1777047653.571205,53.56895416345577,9.882977505173033,38.55946,-1,-1,-1,-1,9.056828472500998,2.789105338997707,-9999,3276.77901025,0.170318603515625,-0.5255889892578125,-0.832427978515625,3276.77019925,0.04864701822656567,0.2057739498090326,0.5543082206714446,0.02568675391376019,-0.001685605384409428,-0.002128577791154385,-0.004479706287384033,0.007770001888275146,0.001134812831878662,XArbitraryZVertical,0.2696894321001738,0.1053764221325413,0.05136319113345484,0.9557851191482014,0.1737302094697952,-0.5263552069664001,-0.8323268294334412,0,0,0,-1,-1,3230.927795875,unknown,2,2026-04-24T18:20:16.323+02:00,null,0,0,0,0,0,0,0,null,798740460.2590986,0,0.75,101.556,1,0.85
2026-04-24T18:21:02.205+02:00,1777047653.571205,53.56895416345577,9.882977505173033,38.55946,-1,-1,-1,-1,9.056828472500998,2.789105338997707,-9999,3276.78908525,0.16943359375,-0.531585693359375,-0.82879638671875,3276.78027425,0.04853328212213378,0.2058009543419429,0.55452667403328,0.01944979093968868,-0.004168737214058638,-0.006374788470566273,-0.003410577774047852,0.0009520053863525391,-0.0002183318138122559,XArbitraryZVertical,0.2697992811271626,0.1053734588036711,0.05132254760363464,0.9557566098350717,0.1737291812896729,-0.5265409350395203,-0.832209587097168,0,0,0,-1,-1,3230.927795875,unknown,2,2026-04-24T18:20:16.323+02:00,null,0,0,0,0,0,0,0,null,798740460.2590986,0,0.75,101.556,1,0.85
2026-04-24T18:21:02.215+02:00,1777047653.571205,53.56895416345577,9.882977505173033,38.55946,-1,-1,-1,-1,9.056828472500998,2.789105338997707,-9999,3276.79916025,0.1685791015625,-0.535369873046875,-0.8266448974609375,3276.79034925,0.04841823357891002,0.205841450962232,0.5546384992081502,0.005467129871249199,-0.003277643118053675,-0.01069550029933453,-0.004317238926887512,-0.004949688911437988,0.00334852933883667,XArbitraryZVertical,0.2698577923149986,0.1053770020936986,0.05127817539409645,0.9557421723490186,0.1737508624792099,-0.526636004447937,-0.8321449160575867,0,0,0,-1,-1,3230.927795875,unknown,2,2026-04-24T18:20:16.323+02:00,null,0,0,0,0,0,0,0,null,798740460.2590986,0,0.75,101.556,1,0.85
2026-04-24T18:21:02.225+02:00,1777047653.571205,53.56895416345577,9.882977505173033,38.55946,-1,-1,-1,-1,9.056828472500998,2.789105338997707,-9999,3276.80923525,0.16943359375,-0.53741455078125,-0.8268890380859375,3276.80042425,0.04831977920656837,0.2058598075398862,0.5546374776602149,-0.006734834983944893,-0.0056878044269979,-0.009413056075572968,-0.005187138915061951,-0.008734703063964844,0.005497395992279053,XArbitraryZVertical,0.2698620314956204,0.1053724972975992,0.05123356120640224,0.9557438262977835,0.173766240477562,-0.5266351699829102,-0.8321422338485718,0,0,0,-1,-1,3230.927795875,unknown,2,2026-04-24T18:20:16.323+02:00,null,0,0,0,0,0,0,0,null,798740460.2590986,0,0.75,101.556,1,0.85
2026-04-24T18:21:02.235+02:00,1777047653.571205,53.56895416345577,9.882977505173033,38.55946,-1,-1,-1,-1,9.056828472500998,2.789105338997707,-9999,3276.81931025,0.1684112548828125,-0.535003662109375,-0.830291748046875,3276.81049925,0.04821921123514029,0.205867098911534,0.5545183409167846,-0.01524523179978132,-0.005730680655688047,-0.0112940464168787,-0.004351526498794556,-0.01088064908981323,0.005313336849212646,XArbitraryZVertical,0.2698101267572826,0.1053627117077363,0.05118099100983341,0.9557623856175825,0.1737851351499557,-0.5265339016914368,-0.8322023749351501,0,0,0,-1,-1,3230.927795875,unknown,2,2026-04-24T18:20:16.323+02:00,null,0,0,0,0,0,0,0,null,798740460.2590986,0,0.75,101.556,1,0.85
2026-04-24T18:21:02.246+02:00,1777047653.571205,53.56895416345577,9.882977505173033,38.55946,-1,-1,-1,-1,9.056828472500998,2.789105338997707,-9999,3276.82938525,0.1707305908203125,-0.52947998046875,-0.8318023681640625,3276.82057425,0.04813958030562994,0.2059294780652774,0.554328568317027,-0.01362651027739048,0.006238097324967384,-0.009101798757910728,-0.005446210503578186,-0.008631110191345215,0.001997590065002441,XArbitraryZVertical,0.2697219127809838,0.1053822644248943,0.05114259821376625,0.9557871669603234,0.1738574802875519,-0.5263725519180298,-0.8322893381118774,0,0,0,-1,-1,3230.927795875,unknown,2,2026-04-24T18:20:16.323+02:00,null,0,0,0,0,0,0,0,null,798740460.2590986,0,0.75,101.556,1,0.85
2026-04-24T18:21:02.255+02:00,1777047653.571205,53.56895416345577,9.882977505173033,38.55946,-1,-1,-1,-1,9.056828472500998,2.789105338997707,-9999,3276.83946025,0.172576904296875,-0.523529052734375,-0.8307342529296875,3276.83064925,0.04804255899637189,0.2060151084850386,0.5541824690203175,-0.002529650228098035,0.002529645804315805,-0.0122107733041048,-0.003213852643966675,-0.003231704235076904,0.0005473494529724121,XArbitraryZVertical,0.2696549315687942,0.1054104842661366,0.05110104126236736,0.9558051288681866,0.1739444732666016,-0.5262482762336731,-0.8323497176170349,0,0,0,-1,-1,3230.927795875,unknown,2,2026-04-24T18:20:16.323+02:00,null,0,0,0,0,0,0,0,null,798740460.2590986,0,0.75,101.556,1,0.85
2026-04-24T18:21:02.266+02:00,1777047653.571205,53.56895416345577,9.882977505173033,38.55946,-1,-1,-1,-1,9.056828472500998,2.789105338997707,-9999,3276.84953525,0.1717071533203125,-0.5176239013671875,-0.8344879150390625,3276.84072425,0.04789180163773363,0.2061495581482589,0.5541609069625022,0.01418674550950527,0.01408377010375261,-0.009717721492052078,-0.001481771469116211,0.002700924873352051,0.001603186130523682,XArbitraryZVertical,0.2696491101352896,0.1054544606891035,0.05104611860809818,0.9558049109931042,0.1740587055683136,-0.5262299776077271,-0.8323374390602112,0,0,0,-1,-1,3230.927795875,unknown,2,2026-04-24T18:20:16.323+02:00,null,0,0,0,0,0,0,0,null,798740460.2590986,0,0.75,101.556,1,0.85
2026-04-24T18:21:02.276+02:00,1777047653.571205,53.56895416345577,9.882977505173033,38.55946,-1,-1,-1,-1,9.056828472500998,2.789105338997707,-9999,3276.85961025,0.1706695556640625,-0.515472412109375,-0.836456298828125,3276.85079925,0.04771907185617125,0.2064020579322958,0.5543704789724903,0.03605476021766663,0.01516448147594929,-0.01265225932002068,-0.002539083361625671,0.008784234523773193,-0.002302408218383789,XArbitraryZVertical,0.269752084353751,0.1055512858804723,0.05100731831199608,0.9557672015552495,0.1742462515830994,-0.5264081358909607,-0.8321855068206787,0,0,0,-1,-1,3230.927795875,unknown,2,2026-04-24T18:20:16.323+02:00,null,0,0,0,0,0,0,0,null,798740460.2590986,0,0.75,101.556,1,0.85
2026-04-24T18:21:02.286+02:00,1777047653.571205,53.56895416345577,9.882977505173033,38.55946,-1,-1,-1,-1,9.056828472500998,2.789105338997707,-9999,3276.86968525,0.1734619140625,-0.518035888671875,-0.831878662109375,3276.86087425,0.04744423723675866,0.2066826736483205,0.5547323161127902,0.04337046667933464,0.01384381949901581,-0.01830262131989002,-0.003771096467971802,0.01124334335327148,-0.004506230354309082,XArbitraryZVertical,0.2699325950474862,0.1056473146909195,0.05093060433817708,0.9557097271169845,0.1744406670331955,-0.5267157554626465,-0.8319500684738159,0,0,0,-1,-1,3230.927795875,unknown,2,2026-04-24T18:20:16.323+02:00,null,0,0,0,0,0,0,0,null,798740460.2590986,0,0.75,101.556,1,0.85
2026-04-24T18:21:02.296+02:00,1777047653.571205,53.56895416345577,9.882977505173033,38.55946,-1,-1,-1,-1,9.056828472500998,2.789105338997707,-9999,3276.87976025,0.1754913330078125,-0.5245513916015625,-0.8336944580078125,3276.87094925,0.04715732975896834,0.2069337481551539,0.5551344526033465,0.03732162714004517,0.01069489773362875,-0.01461920328438282,-0.001144096255302429,0.00902169942855835,-0.0001797080039978027,XArbitraryZVertical,0.2701337897983457,0.105727414277491,0.0508460656524195,0.9556485344854875,0.1746060103178024,-0.5270575881004333,-0.8316988945007324,0,0,0,-1,-1,3230.927795875,unknown,2,2026-04-24T18:20:16.323+02:00,null,0,0,0,0,0,0,0,null,798740460.2590986,0,0.75,101.556,1,0.85
2026-04-24T18:21:02.306+02:00,1777047653.571205,53.56895416345577,9.882977505173033,38.55946,-1,-1,-1,-1,9.056828472500998,2.789105338997707,-9999,3276.88983525,0.175018310546875,-0.531402587890625,-0.8332672119140625,3276.88102425,0.04690407353682549,0.2071241601853508,0.555488804452782,0.0287720263004303,0.006749690510332584,-0.01413523964583874,0.0007653981447219849,0.002807259559631348,-0.002211630344390869,XArbitraryZVertical,0.2703118882507482,0.1057831433187473,0.05076724737922129,0.9555962145939745,0.1747259646654129,-0.5273586511611938,-0.8314828276634216,0,0,0,-1,-1,3230.927795875,unknown,2,2026-04-24T18:20:16.323+02:00,null,0,0,0,0,0,0,0,null,798740460.2590986,0,0.75,101.556,1,0.85
2026-04-24T18:21:02.316+02:00,1777047653.571205,53.56895416345577,9.882977505173033,38.55946,-1,-1,-1,-1,9.056828472500998,2.789105338997707,-9999,3276.89991025,0.17401123046875,-0.5292510986328125,-0.830535888671875,3276.89109925,0.04668151560784846,0.207283257310089,0.5557456357374565,0.01922539249062538,0.001819646917283535,-0.01384362392127514,0.0001879483461380005,-0.003825724124908447,-0.001944780349731445,XArbitraryZVertical,0.2704425052499678,0.1058283019372846,0.05069436684863356,0.9555581357350404,0.174830362200737,-0.5275768637657166,-0.8313224315643311,0,0,0,-1,-1,3230.927795875,unknown,2,2026-04-24T18:20:16.323+02:00,null,0,0,0,0,0,0,0,null,798740460.2590986,0,0.75,101.556,1,0.85
2026-04-24T18:21:02.326+02:00,1777047653.571205,53.56895416345577,9.882977505173033,38.55946,-1,-1,-1,-1,9.056828472500998,2.789105338997707,-9999,3276.90998525,0.177093505859375,-0.527008056640625,-0.8289642333984375,3276.90117425,0.0465104494083144,0.2073642799852713,0.5559086244513027,0.01507363095879555,-4.136981442570686e-05,-0.009402336552739143,-0.0008687824010848999,-0.001535773277282715,0.0006882548332214355,XArbitraryZVertical,0.2705274814728596,0.105843378472322,0.05063118123822613,0.9555357731590718,0.1748800128698349,-0.5277153253555298,-0.8312241435050964,0,0,0,-1,-1,3230.927795875,unknown,2,2026-04-24T18:20:16.323+02:00,null,0,0,0,0,0,0,0,null,798740460.2590986,0,0.75,101.556,1,0.85
2026-04-24T18:21:02.336+02:00,1777047653.571205,53.56895416345577,9.882977505173033,38.55946,-1,-1,-1,-1,9.056828472500998,2.789105338997707,-9999,3276.92006025,0.1780853271484375,-0.527374267578125,-0.828826904296875,3276.91124925,0.0464041522097601,0.2074071143084587,0.5560412217372802,0.01502915658056736,-0.0009990422986447811,-0.005349271930754185,0.002192288637161255,0.0008199214935302734,0.002183973789215088,XArbitraryZVertical,0.2705954612002407,0.1058490535515565,0.05059236803513875,0.9555179498852034,0.1749012172222137,-0.5278279781341553,-0.8311481475830078,0,0,0,-1,-1,3230.927795875,unknown,2,2026-04-24T18:20:16.323+02:00,null,0,0,0,0,0,0,0,null,798740460.2590986,0,0.75,101.556,1,0.85
2026-04-24T18:21:02.346+02:00,1777047653.571205,53.56895416345577,9.882977505173033,38.55946,-1,-1,-1,-1,9.056828472500998,2.789105338997707,-9999,3276.93013525,0.1772918701171875,-0.5255126953125,-0.825714111328125,3276.92132425,0.04633512512664398,0.2074039136985471,0.5561513154450595,0.01323237456381321,-0.001404375769197941,-0.001913061598315835,0.003198757767677307,0.0005471706390380859,0.002264976501464844,XArbitraryZVertical,0.2706518607831923,0.1058378390107504,0.05056408448254832,0.9555047319624788,0.1748865842819214,-0.5279214382171631,-0.8310918211936951,0,0,0,-1,-1,3230.927795875,unknown,2,2026-04-24T18:20:16.323+02:00,null,0,0,0,0,0,0,0,null,798740460.2590986,0,0.75,101.556,1,0.85
2026-04-24T18:21:02.356+02:00,1777047653.571205,53.56895416345577,9.882977505173033,38.55946,-1,-1,-1,-1,9.056828472500998,2.789105338997707,-9999,3276.94021025,0.17449951171875,-0.520294189453125,-0.82476806640625,3276.93139925,0.04631446830969746,0.2073929108642664,0.556233858131294,0.01400895230472088,-0.001753516029566526,0.002481420524418354,0.002423420548439026,0.002478837966918945,0.005336999893188477,XArbitraryZVertical,0.2706927216234778,0.1058295287272976,0.05055657272750234,0.9554944731454394,0.1748684644699097,-0.5279915332794189,-0.8310511112213135,0,0,0,-1,-1,3230.927795875,unknown,2,2026-04-24T18:20:16.323+02:00,null,0,0,0,0,0,0,0,null,798740460.2590986,0,0.75,101.556,1,0.85
2026-04-24T18:21:02.366+02:00,1777047653.571205,53.56895416345577,9.882977505173033,38.55946,-1,-1,-1,-1,9.056828472500998,2.789105338997707,-9999,3276.95028525,0.174957275390625,-0.5177459716796875,-0.8195037841796875,3276.94147425,0.04630006920141232,0.2073477200917336,0.556349142821127,0.0201808288693428,-0.008017003536224365,-0.002402284415438771,-0.0003188550472259521,0.007795274257659912,0.006231367588043213,XArbitraryZVertical,0.2707497829210145,0.1058056308554836,0.0505489492155848,0.9554813393792289,0.1748183816671371,-0.5280894637107849,-0.8309994339942932,0,0,0,-1,-1,3230.927795875,unknown,2,2026-04-24T18:20:16.323+02:00,null,0,0,0,0,0,0,0,null,798740460.2590986,0,0.75,101.556,1,0.85
2026-04-24T18:21:02.376+02:00,1777047653.571205,53.56895416345577,9.882977505173033,38.55946,-1,-1,-1,-1,9.056828472500998,2.789105338997707,-9999,3276.96036025,0.178558349609375,-0.518218994140625,-0.8167572021484375,3276.95154925,0.04622354044332751,0.2073057887130351,0.5565038286994748,0.02081173099577427,-0.007465197239071131,-0.002928258618339896,0.0001905709505081177,0.0104748010635376,0.01142305135726929,XArbitraryZVertical,0.2708288938081493,0.1057747517580635,0.05051391729828889,0.9554641810035557,0.1747667193412781,-0.5282208323478699,-0.8309268355369568,0,0,0,-1,-1,3230.927795875,unknown,2,2026-04-24T18:20:16.323+02:00,null,0,0,0,0,0,0,0,null,798740460.2590986,0,0.75,101.556,1,0.85
2026-04-24T18:21:02.386+02:00,1777047653.571205,53.56895416345577,9.882977505173033,38.55946,-1,-1,-1,-1,9.056828472500998,2.789105338997707,-9999,3276.97043525,0.176513671875,-0.5234832763671875,-0.818145751953125,3276.96162425,0.04616374720384155,0.2072783058286476,0.5566493762566778,0.01484965905547142,-0.002183350268751383,-0.004028210416436195,0.003830313682556152,0.01012539863586426,0.01409918069839478,XArbitraryZVertical,0.2709023814993198,0.1057530658403699,0.05048841038136333,0.9554470824060884,0.17472805082798,-0.5283443927764893,-0.8308563828468323,0,0,0,-1,-1,3230.927795875,unknown,2,2026-04-24T18:20:16.323+02:00,null,0,0,0,0,0,0,0,null,798740460.2590986,0,0.75,101.556,1,0.85
2026-04-24T18:21:02.396+02:00,1777047653.571205,53.56895416345577,9.882977505173033,38.55946,-1,-1,-1,-1,9.056828472500998,2.789105338997707,-9999,3276.98051025,0.1744537353515625,-0.5270233154296875,-0.81890869140625,3276.97169925,0.04608369211387307,0.207307325052121,0.5567521275705285,0.006986942607909441,-0.001980416942387819,-0.005121171940118074,0.001772671937942505,0.00494837760925293,0.01265245676040649,XArbitraryZVertical,0.2709550319721876,0.105755755402367,0.05045888154612297,0.9554334284774008,0.1747409850358963,-0.5284316539764404,-0.8307982087135315,0,0,0,-1,-1,3230.927795875,unknown,2,2026-04-24T18:20:16.323+02:00,null,0,0,0,0,0,0,0,null,798740460.2590986,0,0.75,101.556,1,0.85
2026-04-24T18:21:02.406+02:00,1777047653.571205,53.56895416345577,9.882977505173033,38.55946,-1,-1,-1,-1,9.056828472500998,2.789105338997707,-9999,3276.99058525,0.174896240234375,-0.529876708984375,-0.818359375,3276.98177425,0.04604762116423457,0.2073101529702685,0.5567657607185323,-0.004305659327656031,-0.0004032934084534645,-0.0006489255465567112,-0.0002880990505218506,0.00141984224319458,0.01188194751739502,XArbitraryZVertical,0.2709634013104651,0.1057521810279134,0.05044267279726082,0.9554322667196454,0.1747418493032455,-0.5284432172775269,-0.830790638923645,0,0,0,-1,-1,3230.927795875,unknown,2,2026-04-24T18:20:16.323+02:00,null,0,0,0,0,0,0,0,null,798740460.2590986,0,0.75,101.556,1,0.85
2026-04-24T18:21:02.416+02:00,1777047653.571205,53.56895416345577,9.882977505173033,38.55946,-1,-1,-1,-1,9.056828472500998,2.789105338997707,-9999,3277.00066025,0.17645263671875,-0.5333099365234375,-0.8209686279296875,3276.99184925,0.04608880520448416,0.2072644455964171,0.5566711906020723,-0.01445656456053257,-0.003117586486041546,0.003223044332116842,0.0001820921897888184,-0.001513779163360596,0.01248818635940552,XArbitraryZVertical,0.2709171174385308,0.105736218629963,0.05045174252198392,0.9554467456065248,0.1747141778469086,-0.5283629298210144,-0.8308475613594055,0,0,0,-1,-1,3230.927795875,unknown,2,2026-04-24T18:20:16.323+02:00,null,0,0,0,0,0,0,0,null,798740460.2590986,0,0.75,101.556,1,0.85
2026-04-24T18:21:02.426+02:00,1777047653.571205,53.56895416345577,9.882977505173033,38.55946,-1,-1,-1,-1,9.056828472500998,2.789105338997707,-9999,3277.01073525,0.1755218505859375,-0.532562255859375,-0.8264923095703125,3277.00192425,0.04617163794207733,0.2071952218609799,0.5565156592703949,-0.01869871281087399,-0.00249440735206008,0.004807558842003345,0.001779094338417053,-0.005079090595245361,0.009971439838409424,XArbitraryZVertical,0.2708400703803943,0.1057148560603371,0.0504746922849801,0.9554697788111312,0.1746735572814941,-0.5282308459281921,-0.8309400677680969,0,0,0,-1,-1,3230.927795875,unknown,2,2026-04-24T18:20:16.323+02:00,null,0,0,0,0,0,0,0,null,798740460.2590986,0,0.75,101.556,1,0.85
2026-04-24T18:21:02.437+02:00,1777047653.571205,53.56895416345577,9.882977505173033,38.55946,-1,-1,-1,-1,9.056828472500998,2.789105338997707,-9999,3277.02081025,0.1751556396484375,-0.5277557373046875,-0.829437255859375,3277.01199925,0.04628067625504435,0.2071047673178199,0.5563526899792161,-0.01696153171360493,-0.001566295977681875,0.006258715409785509,0.0009057670831680298,-0.004469811916351318,0.004547774791717529,XArbitraryZVertical,0.2707586354591123,0.1056869217464666,0.0505069560806682,0.9554942158388281,0.1746160984039307,-0.5280924439430237,-0.83104008436203,0,0,0,-1,-1,3230.927795875,unknown,2,2026-04-24T18:20:16.323+02:00,null,0,0,0,0,0,0,0,null,798740460.2590986,0,0.75,101.556,1,0.85
2026-04-24T18:21:02.447+02:00,1777047653.571205,53.56895416345577,9.882977505173033,38.55946,-1,-1,-1,-1,9.056828472500998,2.789105338997707,-9999,3277.03088525,0.17645263671875,-0.5245513916015625,-0.8326568603515625,3277.02207425,0.04640932127676572,0.2070474315408312,0.5562602207102465,-0.006238901056349277,-0.0001897080801427364,0.008735388517379761,0.0005771666765213013,0.0002582073211669922,0.001660585403442383,XArbitraryZVertical,0.2707090450468028,0.1056772295196551,0.05055635252854884,0.9555067378577476,0.1745784878730774,-0.5280139446258545,-0.8310979008674622,0,0,0,-1,-1,3230.927795875,unknown,2,2026-04-24T18:20:16.323+02:00,null,0,0,0,0,0,0,0,null,798740460.2590986,0,0.75,101.556,1,0.85
2026-04-24T18:21:02.457+02:00,1777047653.571205,53.56895416345577,9.882977505173033,38.55946,-1,-1,-1,-1,9.056828472500998,2.789105338997707,-9999,3277.04096025,0.178924560546875,-0.5205078125,-0.8300933837890625,3277.03214925,0.04649470280710967,0.2069877233287096,0.5562571131319232,0.003198010148480535,-0.003952488303184509,0.005357168149203062,0.001923456788063049,0.0034598708152771,-0.001546978950500488,XArbitraryZVertical,0.2707045486067586,0.105660266163326,0.05058891422657123,0.9555081932156325,0.1745291948318481,-0.5280113220214844,-0.831109881401062,0,0,0,-1,-1,3230.927795875,unknown,2,2026-04-24T18:20:16.323+02:00,null,0,0,0,0,0,0,0,null,798740460.2590986,0,0.75,101.556,1,0.85
2026-04-24T18:21:02.467+02:00,1777047653.571205,53.56895416345577,9.882977505173033,38.55946,-1,-1,-1,-1,9.056828472500998,2.789105338997707,-9999,3277.05103525,0.181854248046875,-0.5169677734375,-0.8321380615234375,3277.04222425,0.04653216149798541,0.2069517463454996,0.5563765454555444,0.01673991791903973,-0.003051540814340115,0.004904231522232294,0.004438236355781555,0.007604897022247314,0.0009610652923583984,XArbitraryZVertical,0.2707606311557232,0.1056477896483926,0.05060749631840341,0.9554926517865998,0.1744863390922546,-0.5281127095222473,-0.8310544490814209,0,0,0,-1,-1,3230.927795875,unknown,2,2026-04-24T18:20:16.323+02:00,null,0,0,0,0,0,0,0,null,798740460.2590986,0,0.75,101.556,1,0.85
2026-04-24T18:21:02.481+02:00,1777047653.571205,53.56895416345577,9.882977505173033,38.55946,-1,-1,-1,-1,9.056828472500998,2.789105338997707,-9999,3277.06111025,0.1781463623046875,-0.5190582275390625,-0.8307952880859375,3277.05229925,0.04653525773506237,0.2069126516021043,0.5565879815252291,0.02091575413942337,-0.005337598267942667,0.003859739517793059,0.007423356175422668,0.01132446527481079,-0.001186072826385498,XArbitraryZVertical,0.2708626132346601,0.1056288882941737,0.05061350809241469,0.9554654997877079,0.1744309067726135,-0.5282922387123108,-0.830951988697052,0,0,0,-1,-1,3230.927795875,unknown,2,2026-04-24T18:20:16.323+02:00,null,0,0,0,0,0,0,0,null,798740460.2590986,0,0.75,101.556,1,0.85
2026-04-24T18:21:02.487+02:00,1777047653.571205,53.56895416345577,9.882977505173033,38.55946,-1,-1,-1,-1,9.056828472500998,2.789105338997707,-9999,3277.07118525,0.1749725341796875,-0.5237884521484375,-0.8276214599609375,3277.06237425,0.04650308086519784,0.2068598232943368,0.5567893453066803,0.01484694331884384,-0.008366943337023258,0.002304320456460118,0.003781214356422424,0.009405016899108887,6.181001663208008e-05,XArbitraryZVertical,0.270961960166028,0.1055986676169652,0.05060032629258855,0.9554414331657941,0.1743651628494263,-0.5284632444381714,-0.8308570981025696,0,0,0,-1,-1,3230.927795875,unknown,2,2026-04-24T18:20:16.323+02:00,null,0,0,0,0,0,0,0,null,798740460.2590986,0,0.75,101.556,1,0.85
2026-04-24T18:21:02.499+02:00,1777047653.571205,53.56895416345577,9.882977505173033,38.55946,-1,-1,-1,-1,9.056828472500998,2.789105338997707,-9999,3277.08126025,0.1759796142578125,-0.5299072265625,-0.8278656005859375,3277.07244925,0.04648658726127679,0.2068101348524491,0.5569513419817388,0.00996270589530468,-0.007100344635546207,-0.0007436674786731601,0.0006662607192993164,0.004812300205230713,0.003160476684570312,XArbitraryZVertical,0.27104158146729,0.1055721980479279,0.05059323629465641,0.9554221555276374,0.1743062883615494,-0.5286007523536682,-0.8307819366455078,0,0,0,-1,-1,3230.927795875,unknown,2,2026-04-24T18:20:16.323+02:00,null,0,0,0,0,0,0,0,null,798740460.2590986,0,0.75,101.556,1,0.85
2026-04-24T18:21:02.507+02:00,1777047653.571205,53.56895416345577,9.882977505173033,38.55946,-1,-1,-1,-1,9.056828472500998,2.789105338997707,-9999,3277.09133525,0.1740570068359375,-0.5313873291015625,-0.8286895751953125,3277.08252425,0.04647771024595783,0.206767770223982,0.5570623972832769,0.005334611050784588,-0.003795894794166088,0.003448014846071601,0.001720577478408813,-0.001212239265441895,0.002866268157958984,XArbitraryZVertical,0.2710962484079156,0.1055504166191274,0.05058841029954754,0.9554093022751959,0.1742590367794037,-0.5286949872970581,-0.8307318687438965,0,0,0,-1,-1,3230.927795875,unknown,2,2026-04-24T18:20:16.323+02:00,null,0,0,0,0,0,0,0,null,798740460.2590986,0,0.75,101.556,1,0.85
2026-04-24T18:21:02.517+02:00,1777047653.571205,53.56895416345577,9.882977505173033,38.55946,-1,-1,-1,-1,9.056828472500998,2.789105338997707,-9999,3277.10141025,0.1728973388671875,-0.534393310546875,-0.8277130126953125,3277.09259925,0.04649904099819484,0.2067237950411284,0.5571366144412512,0.003084506141021848,-0.002844879403710365,0.003897556336596608,-0.0001574307680130005,-0.002629339694976807,0.002011537551879883,XArbitraryZVertical,0.2711317394082993,0.1055320740144025,0.05059608427063977,0.9554008455572864,0.1742144525051117,-0.5287579894065857,-0.8307011127471924,0,0,0,-1,-1,3230.927795875,unknown,2,2026-04-24T18:20:16.323+02:00,null,0,0,0,0,0,0,0,null,798740460.2590986,0,0.75,101.556,1,0.85
2026-04-24T18:21:02.527+02:00,1777047653.571205,53.56895416345577,9.882977505173033,38.55946,-1,-1,-1,-1,9.056828472500998,2.789105338997707,-9999,3277.11148525,0.173553466796875,-0.53497314453125,-0.8260650634765625,3277.10267425,0.04653254674211318,0.2067076106699139,0.557169906825046,-6.622634828090668e-05,0.003619145136326551,0.007156466599553823,-0.001300036907196045,-0.005607068538665771,0.002973675727844238,XArbitraryZVertical,0.2711462976310096,0.1055287791446707,0.05061143705080641,0.9553962955949971,0.1741974055767059,-0.5287862420082092,-0.8306867480278015,0,0,0,-1,-1,3230.927795875,unknown,2,2026-04-24T18:20:16.323+02:00,null,0,0,0,0,0,0,0,null,798740460.2590986,0,0.75,101.556,1,0.85
2026-04-24T18:21:02.537+02:00,1777047653.571205,53.56895416345577,9.882977505173033,38.55946,-1,-1,-1,-1,9.056828472500998,2.789105338997707,-9999,3277.12156025,0.1745452880859375,-0.534423828125,-0.8257598876953125,3277.11274925,0.04660532384744315,0.2067374020931887,0.5571616367576646,0.0008717389428056777,0.01015800423920155,0.005527144763618708,-0.0006695538759231567,-0.006193876266479492,0.004620671272277832,XArbitraryZVertical,0.2711377905030885,0.1055529215192063,0.05064987537161063,0.9553938572831731,0.1742230355739594,-0.5287792682647705,-0.8306857347488403,0,0,0,-1,-1,3230.927795875,unknown,2,2026-04-24T18:20:16.323+02:00,null,0,0,0,0,0,0,0,null,798740460.2590986,0,0.75,101.556,1,0.85
2026-04-24T18:21:02.547+02:00,1777047653.571205,53.56895416345577,9.882977505173033,38.55946,-1,-1,-1,-1,9.056828472500998,2.789105338997707,-9999,3277.131634041667,0.172943115234375,-0.5300445556640625,-0.8243865966796875,3277.12282425,0.04670220591880593,0.2067785409723298,0.5571827437404975,0.006290312856435776,0.006914007943123579,0.01058681774884462,0.0002903789281845093,-0.005626678466796875,0.004907786846160889,XArbitraryZVertical,0.2711417220870519,0.1055856397176906,0.05070270851460376,0.9553863538678807,0.1742549240589142,-0.5287971496582031,-0.8306676745414734,0,0,0,-1,-1,3230.927795875,unknown,2,2026-04-24T18:20:16.323+02:00,null,0,0,0,0,0,0,0,null,798740460.2590986,0,0.75,101.556,1,0.85
2026-04-24T18:21:02.557+02:00,1777047653.571205,53.56895416345577,9.882977505173033,38.55946,-1,-1,-1,-1,9.056828472500998,2.789105338997707,-9999,3277.141709041667,0.1719512939453125,-0.523529052734375,-0.8206329345703125,3277.132898041667,0.0467955010280745,0.2068218583334752,0.5572131533479361,0.008099664002656937,0.005889756139367819,0.009853915311396122,-0.001344457268714905,-0.001221597194671631,0.006257772445678711,XArbitraryZVertical,0.2711502487818369,0.1056188908912017,0.05075456066720901,0.9553774884834653,0.1742876023054123,-0.5288229584693909,-0.8306443691253662,0,0,0,-1,-1,3230.927795875,unknown,2,2026-04-24T18:20:16.323+02:00,null,0,0,0,0,0,0,0,null,798740460.2590986,0,0.75,101.556,1,0.85
2026-04-24T18:21:02.568+02:00,1777047653.571205,53.56895416345577,9.882977505173033,38.55946,-1,-1,-1,-1,9.056828472500998,2.789105338997707,-9999,3277.151784041667,0.1722564697265625,-0.5243072509765625,-0.822845458984375,3277.142973041667,0.04690399162461546,0.2068306732555867,0.5572698696669557,0.007051710970699787,0.006028240546584129,0.01163217425346375,-0.002337455749511719,0.005342066287994385,0.009980559349060059,XArbitraryZVertical,0.2711714275283231,0.1056376420938155,0.05081021310540836,0.9553664388586997,0.1742887645959854,-0.5288711190223694,-0.8306134939193726,0,0,0,-1,-1,3230.927795875,unknown,2,2026-04-24T18:20:16.323+02:00,null,0,0,0,0,0,0,0,null,798740460.2590986,0,0.75,101.556,1,0.85
2026-04-24T18:21:02.578+02:00,1777047653.571205,53.56895416345577,9.882977505173033,38.55946,-1,-1,-1,-1,9.056828472500998,2.789105338997707,-9999,3277.161859041667,0.1704254150390625,-0.5255126953125,-0.82574462890625,3277.153048041667,0.04702863207655472,0.2068137785123567,0.557283547085857,-0.002364960499107838,0.00160286552272737,0.01029287092387676,-0.002016767859458923,0.004575490951538086,0.007763922214508057,XArbitraryZVertical,0.271171825020713,0.1056464347573102,0.05086809925460788,0.9553622423661728,0.1742732375860214,-0.5288827419281006,-0.8306093215942383,0,0,0,-1,-1,3230.927795875,unknown,2,2026-04-24T18:20:16.323+02:00,null,0,0,0,0,0,0,0,null,798740460.2590986,0,0.75,101.556,1,0.85
2026-04-24T18:21:02.588+02:00,1777047653.571205,53.56895416345577,9.882977505173033,38.55946,-1,-1,-1,-1,9.056828472500998,2.789105338997707,-9999,3277.171934041667,0.170379638671875,-0.525604248046875,-0.827728271484375,3277.163123041667,0.04714697114342457,0.2067484383305333,0.5572495755148749,-0.008769862353801727,-0.004016137681901455,0.008892381563782692,-0.003797233104705811,0.003341138362884521,0.004893720149993896,XArbitraryZVertical,0.2711509638018861,0.1056313568030122,0.05091418394165122,0.9553674539173004,0.1742226630449295,-0.5288538932800293,-0.8306383490562439,0,0,0,-1,-1,3230.927795875,unknown,2,2026-04-24T18:20:16.323+02:00,null,0,0,0,0,0,0,0,null,798740460.2590986,0,0.75,101.556,1,0.85
2026-04-24T18:21:02.598+02:00,1777047653.571205,53.56895416345577,9.882977505173033,38.55946,-1,-1,-1,-1,9.056828472500998,2.789105338997707,-9999,3277.182009041667,0.1712646484375,-0.52569580078125,-0.832427978515625,3277.173198041667,0.04725108520171389,0.2066813218368922,0.5571627891096728,-0.01262052729725838,-0.0001124762929975986,0.00566196721047163,-0.003796666860580444,0.003175973892211914,0.002966701984405518,XArbitraryZVertical,0.2711056553190603,0.1056136599491794,0.05095079435288617,0.9553803320882814,0.1741763353347778,-0.5287802219390869,-0.8306949734687805,0,0,0,-1,-1,3230.927795875,unknown,2,2026-04-24T18:20:16.323+02:00,null,0,0,0,0,0,0,0,null,798740460.2590986,0,0.75,101.556,1,0.85
2026-04-24T18:21:02.608+02:00,1777047653.571205,53.56895416345577,9.882977505173033,38.55946,-1,-1,-1,-1,9.056828472500998,2.789105338997707,-9999,3277.192084041667,0.169403076171875,-0.524200439453125,-0.834869384765625,3277.183273041667,0.04732019084821702,0.2066369039674111,0.5570934866412465,-0.007601054850965738,-0.002049126662313938,0.0008724051294848323,-0.002882286906242371,0.003025591373443604,-0.001689434051513672,XArbitraryZVertical,0.2710699754839481,0.1056020029836258,0.05097456925697176,0.9553905135644821,0.1741469502449036,-0.5287213921546936,-0.8307385444641113,0,0,0,-1,-1,3230.927795875,unknown,2,2026-04-24T18:20:16.323+02:00,null,0,0,0,0,0,0,0,null,798740460.2590986,0,0.75,101.556,1,0.85
2026-04-24T18:21:02.618+02:00,1777047653.571205,53.56895416345577,9.882977505173033,38.55946,-1,-1,-1,-1,9.056828472500998,2.789105338997707,-9999,3277.202159041667,0.1677398681640625,-0.520294189453125,-0.8350830078125,3277.193348041667,0.04731581844221643,0.2066413091750165,0.5571430618083986,0.009068203158676624,0.0005983216688036919,-0.0008831506129354239,-0.004742145538330078,0.004563033580780029,-0.00415724515914917,XArbitraryZVertical,0.2710938168431725,0.1056033761748617,0.0509753777279899,0.9553835273455902,0.1741452366113663,-0.528763473033905,-0.8307121396064758,0,0,0,-1,-1,3230.927795875,unknown,2,2026-04-24T18:20:16.323+02:00,null,0,0,0,0,0,0,0,null,798740460.2590986,0,0.75,101.556,1,0.85
2026-04-24T18:21:02.628+02:00,1777047653.571205,53.56895416345577,9.882977505173033,38.55946,-1,-1,-1,-1,9.056828472500998,2.789105338997707,-9999,3277.212234041667,0.1729888916015625,-0.5170135498046875,-0.8308563232421875,3277.203423041667,0.04723293667302299,0.2066591488139086,0.5573030072028158,0.01828242093324661,-0.009048713371157646,-0.004128478933125734,-0.00640280544757843,0.008605062961578369,-0.004456758499145508,XArbitraryZVertical,0.2711742384394908,0.1056001966615104,0.05094561130851878,0.955362680711349,0.1741427034139633,-0.5288992524147034,-0.8306262493133545,0,0,0,-1,-1,3230.927795875,unknown,2,2026-04-24T18:20:16.323+02:00,null,0,0,0,0,0,0,0,null,798740460.2590986,0,0.75,101.556,1,0.85
2026-04-24T18:21:02.638+02:00,1777047653.571205,53.56895416345577,9.882977505173033,38.55946,-1,-1,-1,-1,9.056828472500998,2.789105338997707,-9999,3277.222309041667,0.1790924072265625,-0.5221405029296875,-0.827423095703125,3277.213498041667,0.04717589635430802,0.2065781029547072,0.5575231015616167,0.0221253614872694,-0.01491831988096237,0.002629558788612485,-0.001062586903572083,0.01207244396209717,-0.0003299117088317871,XArbitraryZVertical,0.2712845953206033,0.105553110290181,0.05091757098855156,0.9553380449053831,0.1740514934062958,-0.5290859937667847,-0.8305264115333557,0,0,0,-1,-1,3230.927795875,unknown,2,2026-04-24T18:20:16.323+02:00,null,0,0,0,0,0,0,0,null,798740460.2590986,0,0.75,101.556,1,0.85
2026-04-24T18:21:02.648+02:00,1777047653.571205,53.56895416345577,9.882977505173033,38.55946,-1,-1,-1,-1,9.056828472500998,2.789105338997707,-9999,3277.232384041667,0.177825927734375,-0.5309600830078125,-0.822601318359375,3277.223573041667,0.04715725465334266,0.2064069990325511,0.5577046011324761,0.01108639966696501,-0.01776443980634212,0.006252855993807316,0.005202725529670715,0.007099509239196777,0.003039062023162842,XArbitraryZVertical,0.2713767732444342,0.1054683337781806,0.05089386607959764,0.9553224160018208,0.173889696598053,-0.5292400121688843,-0.8304621577262878,0,0,0,-1,-1,3230.927795875,unknown,2,2026-04-24T18:20:16.323+02:00,null,0,0,0,0,0,0,0,null,798740460.2590986,0,0.75,101.556,1,0.85
2026-04-24T18:21:02.658+02:00,1777047653.571205,53.56895416345577,9.882977505173033,38.55946,-1,-1,-1,-1,9.056828472500998,2.789105338997707,-9999,3277.242459041667,0.1783599853515625,-0.53485107421875,-0.815093994140625,3277.233648041667,0.04725109253886994,0.2061331447845365,0.5577237913698043,-0.01159627642482519,-0.02604181133210659,0.01186946220695972,0.004165753722190857,-0.001703798770904541,0.007898509502410889,XArbitraryZVertical,0.2713879741868081,0.1053502003716009,0.05090241600420879,0.9553318201050554,0.1736601889133453,-0.529256284236908,-0.8304998278617859,0,0,0,-1,-1,3230.927795875,unknown,2,2026-04-24T18:20:16.323+02:00,null,0,0,0,0,0,0,0,null,798740460.2590986,0,0.75,101.556,1,0.85
2026-04-24T18:21:02.668+02:00,1777047653.571205,53.56895416345577,9.882977505173033,38.55946,-1,-1,-1,-1,9.056828472500998,2.789105338997707,-9999,3277.252534041667,0.1793365478515625,-0.533905029296875,-0.814117431640625,3277.243723041667,0.04748321406066106,0.2057238046800707,0.5575479826195059,-0.02601351030170918,-0.02816807851195335,0.01750164851546288,0.005020767450332642,-0.005743980407714844,0.01556789875030518,XArbitraryZVertical,0.2713020917667701,0.1051866604059971,0.05094964873236147,0.9553716831347944,0.1733392179012299,-0.5291070938110352,-0.8306618928909302,0,0,0,-1,-1,3230.927795875,unknown,2,2026-04-24T18:20:16.323+02:00,null,0,0,0,0,0,0,0,null,798740460.2590986,0,0.75,101.556,1,0.85
2026-04-24T18:21:02.678+02:00,1777047653.571205,53.56895416345577,9.882977505173033,38.55946,-1,-1,-1,-1,9.056828472500998,2.789105338997707,-9999,3277.262609041667,0.1794891357421875,-0.5328826904296875,-0.816802978515625,3277.253798041667,0.04779755451795061,0.2052708442715817,0.5572742033715558,-0.03962173312902451,-0.02753264829516411,0.02025562524795532,0.006344079971313477,-0.005030214786529541,0.01676470041275024,XArbitraryZVertical,0.2711661544067779,0.1050136557609907,0.05102577784099812,0.9554252382716942,0.172992467880249,-0.5288747549057007,-0.8308820724487305,0,0,0,-1,-1,3230.927795875,unknown,2,2026-04-24T18:20:16.323+02:00,null,0,0,0,0,0,0,0,null,798740460.2590986,0,0.75,101.556,1,0.85
2026-04-24T18:21:02.688+02:00,1777047653.571205,53.56895416345577,9.882977505173033,38.55946,-1,-1,-1,-1,9.056828472500998,2.789105338997707,-9999,3277.272684041667,0.1798858642578125,-0.5303192138671875,-0.819610595703125,3277.263873041667,0.04819086286136601,0.2048000304567622,0.5568869891437696,-0.04526017606258392,-0.02451928146183491,0.02711978927254677,0.006846249103546143,-0.004336535930633545,0.01436096429824829,XArbitraryZVertical,0.2709723078432941,0.1048430479896249,0.05113209127212657,0.9554932559868187,0.1726428866386414,-0.5285460948944092,-0.8311638832092285,0,0,0,-1,-1,3230.927795875,unknown,2,2026-04-24T18:20:16.323+02:00,null,0,0,0,0,0,0,0,null,798740460.2590986,0,0.75,101.556,1,0.85
2026-04-24T18:21:02.698+02:00,1777047653.571205,53.56895416345577,9.882977505173033,38.55946,-1,-1,-1,-1,9.056828472500998,2.789105338997707,-9999,3277.282759041667,0.17889404296875,-0.525970458984375,-0.82196044921875,3277.273948041667,0.04863420308862509,0.2043125769939631,0.5564985505252483,-0.04222284257411957,-0.02531263791024685,0.03054354898631573,0.007606521248817444,-0.002102911472320557,0.01183837652206421,XArbitraryZVertical,0.2707756847117567,0.1046711407154837,0.05126009395046777,0.9555610991229411,0.1722793728113174,-0.5282163023948669,-0.8314489722251892,0,0,0,-1,-1,3230.927795875,unknown,2,2026-04-24T18:20:16.323+02:00,null,0,0,0,0,0,0,0,null,798740460.2590986,0,0.75,101.556,1,0.85
2026-04-24T18:21:02.708+02:00,1777047653.571205,53.56895416345577,9.882977505173033,38.55946,-1,-1,-1,-1,9.056828472500998,2.789105338997707,-9999,3277.292834041667,0.1766815185546875,-0.5206451416015625,-0.8261260986328125,3277.284023041667,0.04911442562541576,0.2038193184374207,0.5561497926396111,-0.0329788476228714,-0.02205026522278786,0.03164782747626305,0.0069875568151474,0.001949667930603027,0.009753763675689697,XArbitraryZVertical,0.2705963614641952,0.1045012593874157,0.05140687427239365,0.9556225958459491,0.1719065010547638,-0.5279201865196228,-0.8317142128944397,0,0,0,-1,-1,3230.927795875,unknown,2,2026-04-24T18:20:16.323+02:00,null,0,0,0,0,0,0,0,null,798740460.2590986,0,0.75,101.556,1,0.85
2026-04-24T18:21:02.719+02:00,1777047653.571205,53.56895416345577,9.882977505173033,38.55946,-1,-1,-1,-1,9.056828472500998,2.789105338997707,-9999,3277.302909041667,0.1773529052734375,-0.5153656005859375,-0.826934814453125,3277.294098041667,0.04955996827866598,0.203389386757813,0.5559186663826309,-0.02004840224981308,-0.01519875042140484,0.03521273285150528,0.005107983946800232,0.007078707218170166,0.005781412124633789,XArbitraryZVertical,0.270473571316749,0.1043565930089755,0.05155109842845395,0.955665383844587,0.1715735495090485,-0.5277238488197327,-0.8319075107574463,0,0,0,-1,-1,3230.927795875,unknown,2,2026-04-24T18:20:16.323+02:00,null,0,0,0,0,0,0,0,null,798740460.2590986,0,0.75,101.556,1,0.85
2026-04-24T18:21:02.730+02:00,1777047653.571205,53.56895416345577,9.882977505173033,38.55946,-1,-1,-1,-1,9.056828472500998,2.789105338997707,-9999,3277.312983041667,0.17474365234375,-0.516143798828125,-0.827362060546875,3277.304173041667,0.05000713777301759,0.2030076489693168,0.5558675389585248,-0.007117903791368008,-0.02016075327992439,0.03908483684062958,0.006091505289077759,0.01231479644775391,0.005064547061920166,XArbitraryZVertical,0.2704356295043182,0.1042347515887885,0.05171082736405054,0.9556808287734192,0.1712613999843597,-0.5276803970336914,-0.8319993615150452,0,0,0,-1,-1,3230.927795875,unknown,2,2026-04-24T18:20:16.323+02:00,null,0,0,0,0,0,0,0,null,798740460.2590986,0,0.75,101.556,1,0.85
2026-04-24T18:21:02.741+02:00,1777047653.571205,53.56895416345577,9.882977505173033,38.55946,-1,-1,-1,-1,9.056828472500998,2.789105338997707,-9999,3277.323058041667,0.1719512939453125,-0.520233154296875,-0.8283843994140625,3277.314247041667,0.05042603857018121,0.2026235178530409,0.5559295519408471,-0.001216871780343354,-0.01945075392723083,0.0372171625494957,0.003808453679084778,0.01158928871154785,0.004670977592468262,XArbitraryZVertical,0.2704534448280904,0.1041077319999068,0.05186186199711099,0.9556814070258475,0.1709352135658264,-0.5277330875396729,-0.8320330381393433,0,0,0,-1,-1,3230.927795875,unknown,2,2026-04-24T18:20:16.323+02:00,null,0,0,0,0,0,0,0,null,798740460.2590986,0,0.75,101.556,1,0.85
2026-04-24T18:21:02.750+02:00,1777047653.571205,53.56895416345577,9.882977505173033,38.55946,-1,-1,-1,-1,9.056828472500998,2.789105338997707,-9999,3277.333133041667,0.1724090576171875,-0.5240020751953125,-0.8320770263671875,3277.324322041667,0.05084271474121636,0.2022136395222863,0.5560278264053543,-0.00812244787812233,-0.02184866368770599,0.03773881122469902,0.001367554068565369,0.007583379745483398,0.003667831420898438,XArbitraryZVertical,0.2704894450181542,0.1039680546869436,0.05200997050777798,0.9556783645931486,0.1705837398767471,-0.5278165936470032,-0.8320522308349609,0,0,0,-1,-1,3230.927795875,unknown,2,2026-04-24T18:20:16.323+02:00,null,0,0,0,0,0,0,0,null,798740460.2590986,0,0.75,101.556,1,0.85
2026-04-24T18:21:02.759+02:00,1777047653.571205,53.56895416345577,9.882977505173033,38.55946,-1,-1,-1,-1,9.056828472500998,2.789105338997707,-9999,3277.343208041667,0.17034912109375,-0.52899169921875,-0.8339080810546875,3277.334397041667,0.05124850959451239,0.2017865002008876,0.556026301233143,-0.01883687824010849,-0.02745062299072742,0.03210622444748878,0.002180576324462891,0.003813207149505615,4.881620407104492e-05,XArbitraryZVertical,0.270478757101843,0.103818832259111,0.05214604032904793,0.9556901989616811,0.1702284812927246,-0.5278152823448181,-0.8321257829666138,0,0,0,-1,-1,3230.927795875,unknown,2,2026-04-24T18:20:16.323+02:00,null,0,0,0,0,0,0,0,null,798740460.2590986,0,0.75,101.556,1,0.85
2026-04-24T18:21:02.769+02:00,1777047653.571205,53.56895416345577,9.882977505173033,38.55946,-1,-1,-1,-1,9.056828472500998,2.789105338997707,-9999,3277.353283041667,0.1677703857421875,-0.5338287353515625,-0.8311004638671875,3277.344472041667,0.05163972004908303,0.2013579958304838,0.5559121804424851,-0.02562197484076023,-0.02593901380896568,0.03331609815359116,0.0004651844501495361,-0.001273393630981445,-0.001650393009185791,XArbitraryZVertical,0.2704150195634077,0.1036671349111172,0.05226991211477242,0.9557179926623877,0.1698839515447617,-0.5277183651924133,-0.8322576880455017,0,0,0,-1,-1,3230.927795875,unknown,2,2026-04-24T18:20:16.323+02:00,null,0,0,0,0,0,0,0,null,798740460.2590986,0,0.75,101.556,1,0.85
2026-04-24T18:21:02.779+02:00,1777047653.571205,53.56895416345577,9.882977505173033,38.55946,-1,-1,-1,-1,9.056828472500998,2.789105338997707,-9999,3277.363358041667,0.167694091796875,-0.5324859619140625,-0.8292694091796875,3277.354547041667,0.05205378675994399,0.2008942618456768,0.555723522025196,-0.03116214834153652,-0.02653263323009014,0.03049954026937485,-0.001747444272041321,-0.006270647048950195,0.001333415508270264,XArbitraryZVertical,0.2703154438518067,0.1035017740747792,0.05239666646646725,0.9557570604950283,0.16951784491539,-0.5275580883026123,-0.8324338793754578,0,0,0,-1,-1,3230.927795875,unknown,2,2026-04-24T18:20:16.323+02:00,null,0,0,0,0,0,0,0,null,798740460.2590986,0,0.75,101.556,1,0.85
2026-04-24T18:21:02.789+02:00,1777047653.571205,53.56895416345577,9.882977505173033,38.55946,-1,-1,-1,-1,9.056828472500998,2.789105338997707,-9999,3277.373433041667,0.1645965576171875,-0.528594970703125,-0.830657958984375,3277.364622041667,0.05242979566078331,0.2004803423381327,0.5554977666452585,-0.02870143949985504,-0.02656272426247597,0.02368244715034962,-0.001502871513366699,-0.005119681358337402,0.003351271152496338,XArbitraryZVertical,0.2701988105264402,0.1033550568775922,0.05251036045138437,0.9557996636021717,0.1691969782114029,-0.5273662805557251,-0.8326206803321838,0,0,0,-1,-1,3230.927795875,unknown,2,2026-04-24T18:20:16.323+02:00,null,0,0,0,0,0,0,0,null,798740460.2590986,0,0.75,101.556,1,0.85
2026-04-24T18:21:02.799+02:00,1777047653.571205,53.56895416345577,9.882977505173033,38.55946,-1,-1,-1,-1,9.056828472500998,2.789105338997707,-9999,3277.383508041667,0.1611175537109375,-0.5255889892578125,-0.8302001953125,3277.374697041667,0.05276048613022342,0.2001031154734177,0.5552780957679517,-0.02219453826546669,-0.01999989710748196,0.02203315123915672,-0.004309341311454773,-0.001415371894836426,0.002140045166015625,XArbitraryZVertical,0.2700864877667238,0.1032196814977886,0.05260767227091303,0.955840744675391,0.1689059138298035,-0.5271796584129333,-0.8327979445457458,0,0,0,-1,-1,3230.927795875,unknown,2,2026-04-24T18:20:16.323+02:00,null,0,0,0,0,0,0,0,null,798740460.2590986,0,0.75,101.556,1,0.85
2026-04-24T18:21:02.809+02:00,1777047653.571205,53.56895416345577,9.882977505173033,38.55946,-1,-1,-1,-1,9.056828472500998,2.789105338997707,-9999,3277.393583041667,0.1594696044921875,-0.52679443359375,-0.8352508544921875,3277.384772041667,0.05302905902839667,0.1998372229624097,0.5551216273197334,-0.01189103443175554,-0.006091538816690445,0.02095457166433334,-0.007583275437355042,0.001457631587982178,0.002723515033721924,XArbitraryZVertical,0.2700047355801313,0.1031290258752168,0.05269318424344074,0.9558689272364223,0.1687008440494537,-0.5270466804504395,-0.8329237103462219,0,0,0,-1,-1,3230.927795875,unknown,2,2026-04-24T18:20:16.323+02:00,null,0,0,0,0,0,0,0,null,798740460.2590986,0,0.75,101.556,1,0.85
2026-04-24T18:21:02.819+02:00,1777047653.571205,53.56895416345577,9.882977505173033,38.55946,-1,-1,-1,-1,9.056828472500998,2.789105338997707,-9999,3277.403658041667,0.1593475341796875,-0.522918701171875,-0.8387298583984375,3277.394847041667,0.05324899706355593,0.1997350867276994,0.5551261048781372,0.009643286466598511,0.003635124303400517,0.01765171810984612,-0.009145691990852356,0.0002560615539550781,-0.002312242984771729,XArbitraryZVertical,0.2699982514825611,0.1031099076518731,0.05278471802719394,0.9558677046386991,0.1686152964830399,-0.5270504951477051,-0.8329386115074158,0,0,0,-1,-1,3230.927795875,unknown,2,2026-04-24T18:20:16.323+02:00,null,0,0,0,0,0,0,0,null,798740460.2590986,0,0.75,101.556,1,0.85
2026-04-24T18:21:02.830+02:00,1777047653.571205,53.56895416345577,9.882977505173033,38.55946,-1,-1,-1,-1,9.056828472500998,2.789105338997707,-9999,3277.413733041667,0.1619720458984375,-0.51971435546875,-0.8326568603515625,3277.404922041667,0.05336814576075271,0.1997052772244506,0.5553023295100397,0.02361209876835346,0.001234550727531314,0.01306628808379173,-0.009224504232406616,0.004281580448150635,-0.005877256393432617,XArbitraryZVertical,0.2700772559490286,0.1031115928746164,0.05284544596836697,0.9558418165697888,0.1685720384120941,-0.5272002220153809,-0.8328525424003601,0,0,0,-1,-1,3230.927795875,unknown,2,2026-04-24T18:20:16.323+02:00,null,0,0,0,0,0,0,0,null,798740460.2590986,0,0.75,101.556,1,0.85
2026-04-24T18:21:02.840+02:00,1777047653.571205,53.56895416345577,9.882977505173033,38.55946,-1,-1,-1,-1,9.056828472500998,2.789105338997707,-9999,3277.423808041667,0.1663665771484375,-0.5251922607421875,-0.8344879150390625,3277.414997041667,0.05343717972693243,0.1996711376445113,0.5555737491814433,0.02704118564724922,-0.004621474072337151,0.009369553998112679,-0.006543174386024475,0.007716536521911621,6.121397018432617e-05,XArbitraryZVertical,0.2702045068928544,0.1031043589956598,0.05288584071771352,0.9558044157961675,0.168515220284462,-0.5274308323860168,-0.8327180147171021,0,0,0,-1,-1,3230.927795875,unknown,2,2026-04-24T18:20:16.323+02:00,null,0,0,0,0,0,0,0,null,798740460.2590986,0,0.75,101.556,1,0.85
2026-04-24T18:21:02.850+02:00,1777047653.571205,53.56895416345577,9.882977505173033,38.55946,-1,-1,-1,-1,9.056828472500998,2.789105338997707,-9999,3277.433883041667,0.1638946533203125,-0.53350830078125,-0.8364715576171875,3277.425072041667,0.05348971528210957,0.1996162124586656,0.5558453481275896,0.02143150195479393,-0.00416873674839735,0.01210728287696838,-0.002074480056762695,0.002469301223754883,-0.001901030540466309,XArbitraryZVertical,0.2703332441980766,0.1030849718482699,0.05291554324375292,0.9557684637434157,0.1684410721063614,-0.5276615619659424,-0.8325868248939514,0,0,0,-1,-1,3230.927795875,unknown,2,2026-04-24T18:20:16.323+02:00,null,0,0,0,0,0,0,0,null,798740460.2590986,0,0.75,101.556,1,0.85
2026-04-24T18:21:02.860+02:00,1777047653.571205,53.56895416345577,9.882977505173033,38.55946,-1,-1,-1,-1,9.056828472500998,2.789105338997707,-9999,3277.443958041667,0.1607818603515625,-0.5357818603515625,-0.83282470703125,3277.435147041667,0.05354717414133893,0.1995627404818809,0.5560371185298756,0.007030458655208349,-0.000772673636674881,0.006177222356200218,-0.00448182225227356,-0.005683839321136475,-0.003974854946136475,XArbitraryZVertical,0.2704234642266872,0.1030670133748485,0.05294424828783169,0.9557433459626299,0.1683764904737473,-0.5278244614601135,-0.832496702671051,0,0,0,-1,-1,3230.927795875,unknown,2,2026-04-24T18:20:16.323+02:00,null,0,0,0,0,0,0,0,null,798740460.2590986,0,0.75,101.556,1,0.85
2026-04-24T18:21:02.870+02:00,1777047653.571205,53.56895416345577,9.882977505173033,38.55946,-1,-1,-1,-1,9.056828472500998,2.789105338997707,-9999,3277.454033041667,0.15948486328125,-0.5272064208984375,-0.8318939208984375,3277.445222041667,0.05359175140762482,0.199564854605476,0.5561562923388504,0.009096752852201462,0.00274589448235929,0.00376732787117362,-0.007583916187286377,-0.007856190204620361,-0.0003900527954101562,XArbitraryZVertical,0.2704781337250167,0.1030739437314783,0.05297110050815681,0.9557256875092619,0.1683657765388489,-0.5279256701469421,-0.8324346542358398,0,0,0,-1,-1,3230.927795875,unknown,2,2026-04-24T18:20:16.323+02:00,null,0,0,0,0,0,0,0,null,798740462.8362647,0,0.7599998,101.5559,1,0.85
2026-04-24T18:21:02.880+02:00,1777047653.571205,53.56895416345577,9.882977505173033,38.55946,-1,-1,-1,-1,9.056828472500998,2.789105338997707,-9999,3277.464108041667,0.1601715087890625,-0.5235137939453125,-0.8332672119140625,3277.455297041667,0.05357500429077183,0.1996003113854831,0.5562746905523737,0.01237696781754494,0.005198399536311626,-0.003616285976022482,-0.008898019790649414,0.0008198022842407227,0.0004734992980957031,XArbitraryZVertical,0.2705347274524325,0.1030885230983316,0.05297313149914851,0.9557079657805954,0.1683828979730606,-0.5280262231826782,-0.8323674201965332,0,0,0,-1,-1,3230.927795875,unknown,2,2026-04-24T18:20:16.323+02:00,null,0,0,0,0,0,0,0,null,798740462.8362647,0,0.7599998,101.5559,1,0.85
2026-04-24T18:21:02.890+02:00,1777047653.571205,53.56895416345577,9.882977505173033,38.55946,-1,-1,-1,-1,9.056828472500998,2.789105338997707,-9999,3277.474183041667,0.1648101806640625,-0.5223388671875,-0.8343963623046875,3277.465372041667,0.05353076046714531,0.1996807203440737,0.556432149644342,0.02485094778239727,0.01156921312212944,0.001377740176394582,-0.008261814713478088,0.004646182060241699,-0.0009948015213012695,XArbitraryZVertical,0.2706102611059467,0.1031208351931442,0.05296984393760839,0.9556831895410961,0.1684333235025406,-0.5281599164009094,-0.8322723507881165,0,0,0,-1,-1,3230.927795875,unknown,2,2026-04-24T18:20:16.323+02:00,null,0,0,0,0,0,0,0,null,798740462.8362647,0,0.7599998,101.5559,1,0.85
2026-04-24T18:21:02.900+02:00,1777047653.571205,53.56895416345577,9.882977505173033,38.55946,-1,-1,-1,-1,9.056828472500998,2.789105338997707,-9999,3277.484258041667,0.1687774658203125,-0.521636962890625,-0.834503173828125,3277.475447041667,0.05346607617979817,0.1998144438866959,0.5566938385679208,0.02254118770360947,0.009827239438891411,-0.003289715852588415,-0.003706991672515869,0.00604325532913208,-0.002282023429870605,XArbitraryZVertical,0.2707352901080785,0.1031757438290017,0.05296861658329385,0.9556419200067362,0.1685171872377396,-0.5283821225166321,-0.8321143388748169,0,0,0,-1,-1,3230.927795875,unknown,2,2026-04-24T18:20:16.323+02:00,null,0,0,0,0,0,0,0,null,798740462.8362647,0,0.7599998,101.5559,1,0.85
2026-04-24T18:21:02.910+02:00,1777047653.571205,53.56895416345577,9.882977505173033,38.55946,-1,-1,-1,-1,9.056828472500998,2.789105338997707,-9999,3277.494333041667,0.1707000732421875,-0.5160675048828125,-0.818267822265625,3277.485522041667,0.0534144870127836,0.1998375912151582,0.5569288175900527,0.03385232388973236,-0.0008168821223080158,-0.0003845400642603636,0.0002656877040863037,0.006944656372070312,-0.002514421939849854,XArbitraryZVertical,0.2708497720891627,0.1031795959463,0.05295750027735151,0.9556097296076539,0.1685117930173874,-0.5285816192626953,-0.8319887518882751,0,0,0,-1,-1,3230.927795875,unknown,2,2026-04-24T18:20:16.323+02:00,null,0,0,0,0,0,0,0,null,798740462.8362647,0,0.7599998,101.5559,1,0.85
2026-04-24T18:21:02.920+02:00,1777047653.571205,53.56895416345577,9.882977505173033,38.55946,-1,-1,-1,-1,9.056828472500998,2.789105338997707,-9999,3277.504408041667,0.171142578125,-0.5177764892578125,-0.81842041015625,3277.495597041667,0.05334453702112917,0.1997941187624778,0.5572670037619647,0.03604810312390327,-0.01047004200518131,-0.00144447828643024,0.002259954810142517,0.01280117034912109,0.01355302333831787,XArbitraryZVertical,0.2710163584337183,0.1031490288089814,0.05293316327465511,0.9555671587754336,0.1684401482343674,-0.5288686752319336,-0.8318208456039429,0,0,0,-1,-1,3230.927795875,unknown,2,2026-04-24T18:20:16.323+02:00,null,0,0,0,0,0,0,0,null,798740462.8362647,0,0.7599998,101.5559,1,0.85
2026-04-24T18:21:02.930+02:00,1777047653.571205,53.56895416345577,9.882977505173033,38.55946,-1,-1,-1,-1,9.056828472500998,2.789105338997707,-9999,3277.514483041667,0.1732025146484375,-0.5287017822265625,-0.8276519775390625,3277.505672041667,0.05333004572843038,0.1996852128999983,0.5576113978313031,0.03943436220288277,-0.007035630289465189,0.01444986648857594,0.002829179167747498,0.01138442754745483,0.01324021816253662,XArbitraryZVertical,0.271184775193076,0.1030946998735403,0.05292671801216593,0.955525620019855,0.1683134138584137,-0.5291609168052673,-0.8316606283187866,0,0,0,-1,-1,3230.927795875,unknown,2,2026-04-24T18:20:16.323+02:00,null,0,0,0,0,0,0,0,null,798740462.8362647,0,0.7599998,101.5559,1,0.85
2026-04-24T18:21:02.941+02:00,1777047653.571205,53.56895416345577,9.882977505173033,38.55946,-1,-1,-1,-1,9.056828472500998,2.789105338997707,-9999,3277.524558041667,0.1756439208984375,-0.5399627685546875,-0.8242034912109375,3277.515747041667,0.05343288010041401,0.1994626293378713,0.5578993724404451,0.009111345745623112,-0.02182895690202713,0.01692021451890469,0.00510445237159729,0.0007034540176391602,0.003896653652191162,XArbitraryZVertical,0.2713231764920998,0.1030020421156287,0.0529583982924928,0.9554945143081918,0.1680980920791626,-0.5294052362442017,-0.8315486311912537,0,0,0,-1,-1,3230.927795875,unknown,2,2026-04-24T18:20:16.323+02:00,null,0,0,0,0,0,0,0,null,798740462.8362647,0,0.7599998,101.5559,1,0.85
2026-04-24T18:21:02.950+02:00,1777047653.571205,53.56895416345577,9.882977505173033,38.55946,-1,-1,-1,-1,9.056828472500998,2.789105338997707,-9999,3277.534633041667,0.176177978515625,-0.5364532470703125,-0.815826416015625,3277.525822041667,0.05366837431547834,0.1990405727197856,0.5580032840576951,0.004353023134171963,-0.02921203896403313,0.0241897776722908,0.007907703518867493,-0.01046937704086304,0.007362067699432373,XArbitraryZVertical,0.2713719697502333,0.1028322683721758,0.05301823190473016,0.9554955929037843,0.1677362322807312,-0.5294933915138245,-0.8315655589103699,0,0,0,-1,-1,3230.927795875,unknown,2,2026-04-24T18:20:16.323+02:00,null,0,0,0,0,0,0,0,null,798740462.8362647,0,0.7599998,101.5559,1,0.85
2026-04-24T18:21:02.961+02:00,1777047653.571205,53.56895416345577,9.882977505173033,38.55946,-1,-1,-1,-1,9.056828472500998,2.789105338997707,-9999,3277.544708041667,0.17779541015625,-0.5440521240234375,-0.8238983154296875,3277.535897041667,0.05397409278208368,0.1985326389811552,0.5579400828286644,-0.03564872220158577,-0.04031449183821678,0.02215112745761871,0.008857563138008118,-0.007013440132141113,0.0158570408821106,XArbitraryZVertical,0.2713395000467522,0.1026311300741964,0.05309259476746488,0.9555223082801786,0.1673204302787781,-0.5294398069381714,-0.8316834568977356,0,0,0,-1,-1,3230.927795875,unknown,2,2026-04-24T18:20:16.323+02:00,null,0,0,0,0,0,0,0,null,798740462.8362647,0,0.7599998,101.5559,1,0.85
2026-04-24T18:21:02.971+02:00,1777047653.571205,53.56895416345577,9.882977505173033,38.55946,-1,-1,-1,-1,9.056828472500998,2.789105338997707,-9999,3277.554783041667,0.1811981201171875,-0.539215087890625,-0.8151397705078125,3277.545972041667,0.05447378439019693,0.1977631885357235,0.5575470366689594,-0.04755177348852158,-0.04956524819135666,0.03688207268714905,0.01107411086559296,-0.01494580507278442,0.008117616176605225,XArbitraryZVertical,0.2711462589917107,0.1023315201211014,0.05320976075311323,0.9556027929831399,0.1667213141918182,-0.5291063189506531,-0.8320159316062927,0,0,0,-1,-1,3230.927795875,unknown,2,2026-04-24T18:20:16.323+02:00,null,0,0,0,0,0,0,0,null,798740462.8362647,0,0.7599998,101.5559,1,0.85
2026-04-24T18:21:02.981+02:00,1777047653.571205,53.56895416345577,9.882977505173033,38.55946,-1,-1,-1,-1,9.056828472500998,2.789105338997707,-9999,3277.564858041667,0.181671142578125,-0.5342559814453125,-0.814178466796875,3277.556047041667,0.05511940514741381,0.1968563670966698,0.5569587921580674,-0.07602549344301224,-0.06151937693357468,0.0542682558298111,0.01517052948474884,-0.0106080174446106,0.01733207702636719,XArbitraryZVertical,0.2708559202796718,0.1019859494380872,0.05336974321744157,0.9557131668929401,0.1660276055335999,-0.5286070704460144,-0.8324718475341797,0,0,0,-1,-1,3230.927795875,unknown,2,2026-04-24T18:20:16.323+02:00,null,0,0,0,0,0,0,0,null,798740462.8362647,0,0.7599998,101.5559,1,0.85
2026-04-24T18:21:02.991+02:00,1777047653.571205,53.56895416345577,9.882977505173033,38.55946,-1,-1,-1,-1,9.056828472500998,2.789105338997707,-9999,3277.574933041667,0.1808013916015625,-0.529815673828125,-0.809173583984375,3277.566122041667,0.05596616064989269,0.195756820087414,0.5561870120786574,-0.0971364751458168,-0.06893282383680344,0.06340821832418442,0.01647968590259552,-0.006304144859313965,0.01887542009353638,XArbitraryZVertical,0.2704728448621376,0.1015752171919247,0.05359218643778891,0.9558528789329759,0.1651914715766907,-0.5279517769813538,-0.8330538272857666,0,0,0,-1,-1,3230.927795875,unknown,2,2026-04-24T18:20:16.323+02:00,null,0,0,0,0,0,0,0,null,798740462.8362647,0,0.7599998,101.5559,1,0.85
2026-04-24T18:21:03.001+02:00,1777047653.571205,53.56895416345577,9.882977505173033,38.55946,-1,-1,-1,-1,9.056828472500998,2.789105338997707,-9999,3277.585008041667,0.1758880615234375,-0.5244903564453125,-0.8072357177734375,3277.576197041667,0.05698797046050556,0.1945042599016121,0.5552744706554912,-0.1090639755129814,-0.07499364018440247,0.07288587838411331,0.01656047999858856,-0.002639114856719971,0.02455884218215942,XArbitraryZVertical,0.2700178650553267,0.1011144613832259,0.05387212147285567,0.9560146175596939,0.1642409414052963,-0.527176558971405,-0.8337324261665344,0,0,0,-1,-1,3230.927795875,unknown,2,2026-04-24T18:20:16.323+02:00,null,0,0,0,0,0,0,0,null,798740462.8362647,0,0.7599998,101.5559,1,0.85
2026-04-24T18:21:03.011+02:00,1777047653.571205,53.56895416345577,9.882977505173033,38.55946,-1,-1,-1,-1,9.056828472500998,2.789105338997707,-9999,3277.595083041667,0.169830322265625,-0.5162811279296875,-0.8081817626953125,3277.586272041667,0.05812992931771557,0.1931514163352205,0.5543243182824347,-0.1128768175840378,-0.07288947701454163,0.08075805008411407,0.01267911493778229,0.001878559589385986,0.02720940113067627,XArbitraryZVertical,0.2695418492892457,0.1006212594902659,0.0541950704239287,0.956182809166134,0.1632089614868164,-0.5263689160346985,-0.8344451189041138,0,0,0,-1,-1,3230.927795875,unknown,2,2026-04-24T18:20:16.323+02:00,null,0,0,0,0,0,0,0,null,798740462.8362647,0,0.7599998,101.5559,1,0.85
2026-04-24T18:21:03.021+02:00,1777047653.571205,53.56895416345577,9.882977505173033,38.55946,-1,-1,-1,-1,9.056828472500998,2.789105338997707,-9999,3277.605158041667,0.1658782958984375,-0.5103302001953125,-0.8167572021484375,3277.596347041667,0.05933685385286365,0.191832258252356,0.5534168160775451,-0.09859002381563187,-0.05542366951704025,0.08305156230926514,0.007631286978721619,0.009315967559814453,0.02694648504257202,XArbitraryZVertical,0.2690825212317671,0.100152205592561,0.05455620326286188,0.9563409045329913,0.1621990650892258,-0.525597095489502,-0.8351282477378845,0,0,0,-1,-1,3230.927795875,unknown,2,2026-04-24T18:20:16.323+02:00,null,0,0,0,0,0,0,0,null,798740462.8362647,0,0.7599998,101.5559,1,0.85
2026-04-24T18:21:03.031+02:00,1777047653.571205,53.56895416345577,9.882977505173033,38.55946,-1,-1,-1,-1,9.056828472500998,2.789105338997707,-9999,3277.615233041667,0.159576416015625,-0.5050201416015625,-0.82330322265625,3277.606422041667,0.0604997013323438,0.190794720146703,0.5527667225371835,-0.06612513959407806,-0.03768302127718925,0.08460319042205811,0.004481047391891479,0.01471370458602905,0.01887422800064087,XArbitraryZVertical,0.2687414080158125,0.0998115563377243,0.05494556346803739,0.9564501496043987,0.1613972634077072,-0.5250439047813416,-0.8356314301490784,0,0,0,-1,-1,3230.927795875,unknown,2,2026-04-24T18:20:16.323+02:00,null,0,0,0,0,0,0,0,null,798740462.8362647,0,0.7599998,101.5559,1,0.85
2026-04-24T18:21:03.041+02:00,1777047653.571205,53.56895416345577,9.882977505173033,38.55946,-1,-1,-1,-1,9.056828472500998,2.789105338997707,-9999,3277.625308041667,0.1601715087890625,-0.5024871826171875,-0.822021484375,3277.616497041667,0.06157721272138787,0.1898485087693889,0.5523745077615363,-0.04129941761493683,-0.04051342979073524,0.08214296400547028,-0.001068919897079468,0.01968991756439209,0.01268267631530762,XArbitraryZVertical,0.2685259243489947,0.09950311859458257,0.05531749330542179,0.9565213389456031,0.1606453508138657,-0.5247100591659546,-0.8359858989715576,0,0,0,-1,-1,3230.927795875,unknown,2,2026-04-24T18:20:16.323+02:00,null,0,0,0,0,0,0,0,null,798740462.8362647,0,0.7599998,101.5559,1,0.85
2026-04-24T18:21:03.051+02:00,1777047653.571205,53.56895416345577,9.882977505173033,38.55946,-1,-1,-1,-1,9.056828472500998,2.789105338997707,-9999,3277.635383041667,0.1685028076171875,-0.517669677734375,-0.836883544921875,3277.626572041667,0.06263153378967366,0.1888609208782391,0.5521958763542575,-0.02932349964976311,-0.04912129789590836,0.08583583682775497,0.0003342628479003906,0.02207082509994507,0.01421469449996948,XArbitraryZVertical,0.2684154055687167,0.09917196422240758,0.05568181719807902,0.9565655410992051,0.1598372459411621,-0.5245580077171326,-0.8362361788749695,0,0,0,-1,-1,3230.927795875,unknown,2,2026-04-24T18:20:16.323+02:00,null,0,0,0,0,0,0,0,null,798740462.8362647,0,0.7599998,101.5559,1,0.85
2026-04-24T18:21:03.061+02:00,1777047653.571205,53.56895416345577,9.882977505173033,38.55946,-1,-1,-1,-1,9.056828472500998,2.789105338997707,-9999,3277.645458041667,0.166900634765625,-0.5404815673828125,-0.849151611328125,3277.636647041667,0.06371409666843413,0.1877278914750457,0.5519717114943433,-0.05199472606182098,-0.05627401545643806,0.08843747526407242,0.009591206908226013,0.006697475910186768,-0.0003513097763061523,XArbitraryZVertical,0.2682860848727802,0.09877477492199065,0.05603840886616969,0.956622073835103,0.1589116156101227,-0.5243671536445618,-0.8365322351455688,0,0,0,-1,-1,3230.927795875,unknown,2,2026-04-24T18:20:16.323+02:00,null,0,0,0,0,0,0,0,null,798740462.8362647,0,0.7599998,101.5559,1,0.85
2026-04-24T18:21:03.071+02:00,1777047653.571205,53.56895416345577,9.882977505173033,38.55946,-1,-1,-1,-1,9.056828472500998,2.789105338997707,-9999,3277.655533041667,0.15826416015625,-0.546875,-0.852508544921875,3277.646722041667,0.06493886867194762,0.186472208696341,0.5515094856989502,-0.07796699553728104,-0.06492529809474945,0.1013635918498039,0.00899466872215271,-0.01650804281234741,-0.01218235492706299,XArbitraryZVertical,0.2680395496946366,0.09833711061262373,0.0564371431527826,0.9567128730423097,0.1579059809446335,-0.5239735245704651,-0.8369691967964172,0,0,0,-1,-1,3230.927795875,unknown,2,2026-04-24T18:20:16.323+02:00,null,0,0,0,0,0,0,0,null,798740462.8362647,0,0.7599998,101.5559,1,0.85
2026-04-24T18:21:03.081+02:00,1777047653.571205,53.56895416345577,9.882977505173033,38.55946,-1,-1,-1,-1,9.056828472500998,2.789105338997707,-9999,3277.665608041667,0.1584930419921875,-0.5413360595703125,-0.855194091796875,3277.656797041667,0.06630959915995642,0.1850570875285613,0.5508442851892654,-0.09161090105772018,-0.07385727018117905,0.1041601821780205,0.001478657126426697,-0.02346819639205933,-0.01497429609298706,XArbitraryZVertical,0.2676936436908048,0.09784166007149994,0.05687664168873858,0.9568344605331451,0.1567855179309845,-0.5234068036079407,-0.8375342488288879,0,0,0,-1,-1,3230.927795875,unknown,2,2026-04-24T18:20:16.323+02:00,null,0,0,0,0,0,0,0,null,798740462.8362647,0,0.7599998,101.5559,1,0.85
2026-04-24T18:21:03.092+02:00,1777047653.571205,53.56895416345577,9.882977505173033,38.55946,-1,-1,-1,-1,9.056828472500998,2.789105338997707,-9999,3277.675683041667,0.162628173828125,-0.535369873046875,-0.85894775390625,3277.666872041667,0.06769289775104924,0.1835908066668392,0.550188738733311,-0.07774749398231506,-0.07887626439332962,0.1031714826822281,0.002873167395591736,-0.01848798990249634,-0.01709365844726562,XArbitraryZVertical,0.2673537911512999,0.09732281640966021,0.05731629231151993,0.9569562410675582,0.1556199043989182,-0.5228481292724609,-0.8381004333496094,0,0,0,-1,-1,3230.927795875,unknown,2,2026-04-24T18:20:16.323+02:00,null,0,0,0,0,0,0,0,null,798740462.8362647,0,0.7599998,101.5559,1,0.85
2026-04-24T18:21:03.102+02:00,1777047653.571205,53.56895416345577,9.882977505173033,38.55946,-1,-1,-1,-1,9.056828472500998,2.789105338997707,-9999,3277.685758041667,0.16387939453125,-0.5274658203125,-0.857421875,3277.676947041667,0.06899047685188073,0.1821138036882783,0.5497507943341235,-0.04647132754325867,-0.08356449007987976,0.09788750112056732,0.008204877376556396,-0.01289510726928711,-0.0203932523727417,XArbitraryZVertical,0.2671233909750624,0.09678771310331986,0.05772263075378214,0.9570503617167688,0.1544232964515686,-0.5224747657775879,-0.8385544419288635,0,0,0,-1,-1,3230.927795875,unknown,2,2026-04-24T18:20:16.323+02:00,null,0,0,0,0,0,0,0,null,798740462.8362647,0,0.7599998,101.5559,1,0.85
2026-04-24T18:21:03.112+02:00,1777047653.571205,53.56895416345577,9.882977505173033,38.55946,-1,-1,-1,-1,9.056828472500998,2.789105338997707,-9999,3277.695833041667,0.1665802001953125,-0.5258026123046875,-0.8619232177734375,3277.687022041667,0.07019242748144507,0.1806139185677176,0.5495688207146004,-0.02730695530772209,-0.08880347013473511,0.0941358357667923,0.01069691777229309,-0.005146205425262451,-0.01854318380355835,XArbitraryZVertical,0.2670215971672515,0.09622966879895836,0.05809046088499368,0.9571127265356623,0.1531824618577957,-0.5223196148872375,-0.8388786315917969,0,0,0,-1,-1,3230.927795875,unknown,2,2026-04-24T18:20:16.323+02:00,null,0,0,0,0,0,0,0,null,798740462.8362647,0,0.7599998,101.5559,1,0.85
2026-04-24T18:21:03.122+02:00,1777047653.571205,53.56895416345577,9.882977505173033,38.55946,-1,-1,-1,-1,9.056828472500998,2.789105338997707,-9999,3277.705908041667,0.167877197265625,-0.5341339111328125,-0.85980224609375,3277.697097041667,0.07134968902314628,0.1790964075738576,0.5495909919036466,-0.001681486843153834,-0.0931345671415329,0.09699580818414688,0.01467299461364746,-0.003464102745056152,-0.02282446622848511,XArbitraryZVertical,0.2670209147493475,0.09565805058837777,0.05844253162938685,0.9571488041949028,0.1519072204828262,-0.5223385095596313,-0.8390987515449524,0,0,0,-1,-1,3230.927795875,unknown,2,2026-04-24T18:20:16.323+02:00,null,0,0,0,0,0,0,0,null,798740462.8362647,0,0.7599998,101.5559,1,0.85
2026-04-24T18:21:03.132+02:00,1777047653.571205,53.56895416345577,9.882977505173033,38.55946,-1,-1,-1,-1,9.056828472500998,2.789105338997707,-9999,3277.715983041667,0.1680450439453125,-0.54571533203125,-0.855804443359375,3277.707172041667,0.07249366942041724,0.1774987316905722,0.5498543529361637,0.02014146745204926,-0.1087268367409706,0.104589082300663,0.01733508706092834,-0.01157087087631226,-0.02059727907180786,XArbitraryZVertical,0.2671394517810541,0.0950475613083466,0.05878665067192404,0.9571555169341638,0.1505421251058578,-0.5225630402565002,-0.8392049670219421,0,0,0,-1,-1,3230.927795875,unknown,2,2026-04-24T18:20:16.323+02:00,null,0,0,0,0,0,0,0,null,798740462.8362647,0,0.7599998,101.5559,1,0.85
2026-04-24T18:21:03.142+02:00,1777047653.571205,53.56895416345577,9.882977505173033,38.55946,-1,-1,-1,-1,9.056828472500998,2.789105338997707,-9999,3277.726058041667,0.1758270263671875,-0.555450439453125,-0.8638763427734375,3277.717247041667,0.07372913522573425,0.1756940923002649,0.550344405549534,0.03989946097135544,-0.1206908151507378,0.1202114522457123,0.01906241476535797,-0.02273452281951904,-0.01658141613006592,XArbitraryZVertical,0.2673691054956224,0.09435171564468955,0.05915511604574045,0.957137582850373,0.1489826440811157,-0.522980809211731,-0.8392230272293091,0,0,0,-1,-1,3230.927795875,unknown,2,2026-04-24T18:20:16.323+02:00,null,0,0,0,0,0,0,0,null,798740462.8362647,0,0.7599998,101.5559,1,0.85
2026-04-24T18:21:03.152+02:00,1777047653.571205,53.56895416345577,9.882977505173033,38.55946,-1,-1,-1,-1,9.056828472500998,2.789105338997707,-9999,3277.736133041667,0.1793365478515625,-0.5623931884765625,-0.87103271484375,3277.727322041667,0.07515379017349573,0.173626305971416,0.5510291896491,0.05228470265865326,-0.143204391002655,0.1417845189571381,0.0286419540643692,-0.03188610076904297,-0.02469998598098755,XArbitraryZVertical,0.267691885097843,0.09355683209339044,0.05958557104409377,0.957098655882184,0.1471850872039795,-0.523564338684082,-0.83917635679245,0,0,0,-1,-1,3230.927795875,unknown,2,2026-04-24T18:20:16.323+02:00,null,0,0,0,0,0,0,0,null,798740462.8362647,0,0.7599998,101.5559,1,0.85
2026-04-24T18:21:03.163+02:00,1777047653.571205,53.56895416345577,9.882977505173033,38.55946,-1,-1,-1,-1,9.056828472500998,2.789105338997707,-9999,3277.746208041667,0.1815032958984375,-0.5735015869140625,-0.86651611328125,3277.737397041667,0.07691718889004084,0.1711546712265702,0.551826660502084,0.05139999836683273,-0.1641317754983902,0.1779236048460007,0.03429721295833588,-0.03814959526062012,-0.0319068431854248,XArbitraryZVertical,0.2680661298070748,0.09261544863324418,0.06012727687712947,0.9570515302273815,0.1450393348932266,-0.5242436528205872,-0.8391258716583252,0,0,0,-1,-1,3230.927795875,unknown,2,2026-04-24T18:20:16.323+02:00,null,0,0,0,0,0,0,0,null,798740462.8362647,0,0.7599998,101.5559,1,0.85
2026-04-24T18:21:03.173+02:00,1777047653.571205,53.56895416345577,9.882977505173033,38.55946,-1,-1,-1,-1,9.056828472500998,2.789105338997707,-9999,3277.756283041667,0.1843109130859375,-0.5846710205078125,-0.856658935546875,3277.747472041667,0.07907706477106229,0.1683413312404652,0.5526103172710954,0.03698894381523132,-0.1739396601915359,0.2101690918207169,0.0388941615819931,-0.04859077930450439,-0.02739077806472778,XArbitraryZVertical,0.2684274216601813,0.09156450347309783,0.06081125340317754,0.9570082250395276,0.1426091492176056,-0.5249108076095581,-0.8391253352165222,0,0,0,-1,-1,3230.927795875,unknown,2,2026-04-24T18:20:16.323+02:00,null,0,0,0,0,0,0,0,null,798740462.8362647,0,0.7599998,101.5559,1,0.85
2026-04-24T18:21:03.182+02:00,1777047653.571205,53.56895416345577,9.882977505173033,38.55946,-1,-1,-1,-1,9.056828472500998,2.789105338997707,-9999,3277.766358041667,0.1872100830078125,-0.5886688232421875,-0.8503265380859375,3277.757547041667,0.08167832052055336,0.1651717828192896,0.5532840739225804,0.02274981886148453,-0.1833414137363434,0.2437563538551331,0.04442031681537628,-0.05918687582015991,-0.01743489503860474,XArbitraryZVertical,0.2687291463994781,0.09040253369159598,0.06165360415509131,0.9569800701962102,0.1398906111717224,-0.5254841446876526,-0.8392240405082703,0,0,0,-1,-1,3230.927795875,unknown,2,2026-04-24T18:20:16.323+02:00,null,0,0,0,0,0,0,0,null,798740462.8362647,0,0.7599998,101.5559,1,0.85
2026-04-24T18:21:03.192+02:00,1777047653.571205,53.56895416345577,9.882977505173033,38.55946,-1,-1,-1,-1,9.056828472500998,2.789105338997707,-9999,3277.776433041667,0.18212890625,-0.585113525390625,-0.852447509765625,3277.767622041667,0.08464483930984126,0.1618209988288642,0.5539434342924608,0.02853963896632195,-0.1678753793239594,0.2724851369857788,0.05018816888332367,-0.06262373924255371,-0.01098054647445679,XArbitraryZVertical,0.2690161701009414,0.08920383784462675,0.06264470313129623,0.956947559166621,0.1370219141244888,-0.526045024394989,-0.8393459320068359,0,0,0,-1,-1,3230.927795875,unknown,2,2026-04-24T18:20:16.323+02:00,null,0,0,0,0,0,0,0,null,798740462.8362647,0,0.7599998,101.5559,1,0.85
2026-04-24T18:21:03.203+02:00,1777047653.571205,53.56895416345577,9.882977505173033,38.55946,-1,-1,-1,-1,9.056828472500998,2.789105338997707,-9999,3277.786508041667,0.18115234375,-0.571014404296875,-0.8568878173828125,3277.777697041667,0.08791922798123922,0.158423365193442,0.5548971302007883,0.0675959587097168,-0.1711763739585876,0.3049567937850952,0.0480387955904007,-0.05825763940811157,-0.01313662528991699,XArbitraryZVertical,0.2694356825549583,0.08802829673377487,0.06378501645493417,0.9568630456198096,0.1340901255607605,-0.5268558859825134,-0.839310884475708,0,0,0,-1,-1,3230.927795875,unknown,2,2026-04-24T18:20:16.323+02:00,null,0,0,0,0,0,0,0,null,798740462.8362647,0,0.7599998,101.5559,1,0.85
2026-04-24T18:21:03.213+02:00,1777047653.571205,53.56895416345577,9.882977505173033,38.55946,-1,-1,-1,-1,9.056828472500998,2.789105338997707,-9999,3277.796583041667,0.1985931396484375,-0.5584564208984375,-0.8553314208984375,3277.787772041667,0.09164378645649222,0.1547015934251234,0.5561439666218877,0.08104332536458969,-0.1818425804376602,0.3529012203216553,0.05028818547725677,-0.04309916496276855,-0.01773339509963989,XArbitraryZVertical,0.2699905425210632,0.08676355355926649,0.06510412888616431,0.9567332932500248,0.1308641582727432,-0.5279152393341064,-0.8391543626785278,0,0,0,-1,-1,3230.927795875,unknown,2,2026-04-24T18:20:16.323+02:00,null,0,0,0,0,0,0,0,null,798740462.8362647,0,0.7599998,101.5559,1,0.85
2026-04-24T18:21:03.223+02:00,1777047653.571205,53.56895416345577,9.882977505173033,38.55946,-1,-1,-1,-1,9.056828472500998,2.789105338997707,-9999,3277.806658041667,0.2178497314453125,-0.5808258056640625,-0.8650970458984375,3277.797847041667,0.09589271269134542,0.1505894100235889,0.5577066832606462,0.1077782660722733,-0.1893444508314133,0.4010040163993835,0.07130475342273712,-0.02921462059020996,-0.01646262407302856,XArbitraryZVertical,0.2706920982901388,0.08538967351419746,0.06662781217432961,0.9565538253165151,0.1272883862257004,-0.5292418003082275,-0.8388687968254089,0,0,0,-1,-1,3230.927795875,unknown,2,2026-04-24T18:20:16.323+02:00,null,0,0,0,0,0,0,0,null,798740462.8362647,0,0.7599998,101.5559,1,0.85
2026-04-24T18:21:03.233+02:00,1777047653.571205,53.56895416345577,9.882977505173033,38.55946,-1,-1,-1,-1,9.056828472500998,2.789105338997707,-9999,3277.816733041667,0.223724365234375,-0.5998992919921875,-0.8544769287109375,3277.807922041667,0.1006130354475102,0.1461525993564856,0.5593012075508674,0.08512099832296371,-0.2016812711954117,0.4291608929634094,0.09440755844116211,-0.05023181438446045,-0.02650773525238037,XArbitraryZVertical,0.271406155651837,0.0839288530262227,0.06832989252727635,0.9563606111692365,0.1234421879053116,-0.5305939912796021,-0.8385893106460571,0,0,0,-1,-1,3230.927795875,unknown,2,2026-04-24T18:20:16.323+02:00,null,0,0,0,0,0,0,0,null,798740462.8362647,0,0.7599998,101.5559,1,0.85
2026-04-24T18:21:03.243+02:00,1777047653.571205,53.56895416345577,9.882977505173033,38.55946,-1,-1,-1,-1,9.056828472500998,2.789105338997707,-9999,3277.826808041667,0.2285919189453125,-0.606292724609375,-0.8428955078125,3277.817997041667,0.1058207506241041,0.1413238368823118,0.5606501231750076,0.05852267891168594,-0.2103666365146637,0.4767084419727325,0.1044338792562485,-0.06816238164901733,-0.01601064205169678,XArbitraryZVertical,0.2720032670713792,0.08234750136283517,0.07020080228100123,0.9561928981348665,0.1192904934287071,-0.5317369103431702,-0.8384662270545959,0,0,0,-1,-1,3230.927795875,unknown,2,2026-04-24T18:20:16.323+02:00,null,0,0,0,0,0,0,0,null,798740462.8362647,0,0.7599998,101.5559,1,0.85
2026-04-24T18:21:03.253+02:00,1777047653.571205,53.56895416345577,9.882977505173033,38.55946,-1,-1,-1,-1,9.056828472500998,2.789105338997707,-9999,3277.836883041667,0.24163818359375,-0.6257476806640625,-0.84515380859375,3277.828072041667,0.1118647156859449,0.135876730656109,0.5620394839579783,0.1006610244512558,-0.2379761636257172,0.570530891418457,0.1139705702662468,-0.07337963581085205,-0.004524648189544678,XArbitraryZVertical,0.272616854828149,0.08058933301241275,0.0723841732959779,0.9560052166123258,0.1146213561296463,-0.5329130291938782,-0.8383708000183105,0,0,0,-1,-1,3230.927795875,unknown,2,2026-04-24T18:20:16.323+02:00,null,0,0,0,0,0,0,0,null,798740462.8362647,0,0.7599998,101.5559,1,0.85
2026-04-24T18:21:03.263+02:00,1777047653.571205,53.56895416345577,9.882977505173033,38.55946,-1,-1,-1,-1,9.056828472500998,2.789105338997707,-9999,3277.846958041667,0.233673095703125,-0.6296234130859375,-0.833221435546875,3277.838147041667,0.1184975753285766,0.1299885864204474,0.5637867260798278,0.04632854461669922,-0.2110380232334137,0.5693010687828064,0.1320761144161224,-0.09135699272155762,-0.007047176361083984,XArbitraryZVertical,0.2734062969996567,0.07871269231349327,0.07479223542372015,0.9557506797976095,0.1095620840787888,-0.5343906879425049,-0.838106632232666,0,0,0,-1,-1,3230.927795875,unknown,2,2026-04-24T18:20:16.323+02:00,null,0,0,0,0,0,0,0,null,798740462.8362647,0,0.7599998,101.5559,1,0.85
2026-04-24T18:21:03.274+02:00,1777047653.571205,53.56895416345577,9.882977505173033,38.55946,-1,-1,-1,-1,9.056828472500998,2.789105338997707,-9999,3277.857033041667,0.23779296875,-0.5847930908203125,-0.83734130859375,3277.848222041667,0.1255157965216308,0.1242228865936521,0.5646018207845436,0.01208263449370861,-0.2078265249729156,0.6369190216064453,0.1289990991353989,-0.0945439338684082,0.00507044792175293,XArbitraryZVertical,0.2737428876134694,0.07693424572085562,0.07737503152741876,0.9555935884477147,0.1046740114688873,-0.5350794792175293,-0.8382918834686279,0,0,0,-1,-1,3230.927795875,unknown,2,2026-04-24T18:20:16.323+02:00,null,0,0,0,0,0,0,0,null,798740462.8362647,0,0.7599998,101.5559,1,0.85
2026-04-24T18:21:03.284+02:00,1777047653.571205,53.56895416345577,9.882977505173033,38.55946,-1,-1,-1,-1,9.056828472500998,2.789105338997707,-9999,3277.867108041667,0.2613525390625,-0.607696533203125,-0.856842041015625,3277.858297041667,0.1335532691116925,0.1177027566124886,0.5653750855875604,-0.04641343280673027,-0.2311771214008331,0.709646999835968,0.1386355459690094,-0.04906052350997925,0.001204133033752441,XArbitraryZVertical,0.2740650714614855,0.07493746255430506,0.08033745152329431,0.9554154402610654,0.09915743768215179,-0.5357325673103333,-0.8385454416275024,0,0,0,-1,-1,3230.927795875,unknown,2,2026-04-24T18:20:16.323+02:00,null,0,0,0,0,0,0,0,null,798740462.8362647,0,0.7599998,101.5559,1,0.85
2026-04-24T18:21:03.293+02:00,1777047653.571205,53.56895416345577,9.882977505173033,38.55946,-1,-1,-1,-1,9.056828472500998,2.789105338997707,-9999,3277.877183041667,0.248504638671875,-0.605224609375,-0.8446502685546875,3277.868372041667,0.1423000737871918,0.1108482128232768,0.5655863888770398,-0.05257678776979446,-0.2070432752370834,0.7519106864929199,0.1679577678442001,-0.071785569190979,-0.01774919033050537,XArbitraryZVertical,0.2741239323845791,0.0728672397417147,0.08357994350557101,0.9552805134049529,0.09339478611946106,-0.535910964012146,-0.8390928506851196,0,0,0,-1,-1,3230.927795875,unknown,2,2026-04-24T18:20:16.323+02:00,null,0,0,0,0,0,0,0,null,798740462.8362647,0,0.7599998,101.5559,1,0.85
2026-04-24T18:21:03.304+02:00,1777047653.571205,53.56895416345577,9.882977505173033,38.55946,-1,-1,-1,-1,9.056828472500998,2.789105338997707,-9999,3277.887258041667,0.2425537109375,-0.58843994140625,-0.8446807861328125,3277.878447041667,0.1515683654960247,0.1039254429553258,0.5658467305561543,-0.05657072737812996,-0.1893135458230972,0.8007459044456482,0.1609353721141815,-0.06909382343292236,-0.005069732666015625,XArbitraryZVertical,0.2742108948924136,0.07083869190744692,0.08706146540628062,0.9550972118063864,0.08756926655769348,-0.5361307859420776,-0.8395805358886719,0,0,0,-1,-1,3230.927795875,unknown,2,2026-04-24T18:20:16.323+02:00,null,0,0,0,0,0,0,0,null,798740462.8362647,0,0.7599998,101.5559,1,0.85
2026-04-24T18:21:03.314+02:00,1777047653.571205,53.56895416345577,9.882977505173033,38.55946,-1,-1,-1,-1,9.056828472500998,2.789105338997707,-9999,3277.897333041667,0.2443389892578125,-0.5544586181640625,-0.8420257568359375,3277.888522041667,0.1614512425386572,0.09683159889937654,0.5664090051715586,0.007927943952381611,-0.1708717048168182,0.8540350198745728,0.160971611738205,-0.05183464288711548,-0.004800379276275635,XArbitraryZVertical,0.2744503974204625,0.06882424633358118,0.09081471694419438,0.9548260994895225,0.08158210664987564,-0.5366052985191345,-0.8398804068565369,0,0,0,-1,-1,3230.927795875,unknown,2,2026-04-24T18:20:16.323+02:00,null,0,0,0,0,0,0,0,null,798740462.8362647,0,0.7599998,101.5559,1,0.85
2026-04-24T18:21:03.324+02:00,1777047653.571205,53.56895416345577,9.882977505173033,38.55946,-1,-1,-1,-1,9.056828472500998,2.789105338997707,-9999,3277.907408041667,0.2439422607421875,-0.5506439208984375,-0.8518524169921875,3277.898597041667,0.1718078730591787,0.08968021490062955,0.5678726310032673,0.107858270406723,-0.1453799307346344,0.8988072872161865,0.1688356697559357,-0.01661884784698486,-0.002366542816162109,XArbitraryZVertical,0.2751310414800892,0.06688270051176005,0.09479101792935934,0.9543816531834032,0.07550334185361862,-0.5378397703170776,-0.8396592140197754,0,0,0,-1,-1,3230.927795875,unknown,2,2026-04-24T18:20:16.323+02:00,null,0,0,0,0,0,0,0,null,798740462.8362647,0,0.7599998,101.5559,1,0.85
2026-04-24T18:21:03.333+02:00,1777047653.571205,53.56895416345577,9.882977505173033,38.55946,-1,-1,-1,-1,9.056828472500998,2.789105338997707,-9999,3277.917483041667,0.242340087890625,-0.5514984130859375,-0.8453826904296875,3277.908672041667,0.1825660230254201,0.08259677531943503,0.5699005011483298,0.1448208689689636,-0.1172188594937325,0.9309461712837219,0.1744785904884338,-0.01109564304351807,-0.01276808977127075,XArbitraryZVertical,0.2760888398469394,0.06505988771724841,0.09896362798521774,0.9538073924412073,0.06946370005607605,-0.5395482778549194,-0.8390843272209167,0,0,0,-1,-1,3230.927795875,unknown,2,2026-04-24T18:20:16.323+02:00,null,0,0,0,0,0,0,0,null,798740462.8362647,0,0.7599998,101.5559,1,0.85
2026-04-24T18:21:03.343+02:00,1777047653.571205,53.56895416345577,9.882977505173033,38.55946,-1,-1,-1,-1,9.056828472500998,2.789105338997707,-9999,3277.927558041667,0.2437591552734375,-0.5769195556640625,-0.8349151611328125,3277.918747041667,0.1937942802989759,0.07555653318593462,0.5722873964006806,0.1495908498764038,-0.08148616552352905,0.9761003255844116,0.178882822394371,-0.009942054748535156,-0.00711667537689209,XArbitraryZVertical,0.277224917551694,0.063351014744157,0.1033561826538982,0.953126730370472,0.06345727294683456,-0.5415564179420471,-0.8382660150527954,0,0,0,-1,-1,3230.927795875,unknown,2,2026-04-24T18:20:16.323+02:00,null,0,0,0,0,0,0,0,null,798740462.8362647,0,0.7599998,101.5559,1,0.85
2026-04-24T18:21:03.354+02:00,1777047653.571205,53.56895416345577,9.882977505173033,38.55946,-1,-1,-1,-1,9.056828472500998,2.789105338997707,-9999,3277.937633041667,0.2464752197265625,-0.604461669921875,-0.809173583984375,3277.928822041667,0.2056667032879557,0.06851859945805323,0.5744852469640703,0.1555555909872055,-0.04160133004188538,1.030239224433899,0.1862847059965134,-0.03351682424545288,0.00258713960647583,XArbitraryZVertical,0.2782748607649647,0.06174091357583935,0.108041451601675,0.9524065245386748,0.05747445672750473,-0.5434027314186096,-0.8375023007392883,0,0,0,-1,-1,3230.927795875,unknown,2,2026-04-24T18:20:16.323+02:00,null,0,0,0,0,0,0,0,null,798740462.8362647,0,0.7599998,101.5559,1,0.85
2026-04-24T18:21:03.364+02:00,1777047653.571205,53.56895416345577,9.882977505173033,38.55946,-1,-1,-1,-1,9.056828472500998,2.789105338997707,-9999,3277.947708041667,0.2511138916015625,-0.6140289306640625,-0.7921600341796875,3277.938897041667,0.218049457421705,0.06139520656016838,0.5765352833742412,0.1111891865730286,-0.03294472396373749,1.056295037269592,0.1950365006923676,-0.05933916568756104,0.02760326862335205,XArbitraryZVertical,0.279268850577277,0.06017050852101009,0.112943926788512,0.9516470582290139,0.05143873393535614,-0.5451225638389587,-0.8367768526077271,0,0,0,-1,-1,3230.927795875,unknown,2,2026-04-24T18:20:16.323+02:00,null,0,0,0,0,0,0,0,null,798740462.8362647,0,0.7599998,101.5559,1,0.85
2026-04-24T18:21:03.374+02:00,1777047653.571205,53.56895416345577,9.882977505173033,38.55946,-1,-1,-1,-1,9.056828472500998,2.789105338997707,-9999,3277.957783041667,0.2518463134765625,-0.5908660888671875,-0.782073974609375,3277.948972041667,0.2308338737625706,0.05415568169352074,0.5781354446504545,0.1011191457509995,-0.02571903541684151,1.08647632598877,0.2057816088199615,-0.06756556034088135,0.04409521818161011,XArbitraryZVertical,0.2800698451327766,0.05859412953922138,0.1180088608541342,0.9508951257400412,0.04533229768276215,-0.5464633703231812,-0.8362551927566528,0,0,0,-1,-1,3230.927795875,unknown,2,2026-04-24T18:20:16.323+02:00,null,0,0,0,0,0,0,0,null,798740462.8362647,0,0.7599998,101.5559,1,0.85
2026-04-24T18:21:03.384+02:00,1777047653.571205,53.56895416345577,9.882977505173033,38.55946,-1,-1,-1,-1,9.056828472500998,2.789105338997707,-9999,3277.967858041667,0.24755859375,-0.564117431640625,-0.80181884765625,3277.959047041667,0.2440024176747771,0.04676584129512595,0.5796907318389514,0.09338239580392838,-0.01062477193772793,1.115357995033264,0.2127347886562347,-0.04310089349746704,0.05364340543746948,XArbitraryZVertical,0.2808754191378294,0.05701149403218193,0.1232232724843021,0.9500919219500571,0.03911154344677925,-0.5477651953697205,-0.8357173800468445,0,0,0,-1,-1,3230.927795875,unknown,2,2026-04-24T18:20:16.323+02:00,null,0,0,0,0,0,0,0,null,798740462.8362647,0,0.7599998,101.5559,1,0.85
2026-04-24T18:21:03.394+02:00,1777047653.571205,53.56895416345577,9.882977505173033,38.55946,-1,-1,-1,-1,9.056828472500998,2.789105338997707,-9999,3277.977933041667,0.2399444580078125,-0.536590576171875,-0.8274993896484375,3277.969122041667,0.2576007044067559,0.03922064212834198,0.5811246615436105,0.1166107505559921,-0.008789055049419403,1.156118512153625,0.2147845923900604,-0.01515311002731323,0.03338414430618286,XArbitraryZVertical,0.2816501993966875,0.05542261531293612,0.128608127147176,0.9492425906536676,0.03277400508522987,-0.5489643216133118,-0.8352029919624329,0,0,0,-1,-1,3230.927795875,unknown,2,2026-04-24T18:20:16.323+02:00,null,0,0,0,0,0,0,0,null,798740462.8362647,0,0.7599998,101.5559,1,0.85
2026-04-24T18:21:03.404+02:00,1777047653.571205,53.56895416345577,9.882977505173033,38.55946,-1,-1,-1,-1,9.056828472500998,2.789105338997707,-9999,3277.988008041667,0.2353057861328125,-0.5495452880859375,-0.8724365234375,3277.979197041667,0.2717876526264963,0.03131309937543334,0.5831285892856708,0.1825977563858032,-0.01481765229254961,1.205724358558655,0.2138103246688843,0.01404762268066406,0.006835460662841797,XArbitraryZVertical,0.2827343407660379,0.05379481392624082,0.1342011491656233,0.9482391587308565,0.02613415196537971,-0.5506381988525391,-0.8343348503112793,0,0,0,-1,-1,3230.927795875,unknown,2,2026-04-24T18:20:16.323+02:00,null,0,0,0,0,0,0,0,null,798740462.8362647,0,0.7599998,101.5559,1,0.85
2026-04-24T18:21:03.414+02:00,1777047653.571205,53.56895416345577,9.882977505173033,38.55946,-1,-1,-1,-1,9.056828472500998,2.789105338997707,-9999,3277.998083041667,0.224578857421875,-0.54205322265625,-0.8802642822265625,3277.989272041667,0.2865430097189693,0.0230973427420825,0.5850781886102058,0.1414352506399155,-0.0045415791682899,1.2512127161026,0.2160519659519196,0.002719283103942871,-0.03898996114730835,XArbitraryZVertical,0.2838317596260275,0.05211779443579957,0.1400028779589449,0.9471654717431955,0.01925382390618324,-0.5522645711898804,-0.8334465622901917,0,0,0,-1,-1,3230.927795875,unknown,2,2026-04-24T18:20:16.323+02:00,null,0,0,0,0,0,0,0,null,798740462.8362647,0,0.7599998,101.5559,1,0.85
2026-04-24T18:21:03.424+02:00,1777047653.571205,53.56895416345577,9.882977505173033,38.55946,-1,-1,-1,-1,9.056828472500998,2.789105338997707,-9999,3278.008158041667,0.2218475341796875,-0.5450286865234375,-0.877655029296875,3277.999347041667,0.3019809010447138,0.01457335169694179,0.5866647944507049,0.1166742369532585,0.01030953787267208,1.311778664588928,0.2124427407979965,0.01153331995010376,-0.04756104946136475,XArbitraryZVertical,0.2847973516717754,0.05038711307339358,0.1460714857426896,0.9460522220815006,0.01213613618165255,-0.5535866022109985,-0.8327032327651978,0,0,0,-1,-1,3230.927795875,unknown,2,2026-04-24T18:20:16.323+02:00,null,0,0,0,0,0,0,0,null,798740462.8362647,0,0.7599998,101.5559,1,0.85
2026-04-24T18:21:03.434+02:00,1777047653.571205,53.56895416345577,9.882977505173033,38.55946,-1,-1,-1,-1,9.056828472500998,2.789105338997707,-9999,3278.018233041667,0.21258544921875,-0.553741455078125,-0.8464813232421875,3278.009422041667,0.3181620096269882,0.005904222008975365,0.5877515708098687,0.08356129378080368,0.04494155198335648,1.366768717765808,0.2169341295957565,0.009462594985961914,-0.04548001289367676,XArbitraryZVertical,0.2855576801005973,0.04867560752128262,0.1524632219180639,0.9449033673216268,0.004913403186947107,-0.5544912815093994,-0.8321750164031982,0,0,0,-1,-1,3230.927795875,unknown,2,2026-04-24T18:20:16.323+02:00,null,0,0,0,0,0,0,0,null,798740462.8362647,0,0.7599998,101.5559,1,0.85
2026-04-24T18:21:03.444+02:00,1777047653.571205,53.56895416345577,9.882977505173033,38.55946,-1,-1,-1,-1,9.056828472500998,2.789105338997707,-9999,3278.028308041667,0.19708251953125,-0.556915283203125,-0.8073272705078125,3278.019497041667,0.3350571261562517,-0.002972194844527763,0.5887064155524584,0.1002212315797806,0.04941459745168686,1.424759864807129,0.2150573134422302,0.001544177532196045,-0.01482528448104858,XArbitraryZVertical,0.2862960204439859,0.04697418206365014,0.159148979589807,0.9436629238751485,-0.002471850952133536,-0.5552856922149658,-0.8316560387611389,0,0,0,-1,-1,3230.927795875,unknown,2,2026-04-24T18:20:16.323+02:00,null,0,0,0,0,0,0,0,null,798740462.8362647,0,0.7599998,101.5559,1,0.85
2026-04-24T18:21:03.454+02:00,1777047653.571205,53.56895416345577,9.882977505173033,38.55946,-1,-1,-1,-1,9.056828472500998,2.789105338997707,-9999,3278.038383041667,0.179779052734375,-0.55511474609375,-0.802520751953125,3278.029572041667,0.352697483638951,-0.01220960038855583,0.589786280071934,0.1385680288076401,0.05654840543866158,1.487468838691711,0.2072291821241379,-0.0007318854331970215,0.02367037534713745,XArbitraryZVertical,0.28714946807285,0.04523672824707001,0.1661132121333336,0.9422872847136918,-0.01014665327966213,-0.556183397769928,-0.83099764585495,0,0,0,-1,-1,3230.927795875,unknown,2,2026-04-24T18:20:16.323+02:00,null,0,0,0,0,0,0,0,null,798740462.8362647,0,0.7599998,101.5559,1,0.85
2026-04-24T18:21:03.464+02:00,1777047653.571205,53.56895416345577,9.882977505173033,38.55946,-1,-1,-1,-1,9.056828472500998,2.789105338997707,-9999,3278.048458041667,0.159271240234375,-0.5572509765625,-0.8209991455078125,3278.039647041667,0.3710970028417362,-0.02175834414150366,0.5912215111248587,0.1904802322387695,0.07845529913902283,1.540132403373718,0.1978427320718765,0.002260863780975342,0.02754318714141846,XArbitraryZVertical,0.2882266304349306,0.04351348967188518,0.1733581063929955,0.9407333002356434,-0.01806366816163063,-0.5573756098747253,-0.8300639986991882,0,0,0,-1,-1,3230.927795875,unknown,2,2026-04-24T18:20:16.323+02:00,null,0,0,0,0,0,0,0,null,798740462.8362647,0,0.7599998,101.5559,1,0.85
2026-04-24T18:21:03.484+02:00,1777047653.571205,53.56895416345577,9.882977505173033,38.55946,-1,-1,-1,-1,9.056828472500998,2.789105338997707,-9999,3278.058533041667,0.1448211669921875,-0.56451416015625,-0.821044921875,3278.049722041667,0.39013550681731,-0.03149304790198295,0.5926004186539663,0.1565245538949966,0.09453094005584717,1.590737342834473,0.1853901296854019,0.001268923282623291,0.008080661296844482,XArbitraryZVertical,0.2893295792704371,0.04181493289671501,0.1808530642585834,0.9390592156060608,-0.02611888572573662,-0.5585199594497681,-0.829079806804657,0,0,0,-1,-1,3230.927795875,unknown,2,2026-04-24T18:20:16.323+02:00,null,0,0,0,0,0,0,0,null,798740462.8362647,0,0.7599998,101.5559,1,0.85
2026-04-24T18:21:03.486+02:00,1777047653.571205,53.56895416345577,9.882977505173033,38.55946,-1,-1,-1,-1,9.056828472500998,2.789105338997707,-9999,3278.068608041667,0.130279541015625,-0.5886383056640625,-0.8165130615234375,3278.059797041667,0.4098933660223688,-0.04157142985335806,0.5935968638530351,0.1466239839792252,0.09268004447221756,1.649493098258972,0.1792712211608887,-0.005167961120605469,0.007173061370849609,XArbitraryZVertical,0.2903225542748721,0.04004761392940935,0.1886234270265503,0.937299485767066,-0.03445005416870117,-0.5593461990356445,-0.8282179832458496,0,0,0,-1,-1,3230.927795875,unknown,2,2026-04-24T18:20:16.323+02:00,null,0,0,0,0,0,0,0,null,798740462.8362647,0,0.7599998,101.5559,1,0.85
2026-04-24T18:21:03.495+02:00,1777047653.571205,53.56895416345577,9.882977505173033,38.55946,-1,-1,-1,-1,9.056828472500998,2.789105338997707,-9999,3278.078683041667,0.0973052978515625,-0.597442626953125,-0.807861328125,3278.069872041667,0.4301635680421237,-0.05188103227190512,0.5936007821036793,0.01348090171813965,0.1066163703799248,1.684589982032776,0.1732660979032516,-0.02928882837295532,0.0113036036491394,XArbitraryZVertical,0.2909209765504772,0.03816633473560076,0.196616024480303,0.935548248250299,-0.04298655688762665,-0.5593494176864624,-0.8278166055679321,0,0,0,-1,-1,3230.927795875,unknown,2,2026-04-24T18:20:16.323+02:00,null,0,0,0,0,0,0,0,null,798740462.8362647,0,0.7599998,101.5559,1,0.85
2026-04-24T18:21:03.505+02:00,1777047653.571205,53.56895416345577,9.882977505173033,38.55946,-1,-1,-1,-1,9.056828472500998,2.789105338997707,-9999,3278.088758041667,0.05792236328125,-0.59161376953125,-0.8061370849609375,3278.079947041667,0.4508773398506011,-0.06237636028587601,0.5924068982950587,-0.0623701885342598,0.1070366129279137,1.731152176856995,0.1490191370248795,-0.03908324241638184,0.02012449502944946,XArbitraryZVertical,0.2910336860521817,0.03614537277923428,0.2048236539636138,0.9338309799501997,-0.05171382799744606,-0.5583593845367432,-0.8279858231544495,0,0,0,-1,-1,3230.927795875,unknown,2,2026-04-24T18:20:16.323+02:00,null,0,0,0,0,0,0,0,null,798740462.8362647,0,0.7599998,101.5559,1,0.85
2026-04-24T18:21:03.515+02:00,1777047653.571205,53.56895416345577,9.882977505173033,38.55946,-1,-1,-1,-1,9.056828472500998,2.789105338997707,-9999,3278.098833041667,0.016998291015625,-0.5787353515625,-0.8184967041015625,3278.090022041667,0.4719469121650454,-0.07300726596688399,0.589966052276173,-0.1760862618684769,0.116098552942276,1.769625067710876,0.1185345947742462,-0.03528094291687012,0.02260899543762207,XArbitraryZVertical,0.2906422559340895,0.03397138395626092,0.2132264092370246,0.9321521742777411,-0.06061220914125443,-0.5563328266143799,-0.8287460207939148,0,0,0,-1,-1,3230.927795875,unknown,2,2026-04-24T18:20:16.323+02:00,null,0,0,0,0,0,0,0,null,798740462.8362647,0,0.7599998,101.5559,1,0.85
2026-04-24T18:21:03.525+02:00,1777047653.571205,53.56895416345577,9.882977505173033,38.55946,-1,-1,-1,-1,9.056828472500998,2.789105338997707,-9999,3278.108908041667,-0.0164337158203125,-0.569122314453125,-0.8316802978515625,3278.100097041667,0.4934641617702681,-0.08379897629892617,0.5865402627958369,-0.2216273844242096,0.1133142188191414,1.826559782028198,0.08670949935913086,-0.02525252103805542,0.01144134998321533,XArbitraryZVertical,0.289877101343495,0.03165846344798833,0.2218608729367567,0.9304552021123373,-0.06971120834350586,-0.5534828901290894,-0.8299379944801331,0,0,0,-1,-1,3230.927795875,unknown,2,2026-04-24T18:20:16.323+02:00,null,0,0,0,0,0,0,0,null,798740462.8362647,0,0.7599998,101.5559,1,0.85
2026-04-24T18:21:03.535+02:00,1777047653.571205,53.56895416345577,9.882977505173033,38.55946,-1,-1,-1,-1,9.056828472500998,2.789105338997707,-9999,3278.118983041667,-0.04217529296875,-0.572540283203125,-0.842254638671875,3278.110172041667,0.5153581519201246,-0.09457672769433177,0.5824853260947294,-0.2589275538921356,0.1475765854120255,1.853939294815063,0.06242943555116653,-0.01902115345001221,-0.0003142952919006348,XArbitraryZVertical,0.2888911103078161,0.02930767830991096,0.2307069968694268,0.9286858136723144,-0.07886315137147903,-0.550101101398468,-0.8313659429550171,0,0,0,-1,-1,3230.927795875,unknown,2,2026-04-24T18:20:16.323+02:00,null,0,0,0,0,0,0,0,null,798740462.8362647,0,0.7599998,101.5559,1,0.85
2026-04-24T18:21:03.545+02:00,1777047653.571205,53.56895416345577,9.882977505173033,38.55946,-1,-1,-1,-1,9.056828472500998,2.789105338997707,-9999,3278.129059,-0.059783935546875,-0.5548095703125,-0.8268890380859375,3278.120247041667,0.5373307096454059,-0.1050847373103575,0.5780840336123264,-0.2462951242923737,0.155805230140686,1.861652970314026,0.0456724613904953,-0.02612000703811646,-0.009363472461700439,XArbitraryZVertical,0.2877919382599822,0.02702270720052958,0.2396499559415443,0.9268298473165749,-0.0878477469086647,-0.5464202761650085,-0.8328911662101746,0,0,0,-1,-1,3230.927795875,unknown,2,2026-04-24T18:20:16.323+02:00,null,0,0,0,0,0,0,0,null,798740462.8362647,0,0.7599998,101.5559,1,0.85
2026-04-24T18:21:03.555+02:00,1777047653.571205,53.56895416345577,9.882977505173033,38.55946,-1,-1,-1,-1,9.056828472500998,2.789105338997707,-9999,3278.139134,-0.059173583984375,-0.5108642578125,-0.8195037841796875,3278.130323,0.5592234508867842,-0.1154471367414918,0.5737048715500649,-0.2102294862270355,0.1489598304033279,1.858349204063416,0.03696440905332565,-0.01206207275390625,0.007416069507598877,XArbitraryZVertical,0.2867645823011054,0.02476979709064612,0.2485757344286641,0.9248581672737881,-0.09674833714962006,-0.5427474975585938,-0.8343050479888916,0,0,0,-1,-1,3230.927795875,unknown,2,2026-04-24T18:20:16.323+02:00,null,0,0,0,0,0,0,0,null,798740462.8362647,0,0.7599998,101.5559,1,0.85
2026-04-24T18:21:03.565+02:00,1777047653.571205,53.56895416345577,9.882977505173033,38.55946,-1,-1,-1,-1,9.056828472500998,2.789105338997707,-9999,3278.149209,-0.052886962890625,-0.4795684814453125,-0.8295745849609375,3278.140398,0.5812033812561701,-0.125878808723867,0.5699245764516044,-0.0830153301358223,0.1370736062526703,1.871936917304993,0.0465293750166893,0.02870428562164307,0.01577621698379517,XArbitraryZVertical,0.2860962844325627,0.02255935849087225,0.2574886806576964,0.9226806111423447,-0.1057029440999031,-0.5395685434341431,-0.8352800011634827,0,0,0,-1,-1,3230.927795875,unknown,2,2026-04-24T18:20:16.323+02:00,null,0,0,0,0,0,0,0,null,798740462.8362647,0,0.7599998,101.5559,1,0.85
2026-04-24T18:21:03.575+02:00,1777047653.571205,53.56895416345577,9.882977505173033,38.55946,-1,-1,-1,-1,9.056828472500998,2.789105338997707,-9999,3278.159284,-0.064361572265625,-0.484161376953125,-0.859130859375,3278.150473,0.6033355222090406,-0.1364675793379153,0.567325473406422,0.04192377999424934,0.1211859881877899,1.865007758140564,0.06184488534927368,0.05780994892120361,0.005925893783569336,XArbitraryZVertical,0.2860614365244279,0.02046041132504898,0.2663553794784309,0.9202200758067467,-0.1147318407893181,-0.5373784303665161,-0.8355004787445068,0,0,0,-1,-1,3230.927795875,unknown,2,2026-04-24T18:20:16.323+02:00,null,0,0,0,0,0,0,0,null,798740462.8362647,0,0.7599998,101.5559,1,0.85
2026-04-24T18:21:03.585+02:00,1777047653.571205,53.56895416345577,9.882977505173033,38.55946,-1,-1,-1,-1,9.056828472500998,2.789105338997707,-9999,3278.169359,-0.0903167724609375,-0.4883880615234375,-0.8645782470703125,3278.160548,0.6254984803742851,-0.1471245044915663,0.5654481909975085,0.1109246835112572,0.1171734035015106,1.865612030029297,0.05941512435674667,0.05163294076919556,-0.02390402555465698,XArbitraryZVertical,0.286437305842279,0.01844654399984846,0.2751528334389558,0.9175534241024338,-0.1237766966223717,-0.5357943177223206,-0.8352267742156982,0,0,0,-1,-1,3230.927795875,unknown,2,2026-04-24T18:20:16.323+02:00,null,0,0,0,0,0,0,0,null,798740462.8362647,0,0.7599998,101.5559,1,0.85
2026-04-24T18:21:03.595+02:00,1777047653.571205,53.56895416345577,9.882977505173033,38.55946,-1,-1,-1,-1,9.056828472500998,2.789105338997707,-9999,3278.179434,-0.10601806640625,-0.48602294921875,-0.844512939453125,3278.170623,0.6477405227822555,-0.1579523400876286,0.5639278419013419,0.1533139050006866,0.09321693331003189,1.871095299720764,0.04262419044971466,0.04612195491790771,-0.02993708848953247,XArbitraryZVertical,0.2870704056929489,0.01643237625665687,0.2839078133780734,0.9147223216014732,-0.1329409331083298,-0.5345099568367004,-0.8346410989761353,0,0,0,-1,-1,3230.927795875,unknown,2,2026-04-24T18:20:16.323+02:00,null,0,0,0,0,0,0,0,null,798740462.8362647,0,0.7599998,101.5559,1,0.85
2026-04-24T18:21:03.606+02:00,1777047653.571205,53.56895416345577,9.882977505173033,38.55946,-1,-1,-1,-1,9.056828472500998,2.789105338997707,-9999,3278.189509,-0.1208953857421875,-0.4763946533203125,-0.836456298828125,3278.180698,0.6700081817163585,-0.1690319344475444,0.5625718273932837,0.1865506768226624,0.0675259530544281,1.865065693855286,0.03628382086753845,0.04734045267105103,-0.01068222522735596,XArbitraryZVertical,0.2878866918508928,0.01434926728873327,0.2925943131853379,0.911758722368698,-0.1423018723726273,-0.5333634614944458,-0.833830714225769,0,0,0,-1,-1,3230.927795875,unknown,2,2026-04-24T18:20:16.323+02:00,null,0,0,0,0,0,0,0,null,798740462.8362647,0,0.7599998,101.5559,1,0.85
2026-04-24T18:21:03.616+02:00,1777047653.571205,53.56895416345577,9.882977505173033,38.55946,-1,-1,-1,-1,9.056828472500998,2.789105338997707,-9999,3278.199584,-0.1439056396484375,-0.467681884765625,-0.8271484375,3278.190773,0.6921893035460226,-0.1802038643932455,0.5610213636325783,0.1558972299098969,0.05400961264967918,1.863329648971558,0.03086096048355103,0.05565661191940308,-0.003454804420471191,XArbitraryZVertical,0.2887048895478774,0.01219645578793054,0.3012118389536299,0.9087200485840096,-0.1517563313245773,-0.5320512652397156,-0.8330014944076538,0,0,0,-1,-1,3230.927795875,unknown,2,2026-04-24T18:20:16.323+02:00,null,0,0,0,0,0,0,0,null,798740462.8362647,0,0.7599998,101.5559,1,0.85
2026-04-24T18:21:03.626+02:00,1777047653.571205,53.56895416345577,9.882977505173033,38.55946,-1,-1,-1,-1,9.056828472500998,2.789105338997707,-9999,3278.209659,-0.168792724609375,-0.4859619140625,-0.8223724365234375,3278.200848,0.7144524691727224,-0.1916170236737876,0.5590541715456122,0.1460206210613251,0.02279843389987946,1.889026522636414,0.01754680275917053,0.0627027153968811,0.005092740058898926,XArbitraryZVertical,0.2894505471627435,0.009889507076834267,0.3098360766216765,0.9056060792508379,-0.161452442407608,-0.5303846001625061,-0.8322411775588989,0,0,0,-1,-1,3230.927795875,unknown,2,2026-04-24T18:20:16.323+02:00,null,0,0,0,0,0,0,0,null,798740462.8362647,0,0.7599998,101.5559,1,0.85
2026-04-24T18:21:03.636+02:00,1777047653.571205,53.56895416345577,9.882977505173033,38.55946,-1,-1,-1,-1,9.056828472500998,2.789105338997707,-9999,3278.219734,-0.1862030029296875,-0.5000457763671875,-0.8285369873046875,3278.210923,0.7367184055334884,-0.2032224322568341,0.5564229293356997,0.05714204162359238,0.002414597431197762,1.886694431304932,0.002588197588920593,0.04219019412994385,0.009302973747253418,XArbitraryZVertical,0.2900132903279575,0.007389115989559212,0.3184639552357409,0.9024513666363068,-0.1713809221982956,-0.5281521081924438,-0.8316754102706909,0,0,0,-1,-1,3230.927795875,unknown,2,2026-04-24T18:20:16.323+02:00,null,0,0,0,0,0,0,0,null,798740462.8362647,0,0.7599998,101.5559,1,0.85
2026-04-24T18:21:03.646+02:00,1777047653.571205,53.56895416345577,9.882977505173033,38.55946,-1,-1,-1,-1,9.056828472500998,2.789105338997707,-9999,3278.229809,-0.1894073486328125,-0.4877166748046875,-0.8158721923828125,3278.220998,0.7585462993900747,-0.21478013618944,0.5524039667015683,-0.07014879584312439,-0.02771241217851639,1.888274550437927,-0.004770532250404358,0.02468937635421753,0.00316929817199707,XArbitraryZVertical,0.2900444382640157,0.004592685910587728,0.3270081236052977,0.8993991905519463,-0.1814324557781219,-0.524735152721405,-0.8317062854766846,0,0,0,-1,-1,3230.927795875,unknown,2,2026-04-24T18:20:16.323+02:00,null,0,0,0,0,0,0,0,null,798740462.8362647,0,0.7599998,101.5559,1,0.85
2026-04-24T18:21:03.657+02:00,1777047653.571205,53.56895416345577,9.882977505173033,38.55946,-1,-1,-1,-1,9.056828472500998,2.789105338997707,-9999,3278.239884,-0.199554443359375,-0.4854888916015625,-0.8046417236328125,3278.231073,0.7800894895049344,-0.2265081779126435,0.5470310919817803,-0.1762560158967972,-0.05948818475008011,1.902113676071167,0.002397105097770691,0.03243714570999146,0.01638442277908325,XArbitraryZVertical,0.2896026617854094,0.001410316883892085,0.3355164189595669,0.8964135378253572,-0.191804438829422,-0.5201538801193237,-0.8322566151618958,0,0,0,-1,-1,3230.927795875,unknown,2,2026-04-24T18:20:16.323+02:00,null,0,0,0,0,0,0,0,null,798740462.8362647,0,0.7599998,101.5559,1,0.85
2026-04-24T18:21:03.666+02:00,1777047653.571205,53.56895416345577,9.882977505173033,38.55946,-1,-1,-1,-1,9.056828472500998,2.789105338997707,-9999,3278.249959,-0.2264404296875,-0.469085693359375,-0.7806396484375,3278.241148,0.8012081316502655,-0.2382059303111564,0.5403919652914999,-0.2803480625152588,-0.09165997058153152,1.896316051483154,0.002782568335533142,0.02898323535919189,0.02865183353424072,XArbitraryZVertical,0.2887020334897873,-0.00208952145298116,0.3439585357163923,0.8934983162832431,-0.2023370265960693,-0.5144721269607544,-0.8332935571670532,0,0,0,-1,-1,3230.927795875,unknown,2,2026-04-24T18:20:16.323+02:00,null,0,0,0,0,0,0,0,null,798740462.8362647,0,0.7599998,101.5559,1,0.85
2026-04-24T18:21:03.676+02:00,1777047653.571205,53.56895416345577,9.882977505173033,38.55946,-1,-1,-1,-1,9.056828472500998,2.789105338997707,-9999,3278.260034,-0.2472686767578125,-0.4434814453125,-0.7782440185546875,3278.251223,0.8219126556234257,-0.2498196075009571,0.5327424307073447,-0.325611412525177,-0.1131149306893349,1.897367358207703,-0.01347291469573975,0.03881192207336426,0.05403685569763184,XArbitraryZVertical,0.2874501339720497,-0.005845786358618706,0.3523303063721683,0.8906186859744105,-0.2129675149917603,-0.5078976154327393,-0.8346765041351318,0,0,0,-1,-1,3230.927795875,unknown,2,2026-04-24T18:20:16.323+02:00,null,0,0,0,0,0,0,0,null,798740462.8362647,0,0.7599998,101.5559,1,0.85
2026-04-24T18:21:03.686+02:00,1777047653.571205,53.56895416345577,9.882977505173033,38.55946,-1,-1,-1,-1,9.056828472500998,2.789105338997707,-9999,3278.270109,-0.2719879150390625,-0.4071502685546875,-0.7951812744140625,3278.261298,0.8423104040215293,-0.2613595512243684,0.5250386180003689,-0.2570395469665527,-0.1353893280029297,1.866304516792297,-0.0236789882183075,0.05776500701904297,0.05767446756362915,XArbitraryZVertical,0.2862647097083119,-0.009658367285959609,0.360580526834734,0.8876603410648376,-0.2235896587371826,-0.5012463927268982,-0.8359184861183167,0,0,0,-1,-1,3230.927795875,unknown,2,2026-04-24T18:20:16.323+02:00,null,0,0,0,0,0,0,0,null,798740462.8362647,0,0.7599998,101.5559,1,0.85
2026-04-24T18:21:03.696+02:00,1777047653.571205,53.56895416345577,9.882977505173033,38.55946,-1,-1,-1,-1,9.056828472500998,2.789105338997707,-9999,3278.280184,-0.2985687255859375,-0.353363037109375,-0.8013458251953125,3278.271373,0.8623153265080776,-0.272770590917423,0.5183256459877236,-0.1080517619848251,-0.1494558900594711,1.809683561325073,-0.0379730761051178,0.08827611804008484,0.04135310649871826,XArbitraryZVertical,0.2855805423894148,-0.01328782491888111,0.3685603249404368,0.8845510471719373,-0.2340148389339447,-0.4954264163970947,-0.8365343809127808,0,0,0,-1,-1,3230.927795875,unknown,2,2026-04-24T18:20:16.323+02:00,null,0,0,0,0,0,0,0,null,798740462.8362647,0,0.7599998,101.5559,1,0.85
2026-04-24T18:21:03.706+02:00,1777047653.571205,53.56895416345577,9.882977505173033,38.55946,-1,-1,-1,-1,9.056828472500998,2.789105338997707,-9999,3278.290259,-0.32879638671875,-0.3197479248046875,-0.8076629638671875,3278.281448,0.8822059786331142,-0.2840557829536631,0.5132629973717022,0.08737605810165405,-0.1402536034584045,1.775062203407288,-0.05442875623703003,0.1376593410968781,0.03489136695861816,XArbitraryZVertical,0.2856711650863581,-0.0165341512637434,0.3763071830322449,0.8811989226097519,-0.2441399693489075,-0.4910224080085754,-0.8362371921539307,0,0,0,-1,-1,3230.927795875,unknown,2,2026-04-24T18:20:16.323+02:00,null,0,0,0,0,0,0,0,null,798740462.8362647,0,0.7599998,101.5559,1,0.85
2026-04-24T18:21:03.716+02:00,1777047653.571205,53.56895416345577,9.882977505173033,38.55946,-1,-1,-1,-1,9.056828472500998,2.789105338997707,-9999,3278.300334,-0.3531341552734375,-0.3381500244140625,-0.7987518310546875,3278.291523,0.9023268779824798,-0.2952458099976521,0.5098121660255911,0.2353292405605316,-0.1310126930475235,1.755649209022522,-0.07482284307479858,0.1682653725147247,0.02740621566772461,XArbitraryZVertical,0.2865155599538352,-0.01934573764297606,0.3839572532533631,0.8775599828830563,-0.2539735436439514,-0.4880132973194122,-0.8350691795349121,0,0,0,-1,-1,3230.927795875,unknown,2,2026-04-24T18:20:16.323+02:00,null,0,0,0,0,0,0,0,null,798740462.8362647,0,0.7599998,101.5559,1,0.85
2026-04-24T18:21:03.726+02:00,1777047653.571205,53.56895416345577,9.882977505173033,38.55946,-1,-1,-1,-1,9.056828472500998,2.789105338997707,-9999,3278.310409,-0.3635711669921875,-0.381988525390625,-0.76849365234375,3278.301598,0.9222813280848432,-0.3062466479809376,0.506909006654249,0.2150029391050339,-0.1327312290668488,1.720280289649963,-0.08956366777420044,0.1473272144794464,0.03482025861740112,XArbitraryZVertical,0.287631259198821,-0.02195924671066178,0.391463164435335,0.8738093096097987,-0.2635704874992371,-0.4854772686958313,-0.8335720896720886,0,0,0,-1,-1,3230.927795875,unknown,2,2026-04-24T18:20:16.323+02:00,null,0,0,0,0,0,0,0,null,798740462.8362647,0,0.7599998,101.5559,1,0.85
2026-04-24T18:21:03.737+02:00,1777047653.571205,53.56895416345577,9.882977505173033,38.55946,-1,-1,-1,-1,9.056828472500998,2.789105338997707,-9999,3278.320484,-0.3547210693359375,-0.4092864990234375,-0.7557373046875,3278.311673,0.9414540770900333,-0.3170003918443726,0.5031625144728209,0.08849911391735077,-0.1636686474084854,1.678556084632874,-0.0904870331287384,0.1002099514007568,0.06391829252243042,XArbitraryZVertical,0.2884113900904592,-0.02475675518536262,0.3987330869327911,0.8701826559689703,-0.2730841338634491,-0.4821985065937042,-0.8324119448661804,0,0,0,-1,-1,3230.927795875,unknown,2,2026-04-24T18:20:16.323+02:00,null,0,0,0,0,0,0,0,null,798740462.8362647,0,0.7599998,101.5559,1,0.85
2026-04-24T18:21:03.747+02:00,1777047653.571205,53.56895416345577,9.882977505173033,38.55946,-1,-1,-1,-1,9.056828472500998,2.789105338997707,-9999,3278.330559,-0.341400146484375,-0.3984527587890625,-0.7656402587890625,3278.321748,0.9594226874733968,-0.3274444465137394,0.4979544624211864,-0.07392255216836929,-0.2027305662631989,1.617284178733826,-0.07215434312820435,0.0683428943157196,0.07614380121231079,XArbitraryZVertical,0.2885814709655324,-0.02793158330174675,0.4056806198971301,0.8668124310249294,-0.2825666964054108,-0.4776294231414795,-0.8318811058998108,0,0,0,-1,-1,3230.927795875,unknown,2,2026-04-24T18:20:16.323+02:00,null,0,0,0,0,0,0,0,null,798740462.8362647,0,0.7599998,101.5559,1,0.85
2026-04-24T18:21:03.757+02:00,1777047653.571205,53.56895416345577,9.882977505173033,38.55946,-1,-1,-1,-1,9.056828472500998,2.789105338997707,-9999,3278.340634,-0.32818603515625,-0.3812255859375,-0.783660888671875,3278.331823,0.976279742138157,-0.3377284419546828,0.4915905463996929,-0.1428782939910889,-0.2512653470039368,1.58172607421875,-0.04929220676422119,0.07357591390609741,0.06614214181900024,XArbitraryZVertical,0.2883016815320729,-0.03147930833153248,0.4122997158929133,0.8636552182845166,-0.2921079397201538,-0.4720286726951599,-0.8317824006080627,0,0,0,-1,-1,3230.927795875,unknown,2,2026-04-24T18:20:16.323+02:00,null,0,0,0,0,0,0,0,null,798740462.8362647,0,0.7599998,101.5559,1,0.85
2026-04-24T18:21:03.767+02:00,1777047653.571205,53.56895416345577,9.882977505173033,38.55946,-1,-1,-1,-1,9.056828472500998,2.789105338997707,-9999,3278.350709,-0.331878662109375,-0.3805084228515625,-0.8002777099609375,3278.341898,0.9924235163459865,-0.3480166964057214,0.484728031021409,-0.1928767412900925,-0.2880097627639771,1.541476964950562,-0.02643850445747375,0.08474215865135193,0.04809778928756714,XArbitraryZVertical,0.2878838912308191,-0.03526372558788578,0.4186634415209531,0.8605813291251007,-0.3017475306987762,-0.4659677445888519,-0.8317586779594421,0,0,0,-1,-1,3230.927795875,unknown,2,2026-04-24T18:20:16.323+02:00,null,0,0,0,0,0,0,0,null,798740462.8362647,0,0.7599998,101.5559,1,0.85
2026-04-24T18:21:03.777+02:00,1777047653.571205,53.56895416345577,9.882977505173033,38.55946,-1,-1,-1,-1,9.056828472500998,2.789105338997707,-9999,3278.360784,-0.3483734130859375,-0.38079833984375,-0.79583740234375,3278.351973,1.007859038748274,-0.3581700729640596,0.4773741490994642,-0.2396923452615738,-0.309529185295105,1.514447808265686,-0.02050876617431641,0.07894006371498108,0.03156119585037231,XArbitraryZVertical,0.2873010057841942,-0.03922622605875208,0.4247975810762116,0.8575933807489282,-0.3113698363304138,-0.4594484567642212,-0.831838846206665,0,0,0,-1,-1,3230.927795875,unknown,2,2026-04-24T18:20:16.323+02:00,null,0,0,0,0,0,0,0,null,798740462.8362647,0,0.7599998,101.5559,1,0.85
2026-04-24T18:21:03.787+02:00,1777047653.571205,53.56895416345577,9.882977505173033,38.55946,-1,-1,-1,-1,9.056828472500998,2.789105338997707,-9999,3278.370859,-0.3678436279296875,-0.3922882080078125,-0.7740325927734375,3278.362048,1.022636658511735,-0.3681236692739226,0.4692702437237577,-0.3451809585094452,-0.3266631662845612,1.500465869903564,-0.02740994095802307,0.07143718004226685,0.036307692527771,XArbitraryZVertical,0.2864329191594451,-0.04340077045478722,0.4307716815981621,0.8546978197750368,-0.3209634721279144,-0.4522355496883392,-0.832145094871521,0,0,0,-1,-1,3230.927795875,unknown,2,2026-04-24T18:20:16.323+02:00,null,0,0,0,0,0,0,0,null,798740462.8362647,0,0.7599998,101.5559,1,0.85
2026-04-24T18:21:03.797+02:00,1777047653.571205,53.56895416345577,9.882977505173033,38.55946,-1,-1,-1,-1,9.056828472500998,2.789105338997707,-9999,3278.380934,-0.3921356201171875,-0.4041595458984375,-0.74322509765625,3278.372123,1.03657597673597,-0.3777197481334504,0.4598630036563021,-0.5059590935707092,-0.3402492702007294,1.484541416168213,-0.03735533356666565,0.05153712630271912,0.05891191959381104,XArbitraryZVertical,0.2850158051158834,-0.04789307936191787,0.436610715275812,0.8519643497672913,-0.3304882943630219,-0.4438253343105316,-0.8329445123672485,0,0,0,-1,-1,3230.927795875,unknown,2,2026-04-24T18:20:16.323+02:00,null,0,0,0,0,0,0,0,null,798740462.8362647,0,0.7599998,101.5559,1,0.85
2026-04-24T18:21:03.807+02:00,1777047653.571205,53.56895416345577,9.882977505173033,38.55946,-1,-1,-1,-1,9.056828472500998,2.789105338997707,-9999,3278.391009,-0.4183349609375,-0.4157562255859375,-0.738616943359375,3278.382198,1.049481905678271,-0.3868463272550974,0.4487282803091236,-0.6889899373054504,-0.3468896150588989,1.477125525474548,-0.0522158145904541,0.02966049313545227,0.09119367599487305,XArbitraryZVertical,0.2828470917403401,-0.0528026858335529,0.4423114628753376,0.8494528436789207,-0.3399198055267334,-0.4338200688362122,-0.834418773651123,0,0,0,-1,-1,3230.927795875,unknown,2,2026-04-24T18:20:16.323+02:00,null,0,0,0,0,0,0,0,null,798740462.8362647,0,0.7599998,101.5559,1,0.85
2026-04-24T18:21:03.817+02:00,1777047653.571205,53.56895416345577,9.882977505173033,38.55946,-1,-1,-1,-1,9.056828472500998,2.789105338997707,-9999,3278.401084,-0.437896728515625,-0.412567138671875,-0.754364013671875,3278.392273,1.061201687340331,-0.3954973124173511,0.4356286635575345,-0.9183130264282227,-0.3738429248332977,1.458422064781189,-0.06904986500740051,0.006224185228347778,0.09800273180007935,XArbitraryZVertical,0.2798222218406202,-0.05822108286340002,0.4478481254003286,0.8471965462950336,-0.3492851257324219,-0.4219804406166077,-0.8366196751594543,0,0,0,-1,-1,3230.927795875,unknown,2,2026-04-24T18:20:16.323+02:00,null,0,0,0,0,0,0,0,null,798740462.8362647,0,0.7599998,101.5559,1,0.85
2026-04-24T18:21:03.827+02:00,1777047653.571205,53.56895416345577,9.882977505173033,38.55946,-1,-1,-1,-1,9.056828472500998,2.789105338997707,-9999,3278.411159,-0.4410400390625,-0.3820343017578125,-0.7523040771484375,3278.402348,1.071680734372697,-0.403833399526984,0.4204220152347367,-1.110992193222046,-0.4212874174118042,1.466602325439453,-0.07916948199272156,-0.004421383142471313,0.08511906862258911,XArbitraryZVertical,0.2759127952178604,-0.0642697605825831,0.4531982879442192,0.8451939402414099,-0.3587272465229034,-0.4081457555294037,-0.8394830822944641,0,0,0,-1,-1,3230.927795875,unknown,2,2026-04-24T18:20:16.323+02:00,null,0,0,0,0,0,0,0,null,798740462.8362647,0,0.7599998,101.5559,1,0.85
2026-04-24T18:21:03.838+02:00,1777047653.571205,53.56895416345577,9.882977505173033,38.55946,-1,-1,-1,-1,9.056828472500998,2.789105338997707,-9999,3278.421234,-0.4253082275390625,-0.35882568359375,-0.77410888671875,3278.412423,1.081550761369022,-0.4123634841219331,0.4037860562818646,-1.204318761825562,-0.4891852140426636,1.49230968952179,-0.07249459624290466,0.01086840033531189,0.09019327163696289,XArbitraryZVertical,0.2715217225184242,-0.07090341071446575,0.4584680769728838,0.8432412482759309,-0.3685454428195953,-0.3929027318954468,-0.8424973487854004,0,0,0,-1,-1,3230.927795875,unknown,2,2026-04-24T18:20:16.323+02:00,null,0,0,0,0,0,0,0,null,798740462.8362647,0,0.7599998,101.5559,1,0.85
2026-04-24T18:21:03.847+02:00,1777047653.571205,53.56895416345577,9.882977505173033,38.55946,-1,-1,-1,-1,9.056828472500998,2.789105338997707,-9999,3278.431309,-0.411285400390625,-0.3426971435546875,-0.8042144775390625,3278.422498,1.09100076299451,-0.4213230421746776,0.3862171378575313,-1.290999054908752,-0.5721024870872498,1.50136125087738,-0.04646438360214233,0.01786121726036072,0.07122206687927246,XArbitraryZVertical,0.266908909588886,-0.0780652334139906,0.4636391033591862,0.8412515904495966,-0.3788438141345978,-0.3766869008541107,-0.8453308939933777,0,0,0,-1,-1,3230.927795875,unknown,2,2026-04-24T18:20:16.323+02:00,null,0,0,0,0,0,0,0,null,798740462.8362647,0,0.7599998,101.5559,1,0.85
2026-04-24T18:21:03.857+02:00,1777047653.571205,53.56895416345577,9.882977505173033,38.55946,-1,-1,-1,-1,9.056828472500998,2.789105338997707,-9999,3278.441384,-0.4005889892578125,-0.3224029541015625,-0.802642822265625,3278.432573,1.099738342620635,-0.4307537708295964,0.3673906212688913,-1.460778713226318,-0.6624264717102051,1.511532425880432,-0.02159398794174194,0.01648426055908203,0.0438004732131958,XArbitraryZVertical,0.261943382838921,-0.08589644568569117,0.4686294294738238,0.8392817722519563,-0.3896914124488831,-0.3591814041137695,-0.8480149507522583,0,0,0,-1,-1,3230.927795875,unknown,2,2026-04-24T18:20:16.323+02:00,null,0,0,0,0,0,0,0,null,798740462.8362647,0,0.7599998,101.5559,1,0.85
2026-04-24T18:21:03.867+02:00,1777047653.571205,53.56895416345577,9.882977505173033,38.55946,-1,-1,-1,-1,9.056828472500998,2.789105338997707,-9999,3278.451459,-0.39349365234375,-0.3184356689453125,-0.7887725830078125,3278.442648,1.107338196189787,-0.4405730659328293,0.3464491129024386,-1.722363471984863,-0.7556160688400269,1.526839733123779,0.0005306601524353027,0.01715710759162903,0.04812276363372803,XArbitraryZVertical,0.2562415857848144,-0.09464394257384613,0.4733908538646026,0.8374269120263548,-0.4011196196079254,-0.3395600318908691,-0.8507655262947083,0,0,0,-1,-1,3230.927795875,unknown,2,2026-04-24T18:20:16.323+02:00,null,0,0,0,0,0,0,0,null,798740462.8362647,0,0.7599998,101.5559,1,0.85
2026-04-24T18:21:03.878+02:00,1777047653.571205,53.56895416345577,9.882977505173033,38.55946,-1,-1,-1,-1,9.056828472500998,2.789105338997707,-9999,3278.461534,-0.3897247314453125,-0.33526611328125,-0.7753143310546875,3278.452723,1.113513411754063,-0.4507428351816998,0.3228252548912372,-2.015002250671387,-0.8613678812980652,1.538786292076111,0.01963704824447632,-0.001188546419143677,0.06485342979431152,XArbitraryZVertical,0.2495439399636855,-0.1044740647674135,0.4778864956852925,0.8357258106042611,-0.4131307005882263,-0.3172471225261688,-0.853626012802124,0,0,0,-1,-1,3230.927795875,unknown,2,2026-04-24T18:20:16.323+02:00,null,0,0,0,0,0,0,0,null,798740462.8362647,0,0.7599998,101.5559,1,0.85
2026-04-24T18:21:03.888+02:00,1777047653.571205,53.56895416345577,9.882977505173033,38.55946,-1,-1,-1,-1,9.056828472500998,2.789105338997707,-9999,3278.471609,-0.4024810791015625,-0.337799072265625,-0.7660369873046875,3278.462798,1.117997409362841,-0.4612638469159294,0.2964490162210212,-2.307224988937378,-0.9593532681465149,1.526179909706116,0.03594103455543518,-0.04314014315605164,0.08111494779586792,XArbitraryZVertical,0.2417900050761994,-0.1154251366164642,0.4820135907992077,0.8341927435094749,-0.4256657660007477,-0.2921259701251984,-0.8564292788505554,0,0,0,-1,-1,3230.927795875,unknown,2,2026-04-24T18:20:16.323+02:00,null,0,0,0,0,0,0,0,null,798740462.8362647,0,0.7599998,101.5559,1,0.85
2026-04-24T18:21:03.898+02:00,1777047653.571205,53.56895416345577,9.882977505173033,38.55946,-1,-1,-1,-1,9.056828472500998,2.789105338997707,-9999,3278.481684,-0.4193115234375,-0.31005859375,-0.7659149169921875,3278.472873,1.120731628797187,-0.4720666867203733,0.2677859967761845,-2.534333229064941,-1.030178904533386,1.503111958503723,0.03603991866111755,-0.07320207357406616,0.09285056591033936,XArbitraryZVertical,0.2331184488894985,-0.1273264687093904,0.485691488092774,0.8327949992784353,-0.4385209977626801,-0.2645969986915588,-0.8588874936103821,0,0,0,-1,-1,3230.927795875,unknown,2,2026-04-24T18:20:16.323+02:00,null,0,0,0,0,0,0,0,null,798740462.8362647,0,0.7599998,101.5559,1,0.85
2026-04-24T18:21:03.908+02:00,1777047653.571205,53.56895416345577,9.882977505173033,38.55946,-1,-1,-1,-1,9.056828472500998,2.789105338997707,-9999,3278.491759,-0.4275665283203125,-0.25970458984375,-0.780517578125,3278.482948,1.121882897193329,-0.4831221986623169,0.2373321606619858,-2.724282264709473,-1.10534405708313,1.472706437110901,0.03221291303634644,-0.07494817674160004,0.0948108434677124,XArbitraryZVertical,0.2237003134664659,-0.1399832583410288,0.4889246925030686,0.8314538036378053,-0.4515244364738464,-0.2351104170084,-0.8607257008552551,0,0,0,-1,-1,3230.927795875,unknown,2,2026-04-24T18:20:16.323+02:00,null,0,0,0,0,0,0,0,null,798740462.8362647,0,0.7599998,101.5559,1,0.85
2026-04-24T18:21:03.918+02:00,1777047653.571205,53.56895416345577,9.882977505173033,38.55946,-1,-1,-1,-1,9.056828472500998,2.789105338997707,-9999,3278.501834,-0.4241943359375,-0.2047271728515625,-0.786651611328125,3278.493023,1.121833780232598,-0.4946526763643124,0.2057462268927661,-2.803900957107544,-1.1866694688797,1.468433380126953,0.0371469259262085,-0.05540689826011658,0.08105301856994629,XArbitraryZVertical,0.2138526971532336,-0.1532375192154362,0.4917606938977666,0.8300341475266984,-0.464713454246521,-0.2042977064847946,-0.8615705966949463,0,0,0,-1,-1,3230.927795875,unknown,2,2026-04-24T18:20:16.323+02:00,null,0,0,0,0,0,0,0,null,798740462.8362647,0,0.7599998,101.5559,1,0.85
2026-04-24T18:21:03.928+02:00,1777047653.571205,53.56895416345577,9.882977505173033,38.55946,-1,-1,-1,-1,9.056828472500998,2.789105338997707,-9999,3278.511909,-0.414794921875,-0.1740264892578125,-0.8099517822265625,3278.503098,1.121022525873189,-0.506845232480415,0.1737096100220491,-2.852114915847778,-1.262190341949463,1.438208818435669,0.05392175912857056,-0.03188987076282501,0.07447105646133423,XArbitraryZVertical,0.2039099136701711,-0.1669114024657744,0.494278596549216,0.8284020457173551,-0.4781160950660706,-0.1728373169898987,-0.8611226677894592,0,0,0,-1,-1,3230.927795875,unknown,2,2026-04-24T18:20:16.323+02:00,null,0,0,0,0,0,0,0,null,798740462.8362647,0,0.7599998,101.5559,1,0.85
2026-04-24T18:21:03.938+02:00,1777047653.571205,53.56895416345577,9.882977505173033,38.55946,-1,-1,-1,-1,9.056828472500998,2.789105338997707,-9999,3278.521984,-0.4296417236328125,-0.1488037109375,-0.80267333984375,3278.513173,1.119067014476234,-0.5195877344021415,0.1413774154681896,-2.937896490097046,-1.32612931728363,1.377762317657471,0.07677352428436279,-0.0331195741891861,0.04941177368164062,XArbitraryZVertical,0.1938600398715479,-0.1809323169837096,0.4963213393004014,0.8266480824408319,-0.4915684461593628,-0.1409069150686264,-0.8593635559082031,0,0,0,-1,-1,3230.927795875,unknown,2,2026-04-24T18:20:16.323+02:00,null,0,0,0,0,0,0,0,null,798740462.8362647,0,0.7599998,101.5559,1,0.85
2026-04-24T18:21:03.948+02:00,1777047653.571205,53.56895416345577,9.882977505173033,38.55946,-1,-1,-1,-1,9.056828472500998,2.789105338997707,-9999,3278.532059,-0.4550628662109375,-0.11297607421875,-0.7848052978515625,3278.523248,1.115492416491249,-0.5326624585517831,0.1083079244281112,-3.104288816452026,-1.356625437736511,1.314307689666748,0.07521134614944458,-0.04070742428302765,0.05373692512512207,XArbitraryZVertical,0.1834030597000417,-0.1953411590696936,0.4977790517383359,0.8248765587714062,-0.5048530697822571,-0.1080962941050529,-0.8564103245735168,0,0,0,-1,-1,3230.927795875,unknown,2,2026-04-24T18:20:16.323+02:00,null,0,0,0,0,0,0,0,null,798740462.8362647,0,0.7599998,101.5559,1,0.85
2026-04-24T18:21:03.959+02:00,1777047653.571205,53.56895416345577,9.882977505173033,38.55946,-1,-1,-1,-1,9.056828472500998,2.789105338997707,-9999,3278.542134,-0.476043701171875,-0.0794219970703125,-0.769439697265625,3278.533323,1.109953939698585,-0.5459525867290909,0.07389179203794341,-3.324451208114624,-1.380700707435608,1.253107905387878,0.06275272369384766,-0.03915150463581085,0.06749570369720459,XArbitraryZVertical,0.1721922216378038,-0.210236400555068,0.4986032343813029,0.8231314539244143,-0.5178155899047852,-0.07382456958293915,-0.8523010015487671,0,0,0,-1,-1,3230.927795875,unknown,2,2026-04-24T18:20:16.323+02:00,null,0,0,0,0,0,0,0,null,798740462.8362647,0,0.7599998,101.5559,1,0.85
2026-04-24T18:21:03.968+02:00,1777047653.571205,53.56895416345577,9.882977505173033,38.55946,-1,-1,-1,-1,9.056828472500998,2.789105338997707,-9999,3278.552209,-0.4971466064453125,-0.04461669921875,-0.76336669921875,3278.543398,1.102167911758248,-0.5595202517451042,0.03799904742437772,-3.550132036209106,-1.395345211029053,1.17103111743927,0.05435281991958618,-0.04143208637833595,0.07745838165283203,XArbitraryZVertical,0.1601125876621662,-0.2256433751142362,0.4986937748851146,0.8214338432311872,-0.5303965210914612,-0.03798990324139595,-0.846898078918457,0,0,0,-1,-1,3230.927795875,unknown,2,2026-04-24T18:20:16.323+02:00,null,0,0,0,0,0,0,0,null,798740462.8362647,0,0.7599998,101.5559,1,0.85
2026-04-24T18:21:03.992+02:00,1777047653.571205,53.56895416345577,9.882977505173033,38.55946,-1,-1,-1,-1,9.056828472500998,2.789105338997707,-9999,3278.562284,-0.5145111083984375,0.01446533203125,-0.755859375,3278.553473,1.092128899079923,-0.5734086109720354,0.001005477078474045,-3.702132940292358,-1.399431824684143,1.092821478843689,0.04535174369812012,-0.04361121729016304,0.07668960094451904,XArbitraryZVertical,0.1472741822056114,-0.2414170157609448,0.498008062224843,0.8197659416854625,-0.5424983501434326,-0.001005476922728121,-0.840056300163269,0,0,0,-1,-1,3230.927795875,unknown,2,2026-04-24T18:20:16.323+02:00,null,0,0,0,0,0,0,0,null,798740462.8362647,0,0.7599998,101.5559,1,0.85
2026-04-24T18:21:03.993+02:00,1777047653.571205,53.56895416345577,9.882977505173033,38.55946,-1,-1,-1,-1,9.056828472500998,2.789105338997707,-9999,3278.572359,-0.528289794921875,0.06915283203125,-0.743743896484375,3278.563548,1.080323130173073,-0.5877545417908129,-0.03639783134193365,-3.787331104278564,-1.402296304702759,1.02235746383667,0.03961539268493652,-0.0219244621694088,0.07577729225158691,XArbitraryZVertical,0.1340049928102214,-0.2573408490505253,0.4966658517316297,0.8180106731109478,-0.554126501083374,0.0363897942006588,-0.8316367268562317,0,0,0,-1,-1,3230.927795875,unknown,2,2026-04-24T18:20:16.323+02:00,null,0,0,0,0,0,0,0,null,798740462.8362647,0,0.7599998,101.5559,1,0.85
2026-04-24T18:21:03.998+02:00,1777047653.571205,53.56895416345577,9.882977505173033,38.55946,-1,-1,-1,-1,9.056828472500998,2.789105338997707,-9999,3278.582434,-0.548004150390625,0.102783203125,-0.7425537109375,3278.573623,1.067019723821948,-0.6025452906458251,-0.07385364160985061,-3.846596956253052,-1.387795686721802,0.9608760476112366,0.0369066596031189,-0.004633687436580658,0.07790595293045044,XArbitraryZVertical,0.1204485896915938,-0.2732529953402831,0.4947543773165737,0.8161146141328306,-0.5651964545249939,0.07378651946783066,-0.8216498494148254,0,0,0,-1,-1,3230.927795875,unknown,2,2026-04-24T18:20:16.323+02:00,null,0,0,0,0,0,0,0,null,798740462.8362647,0,0.7599998,101.5559,1,0.85
2026-04-24T18:21:04.009+02:00,1777047653.571205,53.56895416345577,9.882977505173033,38.55946,-1,-1,-1,-1,9.056828472500998,2.789105338997707,-9999,3278.592509,-0.572021484375,0.11505126953125,-0.729583740234375,3278.583698,1.052184437490628,-0.6177275805757132,-0.1113090878342316,-3.937602758407593,-1.353253722190857,0.8947710990905762,0.02759575843811035,-0.008296176791191101,0.06759822368621826,XArbitraryZVertical,0.1065801946027886,-0.2890756110658515,0.4922772297295372,0.8140879288383072,-0.5755999088287354,0.1110793799161911,-0.8101519346237183,0,0,0,-1,-1,3230.927795875,unknown,2,2026-04-24T18:20:16.323+02:00,null,0,0,0,0,0,0,0,null,798740462.8362647,0,0.7599998,101.5559,1,0.85
2026-04-24T18:21:04.018+02:00,1777047653.571205,53.56895416345577,9.882977505173033,38.55946,-1,-1,-1,-1,9.056828472500998,2.789105338997707,-9999,3278.602584,-0.59649658203125,0.15045166015625,-0.7048797607421875,3278.593773,1.03549273083693,-0.6332719524136745,-0.1490087200781649,-4.055191516876221,-1.303751945495605,0.8269338011741638,0.01320618391036987,-0.03340664505958557,0.06757926940917969,XArbitraryZVertical,0.09221309504758109,-0.3048200402418147,0.4891543056126874,0.8119788185708385,-0.5852276682853699,0.1484579145908356,-0.7971629500389099,0,0,0,-1,-1,3230.927795875,unknown,2,2026-04-24T18:20:16.323+02:00,null,0,0,0,0,0,0,0,null,798740462.8362647,0,0.7599998,101.5559,1,0.85
2026-04-24T18:21:04.029+02:00,1777047653.571205,53.56895416345577,9.882977505173033,38.55946,-1,-1,-1,-1,9.056828472500998,2.789105338997707,-9999,3278.612659,-0.61346435546875,0.20458984375,-0.6904144287109375,3278.603848,1.017061193705706,-0.6492228366632805,-0.1868466334761515,-4.116644382476807,-1.244908094406128,0.776863694190979,-0.002451598644256592,-0.03530965745449066,0.07781004905700684,XArbitraryZVertical,0.07738562530546717,-0.3204162377196927,0.4854419749122208,0.8097475475745048,-0.5940449833869934,0.185761347413063,-0.7826898097991943,0,0,0,-1,-1,3230.927795875,unknown,2,2026-04-24T18:20:16.323+02:00,null,0,0,0,0,0,0,0,null,798740462.8362647,0,0.7599998,101.5559,1,0.85
2026-04-24T18:21:04.039+02:00,1777047653.571205,53.56895416345577,9.882977505173033,38.55946,-1,-1,-1,-1,9.056828472500998,2.789105338997707,-9999,3278.622734,-0.625,0.248779296875,-0.67486572265625,3278.613923,0.9971274127335531,-0.6655296107827082,-0.2245434517670432,-4.174929141998291,-1.174950361251831,0.730713963508606,-0.01148974895477295,-0.01807144284248352,0.07642883062362671,XArbitraryZVertical,0.06221253150956227,-0.3357200957254851,0.4812308943385321,0.8073651965355957,-0.6019746065139771,0.2226613014936447,-0.7668432593345642,0,0,0,-1,-1,3230.927795875,unknown,2,2026-04-24T18:20:16.323+02:00,null,0,0,0,0,0,0,0,null,798740462.8362647,0,0.7599998,101.5559,1,0.85
2026-04-24T18:21:04.049+02:00,1777047653.571205,53.56895416345577,9.882977505173033,38.55946,-1,-1,-1,-1,9.056828472500998,2.789105338997707,-9999,3278.632809,-0.6358795166015625,0.2897186279296875,-0.6606597900390625,3278.623998,0.9757384522262279,-0.6822364642262159,-0.2619282498253152,-4.194718360900879,-1.118758916854858,0.6870074868202209,-0.01597541570663452,-0.01016420125961304,0.07482576370239258,XArbitraryZVertical,0.04676348230036765,-0.3506671430425206,0.4765442548263755,0.8048300397168476,-0.6090246438980103,0.2589435279369354,-0.7496914863586426,0,0,0,-1,-1,3230.927795875,unknown,2,2026-04-24T18:20:16.323+02:00,null,0,0,0,0,0,0,0,null,798740462.8362647,0,0.7599998,101.5559,1,0.85
2026-04-24T18:21:04.059+02:00,1777047653.571205,53.56895416345577,9.882977505173033,38.55946,-1,-1,-1,-1,9.056828472500998,2.789105338997707,-9999,3278.642885,-0.647186279296875,0.32843017578125,-0.6737213134765625,3278.634073,0.9530606976893916,-0.6994051495402778,-0.2988625826936001,-4.210675239562988,-1.044566631317139,0.6491777896881104,-0.02065360546112061,-0.004714757204055786,0.07064461708068848,XArbitraryZVertical,0.0311243504949631,-0.3652110236208304,0.4714584602700664,0.8021091760353118,-0.6152259111404419,0.2944333851337433,-0.7313043475151062,0,0,0,-1,-1,3230.927795875,unknown,2,2026-04-24T18:20:16.323+02:00,null,0,0,0,0,0,0,0,null,798740462.8362647,0,0.7599998,101.5559,1,0.85
2026-04-24T18:21:04.069+02:00,1777047653.571205,53.56895416345577,9.882977505173033,38.55946,-1,-1,-1,-1,9.056828472500998,2.789105338997707,-9999,3278.65296,-0.6635894775390625,0.3873748779296875,-0.6755828857421875,3278.644149,0.9289371064232184,-0.7170423498347768,-0.3352127586914858,-4.225263595581055,-0.9665935635566711,0.5899227261543274,-0.02660524845123291,-0.0005398988723754883,0.03807777166366577,XArbitraryZVertical,0.01531159621253314,-0.3792967401319581,0.4659227614752223,0.7992594269372802,-0.6205810308456421,0.3289701044559479,-0.7117990851402283,0,0,0,-1,-1,3230.927795875,unknown,2,2026-04-24T18:20:16.323+02:00,null,0,0,0,0,0,0,0,null,798740462.8362647,0,0.7599998,101.5559,1,0.85
2026-04-24T18:21:04.079+02:00,1777047653.571205,53.56895416345577,9.882977505173033,38.55946,-1,-1,-1,-1,9.056828472500998,2.789105338997707,-9999,3278.663034,-0.6634063720703125,0.4501953125,-0.6612548828125,3278.654224,0.9035793751944902,-0.735082326109346,-0.3706273432258403,-4.158371448516846,-0.8775470852851868,0.5482408404350281,-0.03847807645797729,0.02517464756965637,0.01582634449005127,XArbitraryZVertical,-0.0005114482754183013,-0.3928041757887653,0.4600074758589624,0.7963026065210226,-0.62511146068573,0.3622002601623535,-0.6914092302322388,0,0,0,-1,-1,3230.927795875,unknown,2,2026-04-24T18:20:16.323+02:00,null,0,0,0,0,0,0,0,null,798740462.8362647,0,0.7599998,101.5559,1,0.85
2026-04-24T18:21:04.089+02:00,1777047653.571205,53.56895416345577,9.882977505173033,38.55946,-1,-1,-1,-1,9.056828472500998,2.789105338997707,-9999,3278.67311,-0.663116455078125,0.4996337890625,-0.6511077880859375,3278.664298,0.8777513518441576,-0.753291986983721,-0.4045388141227753,-4.000863552093506,-0.7998480200767517,0.5229128003120422,-0.03457587957382202,0.05660048127174377,0.009308576583862305,XArbitraryZVertical,-0.01600537653218646,-0.4055392817894549,0.4539675224056323,0.7932183101975695,-0.6288305521011353,0.3935948312282562,-0.6705634593963623,0,0,0,-1,-1,3230.927795875,unknown,2,2026-04-24T18:20:16.323+02:00,null,0,0,0,0,0,0,0,null,798740462.8362647,0,0.7599998,101.5559,1,0.85
2026-04-24T18:21:04.100+02:00,1777047653.571205,53.56895416345577,9.882977505173033,38.55946,-1,-1,-1,-1,9.056828472500998,2.789105338997707,-9999,3278.683185,-0.6683197021484375,0.5262603759765625,-0.638580322265625,3278.674374,0.8522040719689402,-0.7714781222135694,-0.4364393596858163,-3.766934394836426,-0.7403234839439392,0.4989950358867645,-0.03127413988113403,0.07691857218742371,-0.001425385475158691,XArbitraryZVertical,-0.03082588927621602,-0.4173830144206669,0.4480421763197595,0.7899997279728951,-0.631842315196991,0.4227152764797211,-0.649682343006134,0,0,0,-1,-1,3230.927795875,unknown,2,2026-04-24T18:20:16.323+02:00,null,0,0,0,0,0,0,0,null,798740462.8362647,0,0.7599998,101.5559,1,0.85
2026-04-24T18:21:04.110+02:00,1777047653.571205,53.56895416345577,9.882977505173033,38.55946,-1,-1,-1,-1,9.056828472500998,2.789105338997707,-9999,3278.69326,-0.6704254150390625,0.53814697265625,-0.616943359375,3278.684449,0.8273530190021113,-0.7895946728956853,-0.4660068779535296,-3.538422346115112,-0.6915122270584106,0.4753555059432983,-0.0339665412902832,0.07693785429000854,-0.00952911376953125,XArbitraryZVertical,-0.04472884470725916,-0.4283383207371915,0.4423472784999405,0.786673149799293,-0.6343531608581543,0.4493225514888763,-0.6290512084960938,0,0,0,-1,-1,3230.927795875,unknown,2,2026-04-24T18:20:16.323+02:00,null,0,0,0,0,0,0,0,null,798740462.8362647,0,0.7599998,101.5559,1,0.85
2026-04-24T18:21:04.119+02:00,1777047653.571205,53.56895416345577,9.882977505173033,38.55946,-1,-1,-1,-1,9.056828472500998,2.789105338997707,-9999,3278.703335,-0.6741180419921875,0.54888916015625,-0.589599609375,3278.694524,0.8029937083488911,-0.8075548368368257,-0.493635098756189,-3.367003440856934,-0.6467178463935852,0.4588686227798462,-0.03409290313720703,0.06431686878204346,-0.008202016353607178,XArbitraryZVertical,-0.05791649438705297,-0.4384917552504332,0.4368374908408151,0.7832903519130809,-0.6363325119018555,0.4738301336765289,-0.6087413430213928,0,0,0,-1,-1,3230.927795875,unknown,2,2026-04-24T18:20:16.323+02:00,null,0,0,0,0,0,0,0,null,798740462.8362647,0,0.7599998,101.5559,1,0.85
2026-04-24T18:21:04.130+02:00,1777047653.571205,53.56895416345577,9.882977505173033,38.55946,-1,-1,-1,-1,9.056828472500998,2.789105338997707,-9999,3278.71341,-0.6696319580078125,0.561614990234375,-0.5404205322265625,3278.704599,0.7785626822521441,-0.8256917361996579,-0.5198362213227009,-3.297409772872925,-0.6148930788040161,0.4312430918216705,-0.03619641065597534,0.05215120315551758,-0.00112074613571167,XArbitraryZVertical,-0.07063910474742233,-0.4480744233846291,0.4313590682175446,0.7798518240732293,-0.6379216909408569,0.4967379868030548,-0.5884788632392883,0,0,0,-1,-1,3230.927795875,unknown,2,2026-04-24T18:20:16.323+02:00,null,0,0,0,0,0,0,0,null,798740462.8362647,0,0.7599998,101.5559,1,0.85
2026-04-24T18:21:04.140+02:00,1777047653.571205,53.56895416345577,9.882977505173033,38.55946,-1,-1,-1,-1,9.056828472500998,2.789105338997707,-9999,3278.723485,-0.6517181396484375,0.566253662109375,-0.5078887939453125,3278.714674,0.7534276187049751,-0.8447409274962334,-0.5450446509795982,-3.239438056945801,-0.6454725861549377,0.3933590948581696,-0.03018581867218018,0.04315876960754395,0.02730453014373779,XArbitraryZVertical,-0.08306008675026187,-0.4574259358257729,0.4257542586995073,0.776270510117568,-0.6394461393356323,0.5184562802314758,-0.5677250623703003,0,0,0,-1,-1,3230.927795875,unknown,2,2026-04-24T18:20:16.323+02:00,null,0,0,0,0,0,0,0,null,798740462.8362647,0,0.7599998,101.5559,1,0.85
2026-04-24T18:21:04.150+02:00,1777047653.571205,53.56895416345577,9.882977505173033,38.55946,-1,-1,-1,-1,9.056828472500998,2.789105338997707,-9999,3278.73356,-0.6318206787109375,0.57427978515625,-0.4830474853515625,3278.724749,0.7273017799022761,-0.8649532445855087,-0.5693742254304203,-3.282627820968628,-0.6388136148452759,0.3603082001209259,-0.01071995496749878,0.02714860439300537,0.03845089673995972,XArbitraryZVertical,-0.0952469187274388,-0.4666456753495915,0.4199572881557417,0.7725320680031509,-0.6409982442855835,0.5391051173210144,-0.5463396906852722,0,0,0,-1,-1,3230.927795875,unknown,2,2026-04-24T18:20:16.323+02:00,null,0,0,0,0,0,0,0,null,798740462.8362647,0,0.7599998,101.5559,1,0.85
2026-04-24T18:21:04.160+02:00,1777047653.571205,53.56895416345577,9.882977505173033,38.55946,-1,-1,-1,-1,9.056828472500998,2.789105338997707,-9999,3278.743635,-0.62335205078125,0.6264801025390625,-0.4626617431640625,3278.734824,0.6988203540053156,-0.8870222191325235,-0.5936659586062405,-3.42449688911438,-0.6444829106330872,0.3169518113136292,0.0107342004776001,0.01487630605697632,0.04058504104614258,XArbitraryZVertical,-0.1077507813449179,-0.4759973810772326,0.4136277270252282,0.7685885893926543,-0.6425548791885376,0.5594034790992737,-0.5236325263977051,0,0,0,-1,-1,3230.927795875,unknown,2,2026-04-24T18:20:16.323+02:00,null,0,0,0,0,0,0,0,null,798740462.8362647,0,0.7599998,101.5559,1,0.85
2026-04-24T18:21:04.170+02:00,1777047653.571205,53.56895416345577,9.882977505173033,38.55946,-1,-1,-1,-1,9.056828472500998,2.789105338997707,-9999,3278.75371,-0.605712890625,0.67218017578125,-0.461212158203125,3278.744899,0.6681506966776087,-0.9111991627287788,-0.617468425657386,-3.427389144897461,-0.6858316659927368,0.2606941163539886,0.02096694707870483,0.04750716686248779,0.03698161244392395,XArbitraryZVertical,-0.1203208559103284,-0.4854907113718245,0.4068317107521851,0.7644014510871341,-0.6443189382553101,0.5789729356765747,-0.4996433258056641,0,0,0,-1,-1,3230.927795875,unknown,2,2026-04-24T18:20:16.323+02:00,null,0,0,0,0,0,0,0,null,798740462.8362647,0,0.7599998,101.5559,1,0.85
2026-04-24T18:21:04.180+02:00,1777047653.571205,53.56895416345577,9.882977505173033,38.55946,-1,-1,-1,-1,9.056828472500998,2.789105338997707,-9999,3278.763785,-0.6119537353515625,0.7039642333984375,-0.433563232421875,3278.754974,0.636049289498701,-0.9371067042812791,-0.6398642779777838,-3.342694044113159,-0.7062933444976807,0.1803922951221466,0.04071992635726929,0.07509356737136841,0.01377448439598083,XArbitraryZVertical,-0.13249038856635,-0.4949272821919762,0.3997389209303251,0.7600671284109285,-0.6464327573776245,0.5970865488052368,-0.4749865531921387,0,0,0,-1,-1,3230.927795875,unknown,2,2026-04-24T18:20:16.323+02:00,null,0,0,0,0,0,0,0,null,798740462.8362647,0,0.7599998,101.5559,1,0.85
2026-04-24T18:21:04.190+02:00,1777047653.571205,53.56895416345577,9.882977505173033,38.55946,-1,-1,-1,-1,9.056828472500998,2.789105338997707,-9999,3278.77386,-0.63677978515625,0.7250823974609375,-0.40606689453125,3278.765049,0.6037640337104792,-0.9637608464918883,-0.6599652954431902,-3.114673852920532,-0.7073037028312683,0.1011544689536095,0.03691810369491577,0.09087485074996948,0.01708823442459106,XArbitraryZVertical,-0.1437871203868947,-0.5039836441369085,0.392624392651059,0.7557592443554759,-0.6488719582557678,0.6130894422531128,-0.4506514966487885,0,0,0,-1,-1,3230.927795875,unknown,2,2026-04-24T18:20:16.323+02:00,null,0,0,0,0,0,0,0,null,798740462.8362647,0,0.7599998,101.5559,1,0.85
2026-04-24T18:21:04.200+02:00,1777047653.571205,53.56895416345577,9.882977505173033,38.55946,-1,-1,-1,-1,9.056828472500998,2.789105338997707,-9999,3278.783935,-0.6661834716796875,0.74871826171875,-0.3913116455078125,3278.775124,0.572488034507489,-0.9901573639946178,-0.6772995619000901,-2.850746870040894,-0.6802918314933777,0.02549372799694538,0.01477575302124023,0.09839147329330444,0.02140703797340393,XArbitraryZVertical,-0.1539046573329278,-0.5124221171750898,0.3857516100845814,0.7516199880014,-0.6515554785728455,0.6266909241676331,-0.4274738729000092,0,0,0,-1,-1,3230.927795875,unknown,2,2026-04-24T18:20:16.323+02:00,null,0,0,0,0,0,0,0,null,798740462.8362647,0,0.7599998,101.5559,1,0.85
2026-04-24T18:21:04.210+02:00,1777047653.571205,53.56895416345577,9.882977505173033,38.55946,-1,-1,-1,-1,9.056828472500998,2.789105338997707,-9999,3278.79401,-0.68829345703125,0.77459716796875,-0.383636474609375,3278.785199,0.5424764677640584,-1.015908805383801,-0.6920412205300177,-2.607010841369629,-0.6665429472923279,-0.03741812705993652,-0.0117611289024353,0.1106082201004028,0.01433223485946655,XArbitraryZVertical,-0.1629091654938592,-0.5202294502187418,0.3791536134980186,0.7477062008794595,-0.654422402381897,0.6381101608276367,-0.4056438505649567,0,0,0,-1,-1,3230.927795875,unknown,2,2026-04-24T18:20:16.323+02:00,null,0,0,0,0,0,0,0,null,798740462.8362647,0,0.7599998,101.5559,1,0.85
2026-04-24T18:21:04.220+02:00,1777047653.571205,53.56895416345577,9.882977505173033,38.55946,-1,-1,-1,-1,9.056828472500998,2.789105338997707,-9999,3278.804085,-0.693023681640625,0.76556396484375,-0.3734130859375,3278.795274,0.5140122708926126,-1.040675530571274,-0.7044823918571433,-2.396756887435913,-0.6236570477485657,-0.08085621893405914,-0.03092676401138306,0.1269576549530029,0.001632571220397949,XArbitraryZVertical,-0.1708945041369816,-0.5274092868841841,0.3728960294179531,0.7440317339986866,-0.6573667526245117,0.6476395130157471,-0.3852690160274506,0,0,0,-1,-1,3230.927795875,unknown,2,2026-04-24T18:20:16.323+02:00,null,0,0,0,0,0,0,0,null,798740462.8362647,0,0.7599998,101.5559,1,0.85
2026-04-24T18:21:04.230+02:00,1777047653.571205,53.56895416345577,9.882977505173033,38.55946,-1,-1,-1,-1,9.056828472500998,2.789105338997707,-9999,3278.81416,-0.692169189453125,0.7593231201171875,-0.352935791015625,3278.805349,0.4859390787831239,-1.065134584055959,-0.7154165496432487,-2.367586135864258,-0.5988782048225403,-0.1300149708986282,-0.03266608715057373,0.109632134437561,-0.007788360118865967,XArbitraryZVertical,-0.1783537434108918,-0.5342074387105542,0.3667016225945586,0.7405014871653175,-0.6603575944900513,0.6559318900108337,-0.3656246960163116,0,0,0,-1,-1,3230.927795875,unknown,2,2026-04-24T18:20:16.323+02:00,null,0,0,0,0,0,0,0,null,798740462.8362647,0,0.7599998,101.5559,1,0.85
2026-04-24T18:21:04.240+02:00,1777047653.571205,53.56895416345577,9.882977505173033,38.55946,-1,-1,-1,-1,9.056828472500998,2.789105338997707,-9999,3278.824235,-0.69110107421875,0.7361907958984375,-0.3397064208984375,3278.815424,0.4568071111105553,-1.090294742370881,-0.725440120264028,-2.408503293991089,-0.5808917284011841,-0.1737140566110611,-0.0286862850189209,0.09585839509963989,-0.007096260786056519,XArbitraryZVertical,-0.1857377910854111,-0.5409082193957563,0.3602169773149245,0.736996383445627,-0.6634829640388489,0.6634647846221924,-0.3458395302295685,0,0,0,-1,-1,3230.927795875,unknown,2,2026-04-24T18:20:16.323+02:00,null,0,0,0,0,0,0,0,null,798740462.8362647,0,0.7599998,101.5559,1,0.85
2026-04-24T18:21:04.250+02:00,1777047653.571205,53.56895416345577,9.882977505173033,38.55946,-1,-1,-1,-1,9.056828472500998,2.789105338997707,-9999,3278.83431,-0.698272705078125,0.70074462890625,-0.320037841796875,3278.825499,0.425773118470198,-1.116830564167537,-0.7348419814545678,-2.528192520141602,-0.5762255787849426,-0.2240222245454788,-0.02431130409240723,0.06572091579437256,-0.01434260606765747,XArbitraryZVertical,-0.193292288876522,-0.5476825546826957,0.35325611912731,0.7334112973042316,-0.6667897701263428,0.6704699397087097,-0.32536381483078,0,0,0,-1,-1,3230.927795875,unknown,2,2026-04-24T18:20:16.323+02:00,null,0,0,0,0,0,0,0,null,798740462.8362647,0,0.7599998,101.5559,1,0.85
2026-04-24T18:21:04.261+02:00,1777047653.571205,53.56895416345577,9.882977505173033,38.55946,-1,-1,-1,-1,9.056828472500998,2.789105338997707,-9999,3278.844385,-0.7065277099609375,0.6994781494140625,-0.2969818115234375,3278.835574,0.392912614137653,-1.144709811661182,-0.7436450946895184,-2.560906887054443,-0.5594140887260437,-0.2442482709884644,-0.02807289361953735,0.02376949787139893,-0.01583889126777649,XArbitraryZVertical,-0.2010411657002422,-0.5545114770411039,0.345864322057345,0.7297106062250841,-0.6701998710632324,0.6769751906394958,-0.3041989505290985,0,0,0,-1,-1,3230.927795875,unknown,2,2026-04-24T18:20:16.323+02:00,null,0,0,0,0,0,0,0,null,798740462.8362647,0,0.7599998,101.5559,1,0.85
2026-04-24T18:21:04.271+02:00,1777047653.571205,53.56895416345577,9.882977505173033,38.55946,-1,-1,-1,-1,9.056828472500998,2.789105338997707,-9999,3278.85446,-0.7156829833984375,0.7483367919921875,-0.290618896484375,3278.845649,0.3598554143229233,-1.172719932067266,-0.7515226678808085,-2.465157032012939,-0.544671893119812,-0.254103034734726,-0.03300821781158447,0.01672613620758057,-0.01374822854995728,XArbitraryZVertical,-0.208631257404251,-0.5611205052509943,0.338449115287168,0.7259952683080373,-0.6735195517539978,0.6827520728111267,-0.2832335531711578,0,0,0,-1,-1,3230.927795875,unknown,2,2026-04-24T18:20:16.323+02:00,null,0,0,0,0,0,0,0,null,798740462.8362647,0,0.7599998,101.5559,1,0.85
2026-04-24T18:21:04.281+02:00,1777047653.571205,53.56895416345577,9.882977505173033,38.55946,-1,-1,-1,-1,9.056828472500998,2.789105338997707,-9999,3278.864535,-0.726593017578125,0.8126220703125,-0.30914306640625,3278.855724,0.3282681981458928,-1.199887130623231,-0.757930724010871,-2.229123115539551,-0.5572599172592163,-0.2874357104301453,-0.03880989551544189,0.0609167218208313,-0.02737647294998169,XArbitraryZVertical,-0.2155403173167501,-0.5673809856129537,0.3313649399748296,0.7223700810979446,-0.6768730878829956,0.6874200701713562,-0.2632423639297485,0,0,0,-1,-1,3230.927795875,unknown,2,2026-04-24T18:20:16.323+02:00,null,0,0,0,0,0,0,0,null,798740462.8362647,0,0.7599998,101.5559,1,0.85
2026-04-24T18:21:04.291+02:00,1777047653.571205,53.56895416345577,9.882977505173033,38.55946,-1,-1,-1,-1,9.056828472500998,2.789105338997707,-9999,3278.87461,-0.737091064453125,0.817779541015625,-0.3192596435546875,3278.865799,0.2996388743599732,-1.225252574515985,-0.762409515813662,-1.951155304908752,-0.5588588714599609,-0.3259327411651611,-0.04616469144821167,0.1219562292098999,-0.06419792771339417,XArbitraryZVertical,-0.2213045526672387,-0.5731943237240806,0.3248822184289752,0.7189745005087627,-0.6804283857345581,0.6906659603118896,-0.2449451237916946,0,0,0,-1,-1,3230.927795875,unknown,2,2026-04-24T18:20:16.323+02:00,null,0,0,0,0,0,0,0,null,798740462.8362647,0,0.7599998,101.5559,1,0.85
2026-04-24T18:21:04.302+02:00,1777047653.571205,53.56895416345577,9.882977505173033,38.55946,-1,-1,-1,-1,9.056828472500998,2.789105338997707,-9999,3278.884685,-0.7430877685546875,0.7738037109375,-0.292144775390625,3278.875874,0.2732858051399119,-1.249113578675356,-0.7653266142140815,-1.843219518661499,-0.558186411857605,-0.363202691078186,-0.05292671918869019,0.1250069737434387,-0.09125638008117676,XArbitraryZVertical,-0.2261900037344099,-0.5786505469671626,0.3188123321904673,0.7157936009597977,-0.6841644048690796,0.6927725672721863,-0.2280032485723495,0,0,0,-1,-1,3230.927795875,unknown,2,2026-04-24T18:20:16.323+02:00,null,0,0,0,0,0,0,0,null,798740462.8362647,0,0.7599998,101.5559,1,0.85
2026-04-24T18:21:04.339+02:00,1777047653.571205,53.56895416345577,9.882977505173033,38.55946,-1,-1,-1,-1,9.056828472500998,2.789105338997707,-9999,3278.89476,-0.7407989501953125,0.7298736572265625,-0.243316650390625,3278.885949,0.2467988828386821,-1.273066478880999,-0.7675100436053913,-1.911094665527344,-0.5528973937034607,-0.3719317317008972,-0.05510663986206055,0.07945817708969116,-0.08103732764720917,XArbitraryZVertical,-0.2309501259051802,-0.5840448021356204,0.3126402452629743,0.7126077428535742,-0.6879810690879822,0.6943455338478088,-0.2111074179410934,0,0,0,-1,-1,3230.927795875,unknown,2,2026-04-24T18:20:16.323+02:00,null,0,0,0,0,0,0,0,null,798740462.8362647,0,0.7599998,101.5559,1,0.85
2026-04-24T18:21:04.342+02:00,1777047653.571205,53.56895416345577,9.882977505173033,38.55946,-1,-1,-1,-1,9.056828472500998,2.789105338997707,-9999,3278.904835,-0.727264404296875,0.699981689453125,-0.20452880859375,3278.896024,0.2186626139798696,-1.298167436923368,-0.7696001428308163,-2.068948745727539,-0.5545247793197632,-0.3632804453372955,-0.04913532733917236,0.03402549028396606,-0.04993407428264618,XArbitraryZVertical,-0.2361201456961432,-0.589538807913583,0.3061101112464665,0.7092163612710189,-0.6916636228561401,0.6958481073379517,-0.1933825463056564,0,0,0,-1,-1,3230.927795875,unknown,2,2026-04-24T18:20:16.323+02:00,null,0,0,0,0,0,0,0,null,798740462.8362647,0,0.7599998,101.5559,1,0.85
2026-04-24T18:21:04.343+02:00,1777047653.571205,53.56895416345577,9.882977505173033,38.55946,-1,-1,-1,-1,9.056828472500998,2.789105338997707,-9999,3278.91491,-0.7229156494140625,0.6783599853515625,-0.173004150390625,3278.906099,0.1879211881271677,-1.325229061892654,-0.7715422963256287,-2.264000654220581,-0.5635824799537659,-0.3822669088840485,-0.03193360567092896,0.002740085124969482,-0.03026115894317627,XArbitraryZVertical,-0.2418646729064739,-0.5952878862460573,0.2989873543124989,0.7055072094833177,-0.6953308582305908,0.6972416639328003,-0.1742676198482513,0,0,0,-1,-1,3230.927795875,unknown,2,2026-04-24T18:20:16.323+02:00,null,0,0,0,0,0,0,0,null,798740462.8362647,0,0.7599998,101.5559,1,0.85
2026-04-24T18:21:04.344+02:00,1777047653.571205,53.56895416345577,9.882977505173033,38.55946,-1,-1,-1,-1,9.056828472500998,2.789105338997707,-9999,3278.924985,-0.7274627685546875,0.6622161865234375,-0.14837646484375,3278.916174,0.1545715197315343,-1.354062559530984,-0.7732184150771508,-2.422654867172241,-0.542431116104126,-0.3797233402729034,-0.02399206161499023,-0.02008217573165894,-0.01910644769668579,XArbitraryZVertical,-0.2482092322344871,-0.6012015953999179,0.2912475549080017,0.7015153532831847,-0.698923647403717,0.6984421610832214,-0.1538976430892944,0,0,0,-1,-1,3230.927795875,unknown,2,2026-04-24T18:20:16.323+02:00,null,0,0,0,0,0,0,0,null,798740462.8362647,0,0.7599998,101.5559,1,0.85
2026-04-24T18:21:04.351+02:00,1777047653.571205,53.56895416345577,9.882977505173033,38.55946,-1,-1,-1,-1,9.056828472500998,2.789105338997707,-9999,3278.93506,-0.725311279296875,0.675933837890625,-0.13232421875,3278.926249,0.1197006633469019,-1.383891645918358,-0.7744289257600399,-2.456581830978394,-0.5399472117424011,-0.3772263526916504,-0.02509135007858276,-0.03709167242050171,-0.01554961502552032,XArbitraryZVertical,-0.2549033612576143,-0.607133314152312,0.2831456516790694,0.6973106519362172,-0.7023714780807495,0.6993079781532288,-0.1328268349170685,0,0,0,-1,-1,3230.927795875,unknown,2,2026-04-24T18:20:16.323+02:00,null,0,0,0,0,0,0,0,null,798740462.8362647,0,0.7599998,101.5559,1,0.85
2026-04-24T18:21:04.361+02:00,1777047653.571205,53.56895416345577,9.882977505173033,38.55946,-1,-1,-1,-1,9.056828472500998,2.789105338997707,-9999,3278.945135,-0.7189483642578125,0.71466064453125,-0.12847900390625,3278.936324,0.08545763875212403,-1.41331473716695,-0.7747992432878487,-2.328157186508179,-0.5479225516319275,-0.3862253725528717,-0.01959216594696045,-0.02363878488540649,-0.02025841921567917,XArbitraryZVertical,-0.2613749113422227,-0.6129031670280016,0.2751476387212642,0.6930560324701979,-0.7057191133499146,0.6995726227760315,-0.1120657250285149,0,0,0,-1,-1,3230.927795875,unknown,2,2026-04-24T18:20:16.323+02:00,null,0,0,0,0,0,0,0,null,798740462.8362647,0,0.7599998,101.5559,1,0.85
2026-04-24T18:21:04.371+02:00,1777047653.571205,53.56895416345577,9.882977505173033,38.55946,-1,-1,-1,-1,9.056828472500998,2.789105338997707,-9999,3278.95521,-0.7244110107421875,0.7560272216796875,-0.1301727294921875,3278.946399,0.0533188971754263,-1.441393554512575,-0.7740025344002387,-2.166860818862915,-0.5627800822257996,-0.4238827526569366,-0.009808659553527832,0.01565760374069214,-0.03619867563247681,XArbitraryZVertical,-0.2671773513821782,-0.6184465318861341,0.2675164864537206,0.6888941531326941,-0.7091397047042847,0.6990031003952026,-0.09228029847145081,0,0,0,-1,-1,3230.927795875,unknown,2,2026-04-24T18:20:16.323+02:00,null,0,0,0,0,0,0,0,null,798740462.8362647,0,0.7599998,101.5559,1,0.85
2026-04-24T18:21:04.381+02:00,1777047653.571205,53.56895416345577,9.882977505173033,38.55946,-1,-1,-1,-1,9.056828472500998,2.789105338997707,-9999,3278.965285,-0.728973388671875,0.7501068115234375,-0.114898681640625,3278.956474,0.02300411841842034,-1.46823371873725,-0.7720799562560131,-2.070221424102783,-0.5612245798110962,-0.4491212964057922,-0.01171475648880005,0.05840027332305908,-0.05681931227445602,XArbitraryZVertical,-0.2723822033087919,-0.6238038555116628,0.2601386559757385,0.6848390916528007,-0.7126962542533875,0.6976269483566284,-0.07335337251424789,0,0,0,-1,-1,3230.927795875,unknown,2,2026-04-24T18:20:16.323+02:00,null,0,0,0,0,0,0,0,null,798740462.8362647,0,0.7599998,101.5559,1,0.85
2026-04-24T18:21:04.391+02:00,1777047653.571205,53.56895416345577,9.882977505173033,38.55946,-1,-1,-1,-1,9.056828472500998,2.789105338997707,-9999,3278.97536,-0.7239532470703125,0.69140625,-0.083160400390625,3278.966549,-0.006185105975255997,-1.494135187777025,-0.7693681298079214,-2.040266990661621,-0.5432682037353516,-0.4601574540138245,-0.01273262500762939,0.05442547798156738,-0.0598830059170723,XArbitraryZVertical,-0.2772735609854899,-0.6289765854963947,0.2528853658922582,0.6808502117396409,-0.7162408232688904,0.6956814527511597,-0.05501565337181091,0,0,0,-1,-1,3230.927795875,unknown,2,2026-04-24T18:20:16.323+02:00,null,0,0,0,0,0,0,0,null,798740462.8362647,0,0.7599998,101.5559,1,0.85
2026-04-24T18:21:04.401+02:00,1777047653.571205,53.56895416345577,9.882977505173033,38.55946,-1,-1,-1,-1,9.056828472500998,2.789105338997707,-9999,3278.985435,-0.714263916015625,0.6529693603515625,-0.040618896484375,3278.976624,-0.03555643406905133,-1.519894338228996,-0.7660194146288081,-2.107616186141968,-0.5211106538772583,-0.4687307775020599,-0.004210531711578369,-0.001865684986114502,-0.04649234190583229,XArbitraryZVertical,-0.2822111434159891,-0.6340527294938482,0.2454518171894851,0.6768216740121672,-0.7197427749633789,0.6932720541954041,-0.03666801378130913,0,0,0,-1,-1,3230.927795875,unknown,2,2026-04-24T18:20:16.323+02:00,null,0,0,0,0,0,0,0,null,798740462.8362647,0,0.7599998,101.5559,1,0.85
2026-04-24T18:21:04.411+02:00,1777047653.571205,53.56895416345577,9.882977505173033,38.55946,-1,-1,-1,-1,9.056828472500998,2.789105338997707,-9999,3278.99551,-0.702392578125,0.6524810791015625,-0.013153076171875,3278.986699,-0.06515964593360665,-1.545503842791949,-0.7622240887902115,-2.088400363922119,-0.5007303357124329,-0.4490468204021454,0.008806884288787842,-0.03756237030029297,-0.02232670970261097,XArbitraryZVertical,-0.2872827438716576,-0.6390012092904115,0.2378761649443644,0.6727266667643489,-0.7230708599090576,0.690531849861145,-0.01829215884208679,0,0,0,-1,-1,3230.927795875,unknown,2,2026-04-24T18:20:16.323+02:00,null,0,0,0,0,0,0,0,null,798740462.8362647,0,0.7599998,101.5559,1,0.85
2026-04-24T18:21:04.421+02:00,1777047653.571205,53.56895416345577,9.882977505173033,38.55946,-1,-1,-1,-1,9.056828472500998,2.789105338997707,-9999,3279.005585,-0.7044525146484375,0.672027587890625,-0.0154571533203125,3278.996774,-0.09365820106129803,-1.570124320571181,-0.7580090800367868,-1.988691568374634,-0.4914646148681641,-0.4446487426757812,0.02381348609924316,-0.0349959135055542,-0.0126650333404541,XArbitraryZVertical,-0.2921692108830229,-0.6437337529355177,0.2304895644721207,0.6686693035500865,-0.7262060642242432,0.6874769926071167,-0.0004880150954704732,0,0,0,-1,-1,3230.927795875,unknown,2,2026-04-24T18:20:16.323+02:00,null,0,0,0,0,0,0,0,null,798740462.8362647,0,0.7599998,101.5559,1,0.85
2026-04-24T18:21:04.431+02:00,1777047653.571205,53.56895416345577,9.882977505173033,38.55946,-1,-1,-1,-1,9.056828472500998,2.789105338997707,-9999,3279.01566,-0.7219085693359375,0.6802520751953125,-0.009979248046875,3279.006849,-0.1199375137302179,-1.592979486204092,-0.753355964271434,-1.823169708251953,-0.4684083163738251,-0.4374257028102875,0.02476537227630615,-0.01206278800964355,-0.03163611888885498,XArbitraryZVertical,-0.2965767654702886,-0.6481756917659995,0.2235252949626075,0.664790973490519,-0.7292178869247437,0.6840904355049133,0.01617901027202606,0,0,0,-1,-1,3230.927795875,unknown,2,2026-04-24T18:20:16.323+02:00,null,0,0,0,0,0,0,0,null,798740462.8362647,0,0.7599998,101.5559,1,0.85
2026-04-24T18:21:04.442+02:00,1777047653.571205,53.56895416345577,9.882977505173033,38.55946,-1,-1,-1,-1,9.056828472500998,2.789105338997707,-9999,3279.025735,-0.72967529296875,0.657440185546875,0.0224609375,3279.016924,-0.1440987160466691,-1.614002138978706,-0.7484266044507164,-1.726357817649841,-0.4313573241233826,-0.4235252737998962,0.01016813516616821,-0.0002346038818359375,-0.04162883758544922,XArbitraryZVertical,-0.3005686592928586,-0.6522908204484252,0.2169688958967825,0.6611352019664031,-0.7320767641067505,0.6804866790771484,0.03164966776967049,0,0,0,-1,-1,3230.927795875,unknown,2,2026-04-24T18:20:16.323+02:00,null,0,0,0,0,0,0,0,null,798740462.8362647,0,0.7599998,101.5559,1,0.85
2026-04-24T18:21:04.452+02:00,1777047653.571205,53.56895416345577,9.882977505173033,38.55946,-1,-1,-1,-1,9.056828472500998,2.789105338997707,-9999,3279.03581,-0.718597412109375,0.6303863525390625,0.06219482421875,3279.026999,-0.1670915403312096,-1.633764953459172,-0.7434048423530043,-1.68040657043457,-0.3997288346290588,-0.3983506858348846,0.005034327507019043,-0.01935809850692749,-0.02386391162872314,XArbitraryZVertical,-0.3044246175122875,-0.6561159213464268,0.2106367567496297,0.657624391760636,-0.734709620475769,0.6767983436584473,0.04632490128278732,0,0,0,-1,-1,3230.927795875,unknown,2,2026-04-24T18:20:16.323+02:00,null,0,0,0,0,0,0,0,null,798740462.8362647,0,0.7599998,101.5559,1,0.85
2026-04-24T18:21:04.462+02:00,1777047653.571205,53.56895416345577,9.882977505173033,38.55946,-1,-1,-1,-1,9.056828472500998,2.789105338997707,-9999,3279.045885,-0.7069854736328125,0.6201019287109375,0.081878662109375,3279.037074,-0.1895225979080692,-1.652859565704638,-0.7381868742758493,-1.671754837036133,-0.3877419531345367,-0.3996244072914124,0.01860338449478149,-0.04256141185760498,0.001561649143695831,XArbitraryZVertical,-0.3082347381996731,-0.6597787340083412,0.2043739102024935,0.6541520118177133,-0.737200915813446,0.672947883605957,0.06063326448202133,0,0,0,-1,-1,3230.927795875,unknown,2,2026-04-24T18:20:16.323+02:00,null,0,0,0,0,0,0,0,null,798740462.8362647,0,0.7599998,101.5559,1,0.85
2026-04-24T18:21:04.472+02:00,1777047653.571205,53.56895416345577,9.882977505173033,38.55946,-1,-1,-1,-1,9.056828472500998,2.789105338997707,-9999,3279.05596,-0.7094573974609375,0.6197509765625,0.09381103515625,3279.047149,-0.2114583402441463,-1.671392195603388,-0.7327320365357272,-1.642528772354126,-0.3762179315090179,-0.3837282657623291,0.03260648250579834,-0.04880094528198242,0.007226832211017609,XArbitraryZVertical,-0.3119911020070959,-0.6633155318283898,0.1981549718955988,0.6506987597614471,-0.7395920157432556,0.6689029932022095,0.07465188205242157,0,0,0,-1,-1,3230.927795875,unknown,2,2026-04-24T18:20:16.323+02:00,null,0,0,0,0,0,0,0,null,798740462.8362647,0,0.7599998,101.5559,1,0.85
2026-04-24T18:21:04.487+02:00,1777047653.571205,53.56895416345577,9.882977505173033,38.55946,-1,-1,-1,-1,9.056828472500998,2.789105338997707,-9999,3279.066035,-0.7212982177734375,0.620391845703125,0.1038665771484375,3279.057224,-0.2326640648445209,-1.689256470467619,-0.7272440238533048,-1.596089720726013,-0.3658867180347443,-0.3521717190742493,0.03231692314147949,-0.04506242275238037,0.005527019500732422,XArbitraryZVertical,-0.3156800470740014,-0.6666994298547535,0.1921073458005903,0.6472656572853078,-0.7417743802070618,0.6648133993148804,0.08828404545783997,0,0,0,-1,-1,3230.927795875,unknown,2,2026-04-24T18:20:16.323+02:00,null,0,0,0,0,0,0,0,null,798740462.8362647,0,0.7599998,101.5559,1,0.85
2026-04-24T18:21:04.492+02:00,1777047653.571205,53.56895416345577,9.882977505173033,38.55946,-1,-1,-1,-1,9.056828472500998,2.789105338997707,-9999,3279.07611,-0.7251129150390625,0.6231231689453125,0.1154022216796875,3279.067299,-0.2528676798388614,-1.706296880995074,-0.7219395126649382,-1.507036805152893,-0.3610080778598785,-0.3145844042301178,0.02234792709350586,-0.04044967889785767,0.002480864524841309,XArbitraryZVertical,-0.319277384038578,-0.6698916420617977,0.1863678113544886,0.6438744329962449,-0.7436461448669434,0.6608415842056274,0.1013857200741768,0,0,0,-1,-1,3230.927795875,unknown,2,2026-04-24T18:20:16.323+02:00,null,0,0,0,0,0,0,0,null,798740462.8362647,0,0.7599998,101.5559,1,0.85
2026-04-24T18:21:04.502+02:00,1777047653.571205,53.56895416345577,9.882977505173033,38.55946,-1,-1,-1,-1,9.056828472500998,2.789105338997707,-9999,3279.086185,-0.7269439697265625,0.6220245361328125,0.115386962890625,3279.077374,-0.2712300304129985,-1.722099086706452,-0.7169521644943059,-1.343161106109619,-0.3713818788528442,-0.2733235359191895,0.02008724212646484,-0.03396695852279663,0.00178314745426178,XArbitraryZVertical,-0.3225613603745772,-0.6728772262474093,0.1811824545399691,0.6405961602534966,-0.7452002167701721,0.6570902466773987,0.1136191859841347,0,0,0,-1,-1,3230.927795875,unknown,2,2026-04-24T18:20:16.323+02:00,null,0,0,0,0,0,0,0,null,798740462.8362647,0,0.7599998,101.5559,1,0.85
2026-04-24T18:21:04.512+02:00,1777047653.571205,53.56895416345577,9.882977505173033,38.55946,-1,-1,-1,-1,9.056828472500998,2.789105338997707,-9999,3279.09626,-0.730438232421875,0.634185791015625,0.1088409423828125,3279.087449,-0.2871070028497748,-1.736250303812924,-0.7124570135172313,-1.15223753452301,-0.3739073574542999,-0.2353021055459976,0.01947969198226929,-0.03167045116424561,-0.009251102805137634,XArbitraryZVertical,-0.3253776822902832,-0.6756096928332992,0.1767440559367533,0.6375285320616055,-0.7464237809181213,0.6536951065063477,0.1246381849050522,0,0,0,-1,-1,3230.927795875,unknown,2,2026-04-24T18:20:16.323+02:00,null,0,0,0,0,0,0,0,null,798740462.8362647,0,0.7599998,101.5559,1,0.85
2026-04-24T18:21:04.522+02:00,1777047653.571205,53.56895416345577,9.882977505173033,38.55946,-1,-1,-1,-1,9.056828472500998,2.789105338997707,-9999,3279.106335,-0.7389984130859375,0.64447021484375,0.121978759765625,3279.097524,-0.3003027162446422,-1.74859373332706,-0.7083459735581791,-0.947295606136322,-0.3663748800754547,-0.2287990748882294,0.01702868938446045,-0.01639270782470703,-0.02547502517700195,XArbitraryZVertical,-0.327616619105249,-0.6781042356244653,0.1730359599371669,0.6347445007401933,-0.7474669814109802,0.6505785584449768,0.134316012263298,0,0,0,-1,-1,3230.927795875,unknown,2,2026-04-24T18:20:16.323+02:00,null,0,0,0,0,0,0,0,null,798740462.8362647,0,0.7599998,101.5559,1,0.85
2026-04-24T18:21:04.532+02:00,1777047653.571205,53.56895416345577,9.882977505173033,38.55946,-1,-1,-1,-1,9.056828472500998,2.789105338997707,-9999,3279.11641,-0.7591705322265625,0.633087158203125,0.1518402099609375,3279.107599,-0.3110776414156826,-1.759178651493229,-0.7045341890717934,-0.7991088032722473,-0.3436741232872009,-0.21778504550457,0.009435534477233887,-0.003208756446838379,-0.02070474624633789,XArbitraryZVertical,-0.3293153105787102,-0.6803625643379065,0.1699383592818063,0.6322809524509194,-0.7484339475631714,0.6476789712905884,0.1426835805177689,0,0,0,-1,-1,3230.927795875,unknown,2,2026-04-24T18:20:16.323+02:00,null,0,0,0,0,0,0,0,null,798740462.8362647,0,0.7599998,101.5559,1,0.85
2026-04-24T18:21:04.542+02:00,1777047653.571205,53.56895416345577,9.882977505173033,38.55946,-1,-1,-1,-1,9.056828472500998,2.789105338997707,-9999,3279.126483875,-0.7785186767578125,0.618896484375,0.1829071044921875,3279.117674,-0.3201729118896758,-1.768302341459629,-0.7010626445181718,-0.6857196688652039,-0.3047360181808472,-0.1954603642225266,-0.009869277477264404,-0.01194298267364502,0.001893982291221619,XArbitraryZVertical,-0.3306940961794183,-0.6823595656900098,0.1672712405530227,0.6301168079732598,-0.7493012547492981,0.6450300812721252,0.149946317076683,0,0,0,-1,-1,3230.927795875,unknown,2,2026-04-24T18:20:16.323+02:00,null,0,0,0,0,0,0,0,null,798740462.8362647,0,0.7599998,101.5559,1,0.85
2026-04-24T18:21:04.553+02:00,1777047653.571205,53.56895416345577,9.882977505173033,38.55946,-1,-1,-1,-1,9.056828472500998,2.789105338997707,-9999,3279.136558875,-0.7869415283203125,0.61322021484375,0.198883056640625,3279.127747875,-0.3280453491219444,-1.776290490368278,-0.6978134799568043,-0.6159195303916931,-0.2737346887588501,-0.1996068954467773,-0.02839148044586182,-0.02364742755889893,0.02655336260795593,XArbitraryZVertical,-0.3318372284908458,-0.684149801758672,0.1648942671741537,0.6281981189051792,-0.7501271367073059,0.6425437927246094,0.1563538014888763,0,0,0,-1,-1,3230.927795875,unknown,2,2026-04-24T18:20:16.323+02:00,null,0,0,0,0,0,0,0,null,798740462.8362647,0,0.7599998,101.5559,1,0.85
2026-04-24T18:21:04.563+02:00,1777047653.571205,53.56895416345577,9.882977505173033,38.55946,-1,-1,-1,-1,9.056828472500998,2.789105338997707,-9999,3279.146633875,-0.7898406982421875,0.621795654296875,0.19952392578125,3279.137822875,-0.3350071140016696,-1.783388137861909,-0.6946901653896281,-0.5468265414237976,-0.2524057030677795,-0.1864747256040573,-0.03598475456237793,-0.02692717313766479,0.03678643703460693,XArbitraryZVertical,-0.3327971074333197,-0.6857801498334219,0.1627094908401694,0.6264801463846627,-0.7509567737579346,0.6401474475860596,0.1620966643095016,0,0,0,-1,-1,3230.927795875,unknown,2,2026-04-24T18:20:16.323+02:00,null,0,0,0,0,0,0,0,null,798740462.8362647,0,0.7599998,101.5559,1,0.85
2026-04-24T18:21:04.573+02:00,1777047653.571205,53.56895416345577,9.882977505173033,38.55946,-1,-1,-1,-1,9.056828472500998,2.789105338997707,-9999,3279.156708875,-0.7917327880859375,0.626983642578125,0.194122314453125,3279.147897875,-0.3409677851786497,-1.789641664232276,-0.69184932725502,-0.4654014706611633,-0.2333542555570602,-0.1718651503324509,-0.03814011812210083,-0.01616668701171875,0.03234028816223145,XArbitraryZVertical,-0.3335750757970952,-0.6872550724973081,0.160809546016657,0.6249388174383688,-0.7517006397247314,0.6379624009132385,0.1671837270259857,0,0,0,-1,-1,3230.927795875,unknown,2,2026-04-24T18:20:16.323+02:00,null,0,0,0,0,0,0,0,null,798740462.8362647,0,0.7599998,101.5559,1,0.85
2026-04-24T18:21:04.583+02:00,1777047653.571205,53.56895416345577,9.882977505173033,38.55946,-1,-1,-1,-1,9.056828472500998,2.789105338997707,-9999,3279.166783875,-0.8009033203125,0.628082275390625,0.190765380859375,3279.157972875,-0.3460442589252449,-1.795089750130348,-0.6892501208320923,-0.4011825919151306,-0.2042554914951324,-0.1592012792825699,-0.03934001922607422,-0.008974909782409668,0.02247752249240875,XArbitraryZVertical,-0.3341914994873876,-0.6885771248405478,0.1591465763446361,0.6235785151505862,-0.7523929476737976,0.6359586715698242,0.1716448366641998,0,0,0,-1,-1,3230.927795875,unknown,2,2026-04-24T18:20:16.323+02:00,null,0,0,0,0,0,0,0,null,798740462.8362647,0,0.7599998,101.5559,1,0.85
2026-04-24T18:21:04.593+02:00,1777047653.571205,53.56895416345577,9.882977505173033,38.55946,-1,-1,-1,-1,9.056828472500998,2.789105338997707,-9999,3279.176858875,-0.7994842529296875,0.6204376220703125,0.1858978271484375,3279.168047875,-0.3503819391787949,-1.799743021973817,-0.6869799908977956,-0.3551961779594421,-0.1793171167373657,-0.1331070959568024,-0.04791337251663208,-0.006122827529907227,0.01529417932033539,XArbitraryZVertical,-0.3347142178133193,-0.6897115258072245,0.1577087879346265,0.6224085403778491,-0.7529899477958679,0.6342051029205322,0.1754711866378784,0,0,0,-1,-1,3230.927795875,unknown,2,2026-04-24T18:20:16.323+02:00,null,0,0,0,0,0,0,0,null,798740462.8362647,0,0.7599998,101.5559,1,0.85
2026-04-24T18:21:04.603+02:00,1777047653.571205,53.56895416345577,9.882977505173033,38.55946,-1,-1,-1,-1,9.056828472500998,2.789105338997707,-9999,3279.186933875,-0.790435791015625,0.6258087158203125,0.18475341796875,3279.178122875,-0.3540313335531385,-1.80380920949047,-0.6849812616188738,-0.272785097360611,-0.1697933822870255,-0.1257761567831039,-0.0459822416305542,-0.01222091913223267,0.007073983550071716,XArbitraryZVertical,-0.3351250857288206,-0.690726502256037,0.1564920762459817,0.6213680635515267,-0.7535019516944885,0.6326584815979004,0.1788238435983658,0,0,0,-1,-1,3230.927795875,unknown,2,2026-04-24T18:20:16.323+02:00,null,0,0,0,0,0,0,0,null,798740462.8362647,0,0.7599998,101.5559,1,0.85
2026-04-24T18:21:04.614+02:00,1777047653.571205,53.56895416345577,9.882977505173033,38.55946,-1,-1,-1,-1,9.056828472500998,2.789105338997707,-9999,3279.197008875,-0.789764404296875,0.634857177734375,0.1754150390625,3279.188197875,-0.3561867969390952,-1.806786812037025,-0.6833854836650516,-0.1232901588082314,-0.155515655875206,-0.1091353893280029,-0.03648895025253296,-0.005613207817077637,0.003450974822044373,XArbitraryZVertical,-0.3352163154804064,-0.6915788220437823,0.1557118082094708,0.6205663004194659,-0.7539467215538025,0.6314218640327454,0.1813024878501892,0,0,0,-1,-1,3230.927795875,unknown,2,2026-04-24T18:20:16.323+02:00,null,0,0,0,0,0,0,0,null,798740462.8362647,0,0.7599998,101.5559,1,0.85
2026-04-24T18:21:04.623+02:00,1777047653.571205,53.56895416345577,9.882977505173033,38.55946,-1,-1,-1,-1,9.056828472500998,2.789105338997707,-9999,3279.207083875,-0.7940216064453125,0.6522216796875,0.173095703125,3279.198272875,-0.356384105545669,-1.808368803477489,-0.6822126158240251,0.04594653844833374,-0.129417210817337,-0.1086139380931854,-0.03538614511489868,0.004345178604125977,-0.007254466414451599,XArbitraryZVertical,-0.3348524010048604,-0.6922488332681702,0.1554668201803246,0.6200769385649789,-0.7543781995773315,0.6305119395256042,0.1826691478490829,0,0,0,-1,-1,3230.927795875,unknown,2,2026-04-24T18:20:16.323+02:00,null,0,0,0,0,0,0,0,null,798740462.8362647,0,0.7599998,101.5559,1,0.85
2026-04-24T18:21:04.633+02:00,1777047653.571205,53.56895416345577,9.882977505173033,38.55946,-1,-1,-1,-1,9.056828472500998,2.789105338997707,-9999,3279.217158875,-0.7965240478515625,0.6563720703125,0.1754150390625,3279.208347875,-0.3542331884241475,-1.808173680306423,-0.6815592787700626,0.2458141148090363,-0.1035222262144089,-0.1007701307535172,-0.03920727968215942,0.0222170352935791,-0.00952303409576416,XArbitraryZVertical,-0.3339506519442946,-0.6926661444004468,0.1558508885134891,0.6200009511058195,-0.7548143267631531,0.6300047039985657,0.1826188564300537,0,0,0,-1,-1,3230.927795875,unknown,2,2026-04-24T18:20:16.323+02:00,null,0,0,0,0,0,0,0,null,798740462.8362647,0,0.7599998,101.5559,1,0.85
2026-04-24T18:21:04.644+02:00,1777047653.571205,53.56895416345577,9.882977505173033,38.55946,-1,-1,-1,-1,9.056828472500998,2.789105338997707,-9999,3279.227233875,-0.790435791015625,0.6578826904296875,0.182159423828125,3279.218422875,-0.3498257518516835,-1.806291770127053,-0.6813639188162671,0.3918463587760925,-0.08048667758703232,-0.09549667686223984,-0.04124778509140015,0.02651911973953247,-0.005811691284179688,XArbitraryZVertical,-0.3325195213906414,-0.6928521748609421,0.1568292519028662,0.6203154729643124,-0.7552762627601624,0.6298530101776123,0.1812267303466797,0,0,0,-1,-1,3230.927795875,unknown,2,2026-04-24T18:20:16.323+02:00,null,0,0,0,0,0,0,0,null,798740462.8362647,0,0.7599998,101.5559,1,0.85
2026-04-24T18:21:04.653+02:00,1777047653.571205,53.56895416345577,9.882977505173033,38.55946,-1,-1,-1,-1,9.056828472500998,2.789105338997707,-9999,3279.237309875,-0.7870330810546875,0.6468505859375,0.20001220703125,3279.228497875,-0.343759867605789,-1.803159258519529,-0.6814751007757797,0.5159947276115417,-0.05541541054844856,-0.100915938615799,-0.03466367721557617,0.02794343233108521,0.00331568717956543,XArbitraryZVertical,-0.3306943201277634,-0.6928659170421612,0.1582346461879768,0.6209186643793769,-0.7557721734046936,0.6299393177032471,0.1788438260555267,0,0,0,-1,-1,3230.927795875,unknown,2,2026-04-24T18:20:16.323+02:00,null,0,0,0,0,0,0,0,null,798740462.8362647,0,0.7599998,101.5559,1,0.85
2026-04-24T18:21:04.669+02:00,1777047653.571205,53.56895416345577,9.882977505173033,38.55946,-1,-1,-1,-1,9.056828472500998,2.789105338997707,-9999,3279.247384875,-0.7841949462890625,0.6311187744140625,0.205047607421875,3279.238573875,-0.3366401732921404,-1.799089303041715,-0.6817883599865954,0.5592209100723267,-0.02878513187170029,-0.08813529461622238,-0.0307316780090332,0.01666802167892456,0.02429056167602539,XArbitraryZVertical,-0.328635209559207,-0.692719099324496,0.1598951841979635,0.6217497240813407,-0.7563014626502991,0.6301826238632202,0.1757217049598694,0,0,0,-1,-1,3230.927795875,unknown,2,2026-04-24T18:20:16.323+02:00,null,0,0,0,0,0,0,0,null,798740462.8362647,0,0.7599998,101.5559,1,0.85
2026-04-24T18:21:04.682+02:00,1777047653.571205,53.56895416345577,9.882977505173033,38.55946,-1,-1,-1,-1,9.056828472500998,2.789105338997707,-9999,3279.257459875,-0.7772979736328125,0.6285247802734375,0.200775146484375,3279.248648875,-0.3292838163028425,-1.794611299887918,-0.6822424225639293,0.5620843172073364,-0.01097444538027048,-0.08035673946142197,-0.02739322185516357,0.0005837678909301758,0.03277792036533356,XArbitraryZVertical,-0.326569257092216,-0.692450285472849,0.1616231881913173,0.6226903387271774,-0.7568019032478333,0.6305350661277771,0.1722697615623474,0,0,0,-1,-1,3230.927795875,unknown,2,2026-04-24T18:20:16.323+02:00,null,0,0,0,0,0,0,0,null,798740462.8362647,0,0.7599998,101.5559,1,0.85
2026-04-24T18:21:04.686+02:00,1777047653.571205,53.56895416345577,9.882977505173033,38.55946,-1,-1,-1,-1,9.056828472500998,2.789105338997707,-9999,3279.267534875,-0.7726898193359375,0.61614990234375,0.18682861328125,3279.258723875,-0.3219468632528277,-1.790010959661595,-0.6827358519545293,0.5639691948890686,0.00505299074575305,-0.07062248885631561,-0.02001553773880005,-0.002393126487731934,0.03205646574497223,XArbitraryZVertical,-0.3245362040531838,-0.6921239854242187,0.1633479949541734,0.6236651818400614,-0.7572826147079468,0.6309179663658142,0.1687187105417252,0,0,0,-1,-1,3230.927795875,unknown,2,2026-04-24T18:20:16.323+02:00,null,0,0,0,0,0,0,0,null,798740462.8362647,0,0.7599998,101.5559,1,0.85
2026-04-24T18:21:04.694+02:00,1777047653.571205,53.56895416345577,9.882977505173033,38.55946,-1,-1,-1,-1,9.056828472500998,2.789105338997707,-9999,3279.277609875,-0.7658233642578125,0.609344482421875,0.172332763671875,3279.268798875,-0.3145048086286023,-1.785192459984106,-0.6834166772901417,0.5887115597724915,0.01675012707710266,-0.04581380635499954,-0.01502317190170288,-0.01529616117477417,0.02185235917568207,XArbitraryZVertical,-0.3225416172857168,-0.6917044648764765,0.1651493190616579,0.6246899615558212,-0.7576665878295898,0.6314460635185242,0.1649763286113739,0,0,0,-1,-1,3230.927795875,unknown,2,2026-04-24T18:20:16.323+02:00,null,0,0,0,0,0,0,0,null,798740462.8362647,0,0.7599998,101.5559,1,0.85
2026-04-24T18:21:04.704+02:00,1777047653.571205,53.56895416345577,9.882977505173033,38.55946,-1,-1,-1,-1,9.056828472500998,2.789105338997707,-9999,3279.287684875,-0.7491607666015625,0.641387939453125,0.160675048828125,3279.278873875,-0.3064382669909849,-1.779994905348884,-0.684275919252937,0.6775343418121338,0.004593063145875931,-0.05002133548259735,-0.007840514183044434,-0.02276766300201416,0.01140938699245453,XArbitraryZVertical,-0.3204185072635902,-0.6912262015742835,0.1671606623360681,0.6257760325029242,-0.7579828500747681,0.6321120858192444,0.1609233617782593,0,0,0,-1,-1,3230.927795875,unknown,2,2026-04-24T18:20:16.323+02:00,null,0,0,0,0,0,0,0,null,798740462.8362647,0,0.7599998,101.5559,1,0.85
2026-04-24T18:21:04.714+02:00,1777047653.571205,53.56895416345577,9.882977505173033,38.55946,-1,-1,-1,-1,9.056828472500998,2.789105338997707,-9999,3279.297759875,-0.7501220703125,0.68536376953125,0.1409912109375,3279.288948875,-0.2960735953757456,-1.773434246312697,-0.6853849735224262,0.9471777677536011,-0.004218803718686104,-0.05814903602004051,0.0091744065284729,0.008416891098022461,0.004869222640991211,XArbitraryZVertical,-0.3176945180324873,-0.6906324220871454,0.1697788793823248,0.6271142173753645,-0.7583351731300354,0.6329711079597473,0.1558059006929398,0,0,0,-1,-1,3230.927795875,unknown,2,2026-04-24T18:20:16.323+02:00,null,0,0,0,0,0,0,0,null,798740462.8362647,0,0.7599998,101.5559,1,0.85
2026-04-24T18:21:04.724+02:00,1777047653.571205,53.56895416345577,9.882977505173033,38.55946,-1,-1,-1,-1,9.056828472500998,2.789105338997707,-9999,3279.307834875,-0.7645721435546875,0.7256927490234375,0.1111602783203125,3279.299023875,-0.2813579229259656,-1.764096483513952,-0.6870624394092966,1.346325039863586,0.003526999615132809,-0.06261828541755676,0.008591771125793457,0.05109488964080811,-0.007522597908973694,XArbitraryZVertical,-0.3138817003007248,-0.6897356033746458,0.1735559835565242,0.6289843828203761,-0.7587137222290039,0.6342688798904419,0.1485138535499573,0,0,0,-1,-1,3230.927795875,unknown,2,2026-04-24T18:20:16.323+02:00,null,0,0,0,0,0,0,0,null,798740462.8362647,0,0.7599998,101.5559,1,0.85
2026-04-24T18:21:04.734+02:00,1777047653.571205,53.56895416345577,9.882977505173033,38.55946,-1,-1,-1,-1,9.056828472500998,2.789105338997707,-9999,3279.317909875,-0.7706146240234375,0.76727294921875,0.0800933837890625,3279.309098875,-0.2607802242664071,-1.750989278687206,-0.6893858468920165,1.843466877937317,0.002011660952121019,-0.07187490165233612,-0.005428791046142578,0.0896294116973877,-0.02713191509246826,XArbitraryZVertical,-0.3085972948680189,-0.6884140163477754,0.1788691421261841,0.6315534136032462,-0.7591433525085449,0.6360633969306946,0.1382922977209091,0,0,0,-1,-1,3230.927795875,unknown,2,2026-04-24T18:20:16.323+02:00,null,0,0,0,0,0,0,0,null,798740462.8362647,0,0.7599998,101.5559,1,0.85
2026-04-24T18:21:04.744+02:00,1777047653.571205,53.56895416345577,9.882977505173033,38.55946,-1,-1,-1,-1,9.056828472500998,2.789105338997707,-9999,3279.327984875,-0.783477783203125,0.78167724609375,0.0614776611328125,3279.319173875,-0.2336135256172665,-1.733671702814402,-0.6921757256892551,2.347227811813354,0.004902522545307875,-0.09750642627477646,-0.01094424724578857,0.129059374332428,-0.04474399983882904,XArbitraryZVertical,-0.3016316219919974,-0.6866127794448992,0.185862432985105,0.6348516248233214,-0.7596704959869385,0.6382136940956116,0.1248374879360199,0,0,0,-1,-1,3230.927795875,unknown,2,2026-04-24T18:20:16.323+02:00,null,0,0,0,0,0,0,0,null,798740462.8362647,0,0.7599998,101.5559,1,0.85
2026-04-24T18:21:04.754+02:00,1777047653.571205,53.56895416345577,9.882977505173033,38.55946,-1,-1,-1,-1,9.056828472500998,2.789105338997707,-9999,3279.338059875,-0.804931640625,0.766448974609375,0.08197021484375,3279.329248875,-0.2002464518842331,-1.712121190036549,-0.6950384454719712,2.738856554031372,0.0348428450524807,-0.1134172156453133,-0.0231056809425354,0.1412622928619385,-0.04670298844575882,XArbitraryZVertical,-0.2930758704510774,-0.6842491250311012,0.1943335401913242,0.6388616316115859,-0.7603721022605896,0.6404149532318115,0.1081806644797325,0,0,0,-1,-1,3230.927795875,unknown,2,2026-04-24T18:20:16.323+02:00,null,0,0,0,0,0,0,0,null,798740462.8362647,0,0.7599998,101.5559,1,0.85
2026-04-24T18:21:04.764+02:00,1777047653.571205,53.56895416345577,9.882977505173033,38.55946,-1,-1,-1,-1,9.056828472500998,2.789105338997707,-9999,3279.348134875,-0.8095703125,0.731781005859375,0.1262664794921875,3279.339323875,-0.1633820125602758,-1.687867996569753,-0.6974828497181302,2.86603856086731,0.08583679050207138,-0.1262685060501099,-0.04371672868728638,0.1241586208343506,-0.007555834949016571,XArbitraryZVertical,-0.2836283779832294,-0.6814088300592157,0.2035381929614258,0.6432800983570102,-0.7612150907516479,0.6422904133796692,0.08952610194683075,0,0,0,-1,-1,3230.927795875,unknown,2,2026-04-24T18:20:16.323+02:00,null,0,0,0,0,0,0,0,null,798740462.8362647,0,0.7599998,101.5559,1,0.85
2026-04-24T18:21:04.774+02:00,1777047653.571205,53.56895416345577,9.882977505173033,38.55946,-1,-1,-1,-1,9.056828472500998,2.789105338997707,-9999,3279.358209875,-0.802886962890625,0.6563720703125,0.165802001953125,3279.349398875,-0.1254730489079444,-1.662374897235196,-0.6992949574589034,2.902851104736328,0.1308154463768005,-0.1200681254267693,-0.0474810004234314,0.08810281753540039,0.05627966672182083,XArbitraryZVertical,-0.2739480844363149,-0.6781930833254556,0.2128673085044867,0.6478380913491294,-0.7620894312858582,0.6436783075332642,0.06998682022094727,0,0,0,-1,-1,3230.927795875,unknown,2,2026-04-24T18:20:16.323+02:00,null,0,0,0,0,0,0,0,null,798740462.8362647,0,0.7599998,101.5559,1,0.85
2026-04-24T18:21:04.784+02:00,1777047653.571205,53.56895416345577,9.882977505173033,38.55946,-1,-1,-1,-1,9.056828472500998,2.789105338997707,-9999,3279.368284875,-0.7996673583984375,0.611785888671875,0.1619110107421875,3279.359473875,-0.08669153619505718,-1.63584162762502,-0.7002870481200385,2.972689628601074,0.1877351850271225,-0.1427436918020248,-0.03984671831130981,0.01193493604660034,0.1160997226834297,XArbitraryZVertical,-0.264026785289015,-0.674641393449832,0.2222543611307957,0.6524967211975375,-0.7630403637886047,0.6444371938705444,0.04970230534672737,0,0,0,-1,-1,3230.927795875,unknown,2,2026-04-24T18:20:16.323+02:00,null,0,0,0,0,0,0,0,null,798740462.8362647,0,0.7599998,101.5559,1,0.85
2026-04-24T18:21:04.794+02:00,1777047653.571205,53.56895416345577,9.882977505173033,38.55946,-1,-1,-1,-1,9.056828472500998,2.789105338997707,-9999,3279.378359875,-0.7976837158203125,0.66107177734375,0.116119384765625,3279.369548875,-0.04685013631625362,-1.608357050084919,-0.7003865139880412,3.106955051422119,0.1746641248464584,-0.1543460190296173,-0.03561341762542725,-0.03272730112075806,0.1331990957260132,XArbitraryZVertical,-0.2537766041906056,-0.6707856565705973,0.2317764777088076,0.6572091009381472,-0.764054000377655,0.6445132493972778,0.02871192432940006,0,0,0,-1,-1,3230.927795875,unknown,2,2026-04-24T18:20:16.323+02:00,null,0,0,0,0,0,0,0,null,798740462.8362647,0,0.7599998,101.5559,1,0.85
2026-04-24T18:21:04.804+02:00,1777047653.571205,53.56895416345577,9.882977505173033,38.55946,-1,-1,-1,-1,9.056828472500998,2.789105338997707,-9999,3279.388434875,-0.7947998046875,0.7228240966796875,0.017822265625,3279.379623875,-0.003124048766593712,-1.578333664298434,-0.6993959371733302,3.562564849853516,0.1874936372041702,-0.1903771907091141,-0.03247421979904175,0.01731616258621216,0.1103516817092896,XArbitraryZVertical,-0.2423912765069668,-0.6664310501724351,0.2421419815009586,0.6621807756002599,-0.765209436416626,0.6437555551528931,0.005767751019448042,0,0,0,-1,-1,3230.927795875,unknown,2,2026-04-24T18:20:16.323+02:00,null,0,0,0,0,0,0,0,null,798740462.8362647,0,0.7599998,101.5559,1,0.85
2026-04-24T18:21:04.815+02:00,1777047653.571205,53.56895416345577,9.882977505173033,38.55946,-1,-1,-1,-1,9.056828472500998,2.789105338997707,-9999,3279.398509875,-0.8051300048828125,0.7901153564453125,-0.0558929443359375,3279.389698875,0.04785531902494577,-1.543526659829968,-0.6969285563586433,4.208852767944336,0.2196800708770752,-0.2250973433256149,-0.02826762199401855,0.08095860481262207,0.03873056173324585,XArbitraryZVertical,-0.2289617360698538,-0.6611523229138823,0.2541787647538033,0.6677179477784345,-0.7665321230888367,0.6418654918670654,-0.02090825885534286,0,0,0,-1,-1,3230.927795875,unknown,2,2026-04-24T18:20:16.323+02:00,null,0,0,0,0,0,0,0,null,798740462.8362647,0,0.7599998,101.5559,1,0.85
2026-04-24T18:21:04.826+02:00,1777047653.571205,53.56895416345577,9.882977505173033,38.55946,-1,-1,-1,-1,9.056828472500998,2.789105338997707,-9999,3279.408584875,-0.8107147216796875,0.8683929443359375,-0.108154296875,3279.399773875,0.1080725056601374,-1.50253582356176,-0.6921890249078282,5.03440523147583,0.2551062405109406,-0.2817534506320953,-0.03707200288772583,0.1518914699554443,-0.003383278846740723,XArbitraryZVertical,-0.2128736001391779,-0.6545456634333426,0.2683377373757214,0.6739805397779601,-0.7680580615997314,0.6382239460945129,-0.0525096096098423,0,0,0,-1,-1,3230.927795875,unknown,2,2026-04-24T18:20:16.323+02:00,null,0,0,0,0,0,0,0,null,798740462.8362647,0,0.7599998,101.5559,1,0.85
2026-04-24T18:21:04.835+02:00,1777047653.571205,53.56895416345577,9.882977505173033,38.55946,-1,-1,-1,-1,9.056828472500998,2.789105338997707,-9999,3279.418659875,-0.812347412109375,0.8982391357421875,-0.1542816162109375,3279.409848875,0.1794716808958348,-1.45456442178543,-0.6837422950590951,6.027409076690674,0.261686384677887,-0.3857996761798859,-0.04073107242584229,0.2366945147514343,-0.01825237274169922,XArbitraryZVertical,-0.1932870572089192,-0.6462887650617427,0.285059127961869,0.6809496221953044,-0.76998370885849,0.6316985487937927,-0.08990189433097839,0,0,0,-1,-1,3230.927795875,unknown,2,2026-04-24T18:20:16.323+02:00,null,0,0,0,0,0,0,0,null,798740462.8362647,0,0.7599998,101.5559,1,0.85
2026-04-24T18:21:04.845+02:00,1777047653.571205,53.56895416345577,9.882977505173033,38.55946,-1,-1,-1,-1,9.056828472500998,2.789105338997707,-9999,3279.428734875,-0.814300537109375,0.882354736328125,-0.203338623046875,3279.419923875,0.2613996136551299,-1.40067916053462,-0.6700223556835598,6.886823177337646,0.2465878576040268,-0.4979444444179535,-0.03985387086868286,0.2772356271743774,-0.02158461511135101,XArbitraryZVertical,-0.1699245495381842,-0.6362210029793846,0.3041957057368213,0.688341138389009,-0.7724935412406921,0.6210035085678101,-0.1326969712972641,0,0,0,-1,-1,3230.927795875,unknown,2,2026-04-24T18:20:16.323+02:00,null,0,0,0,0,0,0,0,null,798740462.8362647,0,0.7599998,101.5559,1,0.85
2026-04-24T18:21:04.855+02:00,1777047653.571205,53.56895416345577,9.882977505173033,38.55946,-1,-1,-1,-1,9.056828472500998,2.789105338997707,-9999,3279.438809875,-0.816864013671875,0.8060760498046875,-0.188201904296875,3279.429998875,0.3501500446141704,-1.34330444820652,-0.6502863355816165,7.469600677490234,0.3554679751396179,-0.5837424397468567,-0.03889650106430054,0.2769404649734497,-0.02383309602737427,XArbitraryZVertical,-0.143525944589319,-0.6242175574649889,0.3249499508468686,0.695816353555041,-0.7754040956497192,0.6054143309593201,-0.1795054823160172,0,0,0,-1,-1,3230.927795875,unknown,2,2026-04-24T18:20:16.323+02:00,null,0,0,0,0,0,0,0,null,798740462.8362647,0,0.7599998,101.5559,1,0.85
2026-04-24T18:21:04.865+02:00,1777047653.571205,53.56895416345577,9.882977505173033,38.55946,-1,-1,-1,-1,9.056828472500998,2.789105338997707,-9999,3279.448884875,-0.79559326171875,0.730621337890625,-0.0957489013671875,3279.440073875,0.438839587278347,-1.286016629881714,-0.6253422344867834,7.34896183013916,0.5331663489341736,-0.6126733422279358,-0.03875583410263062,0.2207013368606567,0.03957870602607727,XArbitraryZVertical,-0.1160854167132246,-0.6104374326470966,0.3457665780810129,0.7030902692231346,-0.7781082987785339,0.5853747725486755,-0.2277806401252747,0,0,0,-1,-1,3230.927795875,unknown,2,2026-04-24T18:20:16.323+02:00,null,0,0,0,0,0,0,0,null,798740462.8362647,0,0.7599998,101.5559,1,0.85
2026-04-24T18:21:04.875+02:00,1777047653.571205,53.56895416345577,9.882977505173033,38.55946,-1,-1,-1,-1,9.056828472500998,2.789105338997707,-9999,3279.458959875,-0.746002197265625,0.65325927734375,0.0196533203125,3279.450148875,0.5192075394958705,-1.233972925095588,-0.5977859694307014,6.739833831787109,0.6063460111618042,-0.5985551476478577,-0.01545584201812744,0.1678076386451721,0.1774293482303619,XArbitraryZVertical,-0.09018832778959558,-0.5960511165909684,0.3647475897850586,0.7096115400650663,-0.7801375389099121,0.5628137588500977,-0.2731782495975494,0,0,0,-1,-1,3230.927795875,unknown,2,2026-04-24T18:20:16.323+02:00,null,0,0,0,0,0,0,0,null,798740462.8362647,0,0.7599998,101.5559,1,0.85
2026-04-24T18:21:04.885+02:00,1777047653.571205,53.56895416345577,9.882977505173033,38.55946,-1,-1,-1,-1,9.056828472500998,2.789105338997707,-9999,3279.469034875,-0.712188720703125,0.51751708984375,0.0235595703125,3279.460223875,0.5890609928719807,-1.189567373090944,-0.56952853288702,6.055639743804932,0.5575723648071289,-0.5904847383499146,0.03569322824478149,0.1140242218971252,0.3329869210720062,XArbitraryZVertical,-0.06655917592941943,-0.5821538454874269,0.3813915243759085,0.7149876310735517,-0.7816953659057617,0.5392350554466248,-0.3133335411548615,0,0,0,-1,-1,3230.927795875,unknown,2,2026-04-24T18:20:16.323+02:00,null,0,0,0,0,0,0,0,null,798740462.8362647,0,0.7599998,101.5559,1,0.85
2026-04-24T18:21:04.895+02:00,1777047653.571205,53.56895416345577,9.882977505173033,38.55946,-1,-1,-1,-1,9.056828472500998,2.789105338997707,-9999,3279.479109875,-0.723785400390625,0.404998779296875,-0.0543975830078125,3279.470298875,0.6487713542226647,-1.152753294130801,-0.5415626457927074,5.389314651489258,0.5003511309623718,-0.6034415364265442,0.0709233283996582,0.002041518688201904,0.3714394271373749,XArbitraryZVertical,-0.04520064972765013,-0.5692248902098058,0.3956700250737328,0.7192950264379175,-0.7831121683120728,0.5154756307601929,-0.3478798568248749,0,0,0,-1,-1,3230.927795875,unknown,2,2026-04-24T18:20:16.323+02:00,null,0,0,0,0,0,0,0,null,798740462.8362647,0,0.7599998,101.5559,1,0.85
2026-04-24T18:21:04.905+02:00,1777047653.571205,53.56895416345577,9.882977505173033,38.55946,-1,-1,-1,-1,9.056828472500998,2.789105338997707,-9999,3279.489184875,-0.7466583251953125,0.3737945556640625,-0.1596832275390625,3279.480373875,0.6998239570369322,-1.122011139343651,-0.5145112672773806,4.832601070404053,0.4960016906261444,-0.5894293189048767,0.06054329872131348,-0.08711060881614685,0.3233019709587097,XArbitraryZVertical,-0.02598611074827164,-0.5572028060884042,0.4078786970642482,0.7228311494204154,-0.7843286991119385,0.4921094477176666,-0.3776995241641998,0,0,0,-1,-1,3230.927795875,unknown,2,2026-04-24T18:20:16.323+02:00,null,0,0,0,0,0,0,0,null,798740462.8362647,0,0.7599998,101.5559,1,0.85
2026-04-24T18:21:04.916+02:00,1777047653.571205,53.56895416345577,9.882977505173033,38.55946,-1,-1,-1,-1,9.056828472500998,2.789105338997707,-9999,3279.499259875,-0.7489013671875,0.42755126953125,-0.2726593017578125,3279.490448875,0.7446288716611364,-1.095535388569866,-0.4884705064742391,4.486920833587646,0.4744894802570343,-0.5625742673873901,0.03852766752243042,-0.09548124670982361,0.2443751692771912,XArbitraryZVertical,-0.008467000678143502,-0.5458013484506385,0.4186369948403487,0.7257908496770221,-0.7851860523223877,0.4692758023738861,-0.4040583968162537,0,0,0,-1,-1,3230.927795875,unknown,2,2026-04-24T18:20:16.323+02:00,null,0,0,0,0,0,0,0,null,798740462.8362647,0,0.7599998,101.5559,1,0.85
2026-04-24T18:21:04.926+02:00,1777047653.571205,53.56895416345577,9.882977505173033,38.55946,-1,-1,-1,-1,9.056828472500998,2.789105338997707,-9999,3279.509334875,-0.7492218017578125,0.4946136474609375,-0.3698883056640625,3279.500523875,0.7860190558855483,-1.071895362766786,-0.4625637339798334,4.408883571624756,0.4587450921535492,-0.5665012001991272,0.03692835569381714,-0.01869258284568787,0.1555207371711731,XArbitraryZVertical,0.008299751286421806,-0.5346410968641432,0.428635798310201,0.7282592333769131,-0.7858297824859619,0.4462438821792603,-0.4281800091266632,0,0,0,-1,-1,3230.927795875,unknown,2,2026-04-24T18:20:16.323+02:00,null,0,0,0,0,0,0,0,null,798740462.8362647,0,0.7599998,101.5559,1,0.85
2026-04-24T18:21:04.935+02:00,1777047653.571205,53.56895416345577,9.882977505173033,38.55946,-1,-1,-1,-1,9.056828472500998,2.789105338997707,-9999,3279.519409875,-0.759857177734375,0.5233612060546875,-0.4345550537109375,3279.510598875,0.8263900519291043,-1.049644041014505,-0.435570156519388,4.520559787750244,0.4855753779411316,-0.5829326510429382,0.03704923391342163,0.07268625497817993,0.08150428533554077,XArbitraryZVertical,0.02519017872210887,-0.5231340023173834,0.4384389346698706,0.7303885976238266,-0.7862709164619446,0.4219273924827576,-0.4513925313949585,0,0,0,-1,-1,3230.927795875,unknown,2,2026-04-24T18:20:16.323+02:00,null,0,0,0,0,0,0,0,null,798740462.8362647,0,0.7599998,101.5559,1,0.85
2026-04-24T18:21:04.946+02:00,1777047653.571205,53.56895416345577,9.882977505173033,38.55946,-1,-1,-1,-1,9.056828472500998,2.789105338997707,-9999,3279.529484875,-0.7708587646484375,0.5057830810546875,-0.4544830322265625,3279.520673875,0.8667256558420515,-1.028072435178293,-0.4070087347488077,4.641295433044434,0.5163969397544861,-0.5943478941917419,0.02649551630020142,0.1274970173835754,0.0397244393825531,XArbitraryZVertical,0.04249861584288116,-0.51093458997388,0.4482982449977947,0.7322351756292823,-0.7863526940345764,0.3958641886711121,-0.4742794334888458,0,0,0,-1,-1,3230.927795875,unknown,2,2026-04-24T18:20:16.323+02:00,null,0,0,0,0,0,0,0,null,798740462.8362647,0,0.7599998,101.5559,1,0.85
2026-04-24T18:21:04.956+02:00,1777047653.571205,53.56895416345577,9.882977505173033,38.55946,-1,-1,-1,-1,9.056828472500998,2.789105338997707,-9999,3279.539559875,-0.76654052734375,0.448455810546875,-0.4521026611328125,3279.530748875,0.9064894464272814,-1.007584742258037,-0.3773206244563232,4.63718843460083,0.5304867029190063,-0.5853493809700012,0.01520633697509766,0.1373521685600281,0.04186403751373291,XArbitraryZVertical,0.05997921587862115,-0.4982258359146801,0.4580720569220549,0.7337188891163763,-0.7860650420188904,0.3684309124946594,-0.4963470101356506,0,0,0,-1,-1,3230.927795875,unknown,2,2026-04-24T18:20:16.323+02:00,null,0,0,0,0,0,0,0,null,798740462.8362647,0,0.7599998,101.5559,1,0.85
2026-04-24T18:21:04.966+02:00,1777047653.571205,53.56895416345577,9.882977505173033,38.55946,-1,-1,-1,-1,9.056828472500998,2.789105338997707,-9999,3279.549634875,-0.756805419921875,0.36181640625,-0.4446868896484375,3279.540823875,0.944397488020097,-0.9887987679060911,-0.347538611288512,4.456474781036377,0.5297037363052368,-0.5698913335800171,0.01888245344161987,0.1078712046146393,0.0647270679473877,XArbitraryZVertical,0.07703713254860828,-0.4854383872531763,0.4674119721927847,0.7348068035197848,-0.7854230403900146,0.3405846059322357,-0.5168297290802002,0,0,0,-1,-1,3230.927795875,unknown,2,2026-04-24T18:20:16.323+02:00,null,0,0,0,0,0,0,0,null,798740462.8362647,0,0.7599998,101.5559,1,0.85
2026-04-24T18:21:04.984+02:00,1777047653.571205,53.56895416345577,9.882977505173033,38.55946,-1,-1,-1,-1,9.056828472500998,2.789105338997707,-9999,3279.559709875,-0.7477264404296875,0.27728271484375,-0.46331787109375,3279.550898875,0.9791739752221498,-0.9721739230748252,-0.318851217454129,4.167120456695557,0.5021727681159973,-0.5084945559501648,0.02766793966293335,0.0483405590057373,0.09041529893875122,XArbitraryZVertical,0.09303203090029689,-0.4730686439458336,0.4759686459770223,0.735530517247446,-0.7844734787940979,0.3134758770465851,-0.5351021885871887,0,0,0,-1,-1,3230.927795875,unknown,2,2026-04-24T18:20:16.323+02:00,null,0,0,0,0,0,0,0,null,798740462.8362647,0,0.7599998,101.5559,1,0.85
2026-04-24T18:21:04.986+02:00,1777047653.571205,53.56895416345577,9.882977505173033,38.55946,-1,-1,-1,-1,9.056828472500998,2.789105338997707,-9999,3279.569784875,-0.699554443359375,0.2404022216796875,-0.5633087158203125,3279.560973875,1.010634851123314,-0.9577662687855308,-0.2925498084168718,3.739327430725098,0.4135443568229675,-0.4354836344718933,0.0354304313659668,-0.01111188530921936,0.0875849723815918,XArbitraryZVertical,0.1074876938020406,-0.4615137888020536,0.4838102893521097,0.7357847331688114,-0.7831569314002991,0.2883946299552917,-0.5509028434753418,0,0,0,-1,-1,3230.927795875,unknown,2,2026-04-24T18:20:16.323+02:00,null,0,0,0,0,0,0,0,null,798740462.8362647,0,0.7599998,101.5559,1,0.85
2026-04-24T18:21:04.996+02:00,1777047653.571205,53.56895416345577,9.882977505173033,38.55946,-1,-1,-1,-1,9.056828472500998,2.789105338997707,-9999,3279.579859875,-0.6812286376953125,0.2205657958984375,-0.4363861083984375,3279.571048875,1.03784237541186,-0.9466474324082331,-0.2681727645764174,3.323801040649414,0.2967519462108612,-0.4834631383419037,0.08290207386016846,-0.02456769347190857,0.000209510326385498,XArbitraryZVertical,0.1207219242571428,-0.4512949189071598,0.4903738619085908,0.7357259649177881,-0.7824565172195435,0.2649699449539185,-0.563518226146698,0,0,0,-1,-1,3230.927795875,unknown,2,2026-04-24T18:20:16.323+02:00,null,0,0,0,0,0,0,0,null,798740462.8362647,0,0.7599998,101.5559,1,0.85
2026-04-24T18:21:05.006+02:00,1777047653.571205,53.56895416345577,9.882977505173033,38.55946,-1,-1,-1,-1,9.056828472500998,2.789105338997707,-9999,3279.589934875,-0.7137451171875,0.1756591796875,-0.452880859375,3279.581123875,1.062032205714385,-0.9379982548363357,-0.2450172392738768,3.131427049636841,0.2014659196138382,-0.5088248252868652,0.1010633707046509,-0.02200724184513092,0.1373538970947266,XArbitraryZVertical,0.133182405575877,-0.4420321507915275,0.495971107249599,0.7354473756250502,-0.7822920083999634,0.2425730526447296,-0.5737400650978088,0,0,0,-1,-1,3230.927795875,unknown,2,2026-04-24T18:20:16.323+02:00,null,0,0,0,0,0,0,0,null,798740462.8362647,0,0.7599998,101.5559,1,0.85
2026-04-24T18:21:05.016+02:00,1777047653.571205,53.56895416345577,9.882977505173033,38.55946,-1,-1,-1,-1,9.056828472500998,2.789105338997707,-9999,3279.600009875,-0.7613372802734375,0.1854095458984375,-0.530731201171875,3279.591198875,1.084216578910085,-0.9309522301471889,-0.2228153437769125,2.938233375549316,0.1843026429414749,-0.4834076762199402,0.06861299276351929,-0.04531705379486084,0.1294294595718384,XArbitraryZVertical,0.1450399337104236,-0.4333684888797487,0.5009396458142188,0.7349930043311536,-0.7823581099510193,0.220976248383522,-0.5823103189468384,0,0,0,-1,-1,3230.927795875,unknown,2,2026-04-24T18:20:16.323+02:00,null,0,0,0,0,0,0,0,null,798740462.8362647,0,0.7599998,101.5559,1,0.85
2026-04-24T18:21:05.026+02:00,1777047653.571205,53.56895416345577,9.882977505173033,38.55946,-1,-1,-1,-1,9.056828472500998,2.789105338997707,-9999,3279.610084875,-0.7869873046875,0.22259521484375,-0.5938873291015625,3279.601273875,1.105221656097224,-0.9243600047662762,-0.2015920666337689,2.869728803634644,0.2518305480480194,-0.4450120627880096,0.02073311805725098,-0.01481984555721283,0.05941635370254517,XArbitraryZVertical,0.1562080496893443,-0.424882652931834,0.505644665431593,0.7344368122607025,-0.7820704579353333,0.2002294063568115,-0.5901475548744202,0,0,0,-1,-1,3230.927795875,unknown,2,2026-04-24T18:20:16.323+02:00,null,0,0,0,0,0,0,0,null,798740462.8362647,0,0.7599998,101.5559,1,0.85
2026-04-24T18:21:05.036+02:00,1777047653.571205,53.56895416345577,9.882977505173033,38.55946,-1,-1,-1,-1,9.056828472500998,2.789105338997707,-9999,3279.620160875,-0.7880859375,0.2379150390625,-0.6179351806640625,3279.611348875,1.126010363259921,-0.9177771803402022,-0.1804242630444992,2.898550033569336,0.2535403072834015,-0.4574114680290222,-0.005626976490020752,0.04314827919006348,0.003837287425994873,XArbitraryZVertical,0.1671520952382789,-0.4161704770527604,0.510313545425182,0.7337864868560077,-0.7813605070114136,0.1794469654560089,-0.5977246165275574,0,0,0,-1,-1,3230.927795875,unknown,2,2026-04-24T18:20:16.323+02:00,null,0,0,0,0,0,0,0,null,798740462.8362647,0,0.7599998,101.5559,1,0.85
2026-04-24T18:21:05.046+02:00,1777047653.571205,53.56895416345577,9.882977505173033,38.55946,-1,-1,-1,-1,9.056828472500998,2.789105338997707,-9999,3279.630235875,-0.7836151123046875,0.2440338134765625,-0.6140899658203125,3279.621424875,1.146731398849611,-0.9116158023319099,-0.1586517609169315,2.961097002029419,0.288023978471756,-0.4886588156223297,-0.007519185543060303,0.07992799580097198,-0.01315772533416748,XArbitraryZVertical,0.1782607410289115,-0.4072277018310815,0.5148519327632579,0.7330186484319396,-0.7805667519569397,0.157987043261528,-0.6047773957252502,0,0,0,-1,-1,3230.927795875,unknown,2,2026-04-24T18:20:16.323+02:00,null,0,0,0,0,0,0,0,null,798740462.8362647,0,0.7599998,101.5559,1,0.85
2026-04-24T18:21:04.754+02:00,1777047653.571205,53.56895416345577,9.882977505173033,38.55946,-1,-1,-1,-1,9.056828472500998,2.789105338997707,-9999,3279.338059875,-0.804931640625,0.766448974609375,0.08197021484375,3279.329248875,-0.2002464518842331,-1.712121190036549,-0.6950384454719712,2.738856554031372,0.0348428450524807,-0.1134172156453133,-0.0231056809425354,0.1412622928619385,-0.04670298844575882,XArbitraryZVertical,-0.2930758704510774,-0.6842491250311012,0.1943335401913242,0.6388616316115859,-0.7603721022605896,0.6404149532318115,0.1081806644797325,0,0,0,-1,-1,3230.927795875,unknown,2,2026-04-24T18:20:16.323+02:00,null,0,0,0,0,0,0,0,null,798740462.8362647,0,0.7599998,101.5559,1,0.85
2026-04-24T18:21:04.764+02:00,1777047653.571205,53.56895416345577,9.882977505173033,38.55946,-1,-1,-1,-1,9.056828472500998,2.789105338997707,-9999,3279.348134875,-0.8095703125,0.731781005859375,0.1262664794921875,3279.339323875,-0.1633820125602758,-1.687867996569753,-0.6974828497181302,2.86603856086731,0.08583679050207138,-0.1262685060501099,-0.04371672868728638,0.1241586208343506,-0.007555834949016571,XArbitraryZVertical,-0.2836283779832294,-0.6814088300592157,0.2035381929614258,0.6432800983570102,-0.7612150907516479,0.6422904133796692,0.08952610194683075,0,0,0,-1,-1,3230.927795875,unknown,2,2026-04-24T18:20:16.323+02:00,null,0,0,0,0,0,0,0,null,798740462.8362647,0,0.7599998,101.5559,1,0.85
2026-04-24T18:21:04.774+02:00,1777047653.571205,53.56895416345577,9.882977505173033,38.55946,-1,-1,-1,-1,9.056828472500998,2.789105338997707,-9999,3279.358209875,-0.802886962890625,0.6563720703125,0.165802001953125,3279.349398875,-0.1254730489079444,-1.662374897235196,-0.6992949574589034,2.902851104736328,0.1308154463768005,-0.1200681254267693,-0.0474810004234314,0.08810281753540039,0.05627966672182083,XArbitraryZVertical,-0.2739480844363149,-0.6781930833254556,0.2128673085044867,0.6478380913491294,-0.7620894312858582,0.6436783075332642,0.06998682022094727,0,0,0,-1,-1,3230.927795875,unknown,2,2026-04-24T18:20:16.323+02:00,null,0,0,0,0,0,0,0,null,798740462.8362647,0,0.7599998,101.5559,1,0.85
2026-04-24T18:21:04.784+02:00,1777047653.571205,53.56895416345577,9.882977505173033,38.55946,-1,-1,-1,-1,9.056828472500998,2.789105338997707,-9999,3279.368284875,-0.7996673583984375,0.611785888671875,0.1619110107421875,3279.359473875,-0.08669153619505718,-1.63584162762502,-0.7002870481200385,2.972689628601074,0.1877351850271225,-0.1427436918020248,-0.03984671831130981,0.01193493604660034,0.1160997226834297,XArbitraryZVertical,-0.264026785289015,-0.674641393449832,0.2222543611307957,0.6524967211975375,-0.7630403637886047,0.6444371938705444,0.04970230534672737,0,0,0,-1,-1,3230.927795875,unknown,2,2026-04-24T18:20:16.323+02:00,null,0,0,0,0,0,0,0,null,798740462.8362647,0,0.7599998,101.5559,1,0.85
2026-04-24T18:21:04.794+02:00,1777047653.571205,53.56895416345577,9.882977505173033,38.55946,-1,-1,-1,-1,9.056828472500998,2.789105338997707,-9999,3279.378359875,-0.7976837158203125,0.66107177734375,0.116119384765625,3279.369548875,-0.04685013631625362,-1.608357050084919,-0.7003865139880412,3.106955051422119,0.1746641248464584,-0.1543460190296173,-0.03561341762542725,-0.03272730112075806,0.1331990957260132,XArbitraryZVertical,-0.2537766041906056,-0.6707856565705973,0.2317764777088076,0.6572091009381472,-0.764054000377655,0.6445132493972778,0.02871192432940006,0,0,0,-1,-1,3230.927795875,unknown,2,2026-04-24T18:20:16.323+02:00,null,0,0,0,0,0,0,0,null,798740462.8362647,0,0.7599998,101.5559,1,0.85
2026-04-24T18:21:04.804+02:00,1777047653.571205,53.56895416345577,9.882977505173033,38.55946,-1,-1,-1,-1,9.056828472500998,2.789105338997707,-9999,3279.388434875,-0.7947998046875,0.7228240966796875,0.017822265625,3279.379623875,-0.003124048766593712,-1.578333664298434,-0.6993959371733302,3.562564849853516,0.1874936372041702,-0.1903771907091141,-0.03247421979904175,0.01731616258621216,0.1103516817092896,XArbitraryZVertical,-0.2423912765069668,-0.6664310501724351,0.2421419815009586,0.6621807756002599,-0.765209436416626,0.6437555551528931,0.005767751019448042,0,0,0,-1,-1,3230.927795875,unknown,2,2026-04-24T18:20:16.323+02:00,null,0,0,0,0,0,0,0,null,798740462.8362647,0,0.7599998,101.5559,1,0.85
2026-04-24T18:21:04.815+02:00,1777047653.571205,53.56895416345577,9.882977505173033,38.55946,-1,-1,-1,-1,9.056828472500998,2.789105338997707,-9999,3279.398509875,-0.8051300048828125,0.7901153564453125,-0.0558929443359375,3279.389698875,0.04785531902494577,-1.543526659829968,-0.6969285563586433,4.208852767944336,0.2196800708770752,-0.2250973433256149,-0.02826762199401855,0.08095860481262207,0.03873056173324585,XArbitraryZVertical,-0.2289617360698538,-0.6611523229138823,0.2541787647538033,0.6677179477784345,-0.7665321230888367,0.6418654918670654,-0.02090825885534286,0,0,0,-1,-1,3230.927795875,unknown,2,2026-04-24T18:20:16.323+02:00,null,0,0,0,0,0,0,0,null,798740462.8362647,0,0.7599998,101.5559,1,0.85
2026-04-24T18:21:04.826+02:00,1777047653.571205,53.56895416345577,9.882977505173033,38.55946,-1,-1,-1,-1,9.056828472500998,2.789105338997707,-9999,3279.408584875,-0.8107147216796875,0.8683929443359375,-0.108154296875,3279.399773875,0.1080725056601374,-1.50253582356176,-0.6921890249078282,5.03440523147583,0.2551062405109406,-0.2817534506320953,-0.03707200288772583,0.1518914699554443,-0.003383278846740723,XArbitraryZVertical,-0.2128736001391779,-0.6545456634333426,0.2683377373757214,0.6739805397779601,-0.7680580615997314,0.6382239460945129,-0.0525096096098423,0,0,0,-1,-1,3230.927795875,unknown,2,2026-04-24T18:20:16.323+02:00,null,0,0,0,0,0,0,0,null,798740462.8362647,0,0.7599998,101.5559,1,0.85
2026-04-24T18:21:04.835+02:00,1777047653.571205,53.56895416345577,9.882977505173033,38.55946,-1,-1,-1,-1,9.056828472500998,2.789105338997707,-9999,3279.418659875,-0.812347412109375,0.8982391357421875,-0.1542816162109375,3279.409848875,0.1794716808958348,-1.45456442178543,-0.6837422950590951,6.027409076690674,0.261686384677887,-0.3857996761798859,-0.04073107242584229,0.2366945147514343,-0.01825237274169922,XArbitraryZVertical,-0.1932870572089192,-0.6462887650617427,0.285059127961869,0.6809496221953044,-0.76998370885849,0.6316985487937927,-0.08990189433097839,0,0,0,-1,-1,3230.927795875,unknown,2,2026-04-24T18:20:16.323+02:00,null,0,0,0,0,0,0,0,null,798740462.8362647,0,0.7599998,101.5559,1,0.85
2026-04-24T18:21:04.845+02:00,1777047653.571205,53.56895416345577,9.882977505173033,38.55946,-1,-1,-1,-1,9.056828472500998,2.789105338997707,-9999,3279.428734875,-0.814300537109375,0.882354736328125,-0.203338623046875,3279.419923875,0.2613996136551299,-1.40067916053462,-0.6700223556835598,6.886823177337646,0.2465878576040268,-0.4979444444179535,-0.03985387086868286,0.2772356271743774,-0.02158461511135101,XArbitraryZVertical,-0.1699245495381842,-0.6362210029793846,0.3041957057368213,0.688341138389009,-0.7724935412406921,0.6210035085678101,-0.1326969712972641,0,0,0,-1,-1,3230.927795875,unknown,2,2026-04-24T18:20:16.323+02:00,null,0,0,0,0,0,0,0,null,798740462.8362647,0,0.7599998,101.5559,1,0.85
2026-04-24T18:21:04.855+02:00,1777047653.571205,53.56895416345577,9.882977505173033,38.55946,-1,-1,-1,-1,9.056828472500998,2.789105338997707,-9999,3279.438809875,-0.816864013671875,0.8060760498046875,-0.188201904296875,3279.429998875,0.3501500446141704,-1.34330444820652,-0.6502863355816165,7.469600677490234,0.3554679751396179,-0.5837424397468567,-0.03889650106430054,0.2769404649734497,-0.02383309602737427,XArbitraryZVertical,-0.143525944589319,-0.6242175574649889,0.3249499508468686,0.695816353555041,-0.7754040956497192,0.6054143309593201,-0.1795054823160172,0,0,0,-1,-1,3230.927795875,unknown,2,2026-04-24T18:20:16.323+02:00,null,0,0,0,0,0,0,0,null,798740462.8362647,0,0.7599998,101.5559,1,0.85
2026-04-24T18:21:04.865+02:00,1777047653.571205,53.56895416345577,9.882977505173033,38.55946,-1,-1,-1,-1,9.056828472500998,2.789105338997707,-9999,3279.448884875,-0.79559326171875,0.730621337890625,-0.0957489013671875,3279.440073875,0.438839587278347,-1.286016629881714,-0.6253422344867834,7.34896183013916,0.5331663489341736,-0.6126733422279358,-0.03875583410263062,0.2207013368606567,0.03957870602607727,XArbitraryZVertical,-0.1160854167132246,-0.6104374326470966,0.3457665780810129,0.7030902692231346,-0.7781082987785339,0.5853747725486755,-0.2277806401252747,0,0,0,-1,-1,3230.927795875,unknown,2,2026-04-24T18:20:16.323+02:00,null,0,0,0,0,0,0,0,null,798740462.8362647,0,0.7599998,101.5559,1,0.85
2026-04-24T18:21:04.875+02:00,1777047653.571205,53.56895416345577,9.882977505173033,38.55946,-1,-1,-1,-1,9.056828472500998,2.789105338997707,-9999,3279.458959875,-0.746002197265625,0.65325927734375,0.0196533203125,3279.450148875,0.5192075394958705,-1.233972925095588,-0.5977859694307014,6.739833831787109,0.6063460111618042,-0.5985551476478577,-0.01545584201812744,0.1678076386451721,0.1774293482303619,XArbitraryZVertical,-0.09018832778959558,-0.5960511165909684,0.3647475897850586,0.7096115400650663,-0.7801375389099121,0.5628137588500977,-0.2731782495975494,0,0,0,-1,-1,3230.927795875,unknown,2,2026-04-24T18:20:16.323+02:00,null,0,0,0,0,0,0,0,null,798740462.8362647,0,0.7599998,101.5559,1,0.85
2026-04-24T18:21:04.885+02:00,1777047653.571205,53.56895416345577,9.882977505173033,38.55946,-1,-1,-1,-1,9.056828472500998,2.789105338997707,-9999,3279.469034875,-0.712188720703125,0.51751708984375,0.0235595703125,3279.460223875,0.5890609928719807,-1.189567373090944,-0.56952853288702,6.055639743804932,0.5575723648071289,-0.5904847383499146,0.03569322824478149,0.1140242218971252,0.3329869210720062,XArbitraryZVertical,-0.06655917592941943,-0.5821538454874269,0.3813915243759085,0.7149876310735517,-0.7816953659057617,0.5392350554466248,-0.3133335411548615,0,0,0,-1,-1,3230.927795875,unknown,2,2026-04-24T18:20:16.323+02:00,null,0,0,0,0,0,0,0,null,798740462.8362647,0,0.7599998,101.5559,1,0.85
2026-04-24T18:21:04.895+02:00,1777047653.571205,53.56895416345577,9.882977505173033,38.55946,-1,-1,-1,-1,9.056828472500998,2.789105338997707,-9999,3279.479109875,-0.723785400390625,0.404998779296875,-0.0543975830078125,3279.470298875,0.6487713542226647,-1.152753294130801,-0.5415626457927074,5.389314651489258,0.5003511309623718,-0.6034415364265442,0.0709233283996582,0.002041518688201904,0.3714394271373749,XArbitraryZVertical,-0.04520064972765013,-0.5692248902098058,0.3956700250737328,0.7192950264379175,-0.7831121683120728,0.5154756307601929,-0.3478798568248749,0,0,0,-1,-1,3230.927795875,unknown,2,2026-04-24T18:20:16.323+02:00,null,0,0,0,0,0,0,0,null,798740462.8362647,0,0.7599998,101.5559,1,0.85
2026-04-24T18:21:04.905+02:00,1777047653.571205,53.56895416345577,9.882977505173033,38.55946,-1,-1,-1,-1,9.056828472500998,2.789105338997707,-9999,3279.489184875,-0.7466583251953125,0.3737945556640625,-0.1596832275390625,3279.480373875,0.6998239570369322,-1.122011139343651,-0.5145112672773806,4.832601070404053,0.4960016906261444,-0.5894293189048767,0.06054329872131348,-0.08711060881614685,0.3233019709587097,XArbitraryZVertical,-0.02598611074827164,-0.5572028060884042,0.4078786970642482,0.7228311494204154,-0.7843286991119385,0.4921094477176666,-0.3776995241641998,0,0,0,-1,-1,3230.927795875,unknown,2,2026-04-24T18:20:16.323+02:00,null,0,0,0,0,0,0,0,null,798740462.8362647,0,0.7599998,101.5559,1,0.85
2026-04-24T18:21:04.916+02:00,1777047653.571205,53.56895416345577,9.882977505173033,38.55946,-1,-1,-1,-1,9.056828472500998,2.789105338997707,-9999,3279.499259875,-0.7489013671875,0.42755126953125,-0.2726593017578125,3279.490448875,0.7446288716611364,-1.095535388569866,-0.4884705064742391,4.486920833587646,0.4744894802570343,-0.5625742673873901,0.03852766752243042,-0.09548124670982361,0.2443751692771912,XArbitraryZVertical,-0.008467000678143502,-0.5458013484506385,0.4186369948403487,0.7257908496770221,-0.7851860523223877,0.4692758023738861,-0.4040583968162537,0,0,0,-1,-1,3230.927795875,unknown,2,2026-04-24T18:20:16.323+02:00,null,0,0,0,0,0,0,0,null,798740462.8362647,0,0.7599998,101.5559,1,0.85
2026-04-24T18:21:04.926+02:00,1777047653.571205,53.56895416345577,9.882977505173033,38.55946,-1,-1,-1,-1,9.056828472500998,2.789105338997707,-9999,3279.509334875,-0.7492218017578125,0.4946136474609375,-0.3698883056640625,3279.500523875,0.7860190558855483,-1.071895362766786,-0.4625637339798334,4.408883571624756,0.4587450921535492,-0.5665012001991272,0.03692835569381714,-0.01869258284568787,0.1555207371711731,XArbitraryZVertical,0.008299751286421806,-0.5346410968641432,0.428635798310201,0.7282592333769131,-0.7858297824859619,0.4462438821792603,-0.4281800091266632,0,0,0,-1,-1,3230.927795875,unknown,2,2026-04-24T18:20:16.323+02:00,null,0,0,0,0,0,0,0,null,798740462.8362647,0,0.7599998,101.5559,1,0.85
2026-04-24T18:21:04.935+02:00,1777047653.571205,53.56895416345577,9.882977505173033,38.55946,-1,-1,-1,-1,9.056828472500998,2.789105338997707,-9999,3279.519409875,-0.759857177734375,0.5233612060546875,-0.4345550537109375,3279.510598875,0.8263900519291043,-1.049644041014505,-0.435570156519388,4.520559787750244,0.4855753779411316,-0.5829326510429382,0.03704923391342163,0.07268625497817993,0.08150428533554077,XArbitraryZVertical,0.02519017872210887,-0.5231340023173834,0.4384389346698706,0.7303885976238266,-0.7862709164619446,0.4219273924827576,-0.4513925313949585,0,0,0,-1,-1,3230.927795875,unknown,2,2026-04-24T18:20:16.323+02:00,null,0,0,0,0,0,0,0,null,798740462.8362647,0,0.7599998,101.5559,1,0.85
2026-04-24T18:21:04.946+02:00,1777047653.571205,53.56895416345577,9.882977505173033,38.55946,-1,-1,-1,-1,9.056828472500998,2.789105338997707,-9999,3279.529484875,-0.7708587646484375,0.5057830810546875,-0.4544830322265625,3279.520673875,0.8667256558420515,-1.028072435178293,-0.4070087347488077,4.641295433044434,0.5163969397544861,-0.5943478941917419,0.02649551630020142,0.1274970173835754,0.0397244393825531,XArbitraryZVertical,0.04249861584288116,-0.51093458997388,0.4482982449977947,0.7322351756292823,-0.7863526940345764,0.3958641886711121,-0.4742794334888458,0,0,0,-1,-1,3230.927795875,unknown,2,2026-04-24T18:20:16.323+02:00,null,0,0,0,0,0,0,0,null,798740462.8362647,0,0.7599998,101.5559,1,0.85
2026-04-24T18:21:04.956+02:00,1777047653.571205,53.56895416345577,9.882977505173033,38.55946,-1,-1,-1,-1,9.056828472500998,2.789105338997707,-9999,3279.539559875,-0.76654052734375,0.448455810546875,-0.4521026611328125,3279.530748875,0.9064894464272814,-1.007584742258037,-0.3773206244563232,4.63718843460083,0.5304867029190063,-0.5853493809700012,0.01520633697509766,0.1373521685600281,0.04186403751373291,XArbitraryZVertical,0.05997921587862115,-0.4982258359146801,0.4580720569220549,0.7337188891163763,-0.7860650420188904,0.3684309124946594,-0.4963470101356506,0,0,0,-1,-1,3230.927795875,unknown,2,2026-04-24T18:20:16.323+02:00,null,0,0,0,0,0,0,0,null,798740462.8362647,0,0.7599998,101.5559,1,0.85
2026-04-24T18:21:04.966+02:00,1777047653.571205,53.56895416345577,9.882977505173033,38.55946,-1,-1,-1,-1,9.056828472500998,2.789105338997707,-9999,3279.549634875,-0.756805419921875,0.36181640625,-0.4446868896484375,3279.540823875,0.944397488020097,-0.9887987679060911,-0.347538611288512,4.456474781036377,0.5297037363052368,-0.5698913335800171,0.01888245344161987,0.1078712046146393,0.0647270679473877,XArbitraryZVertical,0.07703713254860828,-0.4854383872531763,0.4674119721927847,0.7348068035197848,-0.7854230403900146,0.3405846059322357,-0.5168297290802002,0,0,0,-1,-1,3230.927795875,unknown,2,2026-04-24T18:20:16.323+02:00,null,0,0,0,0,0,0,0,null,798740462.8362647,0,0.7599998,101.5559,1,0.85
2026-04-24T18:21:04.984+02:00,1777047653.571205,53.56895416345577,9.882977505173033,38.55946,-1,-1,-1,-1,9.056828472500998,2.789105338997707,-9999,3279.559709875,-0.7477264404296875,0.27728271484375,-0.46331787109375,3279.550898875,0.9791739752221498,-0.9721739230748252,-0.318851217454129,4.167120456695557,0.5021727681159973,-0.5084945559501648,0.02766793966293335,0.0483405590057373,0.09041529893875122,XArbitraryZVertical,0.09303203090029689,-0.4730686439458336,0.4759686459770223,0.735530517247446,-0.7844734787940979,0.3134758770465851,-0.5351021885871887,0,0,0,-1,-1,3230.927795875,unknown,2,2026-04-24T18:20:16.323+02:00,null,0,0,0,0,0,0,0,null,798740462.8362647,0,0.7599998,101.5559,1,0.85
2026-04-24T18:21:04.986+02:00,1777047653.571205,53.56895416345577,9.882977505173033,38.55946,-1,-1,-1,-1,9.056828472500998,2.789105338997707,-9999,3279.569784875,-0.699554443359375,0.2404022216796875,-0.5633087158203125,3279.560973875,1.010634851123314,-0.9577662687855308,-0.2925498084168718,3.739327430725098,0.4135443568229675,-0.4354836344718933,0.0354304313659668,-0.01111188530921936,0.0875849723815918,XArbitraryZVertical,0.1074876938020406,-0.4615137888020536,0.4838102893521097,0.7357847331688114,-0.7831569314002991,0.2883946299552917,-0.5509028434753418,0,0,0,-1,-1,3230.927795875,unknown,2,2026-04-24T18:20:16.323+02:00,null,0,0,0,0,0,0,0,null,798740462.8362647,0,0.7599998,101.5559,1,0.85
2026-04-24T18:21:04.996+02:00,1777047653.571205,53.56895416345577,9.882977505173033,38.55946,-1,-1,-1,-1,9.056828472500998,2.789105338997707,-9999,3279.579859875,-0.6812286376953125,0.2205657958984375,-0.4363861083984375,3279.571048875,1.03784237541186,-0.9466474324082331,-0.2681727645764174,3.323801040649414,0.2967519462108612,-0.4834631383419037,0.08290207386016846,-0.02456769347190857,0.000209510326385498,XArbitraryZVertical,0.1207219242571428,-0.4512949189071598,0.4903738619085908,0.7357259649177881,-0.7824565172195435,0.2649699449539185,-0.563518226146698,0,0,0,-1,-1,3230.927795875,unknown,2,2026-04-24T18:20:16.323+02:00,null,0,0,0,0,0,0,0,null,798740462.8362647,0,0.7599998,101.5559,1,0.85
2026-04-24T18:21:05.006+02:00,1777047653.571205,53.56895416345577,9.882977505173033,38.55946,-1,-1,-1,-1,9.056828472500998,2.789105338997707,-9999,3279.589934875,-0.7137451171875,0.1756591796875,-0.452880859375,3279.581123875,1.062032205714385,-0.9379982548363357,-0.2450172392738768,3.131427049636841,0.2014659196138382,-0.5088248252868652,0.1010633707046509,-0.02200724184513092,0.1373538970947266,XArbitraryZVertical,0.133182405575877,-0.4420321507915275,0.495971107249599,0.7354473756250502,-0.7822920083999634,0.2425730526447296,-0.5737400650978088,0,0,0,-1,-1,3230.927795875,unknown,2,2026-04-24T18:20:16.323+02:00,null,0,0,0,0,0,0,0,null,798740462.8362647,0,0.7599998,101.5559,1,0.85
2026-04-24T18:21:05.016+02:00,1777047653.571205,53.56895416345577,9.882977505173033,38.55946,-1,-1,-1,-1,9.056828472500998,2.789105338997707,-9999,3279.600009875,-0.7613372802734375,0.1854095458984375,-0.530731201171875,3279.591198875,1.084216578910085,-0.9309522301471889,-0.2228153437769125,2.938233375549316,0.1843026429414749,-0.4834076762199402,0.06861299276351929,-0.04531705379486084,0.1294294595718384,XArbitraryZVertical,0.1450399337104236,-0.4333684888797487,0.5009396458142188,0.7349930043311536,-0.7823581099510193,0.220976248383522,-0.5823103189468384,0,0,0,-1,-1,3230.927795875,unknown,2,2026-04-24T18:20:16.323+02:00,null,0,0,0,0,0,0,0,null,798740462.8362647,0,0.7599998,101.5559,1,0.85
2026-04-24T18:21:05.026+02:00,1777047653.571205,53.56895416345577,9.882977505173033,38.55946,-1,-1,-1,-1,9.056828472500998,2.789105338997707,-9999,3279.610084875,-0.7869873046875,0.22259521484375,-0.5938873291015625,3279.601273875,1.105221656097224,-0.9243600047662762,-0.2015920666337689,2.869728803634644,0.2518305480480194,-0.4450120627880096,0.02073311805725098,-0.01481984555721283,0.05941635370254517,XArbitraryZVertical,0.1562080496893443,-0.424882652931834,0.505644665431593,0.7344368122607025,-0.7820704579353333,0.2002294063568115,-0.5901475548744202,0,0,0,-1,-1,3230.927795875,unknown,2,2026-04-24T18:20:16.323+02:00,null,0,0,0,0,0,0,0,null,798740462.8362647,0,0.7599998,101.5559,1,0.85
2026-04-24T18:21:05.036+02:00,1777047653.571205,53.56895416345577,9.882977505173033,38.55946,-1,-1,-1,-1,9.056828472500998,2.789105338997707,-9999,3279.620160875,-0.7880859375,0.2379150390625,-0.6179351806640625,3279.611348875,1.126010363259921,-0.9177771803402022,-0.1804242630444992,2.898550033569336,0.2535403072834015,-0.4574114680290222,-0.005626976490020752,0.04314827919006348,0.003837287425994873,XArbitraryZVertical,0.1671520952382789,-0.4161704770527604,0.510313545425182,0.7337864868560077,-0.7813605070114136,0.1794469654560089,-0.5977246165275574,0,0,0,-1,-1,3230.927795875,unknown,2,2026-04-24T18:20:16.323+02:00,null,0,0,0,0,0,0,0,null,798740462.8362647,0,0.7599998,101.5559,1,0.85
2026-04-24T18:21:05.046+02:00,1777047653.571205,53.56895416345577,9.882977505173033,38.55946,-1,-1,-1,-1,9.056828472500998,2.789105338997707,-9999,3279.630235875,-0.7836151123046875,0.2440338134765625,-0.6140899658203125,3279.621424875,1.146731398849611,-0.9116158023319099,-0.1586517609169315,2.961097002029419,0.288023978471756,-0.4886588156223297,-0.007519185543060303,0.07992799580097198,-0.01315772533416748,XArbitraryZVertical,0.1782607410289115,-0.4072277018310815,0.5148519327632579,0.7330186484319396,-0.7805667519569397,0.157987043261528,-0.6047773957252502,0,0,0,-1,-1,3230.927795875,unknown,2,2026-04-24T18:20:16.323+02:00,null,0,0,0,0,0,0,0,null,798740462.8362647,0,0.7599998,101.5559,1,0.85
2026-04-24T18:21:04.452+02:00,1777047653.571205,53.56895416345577,9.882977505173033,38.55946,-1,-1,-1,-1,9.056828472500998,2.789105338997707,-9999,3279.03581,-0.718597412109375,0.6303863525390625,0.06219482421875,3279.026999,-0.1670915403312096,-1.633764953459172,-0.7434048423530043,-1.68040657043457,-0.3997288346290588,-0.3983506858348846,0.005034327507019043,-0.01935809850692749,-0.02386391162872314,XArbitraryZVertical,-0.3044246175122875,-0.6561159213464268,0.2106367567496297,0.657624391760636,-0.734709620475769,0.6767983436584473,0.04632490128278732,0,0,0,-1,-1,3230.927795875,unknown,2,2026-04-24T18:20:16.323+02:00,null,0,0,0,0,0,0,0,null,798740462.8362647,0,0.7599998,101.5559,1,0.85
2026-04-24T18:21:04.462+02:00,1777047653.571205,53.56895416345577,9.882977505173033,38.55946,-1,-1,-1,-1,9.056828472500998,2.789105338997707,-9999,3279.045885,-0.7069854736328125,0.6201019287109375,0.081878662109375,3279.037074,-0.1895225979080692,-1.652859565704638,-0.7381868742758493,-1.671754837036133,-0.3877419531345367,-0.3996244072914124,0.01860338449478149,-0.04256141185760498,0.001561649143695831,XArbitraryZVertical,-0.3082347381996731,-0.6597787340083412,0.2043739102024935,0.6541520118177133,-0.737200915813446,0.672947883605957,0.06063326448202133,0,0,0,-1,-1,3230.927795875,unknown,2,2026-04-24T18:20:16.323+02:00,null,0,0,0,0,0,0,0,null,798740462.8362647,0,0.7599998,101.5559,1,0.85
2026-04-24T18:21:04.472+02:00,1777047653.571205,53.56895416345577,9.882977505173033,38.55946,-1,-1,-1,-1,9.056828472500998,2.789105338997707,-9999,3279.05596,-0.7094573974609375,0.6197509765625,0.09381103515625,3279.047149,-0.2114583402441463,-1.671392195603388,-0.7327320365357272,-1.642528772354126,-0.3762179315090179,-0.3837282657623291,0.03260648250579834,-0.04880094528198242,0.007226832211017609,XArbitraryZVertical,-0.3119911020070959,-0.6633155318283898,0.1981549718955988,0.6506987597614471,-0.7395920157432556,0.6689029932022095,0.07465188205242157,0,0,0,-1,-1,3230.927795875,unknown,2,2026-04-24T18:20:16.323+02:00,null,0,0,0,0,0,0,0,null,798740462.8362647,0,0.7599998,101.5559,1,0.85
2026-04-24T18:21:04.487+02:00,1777047653.571205,53.56895416345577,9.882977505173033,38.55946,-1,-1,-1,-1,9.056828472500998,2.789105338997707,-9999,3279.066035,-0.7212982177734375,0.620391845703125,0.1038665771484375,3279.057224,-0.2326640648445209,-1.689256470467619,-0.7272440238533048,-1.596089720726013,-0.3658867180347443,-0.3521717190742493,0.03231692314147949,-0.04506242275238037,0.005527019500732422,XArbitraryZVertical,-0.3156800470740014,-0.6666994298547535,0.1921073458005903,0.6472656572853078,-0.7417743802070618,0.6648133993148804,0.08828404545783997,0,0,0,-1,-1,3230.927795875,unknown,2,2026-04-24T18:20:16.323+02:00,null,0,0,0,0,0,0,0,null,798740462.8362647,0,0.7599998,101.5559,1,0.85
2026-04-24T18:21:04.492+02:00,1777047653.571205,53.56895416345577,9.882977505173033,38.55946,-1,-1,-1,-1,9.056828472500998,2.789105338997707,-9999,3279.07611,-0.7251129150390625,0.6231231689453125,0.1154022216796875,3279.067299,-0.2528676798388614,-1.706296880995074,-0.7219395126649382,-1.507036805152893,-0.3610080778598785,-0.3145844042301178,0.02234792709350586,-0.04044967889785767,0.002480864524841309,XArbitraryZVertical,-0.319277384038578,-0.6698916420617977,0.1863678113544886,0.6438744329962449,-0.7436461448669434,0.6608415842056274,0.1013857200741768,0,0,0,-1,-1,3230.927795875,unknown,2,2026-04-24T18:20:16.323+02:00,null,0,0,0,0,0,0,0,null,798740462.8362647,0,0.7599998,101.5559,1,0.85
2026-04-24T18:21:04.502+02:00,1777047653.571205,53.56895416345577,9.882977505173033,38.55946,-1,-1,-1,-1,9.056828472500998,2.789105338997707,-9999,3279.086185,-0.7269439697265625,0.6220245361328125,0.115386962890625,3279.077374,-0.2712300304129985,-1.722099086706452,-0.7169521644943059,-1.343161106109619,-0.3713818788528442,-0.2733235359191895,0.02008724212646484,-0.03396695852279663,0.00178314745426178,XArbitraryZVertical,-0.3225613603745772,-0.6728772262474093,0.1811824545399691,0.6405961602534966,-0.7452002167701721,0.6570902466773987,0.1136191859841347,0,0,0,-1,-1,3230.927795875,unknown,2,2026-04-24T18:20:16.323+02:00,null,0,0,0,0,0,0,0,null,798740462.8362647,0,0.7599998,101.5559,1,0.85
2026-04-24T18:21:04.512+02:00,1777047653.571205,53.56895416345577,9.882977505173033,38.55946,-1,-1,-1,-1,9.056828472500998,2.789105338997707,-9999,3279.09626,-0.730438232421875,0.634185791015625,0.1088409423828125,3279.087449,-0.2871070028497748,-1.736250303812924,-0.7124570135172313,-1.15223753452301,-0.3739073574542999,-0.2353021055459976,0.01947969198226929,-0.03167045116424561,-0.009251102805137634,XArbitraryZVertical,-0.3253776822902832,-0.6756096928332992,0.1767440559367533,0.6375285320616055,-0.7464237809181213,0.6536951065063477,0.1246381849050522,0,0,0,-1,-1,3230.927795875,unknown,2,2026-04-24T18:20:16.323+02:00,null,0,0,0,0,0,0,0,null,798740462.8362647,0,0.7599998,101.5559,1,0.85
2026-04-24T18:21:04.522+02:00,1777047653.571205,53.56895416345577,9.882977505173033,38.55946,-1,-1,-1,-1,9.056828472500998,2.789105338997707,-9999,3279.106335,-0.7389984130859375,0.64447021484375,0.121978759765625,3279.097524,-0.3003027162446422,-1.74859373332706,-0.7083459735581791,-0.947295606136322,-0.3663748800754547,-0.2287990748882294,0.01702868938446045,-0.01639270782470703,-0.02547502517700195,XArbitraryZVertical,-0.327616619105249,-0.6781042356244653,0.1730359599371669,0.6347445007401933,-0.7474669814109802,0.6505785584449768,0.134316012263298,0,0,0,-1,-1,3230.927795875,unknown,2,2026-04-24T18:20:16.323+02:00,null,0,0,0,0,0,0,0,null,798740462.8362647,0,0.7599998,101.5559,1,0.85
2026-04-24T18:21:04.532+02:00,1777047653.571205,53.56895416345577,9.882977505173033,38.55946,-1,-1,-1,-1,9.056828472500998,2.789105338997707,-9999,3279.11641,-0.7591705322265625,0.633087158203125,0.1518402099609375,3279.107599,-0.3110776414156826,-1.759178651493229,-0.7045341890717934,-0.7991088032722473,-0.3436741232872009,-0.21778504550457,0.009435534477233887,-0.003208756446838379,-0.02070474624633789,XArbitraryZVertical,-0.3293153105787102,-0.6803625643379065,0.1699383592818063,0.6322809524509194,-0.7484339475631714,0.6476789712905884,0.1426835805177689,0,0,0,-1,-1,3230.927795875,unknown,2,2026-04-24T18:20:16.323+02:00,null,0,0,0,0,0,0,0,null,798740462.8362647,0,0.7599998,101.5559,1,0.85
2026-04-24T18:21:04.542+02:00,1777047653.571205,53.56895416345577,9.882977505173033,38.55946,-1,-1,-1,-1,9.056828472500998,2.789105338997707,-9999,3279.126483875,-0.7785186767578125,0.618896484375,0.1829071044921875,3279.117674,-0.3201729118896758,-1.768302341459629,-0.7010626445181718,-0.6857196688652039,-0.3047360181808472,-0.1954603642225266,-0.009869277477264404,-0.01194298267364502,0.001893982291221619,XArbitraryZVertical,-0.3306940961794183,-0.6823595656900098,0.1672712405530227,0.6301168079732598,-0.7493012547492981,0.6450300812721252,0.149946317076683,0,0,0,-1,-1,3230.927795875,unknown,2,2026-04-24T18:20:16.323+02:00,null,0,0,0,0,0,0,0,null,798740462.8362647,0,0.7599998,101.5559,1,0.85
2026-04-24T18:21:04.553+02:00,1777047653.571205,53.56895416345577,9.882977505173033,38.55946,-1,-1,-1,-1,9.056828472500998,2.789105338997707,-9999,3279.136558875,-0.7869415283203125,0.61322021484375,0.198883056640625,3279.127747875,-0.3280453491219444,-1.776290490368278,-0.6978134799568043,-0.6159195303916931,-0.2737346887588501,-0.1996068954467773,-0.02839148044586182,-0.02364742755889893,0.02655336260795593,XArbitraryZVertical,-0.3318372284908458,-0.684149801758672,0.1648942671741537,0.6281981189051792,-0.7501271367073059,0.6425437927246094,0.1563538014888763,0,0,0,-1,-1,3230.927795875,unknown,2,2026-04-24T18:20:16.323+02:00,null,0,0,0,0,0,0,0,null,798740462.8362647,0,0.7599998,101.5559,1,0.85
2026-04-24T18:21:04.563+02:00,1777047653.571205,53.56895416345577,9.882977505173033,38.55946,-1,-1,-1,-1,9.056828472500998,2.789105338997707,-9999,3279.146633875,-0.7898406982421875,0.621795654296875,0.19952392578125,3279.137822875,-0.3350071140016696,-1.783388137861909,-0.6946901653896281,-0.5468265414237976,-0.2524057030677795,-0.1864747256040573,-0.03598475456237793,-0.02692717313766479,0.03678643703460693,XArbitraryZVertical,-0.3327971074333197,-0.6857801498334219,0.1627094908401694,0.6264801463846627,-0.7509567737579346,0.6401474475860596,0.1620966643095016,0,0,0,-1,-1,3230.927795875,unknown,2,2026-04-24T18:20:16.323+02:00,null,0,0,0,0,0,0,0,null,798740462.8362647,0,0.7599998,101.5559,1,0.85
2026-04-24T18:21:04.573+02:00,1777047653.571205,53.56895416345577,9.882977505173033,38.55946,-1,-1,-1,-1,9.056828472500998,2.789105338997707,-9999,3279.156708875,-0.7917327880859375,0.626983642578125,0.194122314453125,3279.147897875,-0.3409677851786497,-1.789641664232276,-0.69184932725502,-0.4654014706611633,-0.2333542555570602,-0.1718651503324509,-0.03814011812210083,-0.01616668701171875,0.03234028816223145,XArbitraryZVertical,-0.3335750757970952,-0.6872550724973081,0.160809546016657,0.6249388174383688,-0.7517006397247314,0.6379624009132385,0.1671837270259857,0,0,0,-1,-1,3230.927795875,unknown,2,2026-04-24T18:20:16.323+02:00,null,0,0,0,0,0,0,0,null,798740462.8362647,0,0.7599998,101.5559,1,0.85
2026-04-24T18:21:04.583+02:00,1777047653.571205,53.56895416345577,9.882977505173033,38.55946,-1,-1,-1,-1,9.056828472500998,2.789105338997707,-9999,3279.166783875,-0.8009033203125,0.628082275390625,0.190765380859375,3279.157972875,-0.3460442589252449,-1.795089750130348,-0.6892501208320923,-0.4011825919151306,-0.2042554914951324,-0.1592012792825699,-0.03934001922607422,-0.008974909782409668,0.02247752249240875,XArbitraryZVertical,-0.3341914994873876,-0.6885771248405478,0.1591465763446361,0.6235785151505862,-0.7523929476737976,0.6359586715698242,0.1716448366641998,0,0,0,-1,-1,3230.927795875,unknown,2,2026-04-24T18:20:16.323+02:00,null,0,0,0,0,0,0,0,null,798740462.8362647,0,0.7599998,101.5559,1,0.85
2026-04-24T18:21:04.593+02:00,1777047653.571205,53.56895416345577,9.882977505173033,38.55946,-1,-1,-1,-1,9.056828472500998,2.789105338997707,-9999,3279.176858875,-0.7994842529296875,0.6204376220703125,0.1858978271484375,3279.168047875,-0.3503819391787949,-1.799743021973817,-0.6869799908977956,-0.3551961779594421,-0.1793171167373657,-0.1331070959568024,-0.04791337251663208,-0.006122827529907227,0.01529417932033539,XArbitraryZVertical,-0.3347142178133193,-0.6897115258072245,0.1577087879346265,0.6224085403778491,-0.7529899477958679,0.6342051029205322,0.1754711866378784,0,0,0,-1,-1,3230.927795875,unknown,2,2026-04-24T18:20:16.323+02:00,null,0,0,0,0,0,0,0,null,798740462.8362647,0,0.7599998,101.5559,1,0.85
2026-04-24T18:21:04.603+02:00,1777047653.571205,53.56895416345577,9.882977505173033,38.55946,-1,-1,-1,-1,9.056828472500998,2.789105338997707,-9999,3279.186933875,-0.790435791015625,0.6258087158203125,0.18475341796875,3279.178122875,-0.3540313335531385,-1.80380920949047,-0.6849812616188738,-0.272785097360611,-0.1697933822870255,-0.1257761567831039,-0.0459822416305542,-0.01222091913223267,0.007073983550071716,XArbitraryZVertical,-0.3351250857288206,-0.690726502256037,0.1564920762459817,0.6213680635515267,-0.7535019516944885,0.6326584815979004,0.1788238435983658,0,0,0,-1,-1,3230.927795875,unknown,2,2026-04-24T18:20:16.323+02:00,null,0,0,0,0,0,0,0,null,798740462.8362647,0,0.7599998,101.5559,1,0.85
2026-04-24T18:21:04.614+02:00,1777047653.571205,53.56895416345577,9.882977505173033,38.55946,-1,-1,-1,-1,9.056828472500998,2.789105338997707,-9999,3279.197008875,-0.789764404296875,0.634857177734375,0.1754150390625,3279.188197875,-0.3561867969390952,-1.806786812037025,-0.6833854836650516,-0.1232901588082314,-0.155515655875206,-0.1091353893280029,-0.03648895025253296,-0.005613207817077637,0.003450974822044373,XArbitraryZVertical,-0.3352163154804064,-0.6915788220437823,0.1557118082094708,0.6205663004194659,-0.7539467215538025,0.6314218640327454,0.1813024878501892,0,0,0,-1,-1,3230.927795875,unknown,2,2026-04-24T18:20:16.323+02:00,null,0,0,0,0,0,0,0,null,798740462.8362647,0,0.7599998,101.5559,1,0.85
2026-04-24T18:21:04.623+02:00,1777047653.571205,53.56895416345577,9.882977505173033,38.55946,-1,-1,-1,-1,9.056828472500998,2.789105338997707,-9999,3279.207083875,-0.7940216064453125,0.6522216796875,0.173095703125,3279.198272875,-0.356384105545669,-1.808368803477489,-0.6822126158240251,0.04594653844833374,-0.129417210817337,-0.1086139380931854,-0.03538614511489868,0.004345178604125977,-0.007254466414451599,XArbitraryZVertical,-0.3348524010048604,-0.6922488332681702,0.1554668201803246,0.6200769385649789,-0.7543781995773315,0.6305119395256042,0.1826691478490829,0,0,0,-1,-1,3230.927795875,unknown,2,2026-04-24T18:20:16.323+02:00,null,0,0,0,0,0,0,0,null,798740462.8362647,0,0.7599998,101.5559,1,0.85
2026-04-24T18:21:04.633+02:00,1777047653.571205,53.56895416345577,9.882977505173033,38.55946,-1,-1,-1,-1,9.056828472500998,2.789105338997707,-9999,3279.217158875,-0.7965240478515625,0.6563720703125,0.1754150390625,3279.208347875,-0.3542331884241475,-1.808173680306423,-0.6815592787700626,0.2458141148090363,-0.1035222262144089,-0.1007701307535172,-0.03920727968215942,0.0222170352935791,-0.00952303409576416,XArbitraryZVertical,-0.3339506519442946,-0.6926661444004468,0.1558508885134891,0.6200009511058195,-0.7548143267631531,0.6300047039985657,0.1826188564300537,0,0,0,-1,-1,3230.927795875,unknown,2,2026-04-24T18:20:16.323+02:00,null,0,0,0,0,0,0,0,null,798740462.8362647,0,0.7599998,101.5559,1,0.85
2026-04-24T18:21:04.644+02:00,1777047653.571205,53.56895416345577,9.882977505173033,38.55946,-1,-1,-1,-1,9.056828472500998,2.789105338997707,-9999,3279.227233875,-0.790435791015625,0.6578826904296875,0.182159423828125,3279.218422875,-0.3498257518516835,-1.806291770127053,-0.6813639188162671,0.3918463587760925,-0.08048667758703232,-0.09549667686223984,-0.04124778509140015,0.02651911973953247,-0.005811691284179688,XArbitraryZVertical,-0.3325195213906414,-0.6928521748609421,0.1568292519028662,0.6203154729643124,-0.7552762627601624,0.6298530101776123,0.1812267303466797,0,0,0,-1,-1,3230.927795875,unknown,2,2026-04-24T18:20:16.323+02:00,null,0,0,0,0,0,0,0,null,798740462.8362647,0,0.7599998,101.5559,1,0.85
2026-04-24T18:21:04.653+02:00,1777047653.571205,53.56895416345577,9.882977505173033,38.55946,-1,-1,-1,-1,9.056828472500998,2.789105338997707,-9999,3279.237309875,-0.7870330810546875,0.6468505859375,0.20001220703125,3279.228497875,-0.343759867605789,-1.803159258519529,-0.6814751007757797,0.5159947276115417,-0.05541541054844856,-0.100915938615799,-0.03466367721557617,0.02794343233108521,0.00331568717956543,XArbitraryZVertical,-0.3306943201277634,-0.6928659170421612,0.1582346461879768,0.6209186643793769,-0.7557721734046936,0.6299393177032471,0.1788438260555267,0,0,0,-1,-1,3230.927795875,unknown,2,2026-04-24T18:20:16.323+02:00,null,0,0,0,0,0,0,0,null,798740462.8362647,0,0.7599998,101.5559,1,0.85
2026-04-24T18:21:04.669+02:00,1777047653.571205,53.56895416345577,9.882977505173033,38.55946,-1,-1,-1,-1,9.056828472500998,2.789105338997707,-9999,3279.247384875,-0.7841949462890625,0.6311187744140625,0.205047607421875,3279.238573875,-0.3366401732921404,-1.799089303041715,-0.6817883599865954,0.5592209100723267,-0.02878513187170029,-0.08813529461622238,-0.0307316780090332,0.01666802167892456,0.02429056167602539,XArbitraryZVertical,-0.328635209559207,-0.692719099324496,0.1598951841979635,0.6217497240813407,-0.7563014626502991,0.6301826238632202,0.1757217049598694,0,0,0,-1,-1,3230.927795875,unknown,2,2026-04-24T18:20:16.323+02:00,null,0,0,0,0,0,0,0,null,798740462.8362647,0,0.7599998,101.5559,1,0.85
2026-04-24T18:21:04.682+02:00,1777047653.571205,53.56895416345577,9.882977505173033,38.55946,-1,-1,-1,-1,9.056828472500998,2.789105338997707,-9999,3279.257459875,-0.7772979736328125,0.6285247802734375,0.200775146484375,3279.248648875,-0.3292838163028425,-1.794611299887918,-0.6822424225639293,0.5620843172073364,-0.01097444538027048,-0.08035673946142197,-0.02739322185516357,0.0005837678909301758,0.03277792036533356,XArbitraryZVertical,-0.326569257092216,-0.692450285472849,0.1616231881913173,0.6226903387271774,-0.7568019032478333,0.6305350661277771,0.1722697615623474,0,0,0,-1,-1,3230.927795875,unknown,2,2026-04-24T18:20:16.323+02:00,null,0,0,0,0,0,0,0,null,798740462.8362647,0,0.7599998,101.5559,1,0.85
2026-04-24T18:21:04.686+02:00,1777047653.571205,53.56895416345577,9.882977505173033,38.55946,-1,-1,-1,-1,9.056828472500998,2.789105338997707,-9999,3279.267534875,-0.7726898193359375,0.61614990234375,0.18682861328125,3279.258723875,-0.3219468632528277,-1.790010959661595,-0.6827358519545293,0.5639691948890686,0.00505299074575305,-0.07062248885631561,-0.02001553773880005,-0.002393126487731934,0.03205646574497223,XArbitraryZVertical,-0.3245362040531838,-0.6921239854242187,0.1633479949541734,0.6236651818400614,-0.7572826147079468,0.6309179663658142,0.1687187105417252,0,0,0,-1,-1,3230.927795875,unknown,2,2026-04-24T18:20:16.323+02:00,null,0,0,0,0,0,0,0,null,798740462.8362647,0,0.7599998,101.5559,1,0.85
2026-04-24T18:21:04.694+02:00,1777047653.571205,53.56895416345577,9.882977505173033,38.55946,-1,-1,-1,-1,9.056828472500998,2.789105338997707,-9999,3279.277609875,-0.7658233642578125,0.609344482421875,0.172332763671875,3279.268798875,-0.3145048086286023,-1.785192459984106,-0.6834166772901417,0.5887115597724915,0.01675012707710266,-0.04581380635499954,-0.01502317190170288,-0.01529616117477417,0.02185235917568207,XArbitraryZVertical,-0.3225416172857168,-0.6917044648764765,0.1651493190616579,0.6246899615558212,-0.7576665878295898,0.6314460635185242,0.1649763286113739,0,0,0,-1,-1,3230.927795875,unknown,2,2026-04-24T18:20:16.323+02:00,null,0,0,0,0,0,0,0,null,798740462.8362647,0,0.7599998,101.5559,1,0.85
2026-04-24T18:21:04.704+02:00,1777047653.571205,53.56895416345577,9.882977505173033,38.55946,-1,-1,-1,-1,9.056828472500998,2.789105338997707,-9999,3279.287684875,-0.7491607666015625,0.641387939453125,0.160675048828125,3279.278873875,-0.3064382669909849,-1.779994905348884,-0.684275919252937,0.6775343418121338,0.004593063145875931,-0.05002133548259735,-0.007840514183044434,-0.02276766300201416,0.01140938699245453,XArbitraryZVertical,-0.3204185072635902,-0.6912262015742835,0.1671606623360681,0.6257760325029242,-0.7579828500747681,0.6321120858192444,0.1609233617782593,0,0,0,-1,-1,3230.927795875,unknown,2,2026-04-24T18:20:16.323+02:00,null,0,0,0,0,0,0,0,null,798740462.8362647,0,0.7599998,101.5559,1,0.85
2026-04-24T18:21:04.714+02:00,1777047653.571205,53.56895416345577,9.882977505173033,38.55946,-1,-1,-1,-1,9.056828472500998,2.789105338997707,-9999,3279.297759875,-0.7501220703125,0.68536376953125,0.1409912109375,3279.288948875,-0.2960735953757456,-1.773434246312697,-0.6853849735224262,0.9471777677536011,-0.004218803718686104,-0.05814903602004051,0.0091744065284729,0.008416891098022461,0.004869222640991211,XArbitraryZVertical,-0.3176945180324873,-0.6906324220871454,0.1697788793823248,0.6271142173753645,-0.7583351731300354,0.6329711079597473,0.1558059006929398,0,0,0,-1,-1,3230.927795875,unknown,2,2026-04-24T18:20:16.323+02:00,null,0,0,0,0,0,0,0,null,798740462.8362647,0,0.7599998,101.5559,1,0.85
2026-04-24T18:21:04.724+02:00,1777047653.571205,53.56895416345577,9.882977505173033,38.55946,-1,-1,-1,-1,9.056828472500998,2.789105338997707,-9999,3279.307834875,-0.7645721435546875,0.7256927490234375,0.1111602783203125,3279.299023875,-0.2813579229259656,-1.764096483513952,-0.6870624394092966,1.346325039863586,0.003526999615132809,-0.06261828541755676,0.008591771125793457,0.05109488964080811,-0.007522597908973694,XArbitraryZVertical,-0.3138817003007248,-0.6897356033746458,0.1735559835565242,0.6289843828203761,-0.7587137222290039,0.6342688798904419,0.1485138535499573,0,0,0,-1,-1,3230.927795875,unknown,2,2026-04-24T18:20:16.323+02:00,null,0,0,0,0,0,0,0,null,798740462.8362647,0,0.7599998,101.5559,1,0.85
2026-04-24T18:21:04.734+02:00,1777047653.571205,53.56895416345577,9.882977505173033,38.55946,-1,-1,-1,-1,9.056828472500998,2.789105338997707,-9999,3279.317909875,-0.7706146240234375,0.76727294921875,0.0800933837890625,3279.309098875,-0.2607802242664071,-1.750989278687206,-0.6893858468920165,1.843466877937317,0.002011660952121019,-0.07187490165233612,-0.005428791046142578,0.0896294116973877,-0.02713191509246826,XArbitraryZVertical,-0.3085972948680189,-0.6884140163477754,0.1788691421261841,0.6315534136032462,-0.7591433525085449,0.6360633969306946,0.1382922977209091,0,0,0,-1,-1,3230.927795875,unknown,2,2026-04-24T18:20:16.323+02:00,null,0,0,0,0,0,0,0,null,798740462.8362647,0,0.7599998,101.5559,1,0.85
2026-04-24T18:21:04.744+02:00,1777047653.571205,53.56895416345577,9.882977505173033,38.55946,-1,-1,-1,-1,9.056828472500998,2.789105338997707,-9999,3279.327984875,-0.783477783203125,0.78167724609375,0.0614776611328125,3279.319173875,-0.2336135256172665,-1.733671702814402,-0.6921757256892551,2.347227811813354,0.004902522545307875,-0.09750642627477646,-0.01094424724578857,0.129059374332428,-0.04474399983882904,XArbitraryZVertical,-0.3016316219919974,-0.6866127794448992,0.185862432985105,0.6348516248233214,-0.7596704959869385,0.6382136940956116,0.1248374879360199,0,0,0,-1,-1,3230.927795875,unknown,2,2026-04-24T18:20:16.323+02:00,null,0,0,0,0,0,0,0,null,798740462.8362647,0,0.7599998,101.5559,1,0.85
2026-04-24T18:21:05.056+02:00,1777047653.571205,53.56895416345577,9.882977505173033,38.55946,-1,-1,-1,-1,9.056828472500998,2.789105338997707,-9999,3279.640310875,-0.7854461669921875,0.2222137451171875,-0.612640380859375,3279.631499875,1.167977513856706,-0.9052492801919828,-0.135921700862347,3.105443477630615,0.3426390290260315,-0.5071259737014771,-0.004290759563446045,0.1085302382707596,-0.002295613288879395,XArbitraryZVertical,0.1896173168340579,-0.3976783952757518,0.519467535650312,0.7321548165177144,-0.7793244123458862,0.1355035752058029,-0.6117943525314331,0,0,0,-1,-1,3230.927795875,unknown,2,2026-04-24T18:20:16.323+02:00,null,0,0,0,0,0,0,0,null,798740462.8362647,0,0.7599998,101.5559,1,0.85
2026-04-24T18:21:05.066+02:00,1777047653.571205,53.56895416345577,9.882977505173033,38.55946,-1,-1,-1,-1,9.056828472500998,2.789105338997707,-9999,3279.650385875,-0.7853546142578125,0.18719482421875,-0.5986328125,3279.641574875,1.190105976429318,-0.8989650441837309,-0.1119947816207858,3.261850118637085,0.366506814956665,-0.5125877261161804,-0.007666409015655518,0.1104529201984406,0.005880653858184814,XArbitraryZVertical,0.2014334906096465,-0.3875100804775233,0.5242210352574812,0.7310628033200187,-0.777779757976532,0.1117608100175858,-0.618520975112915,0,0,0,-1,-1,3230.927795875,unknown,2,2026-04-24T18:20:16.323+02:00,null,0,0,0,0,0,0,0,null,798740462.8362647,0,0.7599998,101.5559,1,0.85
2026-04-24T18:21:05.076+02:00,1777047653.571205,53.56895416345577,9.882977505173033,38.55946,-1,-1,-1,-1,9.056828472500998,2.789105338997707,-9999,3279.660460875,-0.77044677734375,0.1739044189453125,-0.6222686767578125,3279.651649875,1.213440605790517,-0.8927277578135953,-0.08692568218405346,3.443228244781494,0.4051362276077271,-0.5018993616104126,-0.00950932502746582,0.1003785729408264,0.02628880739212036,XArbitraryZVertical,0.2137088400712277,-0.3766533217052592,0.5292350742782916,0.7296376771910273,-0.7758453488349915,0.08681625127792358,-0.6249216198921204,0,0,0,-1,-1,3230.927795875,unknown,2,2026-04-24T18:20:16.323+02:00,null,0,0,0,0,0,0,0,null,798740462.8362647,0,0.7599998,101.5559,1,0.85
2026-04-24T18:21:05.086+02:00,1777047653.571205,53.56895416345577,9.882977505173033,38.55946,-1,-1,-1,-1,9.056828472500998,2.789105338997707,-9999,3279.670535875,-0.76123046875,0.1531219482421875,-0.62255859375,3279.661724875,1.237729086214463,-0.8868278780295119,-0.06059523107168781,3.567898988723755,0.4158722162246704,-0.5270326733589172,0.003201961517333984,0.1133462563157082,0.008445501327514648,XArbitraryZVertical,0.2264796371027822,-0.3651710596430869,0.5343550980391258,0.7278885712907565,-0.7736487984657288,0.06055815517902374,-0.6307141184806824,0,0,0,-1,-1,3230.927795875,unknown,2,2026-04-24T18:20:16.323+02:00,null,0,0,0,0,0,0,0,null,798740462.8362647,0,0.7599998,101.5559,1,0.85
2026-04-24T18:21:05.096+02:00,1777047653.571205,53.56895416345577,9.882977505173033,38.55946,-1,-1,-1,-1,9.056828472500998,2.789105338997707,-9999,3279.680610875,-0.7551116943359375,0.1101226806640625,-0.62933349609375,3279.671799875,1.262386254080504,-0.8812048876233316,-0.03362204133493371,3.598062753677368,0.4654815793037415,-0.5092472434043884,0.009839475154876709,0.1195062398910522,0.01330387592315674,XArbitraryZVertical,0.2393613107206916,-0.3532349445120225,0.5394625810146757,0.7258866556772854,-0.7710700035095215,0.03361570835113525,-0.6358624696731567,0,0,0,-1,-1,3230.927795875,unknown,2,2026-04-24T18:20:16.323+02:00,null,0,0,0,0,0,0,0,null,798740462.8362647,0,0.7599998,101.5559,1,0.85
2026-04-24T18:21:05.106+02:00,1777047653.571205,53.56895416345577,9.882977505173033,38.55946,-1,-1,-1,-1,9.056828472500998,2.789105338997707,-9999,3279.690685875,-0.756622314453125,0.0380096435546875,-0.6021575927734375,3279.681874875,1.287117119134922,-0.8758440295349763,-0.00666417383740373,3.600702047348022,0.4864734411239624,-0.4829700589179993,0.01295548677444458,0.1034585535526276,0.01100116968154907,XArbitraryZVertical,0.2520391603088535,-0.3410410150802197,0.544549837430499,0.7236247210175022,-0.7680671811103821,0.006664124317467213,-0.6403345465660095,0,0,0,-1,-1,3230.927795875,unknown,2,2026-04-24T18:20:16.323+02:00,null,0,0,0,0,0,0,0,null,798740462.8362647,0,0.7599998,101.5559,1,0.85
2026-04-24T18:21:05.117+02:00,1777047653.571205,53.56895416345577,9.882977505173033,38.55946,-1,-1,-1,-1,9.056828472500998,2.789105338997707,-9999,3279.700760875,-0.7548828125,-0.008331298828125,-0.585052490234375,3279.691949875,1.312005781935842,-0.8712048559740125,0.02037894673854745,3.655749559402466,0.4873482882976532,-0.4497654438018799,0.008324146270751953,0.05838718265295029,0.04161393642425537,XArbitraryZVertical,0.2646812192304773,-0.3287219179171936,0.5495585749411802,0.7210209980798299,-0.764946460723877,-0.02037753537297249,-0.6437715291976929,0,0,0,-1,-1,3230.927795875,unknown,2,2026-04-24T18:20:16.323+02:00,null,0,0,0,0,0,0,0,null,798740462.8362647,0,0.7599998,101.5559,1,0.85
2026-04-24T18:21:05.127+02:00,1777047653.571205,53.56895416345577,9.882977505173033,38.55946,-1,-1,-1,-1,9.056828472500998,2.789105338997707,-9999,3279.710835875,-0.74908447265625,0.0001678466796875,-0.6131134033203125,3279.702024875,1.338109977143551,-0.8670220662086399,0.04812197632844459,3.858445167541504,0.4987916052341461,-0.4223293662071228,0.006639838218688965,0.03977210074663162,0.06129825115203857,XArbitraryZVertical,0.2775905681508113,-0.3158609250796311,0.5547799490830825,0.71790987735251,-0.7615227103233337,-0.04810340702533722,-0.6463506817817688,0,0,0,-1,-1,3230.927795875,unknown,2,2026-04-24T18:20:16.323+02:00,null,0,0,0,0,0,0,0,null,798740462.8362647,0,0.7599998,101.5559,1,0.85
2026-04-24T18:21:05.137+02:00,1777047653.571205,53.56895416345577,9.882977505173033,38.55946,-1,-1,-1,-1,9.056828472500998,2.789105338997707,-9999,3279.720910875,-0.756439208984375,0.027557373046875,-0.62298583984375,3279.712099875,1.366097543935046,-0.8633450679097108,0.07732575144695744,4.121790409088135,0.5852751135826111,-0.3884907066822052,0.008665204048156738,0.0774165540933609,0.03484338521957397,XArbitraryZVertical,0.2911055000393293,-0.3021244654791476,0.5602902575785569,0.7141800910301669,-0.7577497363090515,-0.077248714864254,-0.6479567885398865,0,0,0,-1,-1,3230.927795875,unknown,2,2026-04-24T18:20:16.323+02:00,null,0,0,0,0,0,0,0,null,798740462.8362647,0,0.7599998,101.5559,1,0.85
2026-04-24T18:21:05.147+02:00,1777047653.571205,53.56895416345577,9.882977505173033,38.55946,-1,-1,-1,-1,9.056828472500998,2.789105338997707,-9999,3279.730985875,-0.7556915283203125,0.02032470703125,-0.5972137451171875,3279.722174875,1.395879974094478,-0.860072233586623,0.1077843906074399,4.253806114196777,0.6168865561485291,-0.3708255290985107,-0.002947688102722168,0.1351331770420074,0.02561104297637939,XArbitraryZVertical,0.3050431130744917,-0.2874895923536654,0.566074874048489,0.7098293089210709,-0.7534915804862976,-0.107575811445713,-0.6485968828201294,0,0,0,-1,-1,3230.927795875,unknown,2,2026-04-24T18:20:16.323+02:00,null,0,0,0,0,0,0,0,null,798740462.8362647,0,0.7599998,101.5559,1,0.85
2026-04-24T18:21:05.157+02:00,1777047653.571205,53.56895416345577,9.882977505173033,38.55946,-1,-1,-1,-1,9.056828472500998,2.789105338997707,-9999,3279.741060875,-0.748931884765625,-0.0606536865234375,-0.51788330078125,3279.732249875,1.425684218246423,-0.8572238003975278,0.1379971509130772,4.05638599395752,0.6614378094673157,-0.3330970406532288,-0.006850361824035645,0.1578842997550964,0.05110281705856323,XArbitraryZVertical,0.3185942600601723,-0.2726526133345465,0.5717371356221993,0.7051772231163204,-0.7488411664962769,-0.1375595778226852,-0.648316502571106,0,0,0,-1,-1,3230.927795875,unknown,2,2026-04-24T18:20:16.323+02:00,null,0,0,0,0,0,0,0,null,798740462.8362647,0,0.7599998,101.5559,1,0.85
2026-04-24T18:21:05.167+02:00,1777047653.571205,53.56895416345577,9.882977505173033,38.55946,-1,-1,-1,-1,9.056828472500998,2.789105338997707,-9999,3279.751135875,-0.744537353515625,-0.19970703125,-0.43792724609375,3279.742324875,1.452934817985652,-0.8548994453006831,0.1655816122645621,3.541745185852051,0.6049920320510864,-0.2995539307594299,-0.004746556282043457,0.1041723191738129,0.1294347047805786,XArbitraryZVertical,0.3306711183739661,-0.2588389307273825,0.5767723528282738,0.7007087535005647,-0.7441853284835815,-0.1648260205984116,-0.6473180651664734,0,0,0,-1,-1,3230.927795875,unknown,2,2026-04-24T18:20:16.323+02:00,null,0,0,0,0,0,0,0,null,798740462.8362647,0,0.7599998,101.5559,1,0.85
2026-04-24T18:21:05.177+02:00,1777047653.571205,53.56895416345577,9.882977505173033,38.55946,-1,-1,-1,-1,9.056828472500998,2.789105338997707,-9999,3279.761210875,-0.7393646240234375,-0.3277435302734375,-0.4187164306640625,3279.752399875,1.475885945681262,-0.8531163394809126,0.1890536571227283,2.896711587905884,0.5412991046905518,-0.2731319069862366,-0.00462639331817627,-0.01177753508090973,0.2079940438270569,XArbitraryZVertical,0.3406827130663796,-0.2469305046928217,0.5808576215393361,0.6968249501764718,-0.7399109601974487,-0.1879294961690903,-0.6459212303161621,0,0,0,-1,-1,3230.927795875,unknown,2,2026-04-24T18:20:16.323+02:00,null,0,0,0,0,0,0,0,null,798740462.8362647,0,0.7599998,101.5559,1,0.85
2026-04-24T18:21:05.187+02:00,1777047653.571205,53.56895416345577,9.882977505173033,38.55946,-1,-1,-1,-1,9.056828472500998,2.789105338997707,-9999,3279.771285875,-0.732666015625,-0.355499267578125,-0.4578399658203125,3279.762474875,1.494475108066357,-0.8516447419509361,0.2085335938258591,2.417381286621094,0.4788210988044739,-0.2614482939243317,-0.003299355506896973,-0.1207180619239807,0.2257587909698486,XArbitraryZVertical,0.3487342585363062,-0.2369531870718613,0.5840263437915711,0.6936503667276391,-0.7360653281211853,-0.207025483250618,-0.6444752216339111,0,0,0,-1,-1,3230.927795875,unknown,2,2026-04-24T18:20:16.323+02:00,null,0,0,0,0,0,0,0,null,798740462.8362647,0,0.7599998,101.5559,1,0.85
2026-04-24T18:21:05.197+02:00,1777047653.571205,53.56895416345577,9.882977505173033,38.55946,-1,-1,-1,-1,9.056828472500998,2.789105338997707,-9999,3279.781360875,-0.7341766357421875,-0.2943572998046875,-0.52154541015625,3279.772549875,1.510727350240827,-0.8506072828992891,0.225966117737324,2.279919624328613,0.4387051165103912,-0.258770227432251,-9.405612945556641e-05,-0.1314512640237808,0.1849204301834106,XArbitraryZVertical,0.3558212478397207,-0.2280593013862831,0.5866326633166935,0.6908273430239901,-0.7325719594955444,-0.2240480184555054,-0.6427603960037231,0,0,0,-1,-1,3230.927795875,unknown,2,2026-04-24T18:20:16.323+02:00,null,0,0,0,0,0,0,0,null,798740462.8362647,0,0.7599998,101.5559,1,0.85
2026-04-24T18:21:05.207+02:00,1777047653.571205,53.56895416345577,9.882977505173033,38.55946,-1,-1,-1,-1,9.056828472500998,2.789105338997707,-9999,3279.791435875,-0.7451171875,-0.20550537109375,-0.5661773681640625,3279.782624875,1.526949629348922,-0.8498378227568487,0.2431850019214727,2.333425760269165,0.477431982755661,-0.2397304177284241,-0.005105793476104736,-0.05356219410896301,0.1191366910934448,XArbitraryZVertical,0.3627719999771817,-0.219215500143109,0.5891731606388232,0.6879071524952964,-0.7290709018707275,-0.2407951354980469,-0.6406821012496948,0,0,0,-1,-1,3230.927795875,unknown,2,2026-04-24T18:20:16.323+02:00,null,0,0,0,0,0,0,0,null,798740462.8362647,0,0.7599998,101.5559,1,0.85
2026-04-24T18:21:05.218+02:00,1777047653.571205,53.56895416345577,9.882977505173033,38.55946,-1,-1,-1,-1,9.056828472500998,2.789105338997707,-9999,3279.801510875,-0.7515716552734375,-0.1853485107421875,-0.5582122802734375,3279.792699875,1.544016228659456,-0.8492632157176141,0.2609237655022738,2.386321783065796,0.4990672469139099,-0.205175369977951,-0.01973605155944824,0.05246779322624207,0.07200139760971069,XArbitraryZVertical,0.3698827905365059,-0.2099937371850102,0.5918204493975852,0.6847173599076437,-0.7253811359405518,-0.2579731643199921,-0.6381787061691284,0,0,0,-1,-1,3230.927795875,unknown,2,2026-04-24T18:20:16.323+02:00,null,0,0,0,0,0,0,0,null,798740462.8362647,0,0.7599998,101.5559,1,0.85
2026-04-24T18:21:05.228+02:00,1777047653.571205,53.56895416345577,9.882977505173033,38.55946,-1,-1,-1,-1,9.056828472500998,2.789105338997707,-9999,3279.811585875,-0.7203826904296875,-0.251220703125,-0.5022430419921875,3279.802774875,1.560315343489998,-0.8487843276046111,0.2773614934923822,2.108373641967773,0.4421597421169281,-0.2006834000349045,-0.02977639436721802,0.08847042918205261,0.07742512226104736,XArbitraryZVertical,0.3763949723201536,-0.201266313174175,0.5943792641661458,0.6815659380530169,-0.7217952609062195,-0.2738189399242401,-0.6356374025344849,0,0,0,-1,-1,3230.927795875,unknown,2,2026-04-24T18:20:16.323+02:00,null,0,0,0,0,0,0,0,null,798740462.8362647,0,0.7599998,101.5559,1,0.85
2026-04-24T18:21:05.238+02:00,1777047653.571205,53.56895416345577,9.882977505173033,38.55946,-1,-1,-1,-1,9.056828472500998,2.789105338997707,-9999,3279.821660875,-0.7051544189453125,-0.3657379150390625,-0.4724884033203125,3279.812849875,1.574292153433209,-0.8485810451798341,0.2919659156128582,1.787705183029175,0.3733718991279602,-0.2177617251873016,-0.001794159412384033,0.03661477565765381,0.1308298110961914,XArbitraryZVertical,0.3820792222530275,-0.1935950147727907,0.5963970205149489,0.6788572208205136,-0.7185885906219482,-0.2878355085849762,-0.6330728530883789,0,0,0,-1,-1,3230.927795875,unknown,2,2026-04-24T18:20:16.323+02:00,null,0,0,0,0,0,0,0,null,798740462.8362647,0,0.7599998,101.5559,1,0.85
2026-04-24T18:21:05.248+02:00,1777047653.571205,53.56895416345577,9.882977505173033,38.55946,-1,-1,-1,-1,9.056828472500998,2.789105338997707,-9999,3279.831735875,-0.714691162109375,-0.3905487060546875,-0.4889678955078125,3279.822924875,1.585238631575254,-0.8483250978405631,0.3041618729152297,1.376965522766113,0.3199906945228577,-0.2222162634134293,0.01058530807495117,-0.06624430418014526,0.1584001183509827,XArbitraryZVertical,0.386648986054397,-0.1872386575141438,0.5978227260714294,0.6767956118655865,-0.7157397270202637,-0.2994936108589172,-0.6308885216712952,0,0,0,-1,-1,3230.927795875,unknown,2,2026-04-24T18:20:16.323+02:00,null,0,0,0,0,0,0,0,null,798740462.8362647,0,0.7599998,101.5559,1,0.85
2026-04-24T18:21:05.258+02:00,1777047653.571205,53.56895416345577,9.882977505173033,38.55946,-1,-1,-1,-1,9.056828472500998,2.789105338997707,-9999,3279.841810875,-0.7154388427734375,-0.3503875732421875,-0.531036376953125,3279.832999875,1.593457906864178,-0.8478012555314628,0.3138544299161393,1.083017945289612,0.2874498069286346,-0.1915675401687622,-0.00149226188659668,-0.08182168006896973,0.1403452157974243,XArbitraryZVertical,0.3900896777717852,-0.1821359323101866,0.5988375490962415,0.6753148890159755,-0.7131989002227783,-0.3087270557880402,-0.6293131113052368,0,0,0,-1,-1,3230.927795875,unknown,2,2026-04-24T18:20:16.323+02:00,null,0,0,0,0,0,0,0,null,798740462.8362647,0,0.7599998,101.5559,1,0.85
2026-04-24T18:21:05.268+02:00,1777047653.571205,53.56895416345577,9.882977505173033,38.55946,-1,-1,-1,-1,9.056828472500998,2.789105338997707,-9999,3279.851885875,-0.7153167724609375,-0.3343353271484375,-0.570037841796875,3279.843074875,1.60013268875961,-0.847221019062247,0.3219150123770905,0.9252213835716248,0.2427920401096344,-0.1819943487644196,-0.004493355751037598,-0.03400379419326782,0.09702247381210327,XArbitraryZVertical,0.3928601771436419,-0.177852454460418,0.59964454473266,0.6741333421716869,-0.7109454870223999,-0.3163837790489197,-0.6280587911605835,0,0,0,-1,-1,3230.927795875,unknown,2,2026-04-24T18:20:16.323+02:00,null,0,0,0,0,0,0,0,null,798740462.8362647,0,0.7599998,101.5559,1,0.85
2026-04-24T18:21:05.278+02:00,1777047653.571205,53.56895416345577,9.882977505173033,38.55946,-1,-1,-1,-1,9.056828472500998,2.789105338997707,-9999,3279.861960875,-0.7223968505859375,-0.3396759033203125,-0.5789031982421875,3279.853149875,1.605774560468151,-0.8467150940478667,0.3291519576048304,0.830078125,0.2175468802452087,-0.191693052649498,-0.006422936916351318,-0.01109471917152405,0.05684733390808105,XArbitraryZVertical,0.3952961122711807,-0.1740642817701281,0.6002398335442216,0.6731678385701206,-0.708893895149231,-0.3232406377792358,-0.6268852353096008,0,0,0,-1,-1,3230.927795875,unknown,2,2026-04-24T18:20:16.323+02:00,null,0,0,0,0,0,0,0,null,798740462.8362647,0,0.7599998,101.5559,1,0.85
2026-04-24T18:21:05.288+02:00,1777047653.571205,53.56895416345577,9.882977505173033,38.55946,-1,-1,-1,-1,9.056828472500998,2.789105338997707,-9999,3279.872035875,-0.7255859375,-0.3587646484375,-0.5906524658203125,3279.863224875,1.610749561758475,-0.8462744016548152,0.335910600562584,0.7530187368392944,0.1936039924621582,-0.1898768991231918,-0.01543140411376953,-0.01004692912101746,0.04683208465576172,XArbitraryZVertical,0.397535064186832,-0.1705820650240552,0.6006837701827304,0.6723441754623372,-0.706965446472168,-0.3296290040016174,-0.6257352828979492,0,0,0,-1,-1,3230.927795875,unknown,2,2026-04-24T18:20:16.323+02:00,null,0,0,0,0,0,0,0,null,798740462.8362647,0,0.7599998,101.5559,1,0.85
2026-04-24T18:21:05.299+02:00,1777047653.571205,53.56895416345577,9.882977505173033,38.55946,-1,-1,-1,-1,9.056828472500998,2.789105338997707,-9999,3279.882110875,-0.717041015625,-0.36248779296875,-0.5783843994140625,3279.873299875,1.615095268187999,-0.8458936221561738,0.3419053489370579,0.6468246579170227,0.1714028120040894,-0.1625041365623474,-0.02035069465637207,-0.02348187565803528,0.0340304970741272,XArbitraryZVertical,0.3995025709509301,-0.1674999434780792,0.6010476495919744,0.6716272885391641,-0.7052352428436279,-0.3352827727794647,-0.6246829032897949,0,0,0,-1,-1,3230.927795875,unknown,2,2026-04-24T18:20:16.323+02:00,null,0,0,0,0,0,0,0,null,798740462.8362647,0,0.7599998,101.5559,1,0.85
2026-04-24T18:21:05.309+02:00,1777047653.571205,53.56895416345577,9.882977505173033,38.55946,-1,-1,-1,-1,9.056828472500998,2.789105338997707,-9999,3279.892185875,-0.7097320556640625,-0.3594818115234375,-0.5800628662109375,3279.883374875,1.61888664116598,-0.8455432753088362,0.3470235742069899,0.5622572898864746,0.1522922515869141,-0.1305389553308487,-0.01331812143325806,-0.02238750457763672,0.04539912939071655,XArbitraryZVertical,0.4011698367680572,-0.1648362855398756,0.6013866117826155,0.6709888689349562,-0.7037229537963867,-0.3401003181934357,-0.6237835288047791,0,0,0,-1,-1,3230.927795875,unknown,2,2026-04-24T18:20:16.323+02:00,null,0,0,0,0,0,0,0,null,798740462.8362647,0,0.7599998,101.5559,1,0.85
2026-04-24T18:21:05.318+02:00,1777047653.571205,53.56895416345577,9.882977505173033,38.55946,-1,-1,-1,-1,9.056828472500998,2.789105338997707,-9999,3279.902260875,-0.7047576904296875,-0.365631103515625,-0.5848541259765625,3279.893449875,1.62232282832209,-0.8453586372590244,0.3514482984993265,0.5009894371032715,0.1161840334534645,-0.1032474040985107,-0.00725710391998291,-0.01522389054298401,0.04284608364105225,XArbitraryZVertical,0.4026508333800995,-0.1625356437265169,0.6017059790997746,0.6703764552114109,-0.7024749517440796,-0.3442579507827759,-0.6229089498519897,0,0,0,-1,-1,3230.927795875,unknown,2,2026-04-24T18:20:16.323+02:00,null,0,0,0,0,0,0,0,null,798740462.8362647,0,0.7599998,101.5559,1,0.85
2026-04-24T18:21:05.328+02:00,1777047653.571205,53.56895416345577,9.882977505173033,38.55946,-1,-1,-1,-1,9.056828472500998,2.789105338997707,-9999,3279.912335875,-0.7097320556640625,-0.378021240234375,-0.580841064453125,3279.903524875,1.6252811201634,-0.8453376251776316,0.3551984147675589,0.3946724236011505,0.0932033509016037,-0.09055404365062714,-0.003266751766204834,-0.01785469055175781,0.03720861673355103,XArbitraryZVertical,0.4039438845147519,-0.1606175215207021,0.6019622575903532,0.6698303821074791,-0.7014909386634827,-0.3477764129638672,-0.6220626831054688,0,0,0,-1,-1,3230.927795875,unknown,2,2026-04-24T18:20:16.323+02:00,null,0,0,0,0,0,0,0,null,798740462.8362647,0,0.7599998,101.5559,1,0.85
2026-04-24T18:21:05.339+02:00,1777047653.571205,53.56895416345577,9.882977505173033,38.55946,-1,-1,-1,-1,9.056828472500998,2.789105338997707,-9999,3279.922410875,-0.7176971435546875,-0.3911895751953125,-0.5792236328125,3279.913599875,1.627069422020237,-0.8451170648782513,0.3578796311073604,0.1981947720050812,0.07465150952339172,-0.0777069553732872,-0.009078383445739746,-0.02773228287696838,0.04075533151626587,XArbitraryZVertical,0.4047766145141989,-0.1592410330272838,0.6020762825018201,0.6695538666045898,-0.7006536722183228,-0.350288987159729,-0.6215963959693909,0,0,0,-1,-1,3230.927795875,unknown,2,2026-04-24T18:20:16.323+02:00,null,0,0,0,0,0,0,0,null,798740462.8362647,0,0.7599998,101.5559,1,0.85
2026-04-24T18:21:05.349+02:00,1777047653.571205,53.56895416345577,9.882977505173033,38.55946,-1,-1,-1,-1,9.056828472500998,2.789105338997707,-9999,3279.932486875,-0.7211456298828125,-0.417236328125,-0.5787200927734375,3279.923674875,1.627297778277282,-0.8446043267290188,0.3589686176833026,-0.02801056206226349,0.04221660643815994,-0.05862107872962952,-0.01764792203903198,-0.03988081216812134,0.04247826337814331,XArbitraryZVertical,0.4049471672738739,-0.1586406583952564,0.6020413076353559,0.6696246835680684,-0.7000492215156555,-0.3513087928295135,-0.6217018961906433,0,0,0,-1,-1,3230.927795875,unknown,2,2026-04-24T18:20:16.323+02:00,null,0,0,0,0,0,0,0,null,798740462.8362647,0,0.7599998,101.5559,1,0.85
2026-04-24T18:21:05.359+02:00,1777047653.571205,53.56895416345577,9.882977505173033,38.55946,-1,-1,-1,-1,9.056828472500998,2.789105338997707,-9999,3279.942561875,-0.7250518798828125,-0.43914794921875,-0.5790863037109375,3279.933750875,1.625522876536027,-0.8437698016909148,0.3582622050674687,-0.3200086057186127,-0.0001785224303603172,-0.04913943260908127,-0.02143025398254395,-0.06658905744552612,0.04373055696487427,XArbitraryZVertical,0.4043559771536908,-0.1589683043242645,0.6017552398795584,0.6701611404795433,-0.6997154355049133,-0.3506473004817963,-0.6224506497383118,0,0,0,-1,-1,3230.927795875,unknown,2,2026-04-24T18:20:16.323+02:00,null,0,0,0,0,0,0,0,null,798740462.8362647,0,0.7599998,101.5559,1,0.85
2026-04-24T18:21:05.369+02:00,1777047653.571205,53.56895416345577,9.882977505173033,38.55946,-1,-1,-1,-1,9.056828472500998,2.789105338997707,-9999,3279.952636875,-0.7230377197265625,-0.4577178955078125,-0.5660858154296875,3279.943825875,1.621438152244175,-0.8425974733200471,0.3553546007628109,-0.6284729242324829,-0.05755100026726723,-0.02750417590141296,-0.02530866861343384,-0.09122514724731445,0.0448601245880127,XArbitraryZVertical,0.4028553923961704,-0.160419225105405,0.6011957500218166,0.6712204384671445,-0.6997432112693787,-0.3479228317737579,-0.6239464282989502,0,0,0,-1,-1,3230.927795875,unknown,2,2026-04-24T18:20:16.323+02:00,null,0,0,0,0,0,0,0,null,798740462.8362647,0,0.7599998,101.5559,1,0.85
2026-04-24T18:21:05.379+02:00,1777047653.571205,53.56895416345577,9.882977505173033,38.55946,-1,-1,-1,-1,9.056828472500998,2.789105338997707,-9999,3279.962711875,-0.7317657470703125,-0.4787445068359375,-0.562652587890625,3279.953900875,1.615216513917926,-0.841281914429684,0.3503554095572512,-0.8914238214492798,-0.1047278344631195,-0.001039278344251215,-0.02282804250717163,-0.1144862771034241,0.05993211269378662,XArbitraryZVertical,0.4005370047607546,-0.1629759549105393,0.6003533095953787,0.6727442773777906,-0.7002097368240356,-0.3432316482067108,-0.6260178685188293,0,0,0,-1,-1,3230.927795875,unknown,2,2026-04-24T18:20:16.323+02:00,null,0,0,0,0,0,0,0,null,798740462.8362647,0,0.7599998,101.5559,1,0.85
2026-04-24T18:21:05.389+02:00,1777047653.571205,53.56895416345577,9.882977505173033,38.55946,-1,-1,-1,-1,9.056828472500998,2.789105338997707,-9999,3279.972786875,-0.7390594482421875,-0.4615936279296875,-0.5810089111328125,3279.963975875,1.607557203867281,-0.8398384064295968,0.3436371642885845,-1.050712466239929,-0.1218458339571953,0.03677947446703911,-0.03075939416885376,-0.1418306827545166,0.06590068340301514,XArbitraryZVertical,0.3975518585708179,-0.1663607406181818,0.599378394128664,0.6745533795070904,-0.7010064125061035,-0.3369138240814209,-0.6285532712936401,0,0,0,-1,-1,3230.927795875,unknown,2,2026-04-24T18:20:16.323+02:00,null,0,0,0,0,0,0,0,null,798740462.8362647,0,0.7599998,101.5559,1,0.85
2026-04-24T18:21:05.399+02:00,1777047653.571205,53.56895416345577,9.882977505173033,38.55946,-1,-1,-1,-1,9.056828472500998,2.789105338997707,-9999,3279.982861875,-0.7335357666015625,-0.412750244140625,-0.6062469482421875,3279.974050875,1.599230862942381,-0.8384139221089131,0.3360064445579456,-1.111945509910583,-0.1448414325714111,0.04756714031100273,-0.03705787658691406,-0.131874144077301,0.05024290084838867,XArbitraryZVertical,0.3942251514066973,-0.1701781879655052,0.5983368158382183,0.6764754203802954,-0.7020015716552734,-0.3297195136547089,-0.6312518119812012,0,0,0,-1,-1,3230.927795875,unknown,2,2026-04-24T18:20:16.323+02:00,null,0,0,0,0,0,0,0,null,798740462.8362647,0,0.7599998,101.5559,1,0.85
2026-04-24T18:21:05.409+02:00,1777047653.571205,53.56895416345577,9.882977505173033,38.55946,-1,-1,-1,-1,9.056828472500998,2.789105338997707,-9999,3279.992936875,-0.7246551513671875,-0.3913421630859375,-0.61004638671875,3279.984125875,1.590483791306569,-0.8371118048873794,0.3279708751484549,-1.193614840507507,-0.1666433960199356,0.04483047500252724,-0.03041160106658936,-0.09062755107879639,0.0276721715927124,XArbitraryZVertical,0.3907472886381312,-0.1742326244956667,0.597189246761472,0.6784723011121756,-0.7031241655349731,-0.322122722864151,-0.6339191198348999,0,0,0,-1,-1,3230.927795875,unknown,2,2026-04-24T18:20:16.323+02:00,null,0,0,0,0,0,0,0,null,798740462.8362647,0,0.7599998,101.5559,1,0.85
2026-04-24T18:21:05.419+02:00,1777047653.571205,53.56895416345577,9.882977505173033,38.55946,-1,-1,-1,-1,9.056828472500998,2.789105338997707,-9999,3280.003011875,-0.722259521484375,-0.4110565185546875,-0.573272705078125,3279.994200875,1.580477044218368,-0.8357682881271883,0.3187487381826765,-1.457186579704285,-0.2014831304550171,0.05336590483784676,-0.02020955085754395,-0.07796362042427063,0.02678191661834717,XArbitraryZVertical,0.3867589084329829,-0.1788949311758888,0.595830526997901,0.680735056644545,-0.7044456601142883,-0.3133785724639893,-0.6368283033370972,0,0,0,-1,-1,3230.927795875,unknown,2,2026-04-24T18:20:16.323+02:00,null,0,0,0,0,0,0,0,null,798740462.8362647,0,0.7599998,101.5559,1,0.85
2026-04-24T18:21:05.429+02:00,1777047653.571205,53.56895416345577,9.882977505173033,38.55946,-1,-1,-1,-1,9.056828472500998,2.789105338997707,-9999,3280.013086875,-0.71405029296875,-0.4480133056640625,-0.5228424072265625,3280.004275875,1.56788218533493,-0.8341647384088882,0.3070120585334823,-1.88281261920929,-0.2519055604934692,0.07741931080818176,-0.01616007089614868,-0.1088447868824005,0.06711125373840332,XArbitraryZVertical,0.3816588511749339,-0.1847823988044356,0.5940939184435349,0.6835528104335742,-0.7060994505882263,-0.3022117614746094,-0.6403839588165283,0,0,0,-1,-1,3230.927795875,unknown,2,2026-04-24T18:20:16.323+02:00,null,0,0,0,0,0,0,0,null,798740462.8362647,0,0.7599998,101.5559,1,0.85
2026-04-24T18:21:05.439+02:00,1777047653.571205,53.56895416345577,9.882977505173033,38.55946,-1,-1,-1,-1,9.056828472500998,2.789105338997707,-9999,3280.023161875,-0.7053680419921875,-0.453826904296875,-0.49298095703125,3280.014350875,1.551808813806173,-0.8322330623021978,0.2919132980528465,-2.398411273956299,-0.3025527596473694,0.09552694857120514,-0.005895614624023438,-0.1602282226085663,0.1219030618667603,XArbitraryZVertical,0.375037997811295,-0.1922857021975143,0.591823388110962,0.6871083213714053,-0.7081547379493713,-0.2877851128578186,-0.644745409488678,0,0,0,-1,-1,3230.927795875,unknown,2,2026-04-24T18:20:16.323+02:00,null,0,0,0,0,0,0,0,null,798740465.4173255,0,0.8000002,101.5557,1,0.85
2026-04-24T18:21:05.450+02:00,1777047653.571205,53.56895416345577,9.882977505173033,38.55946,-1,-1,-1,-1,9.056828472500998,2.789105338997707,-9999,3280.033236875,-0.68743896484375,-0.4109954833984375,-0.5009002685546875,3280.024425875,1.532137058588678,-0.8300668642983695,0.273082618461075,-2.880534648895264,-0.3552878797054291,0.1347891241312027,0.005262017250061035,-0.1841258406639099,0.1568391919136047,XArbitraryZVertical,0.3667180414366217,-0.2015137763851401,0.588989943750608,0.6913762359209051,-0.7106301784515381,-0.2697010934352875,-0.6498201489448547,0,0,0,-1,-1,3230.927795875,unknown,2,2026-04-24T18:20:16.323+02:00,null,0,0,0,0,0,0,0,null,798740465.4173255,0,0.8000002,101.5557,1,0.85
2026-04-24T18:21:05.460+02:00,1777047653.571205,53.56895416345577,9.882977505173033,38.55946,-1,-1,-1,-1,9.056828472500998,2.789105338997707,-9999,3280.043311875,-0.6772613525390625,-0.3552703857421875,-0.529388427734375,3280.034500875,1.509436025703035,-0.827993351734454,0.2510160219075145,-3.279672384262085,-0.4045800566673279,0.153766542673111,0.02605283260345459,-0.1626072376966476,0.1542583107948303,XArbitraryZVertical,0.3569065346195101,-0.2122225877194572,0.5855917658302954,0.6961764764935793,-0.7134917974472046,-0.248388260602951,-0.6551585793495178,0,0,0,-1,-1,3230.927795875,unknown,2,2026-04-24T18:20:16.323+02:00,null,0,0,0,0,0,0,0,null,798740465.4173255,0,0.8000002,101.5557,1,0.85
2026-04-24T18:21:05.470+02:00,1777047653.571205,53.56895416345577,9.882977505173033,38.55946,-1,-1,-1,-1,9.056828472500998,2.789105338997707,-9999,3280.053386875,-0.68280029296875,-0.2938079833984375,-0.5511474609375,3280.044575875,1.484281873724108,-0.8265744441144977,0.2263492086648217,-3.599173069000244,-0.4983060359954834,0.1715888828039169,0.03958994150161743,-0.1308490484952927,0.1307322382926941,XArbitraryZVertical,0.345933112900334,-0.2242096038173087,0.5815745981609753,0.7013069314769358,-0.7168512940406799,-0.224421352148056,-0.6601206660270691,0,0,0,-1,-1,3230.927795875,unknown,2,2026-04-24T18:20:16.323+02:00,null,0,0,0,0,0,0,0,null,798740465.4173255,0,0.8000002,101.5557,1,0.85
2026-04-24T18:21:05.480+02:00,1777047653.571205,53.56895416345577,9.882977505173033,38.55946,-1,-1,-1,-1,9.056828472500998,2.789105338997707,-9999,3280.063461875,-0.68133544921875,-0.2394866943359375,-0.5723114013671875,3280.054650875,1.457161200631166,-0.826149689239297,0.1994969034195422,-3.878846883773804,-0.5444082617759705,0.1815504431724548,0.03794294595718384,-0.09563176333904266,0.1131231784820557,XArbitraryZVertical,0.3339979076848369,-0.2372975067767706,0.5769527724461807,0.7065839867984123,-0.7207432985305786,-0.198176234960556,-0.6642705798149109,0,0,0,-1,-1,3230.927795875,unknown,2,2026-04-24T18:20:16.323+02:00,null,0,0,0,0,0,0,0,null,798740465.4173255,0,0.8000002,101.5557,1,0.85
2026-04-24T18:21:05.490+02:00,1777047653.571205,53.56895416345577,9.882977505173033,38.55946,-1,-1,-1,-1,9.056828472500998,2.789105338997707,-9999,3280.073536875,-0.70159912109375,-0.1930694580078125,-0.59423828125,3280.064725875,1.428352055898539,-0.8262165721973034,0.1708727051195388,-4.102607250213623,-0.5246170163154602,0.1872443407773972,0.04332786798477173,-0.06944429874420166,0.0954824686050415,XArbitraryZVertical,0.3210496875113085,-0.2510580590975776,0.5718210237508831,0.7119816338956401,-0.7246633768081665,-0.170042410492897,-0.667793869972229,0,0,0,-1,-1,3230.927795875,unknown,2,2026-04-24T18:20:16.323+02:00,null,0,0,0,0,0,0,0,null,798740465.4173255,0,0.8000002,101.5557,1,0.85
2026-04-24T18:21:05.500+02:00,1777047653.571205,53.56895416345577,9.882977505173033,38.55946,-1,-1,-1,-1,9.056828472500998,2.789105338997707,-9999,3280.083611875,-0.716217041015625,-0.142364501953125,-0.6101531982421875,3280.074800875,1.398159604301895,-0.8266806740296269,0.1408052458397573,-4.293651580810547,-0.5016341805458069,0.1873769760131836,0.02680718898773193,-0.05272902548313141,0.07638001441955566,XArbitraryZVertical,0.3071497211457347,-0.2652355903163963,0.5662321367175641,0.7174192850655962,-0.7284063696861267,-0.1403404325246811,-0.6706182360649109,0,0,0,-1,-1,3230.927795875,unknown,2,2026-04-24T18:20:16.323+02:00,null,0,0,0,0,0,0,0,null,798740465.4173255,0,0.8000002,101.5557,1,0.85
2026-04-24T18:21:05.510+02:00,1777047653.571205,53.56895416345577,9.882977505173033,38.55946,-1,-1,-1,-1,9.056828472500998,2.789105338997707,-9999,3280.093686875,-0.7174224853515625,-0.0919647216796875,-0.6179962158203125,3280.084875875,1.366498866475492,-0.8277370964985538,0.1095574391426704,-4.499079704284668,-0.4901047945022583,0.1597559899091721,0.01577019691467285,-0.03302610665559769,0.06233453750610352,XArbitraryZVertical,0.2923818928960118,-0.2797659091200892,0.5600726414331053,0.7228848258330199,-0.7319872379302979,-0.1093384027481079,-0.672487735748291,0,0,0,-1,-1,3230.927795875,unknown,2,2026-04-24T18:20:16.323+02:00,null,0,0,0,0,0,0,0,null,798740465.4173255,0,0.8000002,101.5557,1,0.85
2026-04-24T18:21:05.520+02:00,1777047653.571205,53.56895416345577,9.882977505173033,38.55946,-1,-1,-1,-1,9.056828472500998,2.789105338997707,-9999,3280.103761875,-0.71820068359375,-0.0583648681640625,-0.6090240478515625,3280.094950875,1.333274186896071,-0.8294349929000432,0.07696156178347563,-4.712062358856201,-0.4633267223834991,0.1687076687812805,0.01794421672821045,-0.01507911831140518,0.05529749393463135,XArbitraryZVertical,0.2766386045768447,-0.2946595550340858,0.553327934555578,0.7283371312637843,-0.7353667020797729,-0.07688561081886292,-0.6732936501502991,0,0,0,-1,-1,3230.927795875,unknown,2,2026-04-24T18:20:16.323+02:00,null,0,0,0,0,0,0,0,null,798740465.4173255,0,0.8000002,101.5557,1,0.85
2026-04-24T18:21:05.530+02:00,1777047653.571205,53.56895416345577,9.882977505173033,38.55946,-1,-1,-1,-1,9.056828472500998,2.789105338997707,-9999,3280.113836875,-0.722625732421875,-0.0428924560546875,-0.599945068359375,3280.105025875,1.298556403282432,-0.8320770250942161,0.0430423668881996,-4.917216300964355,-0.4770265817642212,0.1688291281461716,0.0204460620880127,-0.01533579453825951,0.06369394063949585,XArbitraryZVertical,0.2599698017887037,-0.309930190952388,0.5459811877549249,0.7336644153970543,-0.7386467456817627,-0.04302907735109329,-0.6727179288864136,0,0,0,-1,-1,3230.927795875,unknown,2,2026-04-24T18:20:16.323+02:00,null,0,0,0,0,0,0,0,null,798740465.4173255,0,0.8000002,101.5557,1,0.85
2026-04-24T18:21:05.540+02:00,1777047653.571205,53.56895416345577,9.882977505173033,38.55946,-1,-1,-1,-1,9.056828472500998,2.789105338997707,-9999,3280.123911875,-0.723846435546875,-0.0106048583984375,-0.60272216796875,3280.115100875,1.262229422468548,-0.8360205699083678,0.007687633307505003,-5.132057666778564,-0.4991598427295685,0.1857527196407318,0.01933342218399048,-0.03520489484071732,0.07045590877532959,XArbitraryZVertical,0.2423590084441764,-0.325671039764962,0.537977539062688,0.7387696643033618,-0.7419591546058655,-0.007687557488679886,-0.6704009771347046,0,0,0,-1,-1,3230.927795875,unknown,2,2026-04-24T18:20:16.323+02:00,null,0,0,0,0,0,0,0,null,798740465.4173255,0,0.8000002,101.5557,1,0.85
2026-04-24T18:21:05.551+02:00,1777047653.571205,53.56895416345577,9.882977505173033,38.55946,-1,-1,-1,-1,9.056828472500998,2.789105338997707,-9999,3280.133988375,-0.7198944091796875,0.0278167724609375,-0.6015625,3280.125175875,1.224547913323666,-0.8416557440509075,-0.02886598447037312,-5.281473636627197,-0.5424087643623352,0.2080719321966171,0.02159011363983154,-0.03946683555841446,0.0632292628288269,XArbitraryZVertical,0.2239817534401202,-0.3418427448041118,0.5293554882770005,0.7434772814450291,-0.7454365491867065,0.02886197529733181,-0.6659514307975769,0,0,0,-1,-1,3230.927795875,unknown,2,2026-04-24T18:20:16.323+02:00,null,0,0,0,0,0,0,0,null,798740465.4173255,0,0.8000002,101.5557,1,0.85
2026-04-24T18:21:05.560+02:00,1777047653.571205,53.56895416345577,9.882977505173033,38.55946,-1,-1,-1,-1,9.056828472500998,2.789105338997707,-9999,3280.144063375,-0.7354888916015625,0.066558837890625,-0.5946807861328125,3280.135252375,1.185303510716192,-0.8489468336839299,-0.06641188619445526,-5.47132396697998,-0.5269555449485779,0.2104690372943878,0.02903586626052856,-0.03854629397392273,0.05775487422943115,XArbitraryZVertical,0.2048179397718295,-0.3583168036123358,0.5200539857630215,0.74779847373049,-0.7489302754402161,0.06636308133602142,-0.6593173742294312,0,0,0,-1,-1,3230.927795875,unknown,2,2026-04-24T18:20:16.323+02:00,null,0,0,0,0,0,0,0,null,798740465.4173255,0,0.8000002,101.5557,1,0.85
2026-04-24T18:21:05.570+02:00,1777047653.571205,53.56895416345577,9.882977505173033,38.55946,-1,-1,-1,-1,9.056828472500998,2.789105338997707,-9999,3280.154138375,-0.74822998046875,0.1105804443359375,-0.586273193359375,3280.145327375,1.144919362286257,-0.8577959963376883,-0.1045951269834464,-5.51516580581665,-0.5447630286216736,0.2509070932865143,0.01678007841110229,-0.03784568607807159,0.05585068464279175,XArbitraryZVertical,0.1850087113591748,-0.3748413584026602,0.5102360586977513,0.7516149796608568,-0.7522689700126648,0.104404516518116,-0.6505314707756042,0,0,0,-1,-1,3230.927795875,unknown,2,2026-04-24T18:20:16.323+02:00,null,0,0,0,0,0,0,0,null,798740465.4173255,0,0.8000002,101.5557,1,0.85
2026-04-24T18:21:05.580+02:00,1777047653.571205,53.56895416345577,9.882977505173033,38.55946,-1,-1,-1,-1,9.056828472500998,2.789105338997707,-9999,3280.164213375,-0.7498016357421875,0.157928466796875,-0.5980072021484375,3280.155402375,1.104193777813312,-0.8684566514436443,-0.1425726523265143,-5.479891300201416,-0.5740016102790833,0.2605173587799072,0.007357895374298096,-0.03150968253612518,0.05317771434783936,XArbitraryZVertical,0.1650755377850677,-0.3911836414494536,0.5001049239140646,0.7547320526572742,-0.7555878162384033,0.1420901268720627,-0.6394508481025696,0,0,0,-1,-1,3230.927795875,unknown,2,2026-04-24T18:20:16.323+02:00,null,0,0,0,0,0,0,0,null,798740465.4173255,0,0.8000002,101.5557,1,0.85
2026-04-24T18:21:05.591+02:00,1777047653.571205,53.56895416345577,9.882977505173033,38.55946,-1,-1,-1,-1,9.056828472500998,2.789105338997707,-9999,3280.174288375,-0.7588043212890625,0.2192230224609375,-0.5976409912109375,3280.165477375,1.063245580042256,-0.8809636483583618,-0.1798268626383324,-5.417435169219971,-0.5925369262695312,0.2668569386005402,0.009112536907196045,-0.02093075215816498,0.02813863754272461,XArbitraryZVertical,0.1452589608823066,-0.4072185212815523,0.4896932715353767,0.7571481575187564,-0.7589141726493835,0.1788592338562012,-0.6261458396911621,0,0,0,-1,-1,3230.927795875,unknown,2,2026-04-24T18:20:16.323+02:00,null,0,0,0,0,0,0,0,null,798740465.4173255,0,0.8000002,101.5557,1,0.85
2026-04-24T18:21:05.601+02:00,1777047653.571205,53.56895416345577,9.882977505173033,38.55946,-1,-1,-1,-1,9.056828472500998,2.789105338997707,-9999,3280.184363375,-0.773040771484375,0.267333984375,-0.5905914306640625,3280.175552375,1.022067424248916,-0.8949554866908347,-0.2162181139261103,-5.360783576965332,-0.5658512711524963,0.2793479561805725,0.003211021423339844,0.004685699939727783,0.01334702968597412,XArbitraryZVertical,0.1255385363018282,-0.4227837084450603,0.4790731185441023,0.7589354101419261,-0.7620153427124023,0.2145373374223709,-0.6109880208969116,0,0,0,-1,-1,3230.927795875,unknown,2,2026-04-24T18:20:16.323+02:00,null,0,0,0,0,0,0,0,null,798740465.4173255,0,0.8000002,101.5557,1,0.85
2026-04-24T18:21:05.611+02:00,1777047653.571205,53.56895416345577,9.882977505173033,38.55946,-1,-1,-1,-1,9.056828472500998,2.789105338997707,-9999,3280.194438375,-0.7878570556640625,0.2851715087890625,-0.5802764892578125,3280.185627375,0.9804297581733966,-0.9100879808628604,-0.2518488728811871,-5.332226753234863,-0.5223029851913452,0.2887079119682312,-0.008390903472900391,0.0181390643119812,0.00372546911239624,XArbitraryZVertical,0.1057596225831559,-0.4377858866675723,0.4682548303486625,0.7601945665710337,-0.7646498084068298,0.24919493496418,-0.594316840171814,0,0,0,-1,-1,3230.927795875,unknown,2,2026-04-24T18:20:16.323+02:00,null,0,0,0,0,0,0,0,null,798740465.4173255,0,0.8000002,101.5557,1,0.85
2026-04-24T18:21:05.621+02:00,1777047653.571205,53.56895416345577,9.882977505173033,38.55946,-1,-1,-1,-1,9.056828472500998,2.789105338997707,-9999,3280.204514375,-0.79254150390625,0.2883148193359375,-0.5582733154296875,3280.195702375,0.9381437452883361,-0.9265150247308221,-0.286752799184997,-5.304097175598145,-0.5093885064125061,0.3064437806606293,-0.02097237110137939,0.002332448959350586,-0.004177510738372803,XArbitraryZVertical,0.08591713561340374,-0.45229279340761,0.457216677194153,0.7609221525592912,-0.7668846845626831,0.2828391194343567,-0.5760989785194397,0,0,0,-1,-1,3230.927795875,unknown,2,2026-04-24T18:20:16.323+02:00,null,0,0,0,0,0,0,0,null,798740465.4173255,0,0.8000002,101.5557,1,0.85
2026-04-24T18:21:05.631+02:00,1777047653.571205,53.56895416345577,9.882977505173033,38.55946,-1,-1,-1,-1,9.056828472500998,2.789105338997707,-9999,3280.214589375,-0.7840728759765625,0.3159942626953125,-0.5435943603515625,3280.205778375,0.8950636425725355,-0.9446465534451877,-0.3210305794028003,-5.302426815032959,-0.53339022397995,0.326171487569809,-0.02364873886108398,-0.02722981572151184,-0.002183794975280762,XArbitraryZVertical,0.06603646332084694,-0.4664701664630807,0.4459618457432694,0.7610275590328698,-0.768892765045166,0.3155446648597717,-0.5560895204544067,0,0,0,-1,-1,3230.927795875,unknown,2,2026-04-24T18:20:16.323+02:00,null,0,0,0,0,0,0,0,null,798740465.4173255,0,0.8000002,101.5557,1,0.85
2026-04-24T18:21:05.641+02:00,1777047653.571205,53.56895416345577,9.882977505173033,38.55946,-1,-1,-1,-1,9.056828472500998,2.789105338997707,-9999,3280.224664375,-0.7743682861328125,0.3628997802734375,-0.5450592041015625,3280.215853375,0.8511346599984549,-0.9646246197832938,-0.3544834721732001,-5.229840278625488,-0.543769896030426,0.3392931520938873,-0.01333463191986084,-0.03111171722412109,-0.00929105281829834,XArbitraryZVertical,0.04621664165493403,-0.4803253012569357,0.4344989067138316,0.7605013651326044,-0.7707382440567017,0.347106009721756,-0.5343032479286194,0,0,0,-1,-1,3230.927795875,unknown,2,2026-04-24T18:20:16.323+02:00,null,0,0,0,0,0,0,0,null,798740465.4173255,0,0.8000002,101.5557,1,0.85
2026-04-24T18:21:05.651+02:00,1777047653.571205,53.56895416345577,9.882977505173033,38.55946,-1,-1,-1,-1,9.056828472500998,2.789105338997707,-9999,3280.234739375,-0.7741851806640625,0.40203857421875,-0.554931640625,3280.225928375,0.8071804334433341,-0.9861121436912569,-0.3862846545573064,-5.037308216094971,-0.5601667165756226,0.3212634027004242,-0.001926600933074951,-0.0138496458530426,-0.03379243612289429,XArbitraryZVertical,0.0269303188930228,-0.4936004281070607,0.423064702231138,0.7593744821284781,-0.7724416851997375,0.3767494559288025,-0.5112667679786682,0,0,0,-1,-1,3230.927795875,unknown,2,2026-04-24T18:20:16.323+02:00,null,0,0,0,0,0,0,0,null,798740465.4173255,0,0.8000002,101.5557,1,0.85
2026-04-24T18:21:05.662+02:00,1777047653.571205,53.56895416345577,9.882977505173033,38.55946,-1,-1,-1,-1,9.056828472500998,2.789105338997707,-9999,3280.244814375,-0.7841339111328125,0.4540557861328125,-0.5497894287109375,3280.236003375,0.7636311939256594,-1.008619523954895,-0.4160115314162169,-4.848205089569092,-0.5302255749702454,0.3262360394001007,-0.0002536773681640625,-0.002076804637908936,-0.06736552715301514,XArbitraryZVertical,0.008382610040577389,-0.5061093534023188,0.4117880370257691,0.757768844668304,-0.7739315032958984,0.4041153788566589,-0.4875661134719849,0,0,0,-1,-1,3230.927795875,unknown,2,2026-04-24T18:20:16.323+02:00,null,0,0,0,0,0,0,0,null,798740465.4173255,0,0.8000002,101.5557,1,0.85
2026-04-24T18:21:05.671+02:00,1777047653.571205,53.56895416345577,9.882977505173033,38.55946,-1,-1,-1,-1,9.056828472500998,2.789105338997707,-9999,3280.254889375,-0.7838592529296875,0.48345947265625,-0.51068115234375,3280.246078375,0.7208591596879149,-1.031657754093035,-0.4438557043864798,-4.614290237426758,-0.5071871280670166,0.341023176908493,-0.009135246276855469,0.0246310830116272,-0.0861392617225647,XArbitraryZVertical,-0.009474546303709284,-0.5177694066364587,0.4008581978565626,0.755736597806787,-0.774998664855957,0.4294247329235077,-0.4636501371860504,0,0,0,-1,-1,3230.927795875,unknown,2,2026-04-24T18:20:16.323+02:00,null,0,0,0,0,0,0,0,null,798740465.4173255,0,0.8000002,101.5557,1,0.85
2026-04-24T18:21:05.681+02:00,1777047653.571205,53.56895416345577,9.882977505173033,38.55946,-1,-1,-1,-1,9.056828472500998,2.789105338997707,-9999,3280.264964375,-0.77984619140625,0.4813232421875,-0.4705963134765625,3280.256153375,0.6792148546777398,-1.055022783821276,-0.4696681414667545,-4.378180503845215,-0.478422611951828,0.3565632700920105,-0.008143067359924316,0.03086909651756287,-0.07087847590446472,XArbitraryZVertical,-0.02648503090993085,-0.5285803900784629,0.3903722996872783,0.753333102546407,-0.7757161855697632,0.4525903761386871,-0.4398026168346405,0,0,0,-1,-1,3230.927795875,unknown,2,2026-04-24T18:20:16.323+02:00,null,0,0,0,0,0,0,0,null,798740465.4173255,0,0.8000002,101.5557,1,0.85
2026-04-24T18:21:05.691+02:00,1777047653.571205,53.56895416345577,9.882977505173033,38.55946,-1,-1,-1,-1,9.056828472500998,2.789105338997707,-9999,3280.275039375,-0.7747039794921875,0.49566650390625,-0.4296722412109375,3280.266228375,0.6385019330204701,-1.078694773756921,-0.4935953334822243,-4.200414180755615,-0.4751490354537964,0.3441380262374878,-0.003705620765686035,0.007528126239776611,-0.05451458692550659,XArbitraryZVertical,-0.04272353870014328,-0.5386407374622786,0.3802687525987878,0.7506241259331469,-0.7761406302452087,0.4737951159477234,-0.4160816967487335,0,0,0,-1,-1,3230.927795875,unknown,2,2026-04-24T18:20:16.323+02:00,null,0,0,0,0,0,0,0,null,798740465.4173255,0,0.8000002,101.5557,1,0.85
2026-04-24T18:21:05.701+02:00,1777047653.571205,53.56895416345577,9.882977505173033,38.55946,-1,-1,-1,-1,9.056828472500998,2.789105338997707,-9999,3280.285114375,-0.7730255126953125,0.521759033203125,-0.3962554931640625,3280.276303375,0.5982767477697063,-1.10270669877138,-0.5158370129205259,-4.044071674346924,-0.4347869753837585,0.3445454835891724,0.001604795455932617,0.002403378486633301,-0.03719773888587952,XArbitraryZVertical,-0.05835465751082997,-0.5480488123834487,0.370405893161794,0.7476875599956727,-0.7763087153434753,0.4932631254196167,-0.3924744725227356,0,0,0,-1,-1,3230.927795875,unknown,2,2026-04-24T18:20:16.323+02:00,null,0,0,0,0,0,0,0,null,798740465.4173255,0,0.8000002,101.5557,1,0.85
2026-04-24T18:21:05.712+02:00,1777047653.571205,53.56895416345577,9.882977505173033,38.55946,-1,-1,-1,-1,9.056828472500998,2.789105338997707,-9999,3280.295189375,-0.76873779296875,0.5421142578125,-0.3696746826171875,3280.286378375,0.5583413814182913,-1.126950272362185,-0.5365813599679783,-3.913056135177612,-0.4070621132850647,0.3318785727024078,0.003159880638122559,0.01055824756622314,-0.0271889865398407,XArbitraryZVertical,-0.07350857395774472,-0.5568332437351162,0.3607310516510265,0.7445846562306312,-0.7761853337287903,0.5112007856369019,-0.369066447019577,0,0,0,-1,-1,3230.927795875,unknown,2,2026-04-24T18:20:16.323+02:00,null,0,0,0,0,0,0,0,null,798740465.4173255,0,0.8000002,101.5557,1,0.85
2026-04-24T18:21:05.722+02:00,1777047653.571205,53.56895416345577,9.882977505173033,38.55946,-1,-1,-1,-1,9.056828472500998,2.789105338997707,-9999,3280.305264375,-0.7671051025390625,0.5402374267578125,-0.3571319580078125,3280.296453375,0.5190738982457963,-1.151245534362937,-0.5557085756733485,-3.723079442977905,-0.3706332743167877,0.3303302228450775,0.007111310958862305,0.01456886529922485,-0.02361971139907837,XArbitraryZVertical,-0.08804346549789546,-0.5649963370760965,0.3513334576475537,0.7413449287884474,-0.7758491039276123,0.5275453925132751,-0.3460549712181091,0,0,0,-1,-1,3230.927795875,unknown,2,2026-04-24T18:20:16.323+02:00,null,0,0,0,0,0,0,0,null,798740465.4173255,0,0.8000002,101.5557,1,0.85
2026-04-24T18:21:05.731+02:00,1777047653.571205,53.56895416345577,9.882977505173033,38.55946,-1,-1,-1,-1,9.056828472500998,2.789105338997707,-9999,3280.315339375,-0.7595367431640625,0.562835693359375,-0.3622589111328125,3280.306528375,0.4810027146736786,-1.175291694539104,-0.5731416822082517,-3.507447242736816,-0.3560729622840881,0.3190459609031677,0.008234739303588867,-0.002036929130554199,-0.03342419862747192,XArbitraryZVertical,-0.1018085437752839,-0.5725217492426872,0.3423485034787425,0.7380050478757944,-0.7753399014472961,0.5422743558883667,-0.3237077295780182,0,0,0,-1,-1,3230.927795875,unknown,2,2026-04-24T18:20:16.323+02:00,null,0,0,0,0,0,0,0,null,798740465.4173255,0,0.8000002,101.5557,1,0.85
2026-04-24T18:21:05.741+02:00,1777047653.571205,53.56895416345577,9.882977505173033,38.55946,-1,-1,-1,-1,9.056828472500998,2.789105338997707,-9999,3280.325414375,-0.7502593994140625,0.6161041259765625,-0.3602142333984375,3280.316603375,0.444795831038746,-1.198795618550984,-0.5887024522493759,-3.203886747360229,-0.3714527189731598,0.2902798652648926,0.01524114608764648,0.007553339004516602,-0.05996638536453247,XArbitraryZVertical,-0.1145632872275462,-0.5794212698485535,0.3339240440217667,0.7346026222117736,-0.774777889251709,0.5552823543548584,-0.3022924959659576,0,0,0,-1,-1,3230.927795875,unknown,2,2026-04-24T18:20:16.323+02:00,null,0,0,0,0,0,0,0,null,798740465.4173255,0,0.8000002,101.5557,1,0.85
2026-04-24T18:21:05.752+02:00,1777047653.571205,53.56895416345577,9.882977505173033,38.55946,-1,-1,-1,-1,9.056828472500998,2.789105338997707,-9999,3280.335489375,-0.7579345703125,0.6503753662109375,-0.3548126220703125,3280.326678375,0.4114898423347983,-1.221201213128001,-0.6019236031526521,-2.834411859512329,-0.3590599894523621,0.2370238900184631,0.02413105964660645,0.04987508058547974,-0.0778948962688446,XArbitraryZVertical,-0.1258808004252776,-0.585657211958646,0.3262387293690111,0.7312509770189582,-0.7743904590606689,0.5662290453910828,-0.2823193073272705,0,0,0,-1,-1,3230.927795875,unknown,2,2026-04-24T18:20:16.323+02:00,null,0,0,0,0,0,0,0,null,798740465.4173255,0,0.8000002,101.5557,1,0.85
2026-04-24T18:21:05.762+02:00,1777047653.571205,53.56895416345577,9.882977505173033,38.55946,-1,-1,-1,-1,9.056828472500998,2.789105338997707,-9999,3280.345564375,-0.7739105224609375,0.65228271484375,-0.3170166015625,3280.336753375,0.3816395118288612,-1.241628635307966,-0.6130670550852826,-2.510756015777588,-0.3145763874053955,0.2307958155870438,0.01604163646697998,0.07499665021896362,-0.09042605757713318,XArbitraryZVertical,-0.1358102056491846,-0.5910687981990286,0.3194266042914627,0.7281207924764158,-0.77397620677948,0.5753786563873291,-0.2643865346908569,0,0,0,-1,-1,3230.927795875,unknown,2,2026-04-24T18:20:16.323+02:00,null,0,0,0,0,0,0,0,null,798740465.4173255,0,0.8000002,101.5557,1,0.85
2026-04-24T18:21:05.772+02:00,1777047653.571205,53.56895416345577,9.882977505173033,38.55946,-1,-1,-1,-1,9.056828472500998,2.789105338997707,-9999,3280.355639375,-0.7763824462890625,0.6354522705078125,-0.2641448974609375,3280.346828375,0.3543073039562269,-1.260436714714031,-0.6228383262613119,-2.318190336227417,-0.2782559394836426,0.2162346541881561,-0.0004895925521850586,0.06893986463546753,-0.06896185874938965,XArbitraryZVertical,-0.1448141450800023,-0.5958200250219594,0.3132742109555302,0.7251804478775725,-0.7734209895133972,0.5833428502082825,-0.2480547279119492,0,0,0,-1,-1,3230.927795875,unknown,2,2026-04-24T18:20:16.323+02:00,null,0,0,0,0,0,0,0,null,798740465.4173255,0,0.8000002,101.5557,1,0.85
2026-04-24T18:21:05.782+02:00,1777047653.571205,53.56895416345577,9.882977505173033,38.55946,-1,-1,-1,-1,9.056828472500998,2.789105338997707,-9999,3280.365714375,-0.7672119140625,0.6171112060546875,-0.2107086181640625,3280.356903375,0.3279518590083495,-1.278621846997433,-0.6316519464658045,-2.259496212005615,-0.2543593943119049,0.2029976844787598,-0.003532350063323975,0.04497349262237549,-0.03168509900569916,XArbitraryZVertical,-0.1533365633036491,-0.600214988554425,0.3073559088230914,0.7223310614572032,-0.7728500366210938,0.590478777885437,-0.2324597388505936,0,0,0,-1,-1,3230.927795875,unknown,2,2026-04-24T18:20:16.323+02:00,null,0,0,0,0,0,0,0,null,798740465.4173255,0,0.8000002,101.5557,1,0.85
2026-04-24T18:21:05.792+02:00,1777047653.571205,53.56895416345577,9.882977505173033,38.55946,-1,-1,-1,-1,9.056828472500998,2.789105338997707,-9999,3280.375789375,-0.757171630859375,0.5979156494140625,-0.176849365234375,3280.366978375,0.3015515162697469,-1.296827152887758,-0.6398780428423931,-2.245963573455811,-0.2503910064697266,0.1863133013248444,0.005039513111114502,0.02001357078552246,0.006321936845779419,XArbitraryZVertical,-0.161723870134925,-0.6044254747317747,0.3014287571163429,0.7194830799337339,-0.7722513675689697,0.597097635269165,-0.2170304656028748,0,0,0,-1,-1,3230.927795875,unknown,2,2026-04-24T18:20:16.323+02:00,null,0,0,0,0,0,0,0,null,798740465.4173255,0,0.8000002,101.5557,1,0.85
2026-04-24T18:21:05.802+02:00,1777047653.571205,53.56895416345577,9.882977505173033,38.55946,-1,-1,-1,-1,9.056828472500998,2.789105338997707,-9999,3280.385864375,-0.760711669921875,0.5909271240234375,-0.16839599609375,3280.377053375,0.2748606006425651,-1.31533654717834,-0.6474966544978104,-2.235032796859741,-0.2413288205862045,0.1632961332798004,0.01454043388366699,-0.005276024341583252,0.02469553053379059,XArbitraryZVertical,-0.1700017096684277,-0.608544988838413,0.2954165663237214,0.7165901363945064,-0.7717120051383972,0.603191614151001,-0.2015448361635208,0,0,0,-1,-1,3230.927795875,unknown,2,2026-04-24T18:20:16.323+02:00,null,0,0,0,0,0,0,0,null,798740465.4173255,0,0.8000002,101.5557,1,0.85
2026-04-24T18:21:05.812+02:00,1777047653.571205,53.56895416345577,9.882977505173033,38.55946,-1,-1,-1,-1,9.056828472500998,2.789105338997707,-9999,3280.395939375,-0.7663116455078125,0.6191864013671875,-0.1719512939453125,3280.387128375,0.248019112775963,-1.334057583056727,-0.6544558167070451,-2.202149629592896,-0.2516357898712158,0.1418470293283463,0.01053869724273682,-0.01780050992965698,0.01767809689044952,XArbitraryZVertical,-0.1781260218415954,-0.6125635349209808,0.2893439921878458,0.7136644881159788,-0.771250307559967,0.6087275743484497,-0.1860740780830383,0,0,0,-1,-1,3230.927795875,unknown,2,2026-04-24T18:20:16.323+02:00,null,0,0,0,0,0,0,0,null,798740465.4173255,0,0.8000002,101.5557,1,0.85
2026-04-24T18:21:05.822+02:00,1777047653.571205,53.56895416345577,9.882977505173033,38.55946,-1,-1,-1,-1,9.056828472500998,2.789105338997707,-9999,3280.406014375,-0.7729949951171875,0.6502685546875,-0.185150146484375,3280.397203375,0.2219487612643407,-1.352517449437665,-0.6605557351653895,-2.047516107559204,-0.2501169741153717,0.1170077323913574,0.004602670669555664,0.005630612373352051,-0.0009524822235107422,XArbitraryZVertical,-0.1858088602048612,-0.6164216767347365,0.2834330750890429,0.7107497475312213,-0.7709143757820129,0.6135557889938354,-0.1709987670183182,0,0,0,-1,-1,3230.927795875,unknown,2,2026-04-24T18:20:16.323+02:00,null,0,0,0,0,0,0,0,null,798740465.4173255,0,0.8000002,101.5557,1,0.85
2026-04-24T18:21:05.832+02:00,1777047653.571205,53.56895416345577,9.882977505173033,38.55946,-1,-1,-1,-1,9.056828472500998,2.789105338997707,-9999,3280.416089375,-0.785247802734375,0.6785888671875,-0.188995361328125,3280.407278375,0.1977120555083638,-1.369878053883113,-0.6657284377396006,-1.882165551185608,-0.236102893948555,0.09751413017511368,-0.002348661422729492,0.03263634443283081,-0.02819548547267914,XArbitraryZVertical,-0.1928096878953577,-0.6199573504980781,0.2779417929806639,0.7079729153946646,-0.7706462740898132,0.6176322102546692,-0.1569546163082123,0,0,0,-1,-1,3230.927795875,unknown,2,2026-04-24T18:20:16.323+02:00,null,0,0,0,0,0,0,0,null,798740465.4173255,0,0.8000002,101.5557,1,0.85
2026-04-24T18:21:05.842+02:00,1777047653.571205,53.56895416345577,9.882977505173033,38.55946,-1,-1,-1,-1,9.056828472500998,2.789105338997707,-9999,3280.426164375,-0.7907257080078125,0.68994140625,-0.170623779296875,3280.417353375,0.1752285213388589,-1.38603535006215,-0.6701064594244396,-1.729181051254272,-0.2102721035480499,0.08590833842754364,-0.01483160257339478,0.05751949548721313,-0.04501032829284668,XArbitraryZVertical,-0.1992043472382801,-0.6231573920997117,0.2728383690152691,0.7053735011718093,-0.770416259765625,0.6210694313049316,-0.1439849883317947,0,0,0,-1,-1,3230.927795875,unknown,2,2026-04-24T18:20:16.323+02:00,null,0,0,0,0,0,0,0,null,798740465.4173255,0,0.8000002,101.5557,1,0.85
2026-04-24T18:21:05.853+02:00,1777047653.571205,53.56895416345577,9.882977505173033,38.55946,-1,-1,-1,-1,9.056828472500998,2.789105338997707,-9999,3280.436240375,-0.79034423828125,0.667022705078125,-0.136444091796875,3280.427428375,0.1537870716094514,-1.40146793859532,-0.6739195387253285,-1.704813480377197,-0.1934806108474731,0.07405507564544678,-0.0205191969871521,0.06588804721832275,-0.03894497454166412,XArbitraryZVertical,-0.2052234115303795,-0.6261341472453482,0.2679615775974217,0.7028770221547905,-0.77020663022995,0.624053418636322,-0.1316787600517273,0,0,0,-1,-1,3230.927795875,unknown,2,2026-04-24T18:20:16.323+02:00,null,0,0,0,0,0,0,0,null,798740465.4173255,0,0.8000002,101.5557,1,0.85
2026-04-24T18:21:05.863+02:00,1777047653.571205,53.56895416345577,9.882977505173033,38.55946,-1,-1,-1,-1,9.056828472500998,2.789105338997707,-9999,3280.446315375,-0.79290771484375,0.62530517578125,-0.0845489501953125,3280.437504375,0.1319241168806594,-1.416927130150003,-0.6774925185730235,-1.755552053451538,-0.162038266658783,0.07961761951446533,-0.02040249109268188,0.04018151760101318,-0.01702983677387238,XArbitraryZVertical,-0.2113400637538059,-0.6289898723374315,0.2629582178300571,0.7004000641701829,-0.7699418663978577,0.6268413066864014,-0.1194142326712608,0,0,0,-1,-1,3230.927795875,unknown,2,2026-04-24T18:20:16.323+02:00,null,0,0,0,0,0,0,0,null,798740465.4173255,0,0.8000002,101.5557,1,0.85
2026-04-24T18:21:05.872+02:00,1777047653.571205,53.56895416345577,9.882977505173033,38.55946,-1,-1,-1,-1,9.056828472500998,2.789105338997707,-9999,3280.456390375,-0.79833984375,0.57647705078125,-0.043731689453125,3280.447579375,0.1089666479782204,-1.432933507969198,-0.680828228532757,-1.855743169784546,-0.1495499014854431,0.06832608580589294,-0.02322864532470703,-0.004131555557250977,0.0222385972738266,XArbitraryZVertical,-0.2177030514724163,-0.6318319469501201,0.2576506576655644,0.6978611020973046,-0.7696791887283325,0.6294367909431458,-0.1067875474691391,0,0,0,-1,-1,3230.927795875,unknown,2,2026-04-24T18:20:16.323+02:00,null,0,0,0,0,0,0,0,null,798740465.4173255,0,0.8000002,101.5557,1,0.85
2026-04-24T18:21:05.883+02:00,1777047653.571205,53.56895416345577,9.882977505173033,38.55946,-1,-1,-1,-1,9.056828472500998,2.789105338997707,-9999,3280.466465375,-0.7872161865234375,0.5844268798828125,-0.045196533203125,3280.457654375,0.08429954443911301,-1.449963739195834,-0.6841359654066949,-2.003003835678101,-0.1495906412601471,0.0872688814997673,-0.02902495861053467,-0.05552655458450317,0.04968172311782837,XArbitraryZVertical,-0.224531394452111,-0.6347274696324255,0.251950249890291,0.6951459108422045,-0.7693149447441101,0.6320036649703979,-0.09341338276863098,0,0,0,-1,-1,3230.927795875,unknown,2,2026-04-24T18:20:16.323+02:00,null,0,0,0,0,0,0,0,null,798740465.4173255,0,0.8000002,101.5557,1,0.85
2026-04-24T18:21:05.893+02:00,1777047653.571205,53.56895416345577,9.882977505173033,38.55946,-1,-1,-1,-1,9.056828472500998,2.789105338997707,-9999,3280.476540375,-0.7754058837890625,0.6164093017578125,-0.057861328125,3280.467729375,0.05800997866377318,-1.468189991057905,-0.6871951102512185,-2.054467439651489,-0.1591820269823074,0.06720075756311417,-0.01825344562530518,-0.04994446039199829,0.03398203104734421,XArbitraryZVertical,-0.2317119512699538,-0.6377462746052963,0.245856696162579,0.6922021828901799,-0.7689628601074219,0.6343713998794556,-0.07917851954698563,0,0,0,-1,-1,3230.927795875,unknown,2,2026-04-24T18:20:16.323+02:00,null,0,0,0,0,0,0,0,null,798740465.4173255,0,0.8000002,101.5557,1,0.85
2026-04-24T18:21:05.902+02:00,1777047653.571205,53.56895416345577,9.882977505173033,38.55946,-1,-1,-1,-1,9.056828472500998,2.789105338997707,-9999,3280.486615375,-0.7833709716796875,0.636993408203125,-0.0680389404296875,3280.477804375,0.03183639203485547,-1.486485004186384,-0.68962913415948,-1.977423906326294,-0.1705579906702042,0.03891639411449432,-0.006664156913757324,-0.01984173059463501,0.00710635632276535,XArbitraryZVertical,-0.2387098067970693,-0.6407291153543522,0.2397332913709901,0.6892111276544164,-0.7687419056892395,0.6362510919570923,-0.06496765464544296,0,0,0,-1,-1,3230.927795875,unknown,2,2026-04-24T18:20:16.323+02:00,null,0,0,0,0,0,0,0,null,798740465.4173255,0,0.8000002,101.5557,1,0.85
2026-04-24T18:21:05.913+02:00,1777047653.571205,53.56895416345577,9.882977505173033,38.55946,-1,-1,-1,-1,9.056828472500998,2.789105338997707,-9999,3280.496690375,-0.7942962646484375,0.66510009765625,-0.068511962890625,3280.487879375,0.006599016256693584,-1.504241350687431,-0.691386100470691,-1.906055450439453,-0.1630523949861526,0.01503396406769753,-0.01471346616744995,-0.0006121397018432617,-0.01680523157119751,XArbitraryZVertical,-0.2453193514658852,-0.6435849514370691,0.2337633543215144,0.6862737056275233,-0.7686575055122375,0.637605607509613,-0.05123365297913551,0,0,0,-1,-1,3230.927795875,unknown,2,2026-04-24T18:20:16.323+02:00,null,0,0,0,0,0,0,0,null,798740465.4173255,0,0.8000002,101.5557,1,0.85
2026-04-24T18:21:05.923+02:00,1777047653.571205,53.56895416345577,9.882977505173033,38.55946,-1,-1,-1,-1,9.056828472500998,2.789105338997707,-9999,3280.506765375,-0.799468994140625,0.659515380859375,-0.055572509765625,3280.497954375,-0.01805073372839823,-1.521494926984693,-0.6926708473954279,-1.880701065063477,-0.1426525861024857,0.02154326066374779,-0.02568811178207397,0.02650529146194458,-0.03058772906661034,XArbitraryZVertical,-0.2517160515071654,-0.6462793028218954,0.2278818449648505,0.6833973201153393,-0.768608033657074,0.6385948061943054,-0.03792418539524078,0,0,0,-1,-1,3230.927795875,unknown,2,2026-04-24T18:20:16.323+02:00,null,0,0,0,0,0,0,0,null,798740465.4173255,0,0.8000002,101.5557,1,0.85
2026-04-24T18:21:05.933+02:00,1777047653.571205,53.56895416345577,9.882977505173033,38.55946,-1,-1,-1,-1,9.056828472500998,2.789105338997707,-9999,3280.516840375,-0.7919158935546875,0.6207275390625,-0.0362396240234375,3280.508029375,-0.04277258958055898,-1.538658185269097,-0.6937465090259058,-1.910762667655945,-0.1268496513366699,0.04093506932258606,-0.0310102105140686,0.02009320259094238,-0.03086709603667259,XArbitraryZVertical,-0.258153322607888,-0.6488483579571483,0.2219922644406007,0.6804939642627438,-0.7684587240219116,0.6394221782684326,-0.02470534108579159,0,0,0,-1,-1,3230.927795875,unknown,2,2026-04-24T18:20:16.323+02:00,null,0,0,0,0,0,0,0,null,798740465.4173255,0,0.8000002,101.5557,1,0.85
2026-04-24T18:21:05.951+02:00,1777047653.571205,53.56895416345577,9.882977505173033,38.55946,-1,-1,-1,-1,9.056828472500998,2.789105338997707,-9999,3280.526915375,-0.7749786376953125,0.5991363525390625,-0.0206451416015625,3280.518104375,-0.06856243614970808,-1.556514712277374,-0.6945790400613427,-2.031812906265259,-0.1395981907844543,0.02845762670040131,-0.02367097139358521,-0.01933449506759644,-0.02526706457138062,XArbitraryZVertical,-0.2648595711236246,-0.6514316123543147,0.2158480356083243,0.6774185915181666,-0.7682449221611023,0.6400620341300964,-0.01097252406179905,0,0,0,-1,-1,3230.927795875,unknown,2,2026-04-24T18:20:16.323+02:00,null,0,0,0,0,0,0,0,null,798740465.4173255,0,0.8000002,101.5557,1,0.85
2026-04-24T18:21:05.956+02:00,1777047653.571205,53.56895416345577,9.882977505173033,38.55946,-1,-1,-1,-1,9.056828472500998,2.789105338997707,-9999,3280.536990375,-0.77386474609375,0.58160400390625,0.0067596435546875,3280.528179375,-0.09603608972690086,-1.575416961626177,-0.6950098354932116,-2.154139041900635,-0.1171794384717941,0.03959869593381882,-0.006939411163330078,-0.04125666618347168,-0.02419400215148926,XArbitraryZVertical,-0.2719590579367717,-0.6540739237999507,0.2092465529207716,0.6741227312814555,-0.7680392265319824,0.6403930187225342,0.003548854030668736,0,0,0,-1,-1,3230.927795875,unknown,2,2026-04-24T18:20:16.323+02:00,null,0,0,0,0,0,0,0,null,798740465.4173255,0,0.8000002,101.5557,1,0.85
2026-04-24T18:21:05.963+02:00,1777047653.571205,53.56895416345577,9.882977505173033,38.55946,-1,-1,-1,-1,9.056828472500998,2.789105338997707,-9999,3280.547065375,-0.778167724609375,0.563812255859375,0.062347412109375,3280.538254375,-0.1251276467734337,-1.595211777868337,-0.6950503095869555,-2.284409999847412,-0.1188953220844269,0.02693882770836353,-0.006072044372558594,-0.05882000923156738,-0.01199007034301758,XArbitraryZVertical,-0.2794694301599093,-0.6567128015772432,0.2022087274890065,0.6706242595216486,-0.7677927613258362,0.6404240727424622,0.01874973252415657,0,0,0,-1,-1,3230.927795875,unknown,2,2026-04-24T18:20:16.323+02:00,null,0,0,0,0,0,0,0,null,798740465.4173255,0,0.8000002,101.5557,1,0.85
2026-04-24T18:21:05.973+02:00,1777047653.571205,53.56895416345577,9.882977505173033,38.55946,-1,-1,-1,-1,9.056828472500998,2.789105338997707,-9999,3280.557140375,-0.769378662109375,0.5859222412109375,0.0791168212890625,3280.548329375,-0.1558679467011306,-1.616109385922707,-0.694564055180436,-2.406135559082031,-0.1330164670944214,0.03655270487070084,-0.01062345504760742,-0.07623821496963501,0.02754390239715576,XArbitraryZVertical,-0.2873563301439791,-0.6594149995375529,0.1947231507147295,0.666844222273317,-0.7675443291664124,0.6400505304336548,0.0348036028444767,0,0,0,-1,-1,3230.927795875,unknown,2,2026-04-24T18:20:16.323+02:00,null,0,0,0,0,0,0,0,null,798740465.4173255,0,0.8000002,101.5557,1,0.85
2026-04-24T18:21:05.983+02:00,1777047653.571205,53.56895416345577,9.882977505173033,38.55946,-1,-1,-1,-1,9.056828472500998,2.789105338997707,-9999,3280.567215375,-0.7600250244140625,0.6126708984375,0.0726165771484375,3280.558404375,-0.1879971342075912,-1.638070104220246,-0.6935481044312825,-2.481677770614624,-0.1370327770709991,0.04208488762378693,-0.002135396003723145,-0.05334728956222534,0.02742350846529007,XArbitraryZVertical,-0.2955609337229902,-0.6621860906965681,0.1868874438419109,0.6627416799976387,-0.7672433853149414,0.6392696499824524,0.05169336870312691,0,0,0,-1,-1,3230.927795875,unknown,2,2026-04-24T18:20:16.323+02:00,null,0,0,0,0,0,0,0,null,798740465.4173255,0,0.8000002,101.5557,1,0.85
2026-04-24T18:21:05.993+02:00,1777047653.571205,53.56895416345577,9.882977505173033,38.55946,-1,-1,-1,-1,9.056828472500998,2.789105338997707,-9999,3280.577290375,-0.7614898681640625,0.6184844970703125,0.0562286376953125,3280.568479375,-0.2197515305641457,-1.659755886280235,-0.6921515802395944,-2.373895883560181,-0.1497253924608231,0.05501999706029892,0.006805360317230225,-0.02552413940429688,0.004219181835651398,XArbitraryZVertical,-0.3036854411904994,-0.6648111521570523,0.1791505166558604,0.6585639748235763,-0.7668305635452271,0.6381950974464417,0.06839743256568909,0,0,0,-1,-1,3230.927795875,unknown,2,2026-04-24T18:20:16.323+02:00,null,0,0,0,0,0,0,0,null,798740465.4173255,0,0.8000002,101.5557,1,0.85
2026-04-24T18:21:06.003+02:00,1777047653.571205,53.56895416345577,9.882977505173033,38.55946,-1,-1,-1,-1,9.056828472500998,2.789105338997707,-9999,3280.587365375,-0.7600860595703125,0.659210205078125,0.0477752685546875,3280.578554375,-0.2496299426134209,-1.680607841926654,-0.690416463039462,-2.187131643295288,-0.2005137503147125,0.05956654623150826,0.004847228527069092,-0.01837384700775146,-0.02826381474733353,XArbitraryZVertical,-0.3112877526248061,-0.6673426404559772,0.1719249884109094,0.654366526763618,-0.7663370966911316,0.636858344078064,0.084492526948452,0,0,0,-1,-1,3230.927795875,unknown,2,2026-04-24T18:20:16.323+02:00,null,0,0,0,0,0,0,0,null,798740465.4173255,0,0.8000002,101.5557,1,0.85
2026-04-24T18:21:06.014+02:00,1777047653.571205,53.56895416345577,9.882977505173033,38.55946,-1,-1,-1,-1,9.056828472500998,2.789105338997707,-9999,3280.597440375,-0.758392333984375,0.702301025390625,0.0226593017578125,3280.588629375,-0.2761394335248442,-1.699577976991557,-0.6886167295321776,-1.884466409683228,-0.2200136780738831,0.06832754611968994,0.005645990371704102,0.02374053001403809,-0.05138576030731201,XArbitraryZVertical,-0.3180205830246231,-0.669659187224012,0.1656077395180154,0.6503796693248147,-0.7657321095466614,0.6354697346687317,0.09916103631258011,0,0,0,-1,-1,3230.927795875,unknown,2,2026-04-24T18:20:16.323+02:00,null,0,0,0,0,0,0,0,null,798740465.4173255,0,0.8000002,101.5557,1,0.85
2026-04-24T18:21:06.024+02:00,1777047653.571205,53.56895416345577,9.882977505173033,38.55946,-1,-1,-1,-1,9.056828472500998,2.789105338997707,-9999,3280.607515375,-0.7679901123046875,0.6988067626953125,0.023590087890625,3280.598704375,-0.298703721352482,-1.716075010374006,-0.6869675568479022,-1.588327169418335,-0.2085793912410736,0.08532250672578812,0.006635546684265137,0.06810551881790161,-0.0892714336514473,XArbitraryZVertical,-0.3237682208007424,-0.6716692257765829,0.1603318152499091,0.646783068976638,-0.7650278806686401,0.6341955065727234,0.1119308173656464,0,0,0,-1,-1,3230.927795875,unknown,2,2026-04-24T18:20:16.323+02:00,null,0,0,0,0,0,0,0,null,798740465.4173255,0,0.8000002,101.5557,1,0.85
2026-04-24T18:21:06.034+02:00,1777047653.571205,53.56895416345577,9.882977505173033,38.55946,-1,-1,-1,-1,9.056828472500998,2.789105338997707,-9999,3280.617590375,-0.7733001708984375,0.665435791015625,0.0831146240234375,3280.608779375,-0.3174686449618975,-1.729851445930805,-0.6856548985448945,-1.292306661605835,-0.1694612950086594,0.0857403576374054,-0.003755509853363037,0.06562668085098267,-0.09900081902742386,XArbitraryZVertical,-0.3286160882526549,-0.6732807340879057,0.1560391545022157,0.6437051377842176,-0.7642346024513245,0.6331800222396851,0.122590959072113,0,0,0,-1,-1,3230.927795875,unknown,2,2026-04-24T18:20:16.323+02:00,null,0,0,0,0,0,0,0,null,798740465.4173255,0,0.8000002,101.5557,1,0.85
2026-04-24T18:21:06.044+02:00,1777047653.571205,53.56895416345577,9.882977505173033,38.55946,-1,-1,-1,-1,9.056828472500998,2.789105338997707,-9999,3280.627665375,-0.7809600830078125,0.648223876953125,0.1566009521484375,3280.618854375,-0.3319257690354244,-1.740434272696892,-0.6844617491361977,-0.9484763741493225,-0.1230085715651512,0.04771760851144791,-0.009661555290222168,0.03317981958389282,-0.04768453538417816,XArbitraryZVertical,-0.3323366430334872,-0.6745012619624344,0.1526994288200776,0.6413138337640957,-0.7636387348175049,0.6322560906410217,0.130799189209938,0,0,0,-1,-1,3230.927795875,unknown,2,2026-04-24T18:20:16.323+02:00,null,0,0,0,0,0,0,0,null,798740465.4173255,0,0.8000002,101.5557,1,0.85
2026-04-24T18:21:06.054+02:00,1777047653.571205,53.56895416345577,9.882977505173033,38.55946,-1,-1,-1,-1,9.056828472500998,2.789105338997707,-9999,3280.637740375,-0.77899169921875,0.6851348876953125,0.1853179931640625,3280.628929375,-0.3426077025973032,-1.748217478074776,-0.6833812689972739,-0.726788341999054,-0.0860271155834198,0.02681192755699158,-0.01769059896469116,0.01680535078048706,0.01974177360534668,XArbitraryZVertical,-0.3350528045827181,-0.6754030072563506,0.1501737722178121,0.6395454185943206,-0.7632694840431213,0.6314185857772827,0.1368592083454132,0,0,0,-1,-1,3230.927795875,unknown,2,2026-04-24T18:20:16.323+02:00,null,0,0,0,0,0,0,0,null,798740465.4173255,0,0.8000002,101.5557,1,0.85
2026-04-24T18:21:06.064+02:00,1777047653.571205,53.56895416345577,9.882977505173033,38.55946,-1,-1,-1,-1,9.056828472500998,2.789105338997707,-9999,3280.647816375,-0.778106689453125,0.68365478515625,0.177459716796875,3280.639004375,-0.350978228537121,-1.754202587302641,-0.6824563089013436,-0.5898094177246094,-0.05640983581542969,0.02593015506863594,-0.01598107814788818,0.05443382263183594,0.04378663003444672,XArbitraryZVertical,-0.3371801394002221,-0.6760734209589676,0.1481590477141981,0.6381874927299014,-0.7630106210708618,0.6307010650634766,0.1415314376354218,0,0,0,-1,-1,3230.927795875,unknown,2,2026-04-24T18:20:16.323+02:00,null,0,0,0,0,0,0,0,null,798740465.4173255,0,0.8000002,101.5557,1,0.85
2026-04-24T18:21:06.074+02:00,1777047653.571205,53.56895416345577,9.882977505173033,38.55946,-1,-1,-1,-1,9.056828472500998,2.789105338997707,-9999,3280.657891375,-0.7684326171875,0.64459228515625,0.1549072265625,3280.649080375,-0.3583662291399212,-1.759313271195911,-0.6816545384320702,-0.5707266926765442,-0.03932672366499901,0.02968680858612061,-0.01533293724060059,0.05357611179351807,0.0319359302520752,XArbitraryZVertical,-0.3390830232809756,-0.6765978118343754,0.1463664164475771,0.6370361576197634,-0.7627738118171692,0.6300786733627319,0.1455237865447998,0,0,0,-1,-1,3230.927795875,unknown,2,2026-04-24T18:20:16.323+02:00,null,0,0,0,0,0,0,0,null,798740465.4173255,0,0.8000002,101.5557,1,0.85
2026-04-24T18:21:06.085+02:00,1777047653.571205,53.56895416345577,9.882977505173033,38.55946,-1,-1,-1,-1,9.056828472500998,2.789105338997707,-9999,3280.667966375,-0.753143310546875,0.6349639892578125,0.1503143310546875,3280.659155375,-0.3655828914706363,-1.764264593221107,-0.6807759843543419,-0.5386819243431091,-0.04512069746851921,0.0103378789499402,-0.005845844745635986,0.01519602537155151,0.005502209067344666,XArbitraryZVertical,-0.3409263535244821,-0.6771054294455119,0.1445805981136709,0.6359197499321618,-0.762586772441864,0.6293962001800537,0.1494050770998001,0,0,0,-1,-1,3230.927795875,unknown,2,2026-04-24T18:20:16.323+02:00,null,0,0,0,0,0,0,0,null,798740465.4173255,0,0.8000002,101.5557,1,0.85
2026-04-24T18:21:06.095+02:00,1777047653.571205,53.56895416345577,9.882977505173033,38.55946,-1,-1,-1,-1,9.056828472500998,2.789105338997707,-9999,3280.678041375,-0.758544921875,0.6609954833984375,0.13702392578125,3280.669230375,-0.3716987475099297,-1.768564334165149,-0.6798363654482343,-0.4155712425708771,-0.04053180292248726,-0.007149036042392254,0.009373486042022705,0.00629812479019165,-0.002484351396560669,XArbitraryZVertical,-0.3424343827083905,-0.6775972609973826,0.1430174147842925,0.6349382286505898,-0.7625166773796082,0.6286658048629761,0.1527987122535706,0,0,0,-1,-1,3230.927795875,unknown,2,2026-04-24T18:20:16.323+02:00,null,0,0,0,0,0,0,0,null,798740465.4173255,0,0.8000002,101.5557,1,0.85
2026-04-24T18:21:06.104+02:00,1777047653.571205,53.56895416345577,9.882977505173033,38.55946,-1,-1,-1,-1,9.056828472500998,2.789105338997707,-9999,3280.688116375,-0.7726898193359375,0.695220947265625,0.133941650390625,3280.679305375,-0.3758800093289175,-1.771440769466713,-0.6791378795773284,-0.2378228008747101,-0.01261388603597879,-0.000611774274148047,0.003959357738494873,0.03287309408187866,-0.01805496215820312,XArbitraryZVertical,-0.3434582489526412,-0.6779202692936208,0.1419197731695694,0.6342864798605096,-0.7625042796134949,0.6281224489212036,0.1550789177417755,0,0,0,-1,-1,3230.927795875,unknown,2,2026-04-24T18:20:16.323+02:00,null,0,0,0,0,0,0,0,null,798740465.4173255,0,0.8000002,101.5557,1,0.85
2026-04-24T18:21:06.114+02:00,1777047653.571205,53.56895416345577,9.882977505173033,38.55946,-1,-1,-1,-1,9.056828472500998,2.789105338997707,-9999,3280.698191375,-0.7708587646484375,0.7050323486328125,0.143585205078125,3280.689380375,-0.3775618388516303,-1.772502813469642,-0.6788844740488159,-0.0187520831823349,0.01161262299865484,0.0007180749089457095,-0.01019471883773804,0.06729578971862793,-0.02197885513305664,XArbitraryZVertical,-0.3438850019361108,-0.67801428815146,0.1414730819025642,0.6340545329464082,-0.7624951004981995,0.6279252171516418,0.155920535326004,0,0,0,-1,-1,3230.927795875,unknown,2,2026-04-24T18:20:16.323+02:00,null,0,0,0,0,0,0,0,null,798740465.4173255,0,0.8000002,101.5557,1,0.85
2026-04-24T18:21:06.125+02:00,1777047653.571205,53.56895416345577,9.882977505173033,38.55946,-1,-1,-1,-1,9.056828472500998,2.789105338997707,-9999,3280.708266375,-0.76922607421875,0.7021636962890625,0.144500732421875,3280.699455375,-0.3763663082179506,-1.77152171928465,-0.6790240052308687,0.2057902216911316,0.03426493704319,-0.01064616627991199,-0.0082969069480896,0.07699847221374512,-0.01156963407993317,XArbitraryZVertical,-0.3435867143013563,-0.6778831935779225,0.1417363612778936,0.6342975516056345,-0.7625618577003479,0.6280338168144226,0.1551549136638641,0,0,0,-1,-1,3230.927795875,unknown,2,2026-04-24T18:20:16.323+02:00,null,0,0,0,0,0,0,0,null,798740465.4173255,0,0.8000002,101.5557,1,0.85
2026-04-24T18:21:06.136+02:00,1777047653.571205,53.56895416345577,9.882977505173033,38.55946,-1,-1,-1,-1,9.056828472500998,2.789105338997707,-9999,3280.718341375,-0.7713775634765625,0.71112060546875,0.13909912109375,3280.709530375,-0.3721673993237316,-1.768401920113952,-0.6795633566261946,0.4507282674312592,0.05994207039475441,-0.0148637481033802,-0.006516098976135254,0.07371026277542114,-0.008207812905311584,XArbitraryZVertical,-0.3425310772592243,-0.6775151318662744,0.1427376195315039,0.635036755430467,-0.7627098560333252,0.6284534335136414,0.1527085900306702,0,0,0,-1,-1,3230.927795875,unknown,2,2026-04-24T18:20:16.323+02:00,null,0,0,0,0,0,0,0,null,798740465.4173255,0,0.8000002,101.5557,1,0.85
2026-04-24T18:21:06.145+02:00,1777047653.571205,53.56895416345577,9.882977505173033,38.55946,-1,-1,-1,-1,9.056828472500998,2.789105338997707,-9999,3280.728416375,-0.773040771484375,0.7323455810546875,0.135009765625,3280.719605375,-0.3648065398860716,-1.763022365093034,-0.6804532675137427,0.6956379413604736,0.08774281293153763,-0.04010412096977234,-0.008406460285186768,0.08197516202926636,-0.00939728319644928,XArbitraryZVertical,-0.3406657947645598,-0.6769010535506282,0.1444941898381265,0.6362964463441987,-0.7629709839820862,0.6291453838348389,0.1484964340925217,0,0,0,-1,-1,3230.927795875,unknown,2,2026-04-24T18:20:16.323+02:00,null,0,0,0,0,0,0,0,null,798740465.4173255,0,0.8000002,101.5557,1,0.85
2026-04-24T18:21:06.155+02:00,1777047653.571205,53.56895416345577,9.882977505173033,38.55946,-1,-1,-1,-1,9.056828472500998,2.789105338997707,-9999,3280.738491375,-0.78326416015625,0.7377166748046875,0.1336212158203125,3280.729680375,-0.3541892937530792,-1.755304887376119,-0.6813510547614204,0.9398234486579895,0.113756038248539,-0.0898180827498436,-0.009501934051513672,0.1025025844573975,-0.007490411400794983,XArbitraryZVertical,-0.3378814934583406,-0.6760814997855622,0.1469054946308923,0.6380977165285365,-0.7635388374328613,0.62984299659729,0.1425001919269562,0,0,0,-1,-1,3230.927795875,unknown,2,2026-04-24T18:20:16.323+02:00,null,0,0,0,0,0,0,0,null,798740465.4173255,0,0.8000002,101.5557,1,0.85
2026-04-24T18:21:06.169+02:00,1777047653.571205,53.56895416345577,9.882977505173033,38.55946,-1,-1,-1,-1,9.056828472500998,2.789105338997707,-9999,3280.748566375,-0.7836151123046875,0.73388671875,0.136077880859375,3280.739755375,-0.3410997235496406,-1.745832637609111,-0.6821570697678768,1.055771827697754,0.1285847723484039,-0.1108320280909538,-0.01890981197357178,0.1072478890419006,-0.00155174732208252,XArbitraryZVertical,-0.3343842581630625,-0.6751101394506724,0.1497990348181186,0.6402920194749883,-0.764354407787323,0.6304688453674316,0.1351730674505234,0,0,0,-1,-1,3230.927795875,unknown,2,2026-04-24T18:20:16.323+02:00,null,0,0,0,0,0,0,0,null,798740465.4173255,0,0.8000002,101.5557,1,0.85
2026-04-24T18:21:06.184+02:00,1777047653.571205,53.56895416345577,9.882977505173033,38.55946,-1,-1,-1,-1,9.056828472500998,2.789105338997707,-9999,3280.758641375,-0.763214111328125,0.7330780029296875,0.1258087158203125,3280.749830375,-0.3265908375347942,-1.735358366923529,-0.6828506518922278,1.181061029434204,0.1308202296495438,-0.1363448351621628,-0.01831859350204468,0.1028797626495361,0.008989825844764709,XArbitraryZVertical,-0.3304763592131352,-0.6740396212372767,0.1529705612216194,0.6426944094049848,-0.7652966976165771,0.6310070753097534,0.1270880699157715,0,0,0,-1,-1,3230.927795875,unknown,2,2026-04-24T18:20:16.323+02:00,null,0,0,0,0,0,0,0,null,798740465.4173255,0,0.8000002,101.5557,1,0.85
2026-04-24T18:21:06.188+02:00,1777047653.571205,53.56895416345577,9.882977505173033,38.55946,-1,-1,-1,-1,9.056828472500998,2.789105338997707,-9999,3280.768716375,-0.7570648193359375,0.7341156005859375,0.1009368896484375,3280.759905375,-0.3098098632520333,-1.723561731334475,-0.6832343688736453,1.392091751098633,0.1114236414432526,-0.1925079822540283,0.003289103507995605,0.1017733812332153,0.00779414176940918,XArbitraryZVertical,-0.3258464297185716,-0.6729275086494324,0.1565810844856934,0.6453488686104155,-0.7665032148361206,0.6313046813011169,0.1180146560072899,0,0,0,-1,-1,3230.927795875,unknown,2,2026-04-24T18:20:16.323+02:00,null,0,0,0,0,0,0,0,null,798740465.4173255,0,0.8000002,101.5557,1,0.85
2026-04-24T18:21:06.196+02:00,1777047653.571205,53.56895416345577,9.882977505173033,38.55946,-1,-1,-1,-1,9.056828472500998,2.789105338997707,-9999,3280.778791375,-0.7688446044921875,0.7663116455078125,0.072052001953125,3280.769980375,-0.2895514963386682,-1.709602636731204,-0.6834270771402411,1.712030649185181,0.1202568113803864,-0.2186700701713562,0.01089048385620117,0.1026616096496582,-0.006350025534629822,XArbitraryZVertical,-0.320199722877645,-0.6716514227021193,0.1609500823127751,0.6484225231086185,-0.767955482006073,0.6314541101455688,0.1072869896888733,0,0,0,-1,-1,3230.927795875,unknown,2,2026-04-24T18:20:16.323+02:00,null,0,0,0,0,0,0,0,null,798740465.4173255,0,0.8000002,101.5557,1,0.85
2026-04-24T18:21:06.205+02:00,1777047653.571205,53.56895416345577,9.882977505173033,38.55946,-1,-1,-1,-1,9.056828472500998,2.789105338997707,-9999,3280.788866375,-0.773681640625,0.797821044921875,0.0542755126953125,3280.780055375,-0.2646083526374426,-1.692617671645355,-0.6836289946450727,2.117925405502319,0.1184551864862442,-0.244087815284729,0.0006954669952392578,0.1347010135650635,-0.02216088771820068,XArbitraryZVertical,-0.3132818266272855,-0.6700454904567705,0.1664438075788625,0.6520659746177833,-0.7695400714874268,0.6316106915473938,0.09421292692422867,0,0,0,-1,-1,3230.927795875,unknown,2,2026-04-24T18:20:16.323+02:00,null,0,0,0,0,0,0,0,null,798740465.4173255,0,0.8000002,101.5557,1,0.85
2026-04-24T18:21:06.216+02:00,1777047653.571205,53.56895416345577,9.882977505173033,38.55946,-1,-1,-1,-1,9.056828472500998,2.789105338997707,-9999,3280.798941375,-0.764373779296875,0.82330322265625,0.0179595947265625,3280.790130375,-0.2332849939887772,-1.67173154434408,-0.6836937051924387,2.685574531555176,0.1001616641879082,-0.2754193544387817,-0.002382397651672363,0.1661604046821594,-0.02384112775325775,XArbitraryZVertical,-0.3045972207380898,-0.6680410933117593,0.1734874684017072,0.6563870401093097,-0.771299421787262,0.6316608786582947,0.07811673730611801,0,0,0,-1,-1,3230.927795875,unknown,2,2026-04-24T18:20:16.323+02:00,null,0,0,0,0,0,0,0,null,798740465.4173255,0,0.8000002,101.5557,1,0.85
2026-04-24T18:21:06.232+02:00,1777047653.571205,53.56895416345577,9.882977505173033,38.55946,-1,-1,-1,-1,9.056828472500998,2.789105338997707,-9999,3280.809016375,-0.75994873046875,0.85540771484375,-0.041229248046875,3280.800205375,-0.193736620005841,-1.645778834330383,-0.683372017704057,3.395094156265259,0.08966294676065445,-0.3264601826667786,0.008895397186279297,0.1918918490409851,-0.04013097286224365,XArbitraryZVertical,-0.2936244311538527,-0.6654547175130155,0.1825221634421362,0.661544004065041,-0.7732692360877991,0.6314114332199097,0.05809057503938675,0,0,0,-1,-1,3230.927795875,unknown,2,2026-04-24T18:20:16.323+02:00,null,0,0,0,0,0,0,0,null,798740465.4173255,0,0.8000002,101.5557,1,0.85
2026-04-24T18:21:06.235+02:00,1777047653.571205,53.56895416345577,9.882977505173033,38.55946,-1,-1,-1,-1,9.056828472500998,2.789105338997707,-9999,3280.819091375,-0.77496337890625,0.8716583251953125,-0.05535888671875,3280.810280375,-0.14456170701385,-1.613950253812243,-0.6819189496685253,4.145230293273926,0.06977979093790054,-0.4047919809818268,0.01569324731826782,0.2251237630844116,-0.0747220516204834,XArbitraryZVertical,-0.2798432997717739,-0.6621435828427309,0.1937897108435717,0.6676071245641008,-0.7756420373916626,0.6302840113639832,0.0334927923977375,0,0,0,-1,-1,3230.927795875,unknown,2,2026-04-24T18:20:16.323+02:00,null,0,0,0,0,0,0,0,null,798740465.4173255,0,0.8000002,101.5557,1,0.85
2026-04-24T18:21:06.245+02:00,1777047653.571205,53.56895416345577,9.882977505173033,38.55946,-1,-1,-1,-1,9.056828472500998,2.789105338997707,-9999,3280.829166375,-0.788238525390625,0.8509368896484375,-0.024566650390625,3280.820355375,-0.08634622609883261,-1.576563964418604,-0.678750855469623,4.789843082427979,0.08372090756893158,-0.4419145882129669,0.003381252288818359,0.2438370585441589,-0.05984807014465332,XArbitraryZVertical,-0.2633567537722529,-0.6579421327089909,0.2071577433109387,0.6744190399897151,-0.7783446311950684,0.6278212070465088,0.004489259328693151,0,0,0,-1,-1,3230.927795875,unknown,2,2026-04-24T18:20:16.323+02:00,null,0,0,0,0,0,0,0,null,798740465.4173255,0,0.8000002,101.5557,1,0.85
2026-04-24T18:21:06.256+02:00,1777047653.571205,53.56895416345577,9.882977505173033,38.55946,-1,-1,-1,-1,9.056828472500998,2.789105338997707,-9999,3280.839241375,-0.795867919921875,0.7731170654296875,0.015228271484375,3280.830430375,-0.02224079528357939,-1.535322574782296,-0.6734550287881625,5.106380939483643,0.1466250419616699,-0.458188384771347,-0.007058799266815186,0.2272464632987976,0.003156427294015884,XArbitraryZVertical,-0.2450091284965877,-0.6527702706339952,0.2218816421561734,0.6816377097863816,-0.7811796069145203,0.6236904263496399,-0.02772300131618977,0,0,0,-1,-1,3230.927795875,unknown,2,2026-04-24T18:20:16.323+02:00,null,0,0,0,0,0,0,0,null,798740465.4173255,0,0.8000002,101.5557,1,0.85
2026-04-24T18:21:06.266+02:00,1777047653.571205,53.56895416345577,9.882977505173033,38.55946,-1,-1,-1,-1,9.056828472500998,2.789105338997707,-9999,3280.849317375,-0.7923431396484375,0.6500396728515625,0.0443572998046875,3280.840505375,0.04302818408076683,-1.492892415820575,-0.6659547744337497,5.072772026062012,0.2215994149446487,-0.4531925618648529,-0.01192551851272583,0.155306875705719,0.07642436027526855,XArbitraryZVertical,-0.226088011986686,-0.6467504884820487,0.2368215867725212,0.6888494944836254,-0.7839424610137939,0.6178101897239685,-0.06119603291153908,0,0,0,-1,-1,3230.927795875,unknown,2,2026-04-24T18:20:16.323+02:00,null,0,0,0,0,0,0,0,null,798740465.4173255,0,0.8000002,101.5557,1,0.85
2026-04-24T18:21:06.276+02:00,1777047653.571205,53.56895416345577,9.882977505173033,38.55946,-1,-1,-1,-1,9.056828472500998,2.789105338997707,-9999,3280.859392375,-0.7633209228515625,0.551422119140625,0.0538330078125,3280.850581375,0.1050774395856566,-1.452382829688626,-0.6566162545692196,4.760696887969971,0.2440256327390671,-0.4415590763092041,-0.005827367305755615,0.03959947824478149,0.1379292011260986,XArbitraryZVertical,-0.2077514687282654,-0.6403541253688546,0.2509830432710894,0.6955526281441263,-0.7865157723426819,0.610440194606781,-0.09357184171676636,0,0,0,-1,-1,3230.927795875,unknown,2,2026-04-24T18:20:16.323+02:00,null,0,0,0,0,0,0,0,null,798740465.4173255,0,0.8000002,101.5557,1,0.85
2026-04-24T18:21:06.286+02:00,1777047653.571205,53.56895416345577,9.882977505173033,38.55946,-1,-1,-1,-1,9.056828472500998,2.789105338997707,-9999,3280.869467375,-0.733123779296875,0.5177459716796875,0.040679931640625,3280.860656375,0.1619314311755505,-1.415556765859018,-0.645866006802631,4.433895587921143,0.2185966968536377,-0.4542871415615082,0.02565461397171021,-0.05046820640563965,0.177306741476059,XArbitraryZVertical,-0.1904705626558099,-0.6340221814541979,0.2639226670152769,0.7014852713812695,-0.7889754176139832,0.6018902659416199,-0.1234736740589142,0,0,0,-1,-1,3230.927795875,unknown,2,2026-04-24T18:20:16.323+02:00,null,0,0,0,0,0,0,0,null,798740465.4173255,0,0.8000002,101.5557,1,0.85
2026-04-24T18:21:06.296+02:00,1777047653.571205,53.56895416345577,9.882977505173033,38.55946,-1,-1,-1,-1,9.056828472500998,2.789105338997707,-9999,3280.879542375,-0.72772216796875,0.5484619140625,-0.00390625,3280.870731375,0.2146628259101988,-1.382012861409548,-0.6337645084014705,4.276020050048828,0.1916449815034866,-0.4717769920825958,0.05836367607116699,-0.07443642616271973,0.191900447010994,XArbitraryZVertical,-0.1738697365725855,-0.6278208902882035,0.2758888056128031,0.7067500540657986,-0.791487455368042,0.5921823978424072,-0.1512204855680466,0,0,0,-1,-1,3230.927795875,unknown,2,2026-04-24T18:20:16.323+02:00,null,0,0,0,0,0,0,0,null,798740465.4173255,0,0.8000002,101.5557,1,0.85
2026-04-24T18:21:06.306+02:00,1777047653.571205,53.56895416345577,9.882977505173033,38.55946,-1,-1,-1,-1,9.056828472500998,2.789105338997707,-9999,3280.889617375,-0.7481536865234375,0.61248779296875,-0.0655670166015625,3280.880806375,0.2654668955550689,-1.35032157490771,-0.6203203070001628,4.282430648803711,0.1853575259447098,-0.4799360930919647,0.06627374887466431,-0.03283393383026123,0.1740425378084183,XArbitraryZVertical,-0.1573829833334711,-0.6214951587924852,0.2874651697743767,0.7115743845909974,-0.7939957976341248,0.5812958478927612,-0.1779487282037735,0,0,0,-1,-1,3230.927795875,unknown,2,2026-04-24T18:20:16.323+02:00,null,0,0,0,0,0,0,0,null,798740465.4173255,0,0.8000002,101.5557,1,0.85
2026-04-24T18:21:06.316+02:00,1777047653.571205,53.56895416345577,9.882977505173033,38.55946,-1,-1,-1,-1,9.056828472500998,2.789105338997707,-9999,3280.899692375,-0.7811126708984375,0.64727783203125,-0.1199951171875,3280.890881375,0.3161655520108653,-1.319099467345263,-0.6053968248062409,4.429534435272217,0.2179261147975922,-0.4740509688854218,0.04821372032165527,0.0433993935585022,0.1392190456390381,XArbitraryZVertical,-0.1405608359070738,-0.6146947452550356,0.2991365891260052,0.7161775913845673,-0.7963674068450928,0.5690883994102478,-0.2047860473394394,0,0,0,-1,-1,3230.927795875,unknown,2,2026-04-24T18:20:16.323+02:00,null,0,0,0,0,0,0,0,null,798740465.4173255,0,0.8000002,101.5557,1,0.85
2026-04-24T18:21:06.326+02:00,1777047653.571205,53.56895416345577,9.882977505173033,38.55946,-1,-1,-1,-1,9.056828472500998,2.789105338997707,-9999,3280.909767375,-0.8026123046875,0.6311187744140625,-0.167083740234375,3280.900956375,0.3680975510558713,-1.287525509049336,-0.5886625367447531,4.672736644744873,0.2456118017435074,-0.4800739586353302,0.0174257755279541,0.09202861785888672,0.1124586015939713,XArbitraryZVertical,-0.1229940852112268,-0.6071619304641426,0.3112654637910285,0.7206529197655877,-0.7985383868217468,0.5552491545677185,-0.2324536889791489,0,0,0,-1,-1,3230.927795875,unknown,2,2026-04-24T18:20:16.323+02:00,null,0,0,0,0,0,0,0,null,798740465.4173255,0,0.8000002,101.5557,1,0.85
2026-04-24T18:21:06.338+02:00,1777047653.571205,53.56895416345577,9.882977505173033,38.55946,-1,-1,-1,-1,9.056828472500998,2.789105338997707,-9999,3280.919842375,-0.812591552734375,0.572357177734375,-0.21624755859375,3280.911031375,0.4218340044228616,-1.255550915106521,-0.569620644638766,4.98671817779541,0.2579723298549652,-0.5008144378662109,-0.002005338668823242,0.09180611371994019,0.09401097893714905,XArbitraryZVertical,-0.1043530061204205,-0.5988014004193222,0.3239865946505338,0.7249689429237037,-0.800606906414032,0.5393126010894775,-0.2610946595668793,0,0,0,-1,-1,3230.927795875,unknown,2,2026-04-24T18:20:16.323+02:00,null,0,0,0,0,0,0,0,null,798740465.4173255,0,0.8000002,101.5557,1,0.85
2026-04-24T18:21:06.346+02:00,1777047653.571205,53.56895416345577,9.882977505173033,38.55946,-1,-1,-1,-1,9.056828472500998,2.789105338997707,-9999,3280.929917375,-0.8165130615234375,0.522735595703125,-0.260345458984375,3280.921106375,0.4769280914792548,-1.223597279881036,-0.5481333707360322,5.133379459381104,0.2884034812450409,-0.5107064843177795,-0.01002156734466553,0.05126219987869263,0.07416850328445435,XArbitraryZVertical,-0.08468569333738556,-0.5895933502828923,0.337194668535599,0.7290458312852324,-0.8025700449943542,0.5210949778556824,-0.290416032075882,0,0,0,-1,-1,3230.927795875,unknown,2,2026-04-24T18:20:16.323+02:00,null,0,0,0,0,0,0,0,null,798740465.4173255,0,0.8000002,101.5557,1,0.85
2026-04-24T18:21:06.356+02:00,1777047653.571205,53.56895416345577,9.882977505173033,38.55946,-1,-1,-1,-1,9.056828472500998,2.789105338997707,-9999,3280.939992375,-0.8059844970703125,0.5063323974609375,-0.2499542236328125,3280.931181375,0.5311046504143707,-1.192755569425932,-0.5250843953090983,5.11200475692749,0.3324977159500122,-0.4882908165454865,-0.01232928037643433,0.02144962549209595,0.05903029441833496,XArbitraryZVertical,-0.06485763075784089,-0.5797461678073584,0.3503565923922207,0.7327607210498696,-0.8041838407516479,0.5012860298156738,-0.3193757236003876,0,0,0,-1,-1,3230.927795875,unknown,2,2026-04-24T18:20:16.323+02:00,null,0,0,0,0,0,0,0,null,798740465.4173255,0,0.8000002,101.5557,1,0.85
2026-04-24T18:21:06.367+02:00,1777047653.571205,53.56895416345577,9.882977505173033,38.55946,-1,-1,-1,-1,9.056828472500998,2.789105338997707,-9999,3280.950067375,-0.7923736572265625,0.480712890625,-0.2116241455078125,3280.941256375,0.5827148285040923,-1.163928324190989,-0.5012377855260444,4.923956394195557,0.3551582992076874,-0.4735355973243713,-0.0005891919136047363,0.02582105994224548,0.09710082411766052,XArbitraryZVertical,-0.0454865645835213,-0.5695642564989638,0.3630435711602418,0.7360211448884599,-0.8053954839706421,0.4805114269256592,-0.347055047750473,0,0,0,-1,-1,3230.927795875,unknown,2,2026-04-24T18:20:16.323+02:00,null,0,0,0,0,0,0,0,null,798740465.4173255,0,0.8000002,101.5557,1,0.85
2026-04-24T18:21:06.377+02:00,1777047653.571205,53.56895416345577,9.882977505173033,38.55946,-1,-1,-1,-1,9.056828472500998,2.789105338997707,-9999,3280.960142375,-0.78533935546875,0.43743896484375,-0.1817169189453125,3280.951331375,0.6302911108631142,-1.137969558404861,-0.4773267612604435,4.608635902404785,0.3578020036220551,-0.46061971783638,0.01394361257553101,0.02130651473999023,0.1609322428703308,XArbitraryZVertical,-0.02708695704688684,-0.5594534161275234,0.3748157834001787,0.7387769368121687,-0.8063173294067383,0.4594063758850098,-0.3725563585758209,0,0,0,-1,-1,3230.927795875,unknown,2,2026-04-24T18:20:16.323+02:00,null,0,0,0,0,0,0,0,null,798740465.4173255,0,0.8000002,101.5557,1,0.85
2026-04-24T18:21:06.387+02:00,1777047653.571205,53.56895416345577,9.882977505173033,38.55946,-1,-1,-1,-1,9.056828472500998,2.789105338997707,-9999,3280.970217375,-0.7921142578125,0.3810577392578125,-0.182861328125,3280.961406375,0.672723490071364,-1.115280213367894,-0.4543062601991921,4.127571582794189,0.3624678552150726,-0.4311478435993195,0.0216032862663269,-0.00140005350112915,0.213585376739502,XArbitraryZVertical,-0.01020596032007596,-0.5497678500393487,0.385356145926396,0.7410478050470422,-0.8069426417350769,0.4388390481472015,-0.3953022956848145,0,0,0,-1,-1,3230.927795875,unknown,2,2026-04-24T18:20:16.323+02:00,null,0,0,0,0,0,0,0,null,798740465.4173255,0,0.8000002,101.5557,1,0.85
2026-04-24T18:21:06.397+02:00,1777047653.571205,53.56895416345577,9.882977505173033,38.55946,-1,-1,-1,-1,9.056828472500998,2.789105338997707,-9999,3280.980292375,-0.8023223876953125,0.323486328125,-0.2122650146484375,3280.971481375,0.708988715664319,-1.096069051948401,-0.4331793101153896,3.569560766220093,0.3506308794021606,-0.3990165293216705,0.01515281200408936,-0.03870081901550293,0.2320153117179871,XArbitraryZVertical,0.004602864362932244,-0.5408701419418351,0.3943623231609811,0.7429109542082534,-0.8072670698165894,0.4197585880756378,-0.4148766100406647,0,0,0,-1,-1,3230.927795875,unknown,2,2026-04-24T18:20:16.323+02:00,null,0,0,0,0,0,0,0,null,798740465.4173255,0,0.8000002,101.5557,1,0.85
2026-04-24T18:21:06.406+02:00,1777047653.571205,53.56895416345577,9.882977505173033,38.55946,-1,-1,-1,-1,9.056828472500998,2.789105338997707,-9999,3280.990367375,-0.8119354248046875,0.2733001708984375,-0.275390625,3280.981556375,0.7395027593301576,-1.080075303479007,-0.4143114021171272,3.065813302993774,0.3206788599491119,-0.3582142293453217,0.005048811435699463,-0.07907333970069885,0.2191253006458282,XArbitraryZVertical,0.01735421221427351,-0.532919979232981,0.401933650877053,0.7444088430229658,-0.807371199131012,0.4025596976280212,-0.431390255689621,0,0,0,-1,-1,3230.927795875,unknown,2,2026-04-24T18:20:16.323+02:00,null,0,0,0,0,0,0,0,null,798740465.4173255,0,0.8000002,101.5557,1,0.85
2026-04-24T18:21:06.417+02:00,1777047653.571205,53.56895416345577,9.882977505173033,38.55946,-1,-1,-1,-1,9.056828472500998,2.789105338997707,-9999,3281.000442375,-0.8123321533203125,0.26776123046875,-0.33734130859375,3280.991631375,0.7652272449975803,-1.066959988796933,-0.397550799495347,2.671059846878052,0.264041393995285,-0.3324463069438934,-0.004495501518249512,-0.1138611435890198,0.1697463989257812,XArbitraryZVertical,0.02838563888177346,-0.5259522317459435,0.4082954899130489,0.7455624815305956,-0.8074399828910828,0.3871613144874573,-0.4451370239257812,0,0,0,-1,-1,3230.927795875,unknown,2,2026-04-24T18:20:16.323+02:00,null,0,0,0,0,0,0,0,null,798740465.4173255,0,0.8000002,101.5557,1,0.85
2026-04-24T18:21:06.427+02:00,1777047653.571205,53.56895416345577,9.882977505173033,38.55946,-1,-1,-1,-1,9.056828472500998,2.789105338997707,-9999,3281.010517375,-0.819732666015625,0.2872314453125,-0.4007568359375,3281.001706375,0.7879612013622695,-1.056014401257028,-0.3819565356569979,2.519921541213989,0.196267157793045,-0.3376149833202362,-0.004655539989471436,-0.1049755215644836,0.1195239722728729,XArbitraryZVertical,0.03847446324549229,-0.51969903502291,0.4138675384525838,0.7464223292284248,-0.8076766133308411,0.3727367222309113,-0.4568652510643005,0,0,0,-1,-1,3230.927795875,unknown,2,2026-04-24T18:20:16.323+02:00,null,0,0,0,0,0,0,0,null,798740465.4173255,0,0.8000002,101.5557,1,0.85
2026-04-24T18:21:06.437+02:00,1777047653.571205,53.56895416345577,9.882977505173033,38.55946,-1,-1,-1,-1,9.056828472500998,2.789105338997707,-9999,3281.020592375,-0.8353271484375,0.3204193115234375,-0.4697418212890625,3281.011781375,0.8099508562984877,-1.046158093247723,-0.3663078947256821,2.565330743789673,0.1745695769786835,-0.3370259404182434,-0.01164841651916504,-0.07093930244445801,0.0669114887714386,XArbitraryZVertical,0.04851310001126646,-0.513626653913535,0.4192286367297007,0.7470485232574527,-0.80808424949646,0.3581707179546356,-0.4676682651042938,0,0,0,-1,-1,3230.927795875,unknown,2,2026-04-24T18:20:16.323+02:00,null,0,0,0,0,0,0,0,null,798740465.4173255,0,0.8000002,101.5557,1,0.85
2026-04-24T18:21:06.447+02:00,1777047653.571205,53.56895416345577,9.882977505173033,38.55946,-1,-1,-1,-1,9.056828472500998,2.789105338997707,-9999,3281.030667375,-0.8462371826171875,0.3512725830078125,-0.5003204345703125,3281.021856375,0.8328005022205217,-1.036160350926495,-0.3498824626006361,2.758857488632202,0.2205935269594193,-0.3315033614635468,-0.02700531482696533,-0.02236804366111755,0.008915305137634277,XArbitraryZVertical,0.05895294273076904,-0.5071449458124325,0.4248563682174379,0.7475464491780636,-0.8083218932151794,0.3427873849868774,-0.4786570966243744,0,0,0,-1,-1,3230.927795875,unknown,2,2026-04-24T18:20:16.323+02:00,null,0,0,0,0,0,0,0,null,798740465.4173255,0,0.8000002,101.5557,1,0.85
2026-04-24T18:21:06.457+02:00,1777047653.571205,53.56895416345577,9.882977505173033,38.55946,-1,-1,-1,-1,9.056828472500998,2.789105338997707,-9999,3281.040743375,-0.8433685302734375,0.3656005859375,-0.508819580078125,3281.031931375,0.8573974756086165,-1.025606989847776,-0.3321147890347213,3.000910997390747,0.2430205494165421,-0.3253631591796875,-0.03793120384216309,0.02522957324981689,-0.01007828116416931,XArbitraryZVertical,0.07014033518340197,-0.4999592677072088,0.430994936373431,0.7479066289817103,-0.8083059787750244,0.3260429799556732,-0.4902421236038208,0,0,0,-1,-1,3230.927795875,unknown,2,2026-04-24T18:20:16.323+02:00,null,0,0,0,0,0,0,0,null,798740465.4173255,0,0.8000002,101.5557,1,0.85
2026-04-24T18:21:06.467+02:00,1777047653.571205,53.56895416345577,9.882977505173033,38.55946,-1,-1,-1,-1,9.056828472500998,2.789105338997707,-9999,3281.050818375,-0.832763671875,0.3598785400390625,-0.527313232421875,3281.042007375,0.8837698085732592,-1.014655411337841,-0.3129120220396812,3.21815299987793,0.2781002521514893,-0.3228121101856232,-0.03531074523925781,0.05777004361152649,-0.006541728973388672,XArbitraryZVertical,0.08211938694839195,-0.4920543487818965,0.4376469380155756,0.7480669747332491,-0.8080577850341797,0.3078305423259735,-0.5022778511047363,0,0,0,-1,-1,3230.927795875,unknown,2,2026-04-24T18:20:16.323+02:00,null,0,0,0,0,0,0,0,null,798740465.4173255,0,0.8000002,101.5557,1,0.85
2026-04-24T18:21:06.477+02:00,1777047653.571205,53.56895416345577,9.882977505173033,38.55946,-1,-1,-1,-1,9.056828472500998,2.789105338997707,-9999,3281.060893375,-0.8279876708984375,0.3176727294921875,-0.51214599609375,3281.052082375,0.911181185733592,-1.003472596600516,-0.292621585778483,3.298479318618774,0.3176116943359375,-0.3189636468887329,-0.02527117729187012,0.07141518592834473,-0.0127795934677124,XArbitraryZVertical,0.09456979555425238,-0.4835180979312986,0.4446067938765307,0.7480586357683894,-0.8074925541877747,0.2884633541107178,-0.5145335793495178,0,0,0,-1,-1,3230.927795875,unknown,2,2026-04-24T18:20:16.323+02:00,null,0,0,0,0,0,0,0,null,798740465.4173255,0,0.8000002,101.5557,1,0.85
2026-04-24T18:21:06.488+02:00,1777047653.571205,53.56895416345577,9.882977505173033,38.55946,-1,-1,-1,-1,9.056828472500998,2.789105338997707,-9999,3281.070968375,-0.8162689208984375,0.2672119140625,-0.49224853515625,3281.062157375,0.9381764136589664,-0.9927062639693061,-0.2721851884781174,3.212226152420044,0.3188982605934143,-0.3007782697677612,-0.02131205797195435,0.04883593320846558,0.01416313648223877,XArbitraryZVertical,0.1068827082250767,-0.4747857742045251,0.4514749483818954,0.7478803129815902,-0.8066756129264832,0.2688368260860443,-0.5263091325759888,0,0,0,-1,-1,3230.927795875,unknown,2,2026-04-24T18:20:16.323+02:00,null,0,0,0,0,0,0,0,null,798740465.4173255,0,0.8000002,101.5557,1,0.85
2026-04-24T18:21:06.498+02:00,1777047653.571205,53.56895416345577,9.882977505173033,38.55946,-1,-1,-1,-1,9.056828472500998,2.789105338997707,-9999,3281.081043375,-0.796783447265625,0.2191009521484375,-0.48590087890625,3281.072232375,0.9639101180712288,-0.9829434470389256,-0.2523330830271255,3.07471489906311,0.2848276495933533,-0.2747384607791901,-0.0104871392250061,0.0175480991601944,0.04476511478424072,XArbitraryZVertical,0.1187023586945681,-0.4662648603797133,0.4580214647013539,0.7474779505037537,-0.8057818412780762,0.2496638298034668,-0.5370136499404907,0,0,0,-1,-1,3230.927795875,unknown,2,2026-04-24T18:20:16.323+02:00,null,0,0,0,0,0,0,0,null,798740465.4173255,0,0.8000002,101.5557,1,0.85
2026-04-24T18:21:06.507+02:00,1777047653.571205,53.56895416345577,9.882977505173033,38.55946,-1,-1,-1,-1,9.056828472500998,2.789105338997707,-9999,3281.091118375,-0.7914886474609375,0.18548583984375,-0.4953460693359375,3281.082307375,0.9883098560194373,-0.9744268001892166,-0.2331038935790536,2.963664770126343,0.2435891330242157,-0.2691301107406616,0.008219420909881592,-0.01189759373664856,0.06055140495300293,XArbitraryZVertical,0.1300744225138128,-0.4580987708526678,0.4641859371318078,0.7468318266188808,-0.8050029277801514,0.2309985756874084,-0.5464523434638977,0,0,0,-1,-1,3230.927795875,unknown,2,2026-04-24T18:20:16.323+02:00,null,0,0,0,0,0,0,0,null,798740465.4173255,0,0.8000002,101.5557,1,0.85
2026-04-24T18:21:06.517+02:00,1777047653.571205,53.56895416345577,9.882977505173033,38.55946,-1,-1,-1,-1,9.056828472500998,2.789105338997707,-9999,3281.101193375,-0.79864501953125,0.179046630859375,-0.5234527587890625,3281.092382375,1.011782062083801,-0.9668609903765328,-0.2142640633161041,2.903054475784302,0.2319053113460541,-0.2487037926912308,0.01279664039611816,-0.02714252471923828,0.05955427885055542,XArbitraryZVertical,0.1411386686693364,-0.450144125842749,0.4700725737304828,0.7459771291996067,-0.8042852878570557,0.2126283794641495,-0.5549002885818481,0,0,0,-1,-1,3230.927795875,unknown,2,2026-04-24T18:20:16.323+02:00,null,0,0,0,0,0,0,0,null,798740465.4173255,0,0.8000002,101.5557,1,0.85
2026-04-24T18:21:06.527+02:00,1777047653.571205,53.56895416345577,9.882977505173033,38.55946,-1,-1,-1,-1,9.056828472500998,2.789105338997707,-9999,3281.111268375,-0.801513671875,0.176605224609375,-0.5431060791015625,3281.102457375,1.034997185210126,-0.9597142593250205,-0.1955999158623922,2.925442934036255,0.2439521253108978,-0.2225491553544998,0.004764795303344727,-0.01530842483043671,0.03936058282852173,XArbitraryZVertical,0.1520170408762865,-0.442135944503747,0.4759140879697047,0.744924391867729,-0.8034098148345947,0.1943550407886505,-0.5628132224082947,0,0,0,-1,-1,3230.927795875,unknown,2,2026-04-24T18:20:16.323+02:00,null,0,0,0,0,0,0,0,null,798740465.4173255,0,0.8000002,101.5557,1,0.85
2026-04-24T18:21:06.538+02:00,1777047653.571205,53.56895416345577,9.882977505173033,38.55946,-1,-1,-1,-1,9.056828472500998,2.789105338997707,-9999,3281.121343375,-0.79638671875,0.1687774658203125,-0.55010986328125,3281.112532375,1.058481945384932,-0.9529356257793249,-0.1765991852864572,2.98983097076416,0.2384838461875916,-0.2174460738897324,0.0009282827377319336,0.0009225606918334961,0.02717685699462891,XArbitraryZVertical,0.1630147725516972,-0.4339178899517773,0.4818094198175875,0.7436405159301528,-0.8024419546127319,0.1756826788187027,-0.5702828764915466,0,0,0,-1,-1,3230.927795875,unknown,2,2026-04-24T18:20:16.323+02:00,null,0,0,0,0,0,0,0,null,798740465.4173255,0,0.8000002,101.5557,1,0.85
2026-04-24T18:21:06.547+02:00,1777047653.571205,53.56895416345577,9.882977505173033,38.55946,-1,-1,-1,-1,9.056828472500998,2.789105338997707,-9999,3281.131417916667,-0.7940673828125,0.1674041748046875,-0.57232666015625,3281.122607375,1.082247433379263,-0.9465034434159645,-0.157233881854003,3.03369665145874,0.2617558836936951,-0.1983794420957565,0.004980862140655518,0.01219068467617035,0.0272032618522644,XArbitraryZVertical,0.1741314309188958,-0.4254664151429121,0.487750533772664,0.7421294579700023,-0.8013677000999451,0.1565868109464645,-0.5773131251335144,0,0,0,-1,-1,3230.927795875,unknown,2,2026-04-24T18:20:16.323+02:00,null,0,0,0,0,0,0,0,null,798740465.4173255,0,0.8000002,101.5557,1,0.85
2026-04-24T18:21:06.558+02:00,1777047653.571205,53.56895416345577,9.882977505173033,38.55946,-1,-1,-1,-1,9.056828472500998,2.789105338997707,-9999,3281.141492916667,-0.7931365966796875,0.1368408203125,-0.5751953125,3281.132681916667,1.106458390529717,-0.9401685185639566,-0.1375040539664157,3.102480411529541,0.2820416986942291,-0.1853740215301514,0.005966782569885254,0.030333012342453,0.01175963878631592,XArbitraryZVertical,0.1853303556380389,-0.4166647325489887,0.4938123991173416,0.7404002021337286,-0.8000341653823853,0.1370711624622345,-0.5840862989425659,0,0,0,-1,-1,3230.927795875,unknown,2,2026-04-24T18:20:16.323+02:00,null,0,0,0,0,0,0,0,null,798740465.4173255,0,0.8000002,101.5557,1,0.85
2026-04-24T18:21:06.568+02:00,1777047653.571205,53.56895416345577,9.882977505173033,38.55946,-1,-1,-1,-1,9.056828472500998,2.789105338997707,-9999,3281.151567916667,-0.78875732421875,0.1218109130859375,-0.568206787109375,3281.142756916667,1.130811620068247,-0.9341713914900739,-0.1174949331331379,3.103934049606323,0.2940783798694611,-0.1731645166873932,0.005426228046417236,0.01961605250835419,0.01519089937210083,XArbitraryZVertical,0.1965626194101167,-0.407639579402358,0.4998685813091525,0.7384609929928416,-0.7985628247261047,0.117224782705307,-0.5903862118721008,0,0,0,-1,-1,3230.927795875,unknown,2,2026-04-24T18:20:16.323+02:00,null,0,0,0,0,0,0,0,null,798740465.4173255,0,0.8000002,101.5557,1,0.85
2026-04-24T18:21:06.577+02:00,1777047653.571205,53.56895416345577,9.882977505173033,38.55946,-1,-1,-1,-1,9.056828472500998,2.789105338997707,-9999,3281.161642916667,-0.7843170166015625,0.12164306640625,-0.5905609130859375,3281.152831916667,1.154933389817451,-0.9284492163843207,-0.09760010928998199,3.070284128189087,0.3329610824584961,-0.1548462212085724,0.008123934268951416,0.02436567842960358,0.02801859378814697,XArbitraryZVertical,0.2075806178282566,-0.3984941930081028,0.5058476499203173,0.7363632382590941,-0.7968812584877014,0.09744522720575333,-0.5962253212928772,0,0,0,-1,-1,3230.927795875,unknown,2,2026-04-24T18:20:16.323+02:00,null,0,0,0,0,0,0,0,null,798740465.4173255,0,0.8000002,101.5557,1,0.85
2026-04-24T18:21:06.588+02:00,1777047653.571205,53.56895416345577,9.882977505173033,38.55946,-1,-1,-1,-1,9.056828472500998,2.789105338997707,-9999,3281.171717916667,-0.788818359375,0.08221435546875,-0.5834503173828125,3281.162906916667,1.178600702035771,-0.9228836102824526,-0.07798252553018388,2.995876550674438,0.3513789772987366,-0.1393516659736633,0.0106050968170166,0.04373956471681595,0.01112842559814453,XArbitraryZVertical,0.2182498734959942,-0.3892587055152307,0.5117017188312705,0.7341703835289014,-0.7949221134185791,0.07790350914001465,-0.6016892790794373,0,0,0,-1,-1,3230.927795875,unknown,2,2026-04-24T18:20:16.323+02:00,null,0,0,0,0,0,0,0,null,798740465.4173255,0,0.8000002,101.5557,1,0.85
2026-04-24T18:21:06.598+02:00,1777047653.571205,53.56895416345577,9.882977505173033,38.55946,-1,-1,-1,-1,9.056828472500998,2.789105338997707,-9999,3281.181792916667,-0.783294677734375,0.0419769287109375,-0.56365966796875,3281.172981916667,1.201144139177548,-0.9177476270429999,-0.05939840026605493,2.774020195007324,0.3621176481246948,-0.08551827818155289,0.00401604175567627,0.0228508897125721,0.02308875322341919,XArbitraryZVertical,0.2282364322448755,-0.3803138224082658,0.5172824573631861,0.7319073810384271,-0.7928344011306763,0.0593634769320488,-0.6065390706062317,0,0,0,-1,-1,3230.927795875,unknown,2,2026-04-24T18:20:16.323+02:00,null,0,0,0,0,0,0,0,null,798740465.4173255,0,0.8000002,101.5557,1,0.85
2026-04-24T18:21:06.608+02:00,1777047653.571205,53.56895416345577,9.882977505173033,38.55946,-1,-1,-1,-1,9.056828472500998,2.789105338997707,-9999,3281.191867916667,-0.77154541015625,0.0015411376953125,-0.5621337890625,3281.183056916667,1.222097234884638,-0.9131514409653794,-0.04258907399185208,2.565010786056519,0.3298909962177277,-0.03148859739303589,0.007421672344207764,-0.0005992762744426727,0.04704070091247559,XArbitraryZVertical,0.2372321041116916,-0.3719821637980532,0.5225304610550833,0.729597337022746,-0.7907164096832275,0.04257620126008987,-0.6107003688812256,0,0,0,-1,-1,3230.927795875,unknown,2,2026-04-24T18:20:16.323+02:00,null,0,0,0,0,0,0,0,null,798740465.4173255,0,0.8000002,101.5557,1,0.85
2026-04-24T18:21:06.618+02:00,1777047653.571205,53.56895416345577,9.882977505173033,38.55946,-1,-1,-1,-1,9.056828472500998,2.789105338997707,-9999,3281.201942916667,-0.7696990966796875,-0.031036376953125,-0.581329345703125,3281.193131916667,1.24210094724984,-0.9092806600999009,-0.02679453558597269,2.513265132904053,0.2913830280303955,-0.02143489755690098,0.01723337173461914,-0.02525018900632858,0.05195927619934082,XArbitraryZVertical,0.245719157741427,-0.3641092860188936,0.5275184815726919,0.7271663901478961,-0.7887788414955139,0.02679133042693138,-0.6140930652618408,0,0,0,-1,-1,3230.927795875,unknown,2,2026-04-24T18:20:16.323+02:00,null,0,0,0,0,0,0,0,null,798740465.4173255,0,0.8000002,101.5557,1,0.85
2026-04-24T18:21:06.628+02:00,1777047653.571205,53.56895416345577,9.882977505173033,38.55946,-1,-1,-1,-1,9.056828472500998,2.789105338997707,-9999,3281.212017916667,-0.7786865234375,-0.00738525390625,-0.6174468994140625,3281.203206916667,1.261992676877706,-0.9061861338415345,-0.01095530094862292,2.540415525436401,0.2617132961750031,-0.0223451666533947,0.0174109935760498,-0.0419914536178112,0.03538602590560913,XArbitraryZVertical,0.2542690954187931,-0.3563559268798537,0.5323502465031673,0.7245419436796285,-0.7871100902557373,0.01095508225262165,-0.6167153716087341,0,0,0,-1,-1,3230.927795875,unknown,2,2026-04-24T18:20:16.323+02:00,null,0,0,0,0,0,0,0,null,798740465.4173255,0,0.8000002,101.5557,1,0.85
2026-04-24T18:21:06.639+02:00,1777047653.571205,53.56895416345577,9.882977505173033,38.55946,-1,-1,-1,-1,9.056828472500998,2.789105338997707,-9999,3281.222093916667,-0.797760009765625,0.01947021484375,-0.6292877197265625,3281.213281916667,1.282378974008798,-0.9032659233264556,0.005367342772776722,2.644959926605225,0.3122912049293518,-0.02792708575725555,0.006655037403106689,-0.00201794458553195,0.001592636108398438,XArbitraryZVertical,0.262987456339473,-0.348307126971178,0.5372354978419992,0.7217325643710922,-0.7853415608406067,-0.005367316771298647,-0.6190394759178162,0,0,0,-1,-1,3230.927795875,unknown,2,2026-04-24T18:20:16.323+02:00,null,0,0,0,0,0,0,0,null,798740465.4173255,0,0.8000002,101.5557,1,0.85
2026-04-24T18:21:06.648+02:00,1777047653.571205,53.56895416345577,9.882977505173033,38.55946,-1,-1,-1,-1,9.056828472500998,2.789105338997707,-9999,3281.232168916667,-0.815277099609375,0.00653076171875,-0.5832977294921875,3281.223357916667,1.303342192418483,-0.8999688829404067,0.02218139404635396,2.666454792022705,0.3947858214378357,-0.004143192432820797,-0.01464509963989258,0.04164978861808777,-0.007806241512298584,XArbitraryZVertical,0.2717287249437124,-0.339739289464086,0.5422707170651453,0.7188068016564009,-0.7831149101257324,-0.02217957563698292,-0.6214814186096191,0,0,0,-1,-1,3230.927795875,unknown,2,2026-04-24T18:20:16.323+02:00,null,0,0,0,0,0,0,0,null,798740465.4173255,0,0.8000002,101.5557,1,0.85
2026-04-24T18:21:06.660+02:00,1777047653.571205,53.56895416345577,9.882977505173033,38.55946,-1,-1,-1,-1,9.056828472500998,2.789105338997707,-9999,3281.242243916667,-0.80133056640625,-0.0299835205078125,-0.543426513671875,3281.233432916667,1.323965345856274,-0.8964607184361211,0.03845139343059256,2.538954496383667,0.4313087165355682,0.03106392920017242,-0.03473252058029175,0.04497267678380013,0.04061925411224365,XArbitraryZVertical,0.280002198795556,-0.3311197446224716,0.5472869073309867,0.7158460231931166,-0.7805445790290833,-0.03844191879034042,-0.6239169836044312,0,0,0,-1,-1,3230.927795875,unknown,2,2026-04-24T18:20:16.323+02:00,null,0,0,0,0,0,0,0,null,798740465.4173255,0,0.8000002,101.5557,1,0.85
2026-04-24T18:21:06.669+02:00,1777047653.571205,53.56895416345577,9.882977505173033,38.55946,-1,-1,-1,-1,9.056828472500998,2.789105338997707,-9999,3281.252318916667,-0.779388427734375,-0.0835723876953125,-0.54376220703125,3281.243507916667,1.343627656619705,-0.8930072503884842,0.05367073610936991,2.39176082611084,0.4118263423442841,0.03916606679558754,-0.02349114418029785,0.02366145327687263,0.08274286985397339,XArbitraryZVertical,0.2876099770616429,-0.3227937661838811,0.5521165990950341,0.7129178374554521,-0.7778393626213074,-0.05364497378468513,-0.6261693835258484,0,0,0,-1,-1,3230.927795875,unknown,2,2026-04-24T18:20:16.323+02:00,null,0,0,0,0,0,0,0,null,798740465.4173255,0,0.8000002,101.5557,1,0.85
2026-04-24T18:21:06.681+02:00,1777047653.571205,53.56895416345577,9.882977505173033,38.55946,-1,-1,-1,-1,9.056828472500998,2.789105338997707,-9999,3281.262393916667,-0.7707672119140625,-0.0995941162109375,-0.5409088134765625,3281.253582916667,1.362007517338757,-0.8901774702805536,0.06819989365077926,2.246181726455688,0.3781576156616211,0.01204816065728664,-0.004011750221252441,-0.01542536169290543,0.0840490460395813,XArbitraryZVertical,0.2948053455427316,-0.3149351806206409,0.5565007950102584,0.7100793798544122,-0.7753767967224121,-0.06814703345298767,-0.6278112530708313,0,0,0,-1,-1,3230.927795875,unknown,2,2026-04-24T18:20:16.323+02:00,null,0,0,0,0,0,0,0,null,798740465.4173255,0,0.8000002,101.5557,1,0.85
2026-04-24T18:21:06.689+02:00,1777047653.571205,53.56895416345577,9.882977505173033,38.55946,-1,-1,-1,-1,9.056828472500998,2.789105338997707,-9999,3281.272468916667,-0.7646942138671875,-0.073974609375,-0.5528564453125,3281.263657916667,1.378773168914885,-0.887537790512678,0.0816813577892665,2.00782322883606,0.3977800309658051,0.000964883656706661,0.002166807651519775,-0.01800356060266495,0.08830976486206055,XArbitraryZVertical,0.3013177883044399,-0.3075683814474942,0.5604490210480584,0.7074646331188623,-0.7729340195655823,-0.08159056305885315,-0.629218578338623,0,0,0,-1,-1,3230.927795875,unknown,2,2026-04-24T18:20:16.323+02:00,null,0,0,0,0,0,0,0,null,798740465.4173255,0,0.8000002,101.5557,1,0.85
2026-04-24T18:21:06.699+02:00,1777047653.571205,53.56895416345577,9.882977505173033,38.55946,-1,-1,-1,-1,9.056828472500998,2.789105338997707,-9999,3281.282543916667,-0.7671356201171875,-0.09844970703125,-0.5329132080078125,3281.273732916667,1.393494175654951,-0.8847709609913359,0.09360778050011229,1.746161818504333,0.4141262471675873,0.01491505466401577,0.005688130855560303,0.01949652284383774,0.07783699035644531,XArbitraryZVertical,0.3068480160278165,-0.3008281440779476,0.5639530474190665,0.7051977036164437,-0.7703824043273926,-0.09347113221883774,-0.6306934356689453,0,0,0,-1,-1,3230.927795875,unknown,2,2026-04-24T18:20:16.323+02:00,null,0,0,0,0,0,0,0,null,798740465.4173255,0,0.8000002,101.5557,1,0.85
2026-04-24T18:21:06.709+02:00,1777047653.571205,53.56895416345577,9.882977505173033,38.55946,-1,-1,-1,-1,9.056828472500998,2.789105338997707,-9999,3281.292618916667,-0.76251220703125,-0.14849853515625,-0.5556793212890625,3281.283807916667,1.406591174665331,-0.8818409105479922,0.1038813787835862,1.563279032707214,0.4100913107395172,0.04687059298157692,0.0006136298179626465,0.005244925618171692,0.09939092397689819,XArbitraryZVertical,0.3114470130402692,-0.2947010268249327,0.5671924264570548,0.7031678032486651,-0.7677493095397949,-0.1036946401000023,-0.6323041319847107,0,0,0,-1,-1,3230.927795875,unknown,2,2026-04-24T18:20:16.323+02:00,null,0,0,0,0,0,0,0,null,798740465.4173255,0,0.8000002,101.5557,1,0.85
2026-04-24T18:21:06.719+02:00,1777047653.571205,53.56895416345577,9.882977505173033,38.55946,-1,-1,-1,-1,9.056828472500998,2.789105338997707,-9999,3281.302693916667,-0.7551116943359375,-0.14111328125,-0.59747314453125,3281.293882916667,1.41919725458757,-0.8792930084524472,0.1134702124102314,1.600763201713562,0.3598480820655823,0.06155432760715485,0.002822399139404297,-0.03527167439460754,0.07791566848754883,XArbitraryZVertical,0.3157840685382737,-0.2889341096987947,0.5703126106274399,0.7010999740401314,-0.7653346657752991,-0.1132268682122231,-0.6335949897766113,0,0,0,-1,-1,3230.927795875,unknown,2,2026-04-24T18:20:16.323+02:00,null,0,0,0,0,0,0,0,null,798740465.4173255,0,0.8000002,101.5557,1,0.85
2026-04-24T18:21:06.729+02:00,1777047653.571205,53.56895416345577,9.882977505173033,38.55946,-1,-1,-1,-1,9.056828472500998,2.789105338997707,-9999,3281.312768916667,-0.756317138671875,-0.0651702880859375,-0.66241455078125,3281.303957916667,1.432962638332581,-0.8773059141457054,0.1240798262703786,1.856798768043518,0.3654204905033112,0.04992217198014259,0.00799560546875,-0.01735160499811172,0.03683775663375854,XArbitraryZVertical,0.3207211722245339,-0.2828117355222854,0.573556663998417,0.6987047261750226,-0.7631072998046875,-0.1237616837024689,-0.6343109011650085,0,0,0,-1,-1,3230.927795875,unknown,2,2026-04-24T18:20:16.323+02:00,null,0,0,0,0,0,0,0,null,798740465.4173255,0,0.8000002,101.5557,1,0.85
2026-04-24T18:21:06.739+02:00,1777047653.571205,53.56895416345577,9.882977505173033,38.55946,-1,-1,-1,-1,9.056828472500998,2.789105338997707,-9999,3281.322843916667,-0.7731170654296875,-0.005889892578125,-0.6660919189453125,3281.314032916667,1.448921750981584,-0.875503464846933,0.1367601182047952,2.152199268341064,0.4098857045173645,0.02851388603448868,0.004379391670227051,0.07116390764713287,-0.02778559923171997,XArbitraryZVertical,0.3266205619320732,-0.2756892178332457,0.5771481851823094,0.6958552546451493,-0.7606965303421021,-0.1363342106342316,-0.63462895154953,0,0,0,-1,-1,3230.927795875,unknown,2,2026-04-24T18:20:16.323+02:00,null,0,0,0,0,0,0,0,null,798740465.4173255,0,0.8000002,101.5557,1,0.85
2026-04-24T18:21:06.749+02:00,1777047653.571205,53.56895416345577,9.882977505173033,38.55946,-1,-1,-1,-1,9.056828472500998,2.789105338997707,-9999,3281.332918916667,-0.78216552734375,-0.0433349609375,-0.6148834228515625,3281.324107916667,1.466355643897219,-0.8733530283077409,0.1508079334276946,2.235503911972046,0.5159007906913757,0.03277334943413734,-0.01532989740371704,0.1443470567464828,-0.03112137317657471,XArbitraryZVertical,0.3329584153053051,-0.2676816384558127,0.5810377433859627,0.6927339780629932,-0.7577871680259705,-0.1502369493246078,-0.634970486164093,0,0,0,-1,-1,3230.927795875,unknown,2,2026-04-24T18:20:16.323+02:00,null,0,0,0,0,0,0,0,null,798740465.4173255,0,0.8000002,101.5557,1,0.85
2026-04-24T18:21:06.759+02:00,1777047653.571205,53.56895416345577,9.882977505173033,38.55946,-1,-1,-1,-1,9.056828472500998,2.789105338997707,-9999,3281.342993916667,-0.7792510986328125,-0.1517486572265625,-0.5579376220703125,3281.334182916667,1.48366963761338,-0.870918387532103,0.1646309682920789,2.104582071304321,0.4966632127761841,0.05136613920331001,-0.02758729457855225,0.1205533295869827,0.02053165435791016,XArbitraryZVertical,0.3389987097977548,-0.2595618333554398,0.5849443594311091,0.6895996169612312,-0.7545782327651978,-0.1638883054256439,-0.6354150772094727,0,0,0,-1,-1,3230.927795875,unknown,2,2026-04-24T18:20:16.323+02:00,null,0,0,0,0,0,0,0,null,798740465.4173255,0,0.8000002,101.5557,1,0.85
2026-04-24T18:21:06.771+02:00,1777047653.571205,53.56895416345577,9.882977505173033,38.55946,-1,-1,-1,-1,9.056828472500998,2.789105338997707,-9999,3281.353068916667,-0.76702880859375,-0.2237548828125,-0.54315185546875,3281.344257916667,1.499734515687944,-0.8687292303328712,0.1770598217963034,1.884311556816101,0.4787601232528687,0.08527376502752304,-0.02767902612686157,0.02438747882843018,0.07776325941085815,XArbitraryZVertical,0.3443843103300829,-0.2520893513624745,0.588602977549348,0.6865835629626926,-0.7515720725059509,-0.1761361211538315,-0.6357008218765259,0,0,0,-1,-1,3230.927795875,unknown,2,2026-04-24T18:20:16.323+02:00,null,0,0,0,0,0,0,0,null,798740465.4173255,0,0.8000002,101.5557,1,0.85
2026-04-24T18:21:06.781+02:00,1777047653.571205,53.56895416345577,9.882977505173033,38.55946,-1,-1,-1,-1,9.056828472500998,2.789105338997707,-9999,3281.363143916667,-0.760833740234375,-0.2078399658203125,-0.5756988525390625,3281.354332916667,1.514441820262953,-0.8667354448782447,0.1882892776682484,1.782617449760437,0.4574806392192841,0.0753793939948082,-0.01828056573867798,-0.03657621145248413,0.09272563457489014,XArbitraryZVertical,0.3491769207246004,-0.2452278876491308,0.5919551344240219,0.6837601068699339,-0.748748242855072,-0.1871786862611771,-0.6358775496482849,0,0,0,-1,-1,3230.927795875,unknown,2,2026-04-24T18:20:16.323+02:00,null,0,0,0,0,0,0,0,null,798740465.4173255,0,0.8000002,101.5557,1,0.85
2026-04-24T18:21:06.789+02:00,1777047653.571205,53.56895416345577,9.882977505173033,38.55946,-1,-1,-1,-1,9.056828472500998,2.789105338997707,-9999,3281.373218916667,-0.763336181640625,-0.1618194580078125,-0.6233367919921875,3281.364407916667,1.529289061726344,-0.8650047644971659,0.1996957195591298,1.898624181747437,0.4535461068153381,0.0710725337266922,-0.01486068964004517,-0.009468868374824524,0.06004726886749268,XArbitraryZVertical,0.3540297946845548,-0.2383061696265205,0.5952541874445191,0.6808418450625813,-0.7459730505943298,-0.1983711123466492,-0.6357461214065552,0,0,0,-1,-1,3230.927795875,unknown,2,2026-04-24T18:20:16.323+02:00,null,0,0,0,0,0,0,0,null,798740465.4173255,0,0.8000002,101.5557,1,0.85
2026-04-24T18:21:06.800+02:00,1777047653.571205,53.56895416345577,9.882977505173033,38.55946,-1,-1,-1,-1,9.056828472500998,2.789105338997707,-9999,3281.383294916667,-0.7713623046875,-0.13629150390625,-0.6154022216796875,3281.374482916667,1.545097454521647,-0.8635729206626288,0.2119729756540399,2.00847339630127,0.4717296063899994,0.07543479651212692,-0.02018165588378906,0.04856964945793152,0.01184648275375366,XArbitraryZVertical,0.3592595398703987,-0.2309566084987452,0.5986419041658494,0.6776573448925746,-0.7431545257568359,-0.2103891223669052,-0.6351832747459412,0,0,0,-1,-1,3230.927795875,unknown,2,2026-04-24T18:20:16.323+02:00,null,0,0,0,0,0,0,0,null,798740465.4173255,0,0.8000002,101.5557,1,0.85
2026-04-24T18:21:06.809+02:00,1777047653.571205,53.56895416345577,9.882977505173033,38.55946,-1,-1,-1,-1,9.056828472500998,2.789105338997707,-9999,3281.393369916667,-0.77801513671875,-0.179901123046875,-0.588714599609375,3281.384558916667,1.56154545855187,-0.8620135018596837,0.2246618319162771,2.052609920501709,0.4894556105136871,0.07227654755115509,-0.03128552436828613,0.08648520708084106,0.01915037631988525,XArbitraryZVertical,0.3645426534774179,-0.2232317050495046,0.6021623731618841,0.6742971871623215,-0.7400767803192139,-0.2227767109870911,-0.634552538394928,0,0,0,-1,-1,3230.927795875,unknown,2,2026-04-24T18:20:16.323+02:00,null,0,0,0,0,0,0,0,null,798740465.4173255,0,0.8000002,101.5557,1,0.85
2026-04-24T18:21:06.820+02:00,1777047653.571205,53.56895416345577,9.882977505173033,38.55946,-1,-1,-1,-1,9.056828472500998,2.789105338997707,-9999,3281.403444916667,-0.7628936767578125,-0.2515869140625,-0.552490234375,3281.394633916667,1.576934455726522,-0.860529202226084,0.236076258739353,1.664791107177734,0.4652243256568909,0.1233091726899147,-0.04085713624954224,0.05398838222026825,0.04523634910583496,XArbitraryZVertical,0.3692368674761136,-0.2160756189682879,0.6055147029840496,0.6710644299758878,-0.7371580004692078,-0.2338895201683044,-0.63395094871521,0,0,0,-1,-1,3230.927795875,unknown,2,2026-04-24T18:20:16.323+02:00,null,0,0,0,0,0,0,0,null,798740465.4173255,0,0.8000002,101.5557,1,0.85
2026-04-24T18:21:06.830+02:00,1777047653.571205,53.56895416345577,9.882977505173033,38.55946,-1,-1,-1,-1,9.056828472500998,2.789105338997707,-9999,3281.413519916667,-0.7308197021484375,-0.309722900390625,-0.536956787109375,3281.404708916667,1.589306303956298,-0.8593422743296589,0.2448245272532524,1.292542695999146,0.3557835817337036,0.1194779425859451,-0.02806651592254639,-0.009200826287269592,0.08097493648529053,XArbitraryZVertical,0.3728142158810698,-0.210421001020058,0.6082664303981347,0.6683894142271682,-0.7348271012306213,-0.2423860877752304,-0.6334651112556458,0,0,0,-1,-1,3230.927795875,unknown,2,2026-04-24T18:20:16.323+02:00,null,0,0,0,0,0,0,0,null,798740465.4173255,0,0.8000002,101.5557,1,0.85
2026-04-24T18:21:06.840+02:00,1777047653.571205,53.56895416345577,9.882977505173033,38.55946,-1,-1,-1,-1,9.056828472500998,2.789105338997707,-9999,3281.423594916667,-0.7362060546875,-0.34088134765625,-0.5675201416015625,3281.414783916667,1.599105857261431,-0.858512335190949,0.2515853943949768,1.024504899978638,0.2838744819164276,0.0941738560795784,0.002224326133728027,-0.06078316271305084,0.09603250026702881,XArbitraryZVertical,0.375588082068266,-0.206007185809146,0.6104432149279984,0.6662233940746604,-0.7330440282821655,-0.2489397525787354,-0.6329892873764038,0,0,0,-1,-1,3230.927795875,unknown,2,2026-04-24T18:20:16.323+02:00,null,0,0,0,0,0,0,0,null,798740465.4173255,0,0.8000002,101.5557,1,0.85
2026-04-24T18:21:06.850+02:00,1777047653.571205,53.56895416345577,9.882977505173033,38.55946,-1,-1,-1,-1,9.056828472500998,2.789105338997707,-9999,3281.433669916667,-0.75048828125,-0.2931671142578125,-0.6006927490234375,3281.424858916667,1.60727730023281,-0.8579097584117049,0.257126867916087,0.8989454507827759,0.2486150562763214,0.1087706461548805,-0.004598379135131836,-0.08657839894294739,0.0649988055229187,XArbitraryZVertical,0.377871434544686,-0.2023702358184796,0.6122500212131277,0.6643864089993254,-0.7316076755523682,-0.2543029189109802,-0.6325189471244812,0,0,0,-1,-1,3230.927795875,unknown,2,2026-04-24T18:20:16.323+02:00,null,0,0,0,0,0,0,0,null,798740465.4173255,0,0.8000002,101.5557,1,0.85
2026-04-24T18:21:06.860+02:00,1777047653.571205,53.56895416345577,9.882977505173033,38.55946,-1,-1,-1,-1,9.056828472500998,2.789105338997707,-9999,3281.443744916667,-0.7452545166015625,-0.2350006103515625,-0.6376953125,3281.434933916667,1.615011732365574,-0.8573658010219923,0.2620958007367719,0.8791679739952087,0.2480200976133347,0.1098091378808022,-0.02018922567367554,-0.03406178951263428,0.03138935565948486,XArbitraryZVertical,0.3799363439168006,-0.1990159388749022,0.6139984704548043,0.6626061428870729,-0.7302990555763245,-0.2591053545475006,-0.6320820450782776,0,0,0,-1,-1,3230.927795875,unknown,2,2026-04-24T18:20:16.323+02:00,null,0,0,0,0,0,0,0,null,798740465.4173255,0,0.8000002,101.5557,1,0.85
2026-04-24T18:21:06.870+02:00,1777047653.571205,53.56895416345577,9.882977505173033,38.55946,-1,-1,-1,-1,9.056828472500998,2.789105338997707,-9999,3281.453819916667,-0.7397918701171875,-0.2292938232421875,-0.6358489990234375,3281.445008916667,1.622648360836666,-0.8569869261506204,0.2672495963117649,0.8890267610549927,0.2270772755146027,0.07579631358385086,-0.01621407270431519,0.02907904982566833,-0.006219267845153809,XArbitraryZVertical,0.3820739869011376,-0.1956564705225665,0.6156410736962115,0.6608510506056348,-0.7290404438972473,-0.2640796601772308,-0.6314760446548462,0,0,0,-1,-1,3230.927795875,unknown,2,2026-04-24T18:20:16.323+02:00,null,0,0,0,0,0,0,0,null,798740465.4173255,0,0.8000002,101.5557,1,0.85
2026-04-24T18:21:06.880+02:00,1777047653.571205,53.56895416345577,9.882977505173033,38.55946,-1,-1,-1,-1,9.056828472500998,2.789105338997707,-9999,3281.463894916667,-0.73583984375,-0.26275634765625,-0.6230316162109375,3281.455083916667,1.62980409421403,-0.856798887064916,0.2724391044287624,0.8082475066184998,0.1910292506217957,0.04485384374856949,-0.01191568374633789,0.03978756070137024,-0.005141794681549072,XArbitraryZVertical,0.3842122419573196,-0.1924249731750312,0.6170738798070008,0.6592218740269209,-0.7278761863708496,-0.2690813839435577,-0.6307071447372437,0,0,0,-1,-1,3230.927795875,unknown,2,2026-04-24T18:20:16.323+02:00,null,0,0,0,0,0,0,0,null,798740465.4173255,0,0.8000002,101.5557,1,0.85
2026-04-24T18:21:06.890+02:00,1777047653.571205,53.56895416345577,9.882977505173033,38.55946,-1,-1,-1,-1,9.056828472500998,2.789105338997707,-9999,3281.473969916667,-0.738433837890625,-0.2956390380859375,-0.5969696044921875,3281.465158916667,1.63573467030523,-0.8565883819599072,0.2770005848186244,0.629281222820282,0.1693596541881561,0.01120373979210854,-0.009031534194946289,0.01071545481681824,0.007018208503723145,XArbitraryZVertical,0.3860266620906236,-0.1896272862760648,0.6182175326082071,0.657899675663018,-0.7268083691596985,-0.2734718024730682,-0.6300498247146606,0,0,0,-1,-1,3230.927795875,unknown,2,2026-04-24T18:20:16.323+02:00,null,0,0,0,0,0,0,0,null,798740465.4173255,0,0.8000002,101.5557,1,0.85
2026-04-24T18:21:06.900+02:00,1777047653.571205,53.56895416345577,9.882977505173033,38.55946,-1,-1,-1,-1,9.056828472500998,2.789105338997707,-9999,3281.484044916667,-0.7346343994140625,-0.3024749755859375,-0.5964813232421875,3281.475233916667,1.63979431782047,-0.8561023845463819,0.2803965184097862,0.3991701602935791,0.1469089239835739,-0.01277609542012215,-0.01263737678527832,-0.01890233159065247,0.03282111883163452,XArbitraryZVertical,0.3872324183491825,-0.1874985677007806,0.619012455391979,0.657053201695003,-0.7257964611053467,-0.276736706495285,-0.6297906637191772,0,0,0,-1,-1,3230.927795875,unknown,2,2026-04-24T18:20:16.323+02:00,null,0,0,0,0,0,0,0,null,798740465.4173255,0,0.8000002,101.5557,1,0.85
2026-04-24T18:21:06.910+02:00,1777047653.571205,53.56895416345577,9.882977505173033,38.55946,-1,-1,-1,-1,9.056828472500998,2.789105338997707,-9999,3281.494119916667,-0.72271728515625,-0.3011474609375,-0.6184234619140625,3281.485308916667,1.642170238600914,-0.8553475485441037,0.282626018099473,0.2449584901332855,0.127288892865181,-0.02876465022563934,-0.009781002998352051,-0.02359655499458313,0.03345084190368652,XArbitraryZVertical,0.3878577796042585,-0.1860114874870567,0.6195227096649722,0.6566261527648933,-0.7248533964157104,-0.2788784503936768,-0.629932165145874,0,0,0,-1,-1,3230.927795875,unknown,2,2026-04-24T18:20:16.323+02:00,null,0,0,0,0,0,0,0,null,798740465.4173255,0,0.8000002,101.5557,1,0.85
2026-04-24T18:21:06.920+02:00,1777047653.571205,53.56895416345577,9.882977505173033,38.55946,-1,-1,-1,-1,9.056828472500998,2.789105338997707,-9999,3281.504194916667,-0.7176055908203125,-0.2891693115234375,-0.6226348876953125,3281.495383916667,1.643413801717409,-0.8546402337954838,0.2841332138004319,0.1382806152105331,0.08435233682394028,-0.03378351032733917,0.001372456550598145,-0.02082192897796631,0.01174455881118774,XArbitraryZVertical,0.3881842119861292,-0.1850109131644569,0.6197865203540163,0.6564667608338469,-0.7240897417068481,-0.2803255319595337,-0.6301679611206055,0,0,0,-1,-1,3230.927795875,unknown,2,2026-04-24T18:20:16.323+02:00,null,0,0,0,0,0,0,0,null,798740465.4173255,0,0.8000002,101.5557,1,0.85
2026-04-24T18:21:06.931+02:00,1777047653.571205,53.56895416345577,9.882977505173033,38.55946,-1,-1,-1,-1,9.056828472500998,2.789105338997707,-9999,3281.514269916667,-0.7138824462890625,-0.2550506591796875,-0.6438446044921875,3281.505458916667,1.64420988805778,-0.8540317823935527,0.285165792646756,0.1234891638159752,0.0783972442150116,-0.02693572454154491,0.005881965160369873,-0.007852733135223389,0.007783114910125732,XArbitraryZVertical,0.3883635807368865,-0.18429531711207,0.6199729633395742,0.6563859297357684,-0.7234875559806824,-0.2813165485858917,-0.6304179430007935,0,0,0,-1,-1,3230.927795875,unknown,2,2026-04-24T18:20:16.323+02:00,null,0,0,0,0,0,0,0,null,798740465.4173255,0,0.8000002,101.5557,1,0.85
2026-04-24T18:21:06.940+02:00,1777047653.571205,53.56895416345577,9.882977505173033,38.55946,-1,-1,-1,-1,9.056828472500998,2.789105338997707,-9999,3281.524344916667,-0.718597412109375,-0.2406463623046875,-0.65081787109375,3281.515533916667,1.64503407322638,-0.853625919547997,0.286327774724682,0.1380437165498734,0.04653705283999443,-0.04468083009123802,0.009102284908294678,0.02738073468208313,-0.01334834098815918,XArbitraryZVertical,0.388644682442986,-0.1835951701494341,0.620105059195749,0.656290988043119,-0.722984790802002,-0.282431423664093,-0.6304962635040283,0,0,0,-1,-1,3230.927795875,unknown,2,2026-04-24T18:20:16.323+02:00,null,0,0,0,0,0,0,0,null,798740465.4173255,0,0.8000002,101.5557,1,0.85
2026-04-24T18:21:06.951+02:00,1777047653.571205,53.56895416345577,9.882977505173033,38.55946,-1,-1,-1,-1,9.056828472500998,2.789105338997707,-9999,3281.534419916667,-0.72314453125,-0.253021240234375,-0.6439666748046875,3281.525608916667,1.645341599402439,-0.8532636666593401,0.2873021569224035,0.01344026066362858,0.04231300950050354,-0.06302042305469513,0.00395125150680542,0.04271960258483887,-0.02024102210998535,XArbitraryZVertical,0.3888380718908241,-0.1830751970191353,0.6200941510441307,0.6563319677875755,-0.7225486636161804,-0.2833659946918488,-0.6305768489837646,0,0,0,-1,-1,3230.927795875,unknown,2,2026-04-24T18:20:16.323+02:00,null,0,0,0,0,0,0,0,null,798740465.4173255,0,0.8000002,101.5557,1,0.85
2026-04-24T18:21:06.961+02:00,1777047653.571205,53.56895416345577,9.882977505173033,38.55946,-1,-1,-1,-1,9.056828472500998,2.789105338997707,-9999,3281.544495916667,-0.7224884033203125,-0.2959442138671875,-0.631805419921875,3281.535683916667,1.64427775974552,-0.8526629693487823,0.2873492011841393,-0.1492485105991364,0.01531468331813812,-0.07516929507255554,-0.0009848475456237793,0.03038984537124634,-0.01296466588973999,XArbitraryZVertical,0.3885678843117731,-0.183068290553847,0.6198528789945429,0.6567217032144805,-0.7221596837043762,-0.2834111154079437,-0.6310020089149475,0,0,0,-1,-1,3230.927795875,unknown,2,2026-04-24T18:20:16.323+02:00,null,0,0,0,0,0,0,0,null,798740465.4173255,0,0.8000002,101.5557,1,0.85
2026-04-24T18:21:06.971+02:00,1777047653.571205,53.56895416345577,9.882977505173033,38.55946,-1,-1,-1,-1,9.056828472500998,2.789105338997707,-9999,3281.554570916667,-0.7287750244140625,-0.327880859375,-0.629425048828125,3281.545759916667,1.642124538735233,-0.8520994718437975,0.2866168400457202,-0.2499865740537643,-0.01837989687919617,-0.08328820765018463,-0.0005283355712890625,-0.01323550939559937,-0.0002600550651550293,XArbitraryZVertical,0.3879870546514798,-0.1835575735627875,0.6193918488193123,0.6573632110981913,-0.7219600081443787,-0.2827087044715881,-0.6315453052520752,0,0,0,-1,-1,3230.927795875,unknown,2,2026-04-24T18:20:16.323+02:00,null,0,0,0,0,0,0,0,null,798740465.4173255,0,0.8000002,101.5557,1,0.85
2026-04-24T18:21:06.981+02:00,1777047653.571205,53.56895416345577,9.882977505173033,38.55946,-1,-1,-1,-1,9.056828472500998,2.789105338997707,-9999,3281.564645916667,-0.735565185546875,-0.2859039306640625,-0.645233154296875,3281.555834916667,1.639458604693884,-0.851574992343873,0.2853469857312227,-0.2841068506240845,-0.02305241301655769,-0.06337908655405045,-0.006876826286315918,-0.04639047384262085,0.002734839916229248,XArbitraryZVertical,0.3872165626667103,-0.1843458348112052,0.61885408717977,0.6581030088283881,-0.7218981981277466,-0.2814904153347015,-0.6321598887443542,0,0,0,-1,-1,3230.927795875,unknown,2,2026-04-24T18:20:16.323+02:00,null,0,0,0,0,0,0,0,null,798740465.4173255,0,0.8000002,101.5557,1,0.85
2026-04-24T18:21:06.992+02:00,1777047653.571205,53.56895416345577,9.882977505173033,38.55946,-1,-1,-1,-1,9.056828472500998,2.789105338997707,-9999,3281.574720916667,-0.7335968017578125,-0.235015869140625,-0.671783447265625,3281.565909916667,1.636973056257322,-0.8510751449551028,0.2840985622134025,-0.2254491150379181,-0.01909016259014606,-0.06874296069145203,-0.01371932029724121,-0.005611687898635864,-0.01248133182525635,XArbitraryZVertical,0.386474804742739,-0.1850981294421456,0.6183656336294235,0.6587866787780837,-0.7218458652496338,-0.280292272567749,-0.6327518224716187,0,0,0,-1,-1,3230.927795875,unknown,2,2026-04-24T18:20:16.323+02:00,null,0,0,0,0,0,0,0,null,798740465.4173255,0,0.8000002,101.5557,1,0.85
2026-04-24T18:21:07.002+02:00,1777047653.571205,53.56895416345577,9.882977505173033,38.55946,-1,-1,-1,-1,9.056828472500998,2.789105338997707,-9999,3281.584795916667,-0.7318267822265625,-0.2339019775390625,-0.679046630859375,3281.575984916667,1.634920352374863,-0.8507345213369211,0.2834744865500453,-0.1566105633974075,-0.03173644840717316,-0.1007705330848694,-0.01183515787124634,0.04467728734016418,-0.03867053985595703,XArbitraryZVertical,0.3860002523676782,-0.1856000566083102,0.6178714351168186,0.6593869971551956,-0.7217615842819214,-0.2796931564807892,-0.6331128478050232,0,0,0,-1,-1,3230.927795875,unknown,2,2026-04-24T18:20:16.323+02:00,null,0,0,0,0,0,0,0,null,798740465.4173255,0,0.8000002,101.5557,1,0.85
2026-04-24T18:21:07.011+02:00,1777047653.571205,53.56895416345577,9.882977505173033,38.55946,-1,-1,-1,-1,9.056828472500998,2.789105338997707,-9999,3281.594870916667,-0.7411651611328125,-0.248138427734375,-0.6559906005859375,3281.586059916667,1.632903495957624,-0.8505794526051779,0.28326344950442,-0.1728579699993134,-0.05099643021821976,-0.1159462928771973,-0.01011896133422852,0.04558852314949036,-0.04578286409378052,XArbitraryZVertical,0.3857042847876362,-0.1860116337930407,0.6172755444888117,0.6600022509812462,-0.721707820892334,-0.2794905304908752,-0.6332637667655945,0,0,0,-1,-1,3230.927795875,unknown,2,2026-04-24T18:20:16.323+02:00,null,0,0,0,0,0,0,0,null,798740465.4173255,0,0.8000002,101.5557,1,0.85
2026-04-24T18:21:07.021+02:00,1777047653.571205,53.56895416345577,9.882977505173033,38.55946,-1,-1,-1,-1,9.056828472500998,2.789105338997707,-9999,3281.604945916667,-0.7511444091796875,-0.2427978515625,-0.648468017578125,3281.596134916667,1.630387975064086,-0.8504214807586854,0.2827622552020819,-0.2509998083114624,-0.0475337877869606,-0.1297031193971634,-0.01945221424102783,0.03087082505226135,-0.02252054214477539,XArbitraryZVertical,0.3852769834686356,-0.1866189014114425,0.616568976566803,0.6607403805794932,-0.7217129468917847,-0.2790092825889587,-0.6334700584411621,0,0,0,-1,-1,3230.927795875,unknown,2,2026-04-24T18:20:16.323+02:00,null,0,0,0,0,0,0,0,null,798740465.4173255,0,0.8000002,101.5557,1,0.85
2026-04-24T18:21:07.031+02:00,1777047653.571205,53.56895416345577,9.882977505173033,38.55946,-1,-1,-1,-1,9.056828472500998,2.789105338997707,-9999,3281.615020916667,-0.7606201171875,-0.2230377197265625,-0.66717529296875,3281.606209916667,1.627455225083268,-0.8501398067876642,0.2823202239296301,-0.2121948897838593,-0.05780160427093506,-0.1787822395563126,-0.02951735258102417,0.03578689694404602,-0.01471340656280518,XArbitraryZVertical,0.3847886495414352,-0.1872441718932708,0.615736205531394,0.6616239836377082,-0.7216270565986633,-0.2785847783088684,-0.6337546110153198,0,0,0,-1,-1,3230.927795875,unknown,2,2026-04-24T18:20:16.323+02:00,null,0,0,0,0,0,0,0,null,798740465.4173255,0,0.8000002,101.5557,1,0.85
2026-04-24T18:21:07.042+02:00,1777047653.571205,53.56895416345577,9.882977505173033,38.55946,-1,-1,-1,-1,9.056828472500998,2.789105338997707,-9999,3281.625095916667,-0.777618408203125,-0.1668701171875,-0.6835479736328125,3281.616284916667,1.62460196004061,-0.8499999659286464,0.2827223185390114,-0.1473402678966522,-0.06301527470350266,-0.2407837510108948,-0.03916585445404053,0.05593317747116089,-0.03339368104934692,XArbitraryZVertical,0.3845943703120945,-0.1876069721922719,0.6147434218784178,0.6625567920110518,-0.7214542627334595,-0.2789709270000458,-0.6337816119194031,0,0,0,-1,-1,3230.927795875,unknown,2,2026-04-24T18:20:16.323+02:00,null,0,0,0,0,0,0,0,null,798740465.4173255,0,0.8000002,101.5557,1,0.85
2026-04-24T18:21:07.052+02:00,1777047653.571205,53.56895416345577,9.882977505173033,38.55946,-1,-1,-1,-1,9.056828472500998,2.789105338997707,-9999,3281.635170916667,-0.790283203125,-0.089599609375,-0.688232421875,3281.626359916667,1.621810931988415,-0.8497451172220589,0.2841408964606476,-0.0659782886505127,-0.04244661703705788,-0.3268518149852753,-0.05662369728088379,0.1134627759456635,-0.04984438419342041,XArbitraryZVertical,0.384664715924081,-0.1875667551119593,0.6136016422748167,0.6635849555869183,-0.720994770526886,-0.2803328931331635,-0.6337035298347473,0,0,0,-1,-1,3230.927795875,unknown,2,2026-04-24T18:20:16.323+02:00,null,0,0,0,0,0,0,0,null,798740465.4173255,0,0.8000002,101.5557,1,0.85
2026-04-24T18:21:07.061+02:00,1777047653.571205,53.56895416345577,9.882977505173033,38.55946,-1,-1,-1,-1,9.056828472500998,2.789105338997707,-9999,3281.645245916667,-0.8066253662109375,-0.079681396484375,-0.6692657470703125,3281.636434916667,1.618783805334755,-0.8492403887217862,0.2867592234536489,-0.0407540574669838,-0.02892308495938778,-0.444534957408905,-0.07016205787658691,0.1932456493377686,-0.05465209484100342,XArbitraryZVertical,0.3849849460605917,-0.1870733684959555,0.6122023584972457,0.6648296182585728,-0.7201212048530579,-0.2828452885150909,-0.6335802674293518,0,0,0,-1,-1,3230.927795875,unknown,2,2026-04-24T18:20:16.323+02:00,null,0,0,0,0,0,0,0,null,798740465.4173255,0,0.8000002,101.5557,1,0.85
2026-04-24T18:21:07.072+02:00,1777047653.571205,53.56895416345577,9.882977505173033,38.55946,-1,-1,-1,-1,9.056828472500998,2.789105338997707,-9999,3281.655320916667,-0.824951171875,-0.1071929931640625,-0.6374053955078125,3281.646509916667,1.614724385905509,-0.8483866910131523,0.2899870949995457,-0.1298352032899857,-0.02797846309840679,-0.5446237325668335,-0.08773398399353027,0.2062584459781647,-0.03567790985107422,XArbitraryZVertical,0.3852811425001499,-0.1864524276574405,0.6104085937638083,0.6664797866192336,-0.7188913822174072,-0.2859398722648621,-0.6335878372192383,0,0,0,-1,-1,3230.927795875,unknown,2,2026-04-24T18:20:16.323+02:00,null,0,0,0,0,0,0,0,null,798740465.4173255,0,0.8000002,101.5557,1,0.85
2026-04-24T18:21:07.082+02:00,1777047653.571205,53.56895416345577,9.882977505173033,38.55946,-1,-1,-1,-1,9.056828472500998,2.789105338997707,-9999,3281.665395916667,-0.8343048095703125,-0.109100341796875,-0.634368896484375,3281.656584916667,1.609102100464608,-0.8470001198127352,0.2932763630222934,-0.228512242436409,-0.01699159108102322,-0.6536127924919128,-0.1076475977897644,0.1818972527980804,-0.003447592258453369,XArbitraryZVertical,0.3852914072479977,-0.1859345352447954,0.6081785443649583,0.668653673292917,-0.7173035740852356,-0.2890902459621429,-0.6339577436447144,0,0,0,-1,-1,3230.927795875,unknown,2,2026-04-24T18:20:16.323+02:00,null,0,0,0,0,0,0,0,null,798740465.4173255,0,0.8000002,101.5557,1,0.85
2026-04-24T18:21:07.092+02:00,1777047653.571205,53.56895416345577,9.882977505173033,38.55946,-1,-1,-1,-1,9.056828472500998,2.789105338997707,-9999,3281.675470916667,-0.8400421142578125,-0.0766754150390625,-0.6622772216796875,3281.666659916667,1.602261510996113,-0.8451613420079045,0.2971352451952767,-0.2258333712816238,-0.008926739916205406,-0.780463695526123,-0.1190080046653748,0.183681845664978,0.0001617670059204102,XArbitraryZVertical,0.3852236842431487,-0.1853035437400228,0.6055108649173092,0.6712837660388075,-0.715296745300293,-0.292782187461853,-0.6345306038856506,0,0,0,-1,-1,3230.927795875,unknown,2,2026-04-24T18:20:16.323+02:00,null,0,0,0,0,0,0,0,null,798740465.4173255,0,0.8000002,101.5557,1,0.85
2026-04-24T18:21:07.102+02:00,1777047653.571205,53.56895416345577,9.882977505173033,38.55946,-1,-1,-1,-1,9.056828472500998,2.789105338997707,-9999,3281.685545916667,-0.8453826904296875,-0.0298004150390625,-0.7044525146484375,3281.676734916667,1.594976728931611,-0.8429758187265,0.3023049503841221,-0.09968367964029312,0.01628753542900085,-0.9090192317962646,-0.1272734403610229,0.2210460007190704,-0.02720016241073608,XArbitraryZVertical,0.3854030169150185,-0.1841901663487366,0.6024992398325004,0.6741907438599486,-0.7127686738967896,-0.2977214157581329,-0.6350769996643066,0,0,0,-1,-1,3230.927795875,unknown,2,2026-04-24T18:20:16.323+02:00,null,0,0,0,0,0,0,0,null,798740465.4173255,0,0.8000002,101.5557,1,0.85
2026-04-24T18:21:07.112+02:00,1777047653.571205,53.56895416345577,9.882977505173033,38.55946,-1,-1,-1,-1,9.056828472500998,2.789105338997707,-9999,3281.695621916667,-0.8605499267578125,-0.004608154296875,-0.7129364013671875,3281.686809916667,1.588040035906622,-0.8407073007257392,0.3096237135253773,0.08080513775348663,0.0208244975656271,-1.049577474594116,-0.1356992125511169,0.2748998403549194,-0.06923043727874756,XArbitraryZVertical,0.3862331022347598,-0.1822442897622413,0.5991956726510766,0.6771820452059857,-0.7096835374832153,-0.3047002553939819,-0.6352220177650452,0,0,0,-1,-1,3230.927795875,unknown,2,2026-04-24T18:20:16.323+02:00,null,0,0,0,0,0,0,0,null,798740465.4173255,0,0.8000002,101.5557,1,0.85
2026-04-24T18:21:07.122+02:00,1777047653.571205,53.56895416345577,9.882977505173033,38.55946,-1,-1,-1,-1,9.056828472500998,2.789105338997707,-9999,3281.705696916667,-0.87615966796875,-0.006256103515625,-0.69097900390625,3281.696885916667,1.581265994367414,-0.8382953080119165,0.3189106845802793,0.1890978962182999,0.04200275242328644,-1.179017901420593,-0.1545349955558777,0.3089241981506348,-0.07792419195175171,XArbitraryZVertical,0.3876299663477911,-0.1795464380264454,0.5955785416300181,0.6802884382334756,-0.7060149312019348,-0.3135323524475098,-0.635012149810791,0,0,0,-1,-1,3230.927795875,unknown,2,2026-04-24T18:20:16.323+02:00,null,0,0,0,0,0,0,0,null,798740465.4173255,0,0.8000002,101.5557,1,0.85
2026-04-24T18:21:07.132+02:00,1777047653.571205,53.56895416345577,9.882977505173033,38.55946,-1,-1,-1,-1,9.056828472500998,2.789105338997707,-9999,3281.715771916667,-0.897064208984375,-0.0443878173828125,-0.6415863037109375,3281.706960916667,1.573880337221887,-0.835411984471373,0.3295812496382619,0.1772883683443069,0.06862850487232208,-1.325101852416992,-0.1744996309280396,0.3173907399177551,-0.05621445178985596,XArbitraryZVertical,0.3892592998437499,-0.176337617962981,0.5915540603892782,0.6837001870559105,-0.7016599774360657,-0.3236468434333801,-0.6347644925117493,0,0,0,-1,-1,3230.927795875,unknown,2,2026-04-24T18:20:16.323+02:00,null,0,0,0,0,0,0,0,null,798740465.4173255,0,0.8000002,101.5557,1,0.85
2026-04-24T18:21:07.142+02:00,1777047653.571205,53.56895416345577,9.882977505173033,38.55946,-1,-1,-1,-1,9.056828472500998,2.789105338997707,-9999,3281.725846916667,-0.9141998291015625,-0.0820770263671875,-0.6122589111328125,3281.717035916667,1.564878967712064,-0.8316133740098662,0.3407559791450623,0.06869056820869446,0.09861782938241959,-1.456381559371948,-0.200536847114563,0.2898118793964386,-0.006637275218963623,XArbitraryZVertical,0.3906520304197968,-0.1729638480710202,0.5870284877130867,0.6876568789253231,-0.6965273022651672,-0.3341996967792511,-0.6349489688873291,0,0,0,-1,-1,3230.927795875,unknown,2,2026-04-24T18:20:16.323+02:00,null,0,0,0,0,0,0,0,null,798740465.4173255,0,0.8000002,101.5557,1,0.85
2026-04-24T18:21:07.152+02:00,1777047653.571205,53.56895416345577,9.882977505173033,38.55946,-1,-1,-1,-1,9.056828472500998,2.789105338997707,-9999,3281.735921916667,-0.9293212890625,-0.112457275390625,-0.6290283203125,3281.727110916667,1.554152735852645,-0.8268716964156669,0.3523674066067981,0.02372043579816818,0.1183310747146606,-1.597774147987366,-0.2235931158065796,0.2630436718463898,0.0233149528503418,XArbitraryZVertical,0.3917864392048737,-0.1694593823131679,0.5819735866496782,0.6921659817698957,-0.6906067728996277,-0.3451207280158997,-0.6355738043785095,0,0,0,-1,-1,3230.927795875,unknown,2,2026-04-24T18:20:16.323+02:00,null,0,0,0,0,0,0,0,null,798740465.4173255,0,0.8000002,101.5557,1,0.85
2026-04-24T18:21:07.162+02:00,1777047653.571205,53.56895416345577,9.882977505173033,38.55946,-1,-1,-1,-1,9.056828472500998,2.789105338997707,-9999,3281.745996916667,-0.929840087890625,-0.1185302734375,-0.6546783447265625,3281.737185916667,1.54228913101554,-0.8212989678071292,0.3648836807658616,0.05507170036435127,0.1654383987188339,-1.721784234046936,-0.2454830408096313,0.2443833351135254,0.00739133358001709,XArbitraryZVertical,0.3929008897203757,-0.1655870705133471,0.5764681061729163,0.6970612433364648,-0.6838383078575134,-0.3568406403064728,-0.6364196538925171,0,0,0,-1,-1,3230.927795875,unknown,2,2026-04-24T18:20:16.323+02:00,null,0,0,0,0,0,0,0,null,798740465.4173255,0,0.8000002,101.5557,1,0.85
2026-04-24T18:21:07.173+02:00,1777047653.571205,53.56895416345577,9.882977505173033,38.55946,-1,-1,-1,-1,9.056828472500998,2.789105338997707,-9999,3281.756071916667,-0.912322998046875,-0.117034912109375,-0.664642333984375,3281.747260916667,1.529855904028468,-0.8148959363150741,0.3786669091162699,0.1434092819690704,0.2081762850284576,-1.850343823432922,-0.2537341713905334,0.2511518597602844,-0.01732766628265381,XArbitraryZVertical,0.3941669062765652,-0.1611121373519245,0.570629211037383,0.7021806253513146,-0.6761059165000916,-0.3696821331977844,-0.6373506784439087,0,0,0,-1,-1,3230.927795875,unknown,2,2026-04-24T18:20:16.323+02:00,null,0,0,0,0,0,0,0,null,798740465.4173255,0,0.8000002,101.5557,1,0.85
2026-04-24T18:21:07.183+02:00,1777047653.571205,53.56895416345577,9.882977505173033,38.55946,-1,-1,-1,-1,9.056828472500998,2.789105338997707,-9999,3281.766146916667,-0.8961181640625,-0.158660888671875,-0.672027587890625,3281.757335916667,1.517092518159198,-0.8078286246818623,0.3940453408948641,0.2520489692687988,0.2384534925222397,-1.976500272750854,-0.2449266314506531,0.2668919265270233,-0.02653396129608154,XArbitraryZVertical,0.3957651730852614,-0.1559350425362791,0.5644358011504752,0.7074365632950653,-0.6673963665962219,-0.3839268684387207,-0.6381083726882935,0,0,0,-1,-1,3230.927795875,unknown,2,2026-04-24T18:20:16.323+02:00,null,0,0,0,0,0,0,0,null,798740465.4173255,0,0.8000002,101.5557,1,0.85
2026-04-24T18:21:07.192+02:00,1777047653.571205,53.56895416345577,9.882977505173033,38.55946,-1,-1,-1,-1,9.056828472500998,2.789105338997707,-9999,3281.776221916667,-0.8788909912109375,-0.2144012451171875,-0.6676788330078125,3281.767410916667,1.503851526787836,-0.8001981220369968,0.4107167295359309,0.2993544042110443,0.2463303208351135,-2.083710193634033,-0.2382944822311401,0.2406056523323059,-0.03339284658432007,XArbitraryZVertical,0.3976367863883352,-0.1502252696276808,0.5578702703303323,0.7128100267469879,-0.6578236222267151,-0.3992665410041809,-0.6386346817016602,0,0,0,-1,-1,3230.927795875,unknown,2,2026-04-24T18:20:16.323+02:00,null,0,0,0,0,0,0,0,null,798740465.4173255,0,0.8000002,101.5557,1,0.85
2026-04-24T18:21:07.203+02:00,1777047653.571205,53.56895416345577,9.882977505173033,38.55946,-1,-1,-1,-1,9.056828472500998,2.789105338997707,-9999,3281.786296916667,-0.8621826171875,-0.24615478515625,-0.64227294921875,3281.777485916667,1.489787083775406,-0.7919400972153511,0.4281704859471815,0.2998208403587341,0.2586615681648254,-2.176035165786743,-0.231422483921051,0.2008058726787567,-0.02862673997879028,XArbitraryZVertical,0.3995989424253188,-0.1442034871863367,0.5509199844676279,0.7183406222789607,-0.6474685072898865,-0.4152071475982666,-0.6390520930290222,0,0,0,-1,-1,3230.927795875,unknown,2,2026-04-24T18:20:16.323+02:00,null,0,0,0,0,0,0,0,null,798740465.4173255,0,0.8000002,101.5557,1,0.85
2026-04-24T18:21:07.212+02:00,1777047653.571205,53.56895416345577,9.882977505173033,38.55946,-1,-1,-1,-1,9.056828472500998,2.789105338997707,-9999,3281.796371916667,-0.8420257568359375,-0.27069091796875,-0.620849609375,3281.787560916667,1.474777737464979,-0.7829261344112629,0.4460362873427987,0.2986162900924683,0.2681916952133179,-2.242711305618286,-0.2258351445198059,0.185238242149353,-0.002771556377410889,XArbitraryZVertical,0.4015127518885977,-0.1379740010347413,0.5436375369930023,0.7240227146677651,-0.6363474130630493,-0.431393027305603,-0.6395013928413391,0,0,0,-1,-1,3230.927795875,unknown,2,2026-04-24T18:20:16.323+02:00,null,0,0,0,0,0,0,0,null,798740465.4173255,0,0.8000002,101.5557,1,0.85
2026-04-24T18:21:07.222+02:00,1777047653.571205,53.56895416345577,9.882977505173033,38.55946,-1,-1,-1,-1,9.056828472500998,2.789105338997707,-9999,3281.806446916667,-0.8199462890625,-0.3022613525390625,-0.60125732421875,3281.797635916667,1.459016710558511,-0.7731775243350071,0.4643269198473483,0.3076687455177307,0.2974624931812286,-2.307149410247803,-0.2175585627555847,0.1771301627159119,0.01906996965408325,XArbitraryZVertical,0.4034195924568041,-0.1315023282535429,0.5360823265962998,0.7297776874684534,-0.624467134475708,-0.4478210806846619,-0.6399195194244385,0,0,0,-1,-1,3230.927795875,unknown,2,2026-04-24T18:20:16.323+02:00,null,0,0,0,0,0,0,0,null,798740465.4173255,0,0.8000002,101.5557,1,0.85
2026-04-24T18:21:07.233+02:00,1777047653.571205,53.56895416345577,9.882977505173033,38.55946,-1,-1,-1,-1,9.056828472500998,2.789105338997707,-9999,3281.816521916667,-0.7946014404296875,-0.320068359375,-0.5973358154296875,3281.807710916667,1.442361356265606,-0.7623768876907417,0.482727272422664,0.2845405340194702,0.3366719484329224,-2.349812746047974,-0.2082220911979675,0.1619351804256439,0.03930115699768066,XArbitraryZVertical,0.4051471723109273,-0.1248061100715183,0.5283299385244109,0.7356266828898232,-0.6117241978645325,-0.4641965329647064,-0.6405584216117859,0,0,0,-1,-1,3230.927795875,unknown,2,2026-04-24T18:20:16.323+02:00,null,0,0,0,0,0,0,0,null,798740465.4173255,0,0.8000002,101.5557,1,0.85
2026-04-24T18:21:07.243+02:00,1777047653.571205,53.56895416345577,9.882977505173033,38.55946,-1,-1,-1,-1,9.056828472500998,2.789105338997707,-9999,3281.826596916667,-0.7572174072265625,-0.3494873046875,-0.6148681640625,3281.817785916667,1.425057601208606,-0.7507860010300235,0.5012778343190716,0.3211115300655365,0.3407721221446991,-2.38465428352356,-0.1963210701942444,0.1604781448841095,0.04386281967163086,XArbitraryZVertical,0.4068124245605445,-0.1179167019478794,0.5204089081333267,0.741467467311739,-0.5982804298400879,-0.4805465638637543,-0.6411985754966736,0,0,0,-1,-1,3230.927795875,unknown,2,2026-04-24T18:20:16.323+02:00,null,0,0,0,0,0,0,0,null,798740465.4173255,0,0.8000002,101.5557,1,0.85
2026-04-24T18:21:07.253+02:00,1777047653.571205,53.56895416345577,9.882977505173033,38.55946,-1,-1,-1,-1,9.056828472500998,2.789105338997707,-9999,3281.836671916667,-0.718719482421875,-0.390167236328125,-0.640777587890625,3281.827860916667,1.40733253211192,-0.7388163678187684,0.5202450364283978,0.3707901239395142,0.3166271150112152,-2.423594951629639,-0.1728983521461487,0.1476054191589355,0.02659118175506592,XArbitraryZVertical,0.4086338857264523,-0.1108542423111099,0.5122647615565855,0.7472045706161866,-0.5843190550804138,-0.4970927834510803,-0.6414593458175659,0,0,0,-1,-1,3230.927795875,unknown,2,2026-04-24T18:20:16.323+02:00,null,0,0,0,0,0,0,0,null,798740465.4173255,0,0.8000002,101.5557,1,0.85
2026-04-24T18:21:07.263+02:00,1777047653.571205,53.56895416345577,9.882977505173033,38.55946,-1,-1,-1,-1,9.056828472500998,2.789105338997707,-9999,3281.846747916667,-0.6827239990234375,-0.4237823486328125,-0.6377410888671875,3281.837935916667,1.389266147891207,-0.7266350741823695,0.5395837598434109,0.4120997488498688,0.2931127548217773,-2.445410251617432,-0.1487513780593872,0.1236116886138916,0.0004459619522094727,XArbitraryZVertical,0.4106551536427495,-0.1036850606360021,0.5039046435588406,0.7527894096651678,-0.5699681043624878,-0.5137789249420166,-0.6412234902381897,0,0,0,-1,-1,3230.927795875,unknown,2,2026-04-24T18:20:16.323+02:00,null,0,0,0,0,0,0,0,null,798740465.4173255,0,0.8000002,101.5557,1,0.85
2026-04-24T18:21:07.273+02:00,1777047653.571205,53.56895416345577,9.882977505173033,38.55946,-1,-1,-1,-1,9.056828472500998,2.789105338997707,-9999,3281.856822916667,-0.652252197265625,-0.4544219970703125,-0.6153564453125,3281.848011916667,1.370781758598617,-0.7140726836803313,0.5590110035534823,0.4181696474552155,0.2886282503604889,-2.447972297668457,-0.12749844789505,0.1065656542778015,0.002927064895629883,XArbitraryZVertical,0.4127488584548638,-0.09645878753560548,0.4953971823408465,0.7582320535549714,-0.5552255511283875,-0.530348002910614,-0.6406681537628174,0,0,0,-1,-1,3230.927795875,unknown,2,2026-04-24T18:20:16.323+02:00,null,0,0,0,0,0,0,0,null,798740465.4173255,0,0.8000002,101.5557,1,0.85
2026-04-24T18:21:07.283+02:00,1777047653.571205,53.56895416345577,9.882977505173033,38.55946,-1,-1,-1,-1,9.056828472500998,2.789105338997707,-9999,3281.866897916667,-0.6201629638671875,-0.4763946533203125,-0.597137451171875,3281.858086916667,1.3517013826976,-0.7009164532562524,0.5780397660146886,0.3740299344062805,0.288921445608139,-2.434536218643188,-0.1121103167533875,0.09196120500564575,0.02473115921020508,XArbitraryZVertical,0.414708734275672,-0.08929088232618686,0.4868254942622654,0.7635737156368644,-0.5401419401168823,-0.5463832020759583,-0.6400876045227051,0,0,0,-1,-1,3230.927795875,unknown,2,2026-04-24T18:20:16.323+02:00,null,0,0,0,0,0,0,0,null,798740465.4173255,0,0.8000002,101.5557,1,0.85
2026-04-24T18:21:07.293+02:00,1777047653.571205,53.56895416345577,9.882977505173033,38.55946,-1,-1,-1,-1,9.056828472500998,2.789105338997707,-9999,3281.876972916667,-0.585357666015625,-0.497039794921875,-0.594512939453125,3281.868161916667,1.331831751024414,-0.686940294793708,0.5963786425569569,0.3327304124832153,0.2972446382045746,-2.426637649536133,-0.09546291828155518,0.08525526523590088,0.04258066415786743,XArbitraryZVertical,0.4163889241364231,-0.08222652482004793,0.4782277285211594,0.7688676541287512,-0.5247001051902771,-0.5616499185562134,-0.6397181153297424,0,0,0,-1,-1,3230.927795875,unknown,2,2026-04-24T18:20:16.323+02:00,null,0,0,0,0,0,0,0,null,798740465.4173255,0,0.8000002,101.5557,1,0.85
2026-04-24T18:21:07.303+02:00,1777047653.571205,53.56895416345577,9.882977505173033,38.55946,-1,-1,-1,-1,9.056828472500998,2.789105338997707,-9999,3281.887047916667,-0.5466156005859375,-0.5140838623046875,-0.59661865234375,3281.878236916667,1.311259972805192,-0.6724145301224532,0.6144340558229747,0.3420498371124268,0.2671562433242798,-2.444695234298706,-0.07640522718429565,0.0794563889503479,0.04472064971923828,XArbitraryZVertical,0.4180014177349128,-0.07521994998858077,0.4694972217143894,0.7740730884562222,-0.5089524984359741,-0.5764961838722229,-0.6392335295677185,0,0,0,-1,-1,3230.927795875,unknown,2,2026-04-24T18:20:16.323+02:00,null,0,0,0,0,0,0,0,null,798740465.4173255,0,0.8000002,101.5557,1,0.85
2026-04-24T18:21:07.313+02:00,1777047653.571205,53.56895416345577,9.882977505173033,38.55946,-1,-1,-1,-1,9.056828472500998,2.789105338997707,-9999,3281.897122916667,-0.52001953125,-0.5165557861328125,-0.58538818359375,3281.888311916667,1.289925103390502,-0.6572638056077678,0.632379864009278,0.3427502512931824,0.2737094759941101,-2.459692239761353,-0.05380675196647644,0.07698225975036621,0.04195821285247803,XArbitraryZVertical,0.4195952033274768,-0.06820161268024996,0.4605917837646032,0.7791941888548733,-0.4928088188171387,-0.5910660624504089,-0.6385768055915833,0,0,0,-1,-1,3230.927795875,unknown,2,2026-04-24T18:20:16.323+02:00,null,0,0,0,0,0,0,0,null,798740465.4173255,0,0.8000002,101.5557,1,0.85
2026-04-24T18:21:07.323+02:00,1777047653.571205,53.56895416345577,9.882977505173033,38.55946,-1,-1,-1,-1,9.056828472500998,2.789105338997707,-9999,3281.907197916667,-0.49517822265625,-0.52362060546875,-0.6038665771484375,3281.898386916667,1.268160870352835,-0.6414437749538577,0.6500817990069809,0.3665426075458527,0.284060925245285,-2.420478820800781,-0.0437101423740387,0.0886957049369812,0.05242055654525757,XArbitraryZVertical,0.4211401821843061,-0.06112757377249452,0.4516825561691326,0.7841474977498063,-0.4763094186782837,-0.6052515506744385,-0.6378087401390076,0,0,0,-1,-1,3230.927795875,unknown,2,2026-04-24T18:20:16.323+02:00,null,0,0,0,0,0,0,0,null,798740465.4173255,0,0.8000002,101.5557,1,0.85
2026-04-24T18:21:07.334+02:00,1777047653.571205,53.56895416345577,9.882977505173033,38.55946,-1,-1,-1,-1,9.056828472500998,2.789105338997707,-9999,3281.917272916667,-0.4619903564453125,-0.5547027587890625,-0.61724853515625,3281.908461916667,1.246414816295927,-0.6253149086261386,0.6675497203210323,0.4086831212043762,0.2780376374721527,-2.388326406478882,-0.03547683358192444,0.09544289112091064,0.03287124633789062,XArbitraryZVertical,0.4227416178071812,-0.05404271193611906,0.4428730679020145,0.7888171375520094,-0.4597013890743256,-0.6190635561943054,-0.6367378234863281,0,0,0,-1,-1,3230.927795875,unknown,2,2026-04-24T18:20:16.323+02:00,null,0,0,0,0,0,0,0,null,798740465.4173255,0,0.8000002,101.5557,1,0.85
2026-04-24T18:21:07.344+02:00,1777047653.571205,53.56895416345577,9.882977505173033,38.55946,-1,-1,-1,-1,9.056828472500998,2.789105338997707,-9999,3281.927347916667,-0.425506591796875,-0.5854339599609375,-0.612091064453125,3281.918536916667,1.224619486186504,-0.6089025569965203,0.6848556077682201,0.4405723512172699,0.2723363637924194,-2.354275941848755,-0.01899546384811401,0.07785838842391968,0.01806402206420898,XArbitraryZVertical,0.4244281480432666,-0.04695194655637857,0.4341238346304114,0.7932168331624069,-0.4429948925971985,-0.632561206817627,-0.6353124976158142,0,0,0,-1,-1,3230.927795875,unknown,2,2026-04-24T18:20:16.323+02:00,null,0,0,0,0,0,0,0,null,798740465.4173255,0,0.8000002,101.5557,1,0.85
2026-04-24T18:21:07.354+02:00,1777047653.571205,53.56895416345577,9.882977505173033,38.55946,-1,-1,-1,-1,9.056828472500998,2.789105338997707,-9999,3281.937422916667,-0.385650634765625,-0.606964111328125,-0.598541259765625,3281.928611916667,1.202706473972158,-0.5922893403905589,0.7018097292582819,0.4506652057170868,0.2454719841480255,-2.311049461364746,0.0008240938186645508,0.06016677618026733,0.02150332927703857,XArbitraryZVertical,0.4261523575681731,-0.03996213932089683,0.4254363119303938,0.7973714882616372,-0.4263307154178619,-0.6456007957458496,-0.6335943937301636,0,0,0,-1,-1,3230.927795875,unknown,2,2026-04-24T18:20:16.323+02:00,null,0,0,0,0,0,0,0,null,798740465.4173255,0,0.8000002,101.5557,1,0.85
2026-04-24T18:21:07.364+02:00,1777047653.571205,53.56895416345577,9.882977505173033,38.55946,-1,-1,-1,-1,9.056828472500998,2.789105338997707,-9999,3281.947497916667,-0.34930419921875,-0.6293487548828125,-0.579559326171875,3281.938686916667,1.180700245058299,-0.5755913031173666,0.7183993177233466,0.4637425541877747,0.2267595529556274,-2.272345304489136,0.02415451407432556,0.05121630430221558,0.03301113843917847,XArbitraryZVertical,0.4279332602376015,-0.0331200134236609,0.4168036353779397,0.8012809161687965,-0.4098051488399506,-0.6581804156303406,-0.6315523982048035,0,0,0,-1,-1,3230.927795875,unknown,2,2026-04-24T18:20:16.323+02:00,null,0,0,0,0,0,0,0,null,798740465.4173255,0,0.8000002,101.5557,1,0.85
2026-04-24T18:21:07.374+02:00,1777047653.571205,53.56895416345577,9.882977505173033,38.55946,-1,-1,-1,-1,9.056828472500998,2.789105338997707,-9999,3281.957572916667,-0.320068359375,-0.6362762451171875,-0.5507659912109375,3281.948761916667,1.15830815675697,-0.5584667847595026,0.7343312440034963,0.4147302806377411,0.2239294052124023,-2.230971813201904,0.04401949048042297,0.04074209928512573,0.04994428157806396,XArbitraryZVertical,0.4295920204942887,-0.0264369597958676,0.4082456721717621,0.8050387551467049,-0.3933237195014954,-0.670090913772583,-0.6295035481452942,0,0,0,-1,-1,3230.927795875,unknown,2,2026-04-24T18:20:16.323+02:00,null,0,0,0,0,0,0,0,null,798740465.4173255,0,0.8000002,101.5557,1,0.85
2026-04-24T18:21:07.384+02:00,1777047653.571205,53.56895416345577,9.882977505173033,38.55946,-1,-1,-1,-1,9.056828472500998,2.789105338997707,-9999,3281.967647916667,-0.29095458984375,-0.6412811279296875,-0.5331573486328125,3281.958836916667,1.135322179350336,-0.5407234168576532,0.7492342344278802,0.3538193106651306,0.2191607505083084,-2.188177824020386,0.05684173107147217,0.04480206966400146,0.0769849419593811,XArbitraryZVertical,0.4309585768411501,-0.01998150171693919,0.3997958538618798,0.8087265674898612,-0.3769100606441498,-0.6810782551765442,-0.6277508735656738,0,0,0,-1,-1,3230.927795875,unknown,2,2026-04-24T18:20:16.323+02:00,null,0,0,0,0,0,0,0,null,798740465.4173255,0,0.8000002,101.5557,1,0.85
2026-04-24T18:21:07.394+02:00,1777047653.571205,53.56895416345577,9.882977505173033,38.55946,-1,-1,-1,-1,9.056828472500998,2.789105338997707,-9999,3281.977722916667,-0.272064208984375,-0.64739990234375,-0.5387115478515625,3281.968911916667,1.111698557229403,-0.5223014106700797,0.7631776095342805,0.3055950701236725,0.2219754457473755,-2.163432359695435,0.06955477595329285,0.04994004964828491,0.09313827753067017,XArbitraryZVertical,0.4320465527824614,-0.01370988065675666,0.3914331428774566,0.8123594642678039,-0.3605093955993652,-0.6912212371826172,-0.6262956261634827,0,0,0,-1,-1,3230.927795875,unknown,2,2026-04-24T18:20:16.323+02:00,null,0,0,0,0,0,0,0,null,798740465.4173255,0,0.8000002,101.5557,1,0.85
2026-04-24T18:21:07.404+02:00,1777047653.571205,53.56895416345577,9.882977505173033,38.55946,-1,-1,-1,-1,9.056828472500998,2.789105338997707,-9999,3281.987797916667,-0.2630767822265625,-0.6367034912109375,-0.5502471923828125,3281.978986916667,1.087397303714599,-0.5031011551990275,0.7763304437831,0.2742826640605927,0.2331479489803314,-2.133570671081543,0.07194098830223083,0.05326604843139648,0.08637058734893799,XArbitraryZVertical,0.4328997380708429,-0.0075339460715971,0.3831265121433073,0.815938194976664,-0.3440051972866058,-0.7006659507751465,-0.6250821352005005,0,0,0,-1,-1,3230.927795875,unknown,2,2026-04-24T18:20:16.323+02:00,null,0,0,0,0,0,0,0,null,798740465.4173255,0,0.8000002,101.5557,1,0.85
2026-04-24T18:21:07.414+02:00,1777047653.571205,53.56895416345577,9.882977505173033,38.55946,-1,-1,-1,-1,9.056828472500998,2.789105338997707,-9999,3281.997873916667,-0.2435760498046875,-0.637481689453125,-0.575042724609375,3281.989061916667,1.062933693071026,-0.4833912491251616,0.7889513447043064,0.3135360479354858,0.2580735385417938,-2.088901996612549,0.06440573930740356,0.07291126251220703,0.07361352443695068,XArbitraryZVertical,0.4336677920040964,-0.00137428685788141,0.3749765249423744,0.8193431176797848,-0.3274825215339661,-0.7096148133277893,-0.6238607168197632,0,0,0,-1,-1,3230.927795875,unknown,2,2026-04-24T18:20:16.323+02:00,null,0,0,0,0,0,0,0,null,798740465.4173255,0,0.8000002,101.5557,1,0.85
2026-04-24T18:21:07.424+02:00,1777047653.571205,53.56895416345577,9.882977505173033,38.55946,-1,-1,-1,-1,9.056828472500998,2.789105338997707,-9999,3282.007948916667,-0.2237396240234375,-0.6541290283203125,-0.5911407470703125,3281.999137916667,1.038669629009304,-0.4634636595227093,0.8016116674731377,0.3841935694217682,0.2577057480812073,-2.065690279006958,0.0673687756061554,0.08099627494812012,0.04713308811187744,XArbitraryZVertical,0.4346127956360075,0.004881255018307028,0.366963459712433,0.8224510886690732,-0.3109448552131653,-0.7184780240058899,-0.6221757531166077,0,0,0,-1,-1,3230.927795875,unknown,2,2026-04-24T18:20:16.323+02:00,null,0,0,0,0,0,0,0,null,798740465.4173255,0,0.8000002,101.5557,1,0.85
2026-04-24T18:21:07.434+02:00,1777047653.571205,53.56895416345577,9.882977505173033,38.55946,-1,-1,-1,-1,9.056828472500998,2.789105338997707,-9999,3282.018023916667,-0.20281982421875,-0.659332275390625,-0.5918426513671875,3282.009212916667,1.014341914333578,-0.4432617493834664,0.8142907763023177,0.4077489376068115,0.2659626007080078,-2.03248405456543,0.0706426203250885,0.07310992479324341,0.02890980243682861,XArbitraryZVertical,0.435717308327321,0.0111872020079452,0.3590035452695388,0.825313198936054,-0.2943822145462036,-0.7272389531135559,-0.6200505495071411,0,0,0,-1,-1,3230.927795875,unknown,2,2026-04-24T18:20:16.323+02:00,null,0,0,0,0,0,0,0,null,798740465.4173255,0,0.8000002,101.5557,1,0.85
2026-04-24T18:21:07.444+02:00,1777047653.571205,53.56895416345577,9.882977505173033,38.55946,-1,-1,-1,-1,9.056828472500998,2.789105338997707,-9999,3282.028098916667,-0.1782684326171875,-0.66485595703125,-0.5768280029296875,3282.019287916667,0.9899445716885497,-0.42273623350318,0.8264226961838114,0.3921239674091339,0.267702728509903,-1.977874636650085,0.07513421773910522,0.076180100440979,0.02602726221084595,XArbitraryZVertical,0.4367628151387417,0.01741528371084163,0.35121320459709,0.8280002768878687,-0.2779540121555328,-0.7355124354362488,-0.6178699135780334,0,0,0,-1,-1,3230.927795875,unknown,2,2026-04-24T18:20:16.323+02:00,null,0,0,0,0,0,0,0,null,798740465.4173255,0,0.8000002,101.5557,1,0.85
2026-04-24T18:21:07.455+02:00,1777047653.571205,53.56895416345577,9.882977505173033,38.55946,-1,-1,-1,-1,9.056828472500998,2.789105338997707,-9999,3282.038173916667,-0.15740966796875,-0.6920013427734375,-0.5673370361328125,3282.029362916667,0.9654908417481241,-0.4020315769296609,0.8377708556453521,0.3541869819164276,0.2553467154502869,-1.926738739013672,0.08355116844177246,0.07829743623733521,0.03894275426864624,XArbitraryZVertical,0.4376808357750782,0.02345498509022589,0.3436074530929416,0.8305535967213622,-0.2618195414543152,-0.7431533932685852,-0.615770697593689,0,0,0,-1,-1,3230.927795875,unknown,2,2026-04-24T18:20:16.323+02:00,null,0,0,0,0,0,0,0,null,798740465.4173255,0,0.8000002,101.5557,1,0.85
2026-04-24T18:21:07.464+02:00,1777047653.571205,53.56895416345577,9.882977505173033,38.55946,-1,-1,-1,-1,9.056828472500998,2.789105338997707,-9999,3282.048248916667,-0.1445465087890625,-0.7240753173828125,-0.5612945556640625,3282.039437916667,0.9406394342304569,-0.3808976350034219,0.848002608351532,0.2711327970027924,0.2568982839584351,-1.884160399436951,0.08849899470806122,0.05795937776565552,0.04673784971237183,XArbitraryZVertical,0.4382991509168245,0.02926494445636618,0.3361509817616533,0.8330905745555738,-0.2459086775779724,-0.7499606609344482,-0.6140748262405396,0,0,0,-1,-1,3230.927795875,unknown,2,2026-04-24T18:20:16.323+02:00,null,0,0,0,0,0,0,0,null,798740465.4173255,0,0.8000002,101.5557,1,0.85
2026-04-24T18:21:07.475+02:00,1777047653.571205,53.56895416345577,9.882977505173033,38.55946,-1,-1,-1,-1,9.056828472500998,2.789105338997707,-9999,3282.058323916667,-0.13568115234375,-0.7616119384765625,-0.5554351806640625,3282.049512916667,0.9155589879738003,-0.3593740707115519,0.8572901691937682,0.2803510427474976,0.264077365398407,-1.844054341316223,0.08562953770160675,0.03199648857116699,0.05138355493545532,XArbitraryZVertical,0.4386815065407726,0.03492150725999678,0.3288663049040438,0.8355751979316624,-0.2301760464906693,-0.7560718059539795,-0.612678050994873,0,0,0,-1,-1,3230.927795875,unknown,2,2026-04-24T18:20:16.323+02:00,null,0,0,0,0,0,0,0,null,798740465.4173255,0,0.8000002,101.5557,1,0.85
2026-04-24T18:21:07.484+02:00,1777047653.571205,53.56895416345577,9.882977505173033,38.55946,-1,-1,-1,-1,9.056828472500998,2.789105338997707,-9999,3282.068398916667,-0.1243743896484375,-0.782012939453125,-0.5573577880859375,3282.059587916667,0.8903772313320274,-0.3375537271358033,0.8664265273682598,0.3095951676368713,0.2785356640815735,-1.83652400970459,0.07877559959888458,0.000407874584197998,0.05557560920715332,XArbitraryZVertical,0.4391421512364273,0.04060551816233227,0.3216520711365966,0.8378814145749434,-0.2144567519426346,-0.7620198130607605,-0.611010730266571,0,0,0,-1,-1,3230.927795875,unknown,2,2026-04-24T18:20:16.323+02:00,null,0,0,0,0,0,0,0,null,798740465.4173255,0,0.8000002,101.5557,1,0.85
2026-04-24T18:21:07.495+02:00,1777047653.571205,53.56895416345577,9.882977505173033,38.55946,-1,-1,-1,-1,9.056828472500998,2.789105338997707,-9999,3282.078473916667,-0.101470947265625,-0.7503814697265625,-0.5615997314453125,3282.069662916667,0.8649313292403081,-0.3152422406755988,0.8753537872272531,0.3282700479030609,0.2858196794986725,-1.809116125106812,0.07428044080734253,-0.01424270868301392,0.05179339647293091,XArbitraryZVertical,0.4396319548666216,0.04634839794815378,0.3144947623952103,0.8400408179170675,-0.1986548006534576,-0.7677702307701111,-0.6091511249542236,0,0,0,-1,-1,3230.927795875,unknown,2,2026-04-24T18:20:16.323+02:00,null,0,0,0,0,0,0,0,null,798740465.4173255,0,0.8000002,101.5557,1,0.85
2026-04-24T18:21:07.505+02:00,1777047653.571205,53.56895416345577,9.882977505173033,38.55946,-1,-1,-1,-1,9.056828472500998,2.789105338997707,-9999,3282.088548916667,-0.0718536376953125,-0.72705078125,-0.57293701171875,3282.079737916667,0.839689031489567,-0.2929505200333559,0.883990265855816,0.3512230813503265,0.2822135090827942,-1.753560185432434,0.08163487911224365,0.02289372682571411,0.04545694589614868,XArbitraryZVertical,0.440188068467363,0.05202060083625067,0.3074927556986016,0.8420074008944887,-0.1831058263778687,-0.7732751369476318,-0.6070566177368164,0,0,0,-1,-1,3230.927795875,unknown,2,2026-04-24T18:20:16.323+02:00,null,0,0,0,0,0,0,0,null,798740465.4173255,0,0.8000002,101.5557,1,0.85
2026-04-24T18:21:07.514+02:00,1777047653.571205,53.56895416345577,9.882977505173033,38.55946,-1,-1,-1,-1,9.056828472500998,2.789105338997707,-9999,3282.098623916667,-0.04852294921875,-0.7366943359375,-0.5810089111328125,3282.089812916667,0.8148437928273012,-0.2709315678877946,0.8922692135727701,0.3595052659511566,0.2622573673725128,-1.694906711578369,0.09612302482128143,0.05144727230072021,0.03181475400924683,XArbitraryZVertical,0.4408091642061855,0.05754492620609811,0.3006825286417026,0.8437806748088637,-0.1679766327142715,-0.7784979939460754,-0.6047517061233521,0,0,0,-1,-1,3230.927795875,unknown,2,2026-04-24T18:20:16.323+02:00,null,0,0,0,0,0,0,0,null,798740465.4173255,0,0.8000002,101.5557,1,0.85
2026-04-24T18:21:07.525+02:00,1777047653.571205,53.56895416345577,9.882977505173033,38.55946,-1,-1,-1,-1,9.056828472500998,2.789105338997707,-9999,3282.108698916667,-0.0348663330078125,-0.7627105712890625,-0.5880584716796875,3282.099887916667,0.790273181902,-0.2492435428243423,0.9000525723027828,0.3464899063110352,0.2381490916013718,-1.650101065635681,0.1048000305891037,0.04666519165039062,0.02135300636291504,XArbitraryZVertical,0.4414403925949418,0.06284440004951759,0.294017911928638,0.8454197236764752,-0.1533229798078537,-0.7833595871925354,-0.6023619174957275,0,0,0,-1,-1,3230.927795875,unknown,2,2026-04-24T18:20:16.323+02:00,null,0,0,0,0,0,0,0,null,798740465.4173255,0,0.8000002,101.5557,1,0.85
2026-04-24T18:21:07.535+02:00,1777047653.571205,53.56895416345577,9.882977505173033,38.55946,-1,-1,-1,-1,9.056828472500998,2.789105338997707,-9999,3282.118773916667,-0.033233642578125,-0.7759552001953125,-0.5915069580078125,3282.109962916667,0.7658064458848106,-0.2277615656105941,0.907182834231503,0.3221952319145203,0.214797705411911,-1.608341455459595,0.1042175740003586,0.02506101131439209,0.0120011568069458,XArbitraryZVertical,0.4419937881052013,0.06790931109934939,0.2874709575387674,0.846988912875823,-0.1390838921070099,-0.7877715826034546,-0.6000596284866333,0,0,0,-1,-1,3230.927795875,unknown,2,2026-04-24T18:20:16.323+02:00,null,0,0,0,0,0,0,0,null,798740465.4173255,0,0.8000002,101.5557,1,0.85
2026-04-24T18:21:07.545+02:00,1777047653.571205,53.56895416345577,9.882977505173033,38.55946,-1,-1,-1,-1,9.056828472500998,2.789105338997707,-9999,3282.128849875,-0.02685546875,-0.7656402587890625,-0.6069183349609375,3282.120037916667,0.7415148664276318,-0.2064716152532423,0.913595978033709,0.2832485139369965,0.2044992446899414,-1.552300095558167,0.09200617671012878,0.0157504677772522,0.006420433521270752,XArbitraryZVertical,0.4424279998283682,0.0727583911177553,0.2810756238205239,0.8485046454576972,-0.1252397894859314,-0.7917056679725647,-0.5979273915290833,0,0,0,-1,-1,3230.927795875,unknown,2,2026-04-24T18:20:16.323+02:00,null,0,0,0,0,0,0,0,null,798740465.4173255,0,0.8000002,101.5557,1,0.85
2026-04-24T18:21:07.555+02:00,1777047653.571205,53.56895416345577,9.882977505173033,38.55946,-1,-1,-1,-1,9.056828472500998,2.789105338997707,-9999,3282.138925875,-0.007537841796875,-0.7461090087890625,-0.6275482177734375,3282.130113875,0.7178282843725816,-0.1856770212884502,0.9193356225840729,0.2815025448799133,0.1936063915491104,-1.479438424110413,0.08508378267288208,0.02955865859985352,-0.01099181175231934,XArbitraryZVertical,0.4427749501056562,0.07737620953101086,0.27493358996336,0.8499264840295678,-0.1119392365217209,-0.7951989769935608,-0.5959265232086182,0,0,0,-1,-1,3230.927795875,unknown,2,2026-04-24T18:20:16.323+02:00,null,0,0,0,0,0,0,0,null,798740465.4173255,0,0.8000002,101.5557,1,0.85
2026-04-24T18:21:07.565+02:00,1777047653.571205,53.56895416345577,9.882977505173033,38.55946,-1,-1,-1,-1,9.056828472500998,2.789105338997707,-9999,3282.149000875,0.0225067138671875,-0.7543487548828125,-0.64288330078125,3282.140189875,0.6950215130862698,-0.1656441259551593,0.9247647193632019,0.2994270026683807,0.1721050888299942,-1.406581878662109,0.09172826260328293,0.05237007141113281,-0.03376591205596924,XArbitraryZVertical,0.44319369657084,0.08178156632354378,0.2690551565557699,0.8511759560728015,-0.09926608949899673,-0.7984791398048401,-0.5937822461128235,0,0,0,-1,-1,3230.927795875,unknown,2,2026-04-24T18:20:16.323+02:00,null,0,0,0,0,0,0,0,null,798740465.4173255,0,0.8000002,101.5557,1,0.85
2026-04-24T18:21:07.588+02:00,1777047653.571205,53.56895416345577,9.882977505173033,38.55946,-1,-1,-1,-1,9.056828472500998,2.789105338997707,-9999,3282.159075875,0.0446014404296875,-0.799957275390625,-0.605621337890625,3282.150264875,0.672979919205637,-0.1465738270998037,0.9301644134739131,0.353094756603241,0.1128047555685043,-1.360826969146729,0.1098008751869202,0.04736942052841187,-0.05159008502960205,XArbitraryZVertical,0.4438160308937767,0.08591122298982846,0.2633162167809702,0.8522389153606461,-0.08729413896799088,-0.8017182350158691,-0.5912931561470032,0,0,0,-1,-1,3230.927795875,unknown,2,2026-04-24T18:20:16.323+02:00,null,0,0,0,0,0,0,0,null,798740465.4173255,0,0.8000002,101.5557,1,0.85
2026-04-24T18:21:07.591+02:00,1777047653.571205,53.56895416345577,9.882977505173033,38.55946,-1,-1,-1,-1,9.056828472500998,2.789105338997707,-9999,3282.169150875,0.04327392578125,-0.84466552734375,-0.56903076171875,3282.160339875,0.6511843642270082,-0.1281378691548901,0.9356970371608234,0.3701078295707703,0.07879485189914703,-1.343834519386292,0.1204123646020889,0.005055487155914307,-0.01722753047943115,XArbitraryZVertical,0.4446761658186547,0.0898120739819914,0.2575548426698028,0.8531486340868051,-0.07581090182065964,-0.8050128221511841,-0.5883938074111938,0,0,0,-1,-1,3230.927795875,unknown,2,2026-04-24T18:20:16.323+02:00,null,0,0,0,0,0,0,0,null,798740465.4173255,0,0.8000002,101.5557,1,0.85
2026-04-24T18:21:07.602+02:00,1777047653.571205,53.56895416345577,9.882977505173033,38.55946,-1,-1,-1,-1,9.056828472500998,2.789105338997707,-9999,3282.179225875,0.034942626953125,-0.84039306640625,-0.558197021484375,3282.170414875,0.6294126771390328,-0.1098008526222349,0.9406878481557076,0.3028885722160339,0.07853146642446518,-1.305327653884888,0.1078422293066978,-0.03670197725296021,0.01665329933166504,XArbitraryZVertical,0.4454268950527699,0.09355667750999845,0.2518629790798086,0.8540533534973016,-0.06456830352544785,-0.8079636096954346,-0.585684061050415,0,0,0,-1,-1,3230.927795875,unknown,2,2026-04-24T18:20:16.323+02:00,null,0,0,0,0,0,0,0,null,798740465.4173255,0,0.8000002,101.5557,1,0.85
2026-04-24T18:21:07.616+02:00,1777047653.571205,53.56895416345577,9.882977505173033,38.55946,-1,-1,-1,-1,9.056828472500998,2.789105338997707,-9999,3282.189300875,0.042938232421875,-0.824249267578125,-0.5631103515625,3282.180489875,0.6082349130302207,-0.09189786206510944,0.9446633903109874,0.2372902929782867,0.07558095455169678,-1.233915567398071,0.08872046321630478,-0.03009337186813354,0.02534592151641846,XArbitraryZVertical,0.4458768035044001,0.09706912365271655,0.2464440448691733,0.8550069214452669,-0.05377782136201859,-0.8102996945381165,-0.5835429430007935,0,0,0,-1,-1,3230.927795875,unknown,2,2026-04-24T18:20:16.323+02:00,null,0,0,0,0,0,0,0,null,798740465.4173255,0,0.8000002,101.5557,1,0.85
2026-04-24T18:21:07.618+02:00,1777047653.571205,53.56895416345577,9.882977505173033,38.55946,-1,-1,-1,-1,9.056828472500998,2.789105338997707,-9999,3282.199375875,0.0518035888671875,-0.8260650634765625,-0.574493408203125,3282.190564875,0.5878798604392775,-0.07474550554856094,0.9479051855380003,0.2127854824066162,0.05071821436285973,-1.182318687438965,0.08650311082601547,-0.01205408573150635,0.01864659786224365,XArbitraryZVertical,0.4461583752144634,0.1003207202136663,0.2412875319919106,0.8559549335542835,-0.04356487467885017,-0.8121951818466187,-0.5817568898200989,0,0,0,-1,-1,3230.927795875,unknown,2,2026-04-24T18:20:16.323+02:00,null,0,0,0,0,0,0,0,null,798740465.4173255,0,0.8000002,101.5557,1,0.85
2026-04-24T18:21:07.625+02:00,1777047653.571205,53.56895416345577,9.882977505173033,38.55946,-1,-1,-1,-1,9.056828472500998,2.789105338997707,-9999,3282.209450875,0.050689697265625,-0.830596923828125,-0.5913543701171875,3282.200639875,0.56798724883676,-0.05812724885255064,0.9507807556070621,0.2058175355195999,0.03742238506674767,-1.150232195854187,0.08555930107831955,-0.0121956467628479,0.005573153495788574,XArbitraryZVertical,0.4464063964620347,0.1033831497922351,0.2362496526553537,0.8568660180070271,-0.03375569730997086,-0.8138694167137146,-0.5800665020942688,0,0,0,-1,-1,3230.927795875,unknown,2,2026-04-24T18:20:16.323+02:00,null,0,0,0,0,0,0,0,null,798740465.4173255,0,0.8000002,101.5557,1,0.85
2026-04-24T18:21:07.635+02:00,1777047653.571205,53.56895416345577,9.882977505173033,38.55946,-1,-1,-1,-1,9.056828472500998,2.789105338997707,-9999,3282.219525875,0.0499725341796875,-0.8187408447265625,-0.6115875244140625,3282.210714875,0.5486564973547009,-0.042026831521433,0.9534375386149481,0.2121811509132385,0.03564285859465599,-1.100564479827881,0.07501117885112762,-0.01518672704696655,-0.01298195123672485,XArbitraryZVertical,0.4466679924399094,0.1063085015373436,0.231362160539025,0.8577049808535036,-0.02432148158550262,-0.8154102563858032,-0.5783724188804626,0,0,0,-1,-1,3230.927795875,unknown,2,2026-04-24T18:20:16.323+02:00,null,0,0,0,0,0,0,0,null,798740465.4173255,0,0.8000002,101.5557,1,0.85
2026-04-24T18:21:07.648+02:00,1777047653.571205,53.56895416345577,9.882977505173033,38.55946,-1,-1,-1,-1,9.056828472500998,2.789105338997707,-9999,3282.229600875,0.06195068359375,-0.8003387451171875,-0.6173858642578125,3282.220789875,0.5299929779601606,-0.02641394448353886,0.9561137114134856,0.2472562044858932,0.04013774171471596,-1.055829882621765,0.06520366668701172,-0.001784324645996094,-0.03508931398391724,XArbitraryZVertical,0.4470281516557025,0.1091638061026774,0.2266597846496459,0.8584139847928753,-0.01523113343864679,-0.8169565200805664,-0.5764982104301453,0,0,0,-1,-1,3230.927795875,unknown,2,2026-04-24T18:20:16.323+02:00,null,0,0,0,0,0,0,0,null,798740465.4173255,0,0.8000002,101.5557,1,0.85
2026-04-24T18:21:07.655+02:00,1777047653.571205,53.56895416345577,9.882977505173033,38.55946,-1,-1,-1,-1,9.056828472500998,2.789105338997707,-9999,3282.239675875,0.09234619140625,-0.79595947265625,-0.6100616455078125,3282.230864875,0.5120855826017577,-0.01147271565786476,0.9590609660361767,0.2954932451248169,0.01618447154760361,-1.002125382423401,0.06853920221328735,0.0183139443397522,-0.04313462972640991,XArbitraryZVertical,0.4476036736831956,0.1119167562547449,0.2221262548535318,0.8589444164825818,-0.006588509771972895,-0.8186526298522949,-0.5742511749267578,0,0,0,-1,-1,3230.927795875,unknown,2,2026-04-24T18:20:16.323+02:00,null,0,0,0,0,0,0,0,null,798740465.4173255,0,0.8000002,101.5557,1,0.85
2026-04-24T18:21:07.666+02:00,1777047653.571205,53.56895416345577,9.882977505173033,38.55946,-1,-1,-1,-1,9.056828472500998,2.789105338997707,-9999,3282.249750875,0.1199798583984375,-0.80902099609375,-0.5894775390625,3282.240939875,0.4949770302242065,0.002563057798465959,0.9620635367071957,0.2821179032325745,-0.01633192598819733,-0.948392391204834,0.09088058024644852,0.0244138240814209,-0.0382351279258728,XArbitraryZVertical,0.4483174603683021,0.1144474525724062,0.2177448204575405,0.8593604877822019,0.001465627457946539,-0.8203732967376709,-0.5718264579772949,0,0,0,-1,-1,3230.927795875,unknown,2,2026-04-24T18:20:16.323+02:00,null,0,0,0,0,0,0,0,null,798740465.4173255,0,0.8000002,101.5557,1,0.85
2026-04-24T18:21:07.676+02:00,1777047653.571205,53.56895416345577,9.882977505173033,38.55946,-1,-1,-1,-1,9.056828472500998,2.789105338997707,-9999,3282.259825875,0.13031005859375,-0.835906982421875,-0.5619049072265625,3282.251014875,0.4786054498273283,0.01570398476320618,0.9645209993163196,0.2293726652860641,-0.04223942384123802,-0.9050377607345581,0.1110319420695305,0.01275503635406494,-0.0197371244430542,XArbitraryZVertical,0.4489040935820695,0.11668305918426,0.2135235903455626,0.8598127201538163,0.008947929367423058,-0.8217760920524597,-0.569740355014801,0,0,0,-1,-1,3230.927795875,unknown,2,2026-04-24T18:20:16.323+02:00,null,0,0,0,0,0,0,0,null,798740465.4173255,0,0.8000002,101.5557,1,0.85
2026-04-24T18:21:07.686+02:00,1777047653.571205,53.56895416345577,9.882977505173033,38.55946,-1,-1,-1,-1,9.056828472500998,2.789105338997707,-9999,3282.269900875,0.11700439453125,-0.875518798828125,-0.5325775146484375,3282.261089875,0.4626182780650078,0.0282709182133042,0.9665793108933984,0.2223332822322845,-0.07003110647201538,-0.8996071815490723,0.1142510026693344,-0.01295983791351318,0.005986034870147705,XArbitraryZVertical,0.4494038621919128,0.1187042801666001,0.2093692229905157,0.8602964909397187,0.01605907641351223,-0.8229472041130066,-0.5678909420967102,0,0,0,-1,-1,3230.927795875,unknown,2,2026-04-24T18:20:16.323+02:00,null,0,0,0,0,0,0,0,null,798740465.4173255,0,0.8000002,101.5557,1,0.85
2026-04-24T18:21:07.696+02:00,1777047653.571205,53.56895416345577,9.882977505173033,38.55946,-1,-1,-1,-1,9.056828472500998,2.789105338997707,-9999,3282.279976875,0.0923614501953125,-0.8713226318359375,-0.5280303955078125,3282.271164875,0.4465075416131307,0.04093404617590431,0.9683162114861975,0.1789027154445648,-0.04822621122002602,-0.8960945010185242,0.09381406009197235,-0.05158615112304688,0.03363549709320068,XArbitraryZVertical,0.4498061649168051,0.1206976678170393,0.2052057602744528,0.8608118858975747,0.02319034188985825,-0.8239327073097229,-0.5662129521369934,0,0,0,-1,-1,3230.927795875,unknown,2,2026-04-24T18:20:16.323+02:00,null,0,0,0,0,0,0,0,null,798740465.4173255,0,0.8000002,101.5557,1,0.85
2026-04-24T18:21:07.706+02:00,1777047653.571205,53.56895416345577,9.882977505173033,38.55946,-1,-1,-1,-1,9.056828472500998,2.789105338997707,-9999,3282.290051875,0.0894775390625,-0.8310699462890625,-0.54443359375,3282.281240875,0.4309108393815884,0.0534076118479991,0.9696006890228274,0.1688428521156311,-0.0254998579621315,-0.8442569375038147,0.06216694414615631,-0.04666268825531006,0.03679198026657104,XArbitraryZVertical,0.4500437699860386,0.1226761673484162,0.2012448365224142,0.8613429165013821,0.03019452653825283,-0.8246599435806274,-0.5648223161697388,0,0,0,-1,-1,3230.927795875,unknown,2,2026-04-24T18:20:16.323+02:00,null,0,0,0,0,0,0,0,null,798740465.4173255,0,0.8000002,101.5557,1,0.85
2026-04-24T18:21:07.716+02:00,1777047653.571205,53.56895416345577,9.882977505173033,38.55946,-1,-1,-1,-1,9.056828472500998,2.789105338997707,-9999,3282.300126875,0.1080780029296875,-0.8185882568359375,-0.5633544921875,3282.291315875,0.4160569681215984,0.06545174592747788,0.9710998213839245,0.2273311913013458,-0.02088566496968269,-0.805899977684021,0.05256347358226776,-0.005563020706176758,0.01874995231628418,XArbitraryZVertical,0.4504116770998589,0.1246497447506001,0.1975033115072561,0.8617332848659637,0.03691407293081284,-0.8255069255828857,-0.5631835460662842,0,0,0,-1,-1,3230.927795875,unknown,2,2026-04-24T18:20:16.323+02:00,null,0,0,0,0,0,0,0,null,798740465.4173255,0,0.8000002,101.5557,1,0.85
2026-04-24T18:21:07.726+02:00,1777047653.571205,53.56895416345577,9.882977505173033,38.55946,-1,-1,-1,-1,9.056828472500998,2.789105338997707,-9999,3282.310201875,0.1287384033203125,-0.81988525390625,-0.5579071044921875,3282.301390875,0.4016350289041919,0.07709940133044733,0.9729738877760923,0.2549767792224884,-0.03076732531189919,-0.7785942554473877,0.06472606956958771,0.007974863052368164,-0.002182483673095703,XArbitraryZVertical,0.4509917664742797,0.1265718879233531,0.1938533622350334,0.8619785174594113,0.04335195571184158,-0.8265631794929504,-0.5611719489097595,0,0,0,-1,-1,3230.927795875,unknown,2,2026-04-24T18:20:16.323+02:00,null,0,0,0,0,0,0,0,null,798740465.4173255,0,0.8000002,101.5557,1,0.85
2026-04-24T18:21:07.736+02:00,1777047653.571205,53.56895416345577,9.882977505173033,38.55946,-1,-1,-1,-1,9.056828472500998,2.789105338997707,-9999,3282.320276875,0.1447601318359375,-0.82208251953125,-0.54986572265625,3282.311465875,0.3876892858236263,0.08828736104289579,0.974859575878891,0.2450639456510544,-0.03716130927205086,-0.7436335682868958,0.07924844324588776,0.007737815380096436,0.001191198825836182,XArbitraryZVertical,0.4516261351477501,0.1283927577540157,0.1903141730388948,0.8621657327128065,0.04948996379971504,-0.8276230692863464,-0.5590982437133789,0,0,0,-1,-1,3230.927795875,unknown,2,2026-04-24T18:20:16.323+02:00,null,0,0,0,0,0,0,0,null,798740465.4173255,0,0.8000002,101.5557,1,0.85
2026-04-24T18:21:07.747+02:00,1777047653.571205,53.56895416345577,9.882977505173033,38.55946,-1,-1,-1,-1,9.056828472500998,2.789105338997707,-9999,3282.330351875,0.1508026123046875,-0.8300628662109375,-0.5469207763671875,3282.321540875,0.3742462413490429,0.09899955110429171,0.9765205568370522,0.2196978777647018,-0.04594627767801285,-0.7156506776809692,0.08941991627216339,0.006471693515777588,0.007301568984985352,XArbitraryZVertical,0.4522077021669088,0.1300944477278594,0.1868990731414637,0.8623527991204301,0.05534022301435471,-0.8285542130470276,-0.5571672320365906,0,0,0,-1,-1,3230.927795875,unknown,2,2026-04-24T18:20:16.323+02:00,null,0,0,0,0,0,0,0,null,798740465.4173255,0,0.8000002,101.5557,1,0.85
2026-04-24T18:21:07.756+02:00,1777047653.571205,53.56895416345577,9.882977505173033,38.55946,-1,-1,-1,-1,9.056828472500998,2.789105338997707,-9999,3282.340426875,0.155303955078125,-0.8340911865234375,-0.546112060546875,3282.331615875,0.3613291526144398,0.1092699903683766,0.9778528257079028,0.1954652369022369,-0.03936028108000755,-0.6816504001617432,0.08986350893974304,-0.0007634162902832031,0.008551061153411865,XArbitraryZVertical,0.4526821830700174,0.1316926591220517,0.1836252141904877,0.8625645941054516,0.06093912571668625,-0.8292994499206543,-0.5554717779159546,0,0,0,-1,-1,3230.927795875,unknown,2,2026-04-24T18:20:16.323+02:00,null,0,0,0,0,0,0,0,null,798740465.4173255,0,0.8000002,101.5557,1,0.85
2026-04-24T18:21:07.766+02:00,1777047653.571205,53.56895416345577,9.882977505173033,38.55946,-1,-1,-1,-1,9.056828472500998,2.789105338997707,-9999,3282.350501875,0.1633148193359375,-0.8333282470703125,-0.551055908203125,3282.341690875,0.3489674173242008,0.1190789049065835,0.9789726913064661,0.1840849220752716,-0.04891090840101242,-0.6568023562431335,0.08902965486049652,-0.004166543483734131,0.007812857627868652,XArbitraryZVertical,0.4530962272472374,0.1331967409160023,0.1804956562051436,0.8627768064718966,0.06627431511878967,-0.8299247026443481,-0.5539248585700989,0,0,0,-1,-1,3230.927795875,unknown,2,2026-04-24T18:20:16.323+02:00,null,0,0,0,0,0,0,0,null,798740465.4173255,0,0.8000002,101.5557,1,0.85
2026-04-24T18:21:07.776+02:00,1777047653.571205,53.56895416345577,9.882977505173033,38.55946,-1,-1,-1,-1,9.056828472500998,2.789105338997707,-9999,3282.360576875,0.168792724609375,-0.83343505859375,-0.5520172119140625,3282.351765875,0.3369304749928466,0.1285035654614488,0.9800426950103152,0.190589427947998,-0.0625460296869278,-0.6394199132919312,0.09193682670593262,-0.002807140350341797,0.001338720321655273,XArbitraryZVertical,0.4535257346502662,0.1345997396373626,0.1774245232620294,0.8629703925724483,0.07137800753116608,-0.8305211663246155,-0.5523946285247803,0,0,0,-1,-1,3230.927795875,unknown,2,2026-04-24T18:20:16.323+02:00,null,0,0,0,0,0,0,0,null,798740465.4173255,0,0.8000002,101.5557,1,0.85
2026-04-24T18:21:07.786+02:00,1777047653.571205,53.56895416345577,9.882977505173033,38.55946,-1,-1,-1,-1,9.056828472500998,2.789105338997707,-9999,3282.370651875,0.1716461181640625,-0.830291748046875,-0.5503387451171875,3282.361840875,0.3253129983919907,0.1375295184800478,0.9810981817640473,0.1840639859437943,-0.06002108752727509,-0.6044443845748901,0.09255202859640121,-0.002326607704162598,-0.001157879829406738,XArbitraryZVertical,0.4539782833122386,0.1359191922612431,0.174448659058257,0.8631324104344144,0.07624071091413498,-0.831108570098877,-0.5508593916893005,0,0,0,-1,-1,3230.927795875,unknown,2,2026-04-24T18:20:16.323+02:00,null,0,0,0,0,0,0,0,null,798740465.4173255,0,0.8000002,101.5557,1,0.85
2026-04-24T18:21:07.796+02:00,1777047653.571205,53.56895416345577,9.882977505173033,38.55946,-1,-1,-1,-1,9.056828472500998,2.789105338997707,-9999,3282.380726875,0.1674652099609375,-0.848876953125,-0.529296875,3282.371915875,0.3144532101213314,0.1459409818768208,0.9821539414855279,0.2005151361227036,-0.06503181904554367,-0.5579860806465149,0.09090229123830795,0.001403450965881348,-0.001008689403533936,XArbitraryZVertical,0.4544531247626667,0.1371398137621703,0.1716649725728015,0.863247483091961,0.08074383437633514,-0.8316952586174011,-0.5493300557136536,0,0,0,-1,-1,3230.927795875,unknown,2,2026-04-24T18:20:16.323+02:00,null,0,0,0,0,0,0,0,null,798740465.4173255,0,0.8000002,101.5557,1,0.85
2026-04-24T18:21:07.807+02:00,1777047653.571205,53.56895416345577,9.882977505173033,38.55946,-1,-1,-1,-1,9.056828472500998,2.789105338997707,-9999,3282.390801875,0.1610107421875,-0.876312255859375,-0.507781982421875,3282.381990875,0.3040367359938763,0.1539628631268466,0.9833780599063584,0.1985394954681396,-0.05879869312047958,-0.5448197722434998,0.08247356861829758,-0.01650279760360718,0.01836138963699341,XArbitraryZVertical,0.4550222300668194,0.1382954481698785,0.1689883436557411,0.8632914993727201,0.08499166369438171,-0.8323742747306824,-0.5476582646369934,0,0,0,-1,-1,3230.927795875,unknown,2,2026-04-24T18:20:16.323+02:00,null,0,0,0,0,0,0,0,null,798740465.4173255,0,0.8000002,101.5557,1,0.85
2026-04-24T18:21:07.817+02:00,1777047653.571205,53.56895416345577,9.882977505173033,38.55946,-1,-1,-1,-1,9.056828472500998,2.789105338997707,-9999,3282.400876875,0.1624603271484375,-0.86151123046875,-0.5094146728515625,3282.392065875,0.2938882140403907,0.1619623038414138,0.9842536428020235,0.1468731015920639,-0.03046825155615807,-0.526938259601593,0.07175847142934799,-0.04345303773880005,0.03845936059951782,XArbitraryZVertical,0.4554390905909123,0.1394798036798883,0.1664277881576456,0.8633784525980599,0.08925227075815201,-0.832859218120575,-0.5462412238121033,0,0,0,-1,-1,3230.927795875,unknown,2,2026-04-24T18:20:16.323+02:00,null,0,0,0,0,0,0,0,null,798740465.4173255,0,0.8000002,101.5557,1,0.85
2026-04-24T18:21:07.827+02:00,1777047653.571205,53.56895416345577,9.882977505173033,38.55946,-1,-1,-1,-1,9.056828472500998,2.789105338997707,-9999,3282.410951875,0.173919677734375,-0.8355712890625,-0.51849365234375,3282.402140875,0.2843812812951895,0.1695773662088627,0.9847781811982849,0.131474107503891,-0.02966797165572643,-0.4902443885803223,0.06912475824356079,-0.02836179733276367,0.03570055961608887,XArbitraryZVertical,0.4557050320893474,0.140624855688235,0.1640591586224691,0.8635057636664381,0.09333557635545731,-0.8331494331359863,-0.5451151728630066,0,0,0,-1,-1,3230.927795875,unknown,2,2026-04-24T18:20:16.323+02:00,null,0,0,0,0,0,0,0,null,798740465.4173255,0,0.8000002,101.5557,1,0.85
2026-04-24T18:21:07.837+02:00,1777047653.571205,53.56895416345577,9.882977505173033,38.55946,-1,-1,-1,-1,9.056828472500998,2.789105338997707,-9999,3282.421027875,0.18792724609375,-0.8305816650390625,-0.5328216552734375,3282.412215875,0.2754251427132176,0.1767065065975836,0.9852537260890086,0.1316379010677338,-0.03572346642613411,-0.464825838804245,0.07676996290683746,-0.002158999443054199,0.02555227279663086,XArbitraryZVertical,0.4559643237955544,0.1416812999928795,0.1618192045583627,0.863618914645666,0.09714972972869873,-0.8334123492240906,-0.5440458655357361,0,0,0,-1,-1,3230.927795875,unknown,2,2026-04-24T18:20:16.323+02:00,null,0,0,0,0,0,0,0,null,798740465.4173255,0,0.8000002,101.5557,1,0.85
2026-04-24T18:21:07.847+02:00,1777047653.571205,53.56895416345577,9.882977505173033,38.55946,-1,-1,-1,-1,9.056828472500998,2.789105338997707,-9999,3282.431102875,0.1944122314453125,-0.8354034423828125,-0.5347442626953125,3282.422291875,0.2668143836831045,0.1834544814331328,0.9858012321100718,0.1437607705593109,-0.04791435226798058,-0.4464858770370483,0.08719184249639511,0.003132998943328857,0.01010757684707642,XArbitraryZVertical,0.4562736700276421,0.1426524388036475,0.1596438066838059,0.8637005481979511,0.1007354483008385,-0.8337147831916809,-0.5429292321205139,0,0,0,-1,-1,3230.927795875,unknown,2,2026-04-24T18:20:16.323+02:00,null,0,0,0,0,0,0,0,null,798740465.4173255,0,0.8000002,101.5557,1,0.85
2026-04-24T18:21:07.857+02:00,1777047653.571205,53.56895416345577,9.882977505173033,38.55946,-1,-1,-1,-1,9.056828472500998,2.789105338997707,-9999,3282.441177875,0.19769287109375,-0.83984375,-0.527496337890625,3282.432366875,0.2585800057001885,0.1897688686753273,0.9863729144992233,0.1279290765523911,-0.05558212473988533,-0.4196949899196625,0.0903405025601387,-0.001373112201690674,0.007069826126098633,XArbitraryZVertical,0.4566123273505641,0.1435205218046794,0.1575343706117208,0.8637650160373851,0.104071743786335,-0.8340303301811218,-0.5418140888214111,0,0,0,-1,-1,3230.927795875,unknown,2,2026-04-24T18:20:16.323+02:00,null,0,0,0,0,0,0,0,null,798740465.4173255,0,0.8000002,101.5557,1,0.85
2026-04-24T18:21:07.867+02:00,1777047653.571205,53.56895416345577,9.882977505173033,38.55946,-1,-1,-1,-1,9.056828472500998,2.789105338997707,-9999,3282.451252875,0.197723388671875,-0.8418426513671875,-0.5253143310546875,3282.442441875,0.2509401200886286,0.1955595798946056,0.9867881051624467,0.1165725067257881,-0.06003519520163536,-0.3847673535346985,0.09055272489786148,-0.005584418773651123,0.01336628198623657,XArbitraryZVertical,0.456890518596138,0.1442905412954201,0.1555621583188896,0.8638470344461558,0.1071401610970497,-0.8342593312263489,-0.5408625602722168,0,0,0,-1,-1,3230.927795875,unknown,2,2026-04-24T18:20:16.323+02:00,null,0,0,0,0,0,0,0,null,798740465.4173255,0,0.8000002,101.5557,1,0.85
2026-04-24T18:21:07.877+02:00,1777047653.571205,53.56895416345577,9.882977505173033,38.55946,-1,-1,-1,-1,9.056828472500998,2.789105338997707,-9999,3282.461327875,0.1928863525390625,-0.848358154296875,-0.5230865478515625,3282.452516875,0.2436836685228832,0.2009852334783328,0.9872403966366174,0.1221243962645531,-0.06465604901313782,-0.3759959638118744,0.08772563189268112,-0.007334053516387939,0.01458930969238281,XArbitraryZVertical,0.4571938024351666,0.1449897466388138,0.153674083936143,0.8639074869364298,0.1099977791309357,-0.8345086574554443,-0.5399035811424255,0,0,0,-1,-1,3230.927795875,unknown,2,2026-04-24T18:20:16.323+02:00,null,0,0,0,0,0,0,0,null,798740465.4173255,0,0.8000002,101.5557,1,0.85
2026-04-24T18:21:07.888+02:00,1777047653.571205,53.56895416345577,9.882977505173033,38.55946,-1,-1,-1,-1,9.056828472500998,2.789105338997707,-9999,3282.471402875,0.1828155517578125,-0.8453216552734375,-0.5196685791015625,3282.462591875,0.2367146517926342,0.2061568362735894,0.9876215907561654,0.1053928211331367,-0.05947939679026604,-0.3564209342002869,0.08016303926706314,-0.01363956928253174,0.01592957973480225,XArbitraryZVertical,0.4574719905753653,0.1456410322203328,0.1518524029673397,0.8639728125717114,0.1127233430743217,-0.8347185850143433,-0.5390161275863647,0,0,0,-1,-1,3230.927795875,unknown,2,2026-04-24T18:20:16.323+02:00,null,0,0,0,0,0,0,0,null,798740465.4173255,0,0.8000002,101.5557,1,0.85
2026-04-24T18:21:07.897+02:00,1777047653.571205,53.56895416345577,9.882977505173033,38.55946,-1,-1,-1,-1,9.056828472500998,2.789105338997707,-9999,3282.481477875,0.1688690185546875,-0.843536376953125,-0.51983642578125,3282.472666875,0.2301812863799499,0.2111408508724891,0.9880006228903417,0.1256698668003082,-0.03994617611169815,-0.3290100991725922,0.06747350096702576,-0.01039445400238037,0.01846963167190552,XArbitraryZVertical,0.4577384522695925,0.1463093045524044,0.1501772293436931,0.8640115490430658,0.1153420731425285,-0.8349272608757019,-0.538138210773468,0,0,0,-1,-1,3230.927795875,unknown,2,2026-04-24T18:20:16.323+02:00,null,0,0,0,0,0,0,0,null,798740465.4173255,0,0.8000002,101.5557,1,0.85
2026-04-24T18:21:07.908+02:00,1777047653.571205,53.56895416345577,9.882977505173033,38.55946,-1,-1,-1,-1,9.056828472500998,2.789105338997707,-9999,3282.491552875,0.1590728759765625,-0.847320556640625,-0.5051727294921875,3282.482741875,0.2238478330309135,0.2160370381292399,0.9888174246450093,0.1757231801748276,-0.04093633592128754,-0.3179250955581665,0.05103975534439087,-0.008159875869750977,0.01706427335739136,XArbitraryZVertical,0.4581947030127489,0.1469941144752853,0.1485786793750961,0.8639298305344754,0.1178292706608772,-0.835376501083374,-0.5369006991386414,0,0,0,-1,-1,3230.927795875,unknown,2,2026-04-24T18:20:16.323+02:00,null,0,0,0,0,0,0,0,null,798740465.4173255,0,0.8000002,101.5557,1,0.85
2026-04-24T18:21:07.918+02:00,1777047653.571205,53.56895416345577,9.882977505173033,38.55946,-1,-1,-1,-1,9.056828472500998,2.789105338997707,-9999,3282.501627875,0.161224365234375,-0.8355865478515625,-0.503326416015625,3282.492816875,0.2176893129975056,0.2208649765413284,0.9898562119956796,0.1683938950300217,-0.02290887013077736,-0.292104959487915,0.0388430655002594,-0.01137351989746094,0.03030586242675781,XArbitraryZVertical,0.4587461980713908,0.1476910298874873,0.1470479035280554,0.8637801965884558,0.1202298402786255,-0.8359470963478088,-0.5354785919189453,0,0,0,-1,-1,3230.927795875,unknown,2,2026-04-24T18:20:16.323+02:00,null,0,0,0,0,0,0,0,null,798740465.4173255,0,0.8000002,101.5557,1,0.85
2026-04-24T18:21:07.928+02:00,1777047653.571205,53.56895416345577,9.882977505173033,38.55946,-1,-1,-1,-1,9.056828472500998,2.789105338997707,-9999,3282.511702875,0.1790924072265625,-0.8322601318359375,-0.5081329345703125,3282.502891875,0.212207761229337,0.2252117104020207,0.9907110842931748,0.1288552731275558,-0.02341433614492416,-0.256810337305069,0.03882773965597153,0.0008293390274047852,0.03092777729034424,XArbitraryZVertical,0.459207760103794,0.1483278681556112,0.1456981285874882,0.8636545538236413,0.1223966553807259,-0.8364159464836121,-0.5342541337013245,0,0,0,-1,-1,3230.927795875,unknown,2,2026-04-24T18:20:16.323+02:00,null,0,0,0,0,0,0,0,null,798740465.4173255,0,0.8000002,101.5557,1,0.85
2026-04-24T18:21:07.938+02:00,1777047653.571205,53.56895416345577,9.882977505173033,38.55946,-1,-1,-1,-1,9.056828472500998,2.789105338997707,-9999,3282.521777875,0.1943817138671875,-0.8541717529296875,-0.513824462890625,3282.512966875,0.2073147577686301,0.2289785989058929,0.9910911120167635,0.0584852322936058,-0.04131370782852173,-0.2477097809314728,0.05475634336471558,0.004364013671875,0.02534675598144531,XArbitraryZVertical,0.4594643143233143,0.1488379675986428,0.1444598154359439,0.8636382930386466,0.1243360787630081,-0.8366241455078125,-0.533479630947113,0,0,0,-1,-1,3230.927795875,unknown,2,2026-04-24T18:20:16.323+02:00,null,0,0,0,0,0,0,0,null,798740465.4173255,0,0.8000002,101.5557,1,0.85
2026-04-24T18:21:07.948+02:00,1777047653.571205,53.56895416345577,9.882977505173033,38.55946,-1,-1,-1,-1,9.056828472500998,2.789105338997707,-9999,3282.531852875,0.19720458984375,-0.8661651611328125,-0.5162811279296875,3282.523041875,0.2027515296349951,0.2323480936165374,0.9907160161933699,-0.01456932257860899,-0.04526850208640099,-0.2490406930446625,0.0681765079498291,-0.01775318384170532,0.01953870058059692,XArbitraryZVertical,0.4593978345572543,0.1492382681961568,0.1432532918783415,0.8638056483918367,0.1262052208185196,-0.836418628692627,-0.5333631634712219,0,0,0,-1,-1,3230.927795875,unknown,2,2026-04-24T18:20:16.323+02:00,null,0,0,0,0,0,0,0,null,798740465.4173255,0,0.8000002,101.5557,1,0.85
2026-04-24T18:21:07.961+02:00,1777047653.571205,53.56895416345577,9.882977505173033,38.55946,-1,-1,-1,-1,9.056828472500998,2.789105338997707,-9999,3282.541927875,0.194488525390625,-0.8555755615234375,-0.518890380859375,3282.533116875,0.1984813168563222,0.2354937085153365,0.9898693337577443,-0.03142979368567467,-0.03900101780891418,-0.2416722476482391,0.06915710866451263,-0.03021091222763062,0.01737076044082642,XArbitraryZVertical,0.4591220465741501,0.1496028437267942,0.1421077884117056,0.8640783247261112,0.1280475109815598,-0.8359542489051819,-0.5336518883705139,0,0,0,-1,-1,3230.927795875,unknown,2,2026-04-24T18:20:16.323+02:00,null,0,0,0,0,0,0,0,null,798740465.4173255,0,0.8000002,101.5557,1,0.85
2026-04-24T18:21:07.968+02:00,1777047653.571205,53.56895416345577,9.882977505173033,38.55946,-1,-1,-1,-1,9.056828472500998,2.789105338997707,-9999,3282.552003875,0.1916046142578125,-0.8315582275390625,-0.5189666748046875,3282.543191875,0.1944106508106913,0.2385070026383192,0.9891694868702812,0.006921322084963322,-0.04013419151306152,-0.2218932211399078,0.06469535827636719,-0.02000552415847778,0.01494163274765015,XArbitraryZVertical,0.4589073648637139,0.1499601934746758,0.141020388877552,0.864308537334032,0.1297931671142578,-0.8355699777603149,-0.5338319540023804,0,0,0,-1,-1,3230.927795875,unknown,2,2026-04-24T18:20:16.323+02:00,null,0,0,0,0,0,0,0,null,798740465.4173255,0,0.8000002,101.5557,1,0.85
2026-04-24T18:21:07.978+02:00,1777047653.571205,53.56895416345577,9.882977505173033,38.55946,-1,-1,-1,-1,9.056828472500998,2.789105338997707,-9999,3282.562078875,0.1911773681640625,-0.8133087158203125,-0.5104522705078125,3282.553267875,0.1905099354399568,0.2413909118811924,0.9890776404537482,0.07801467180252075,-0.03310025110840797,-0.19692662358284,0.06025415658950806,0.003961265087127686,0.01456332206726074,XArbitraryZVertical,0.4589573664262808,0.1503101949485441,0.1399936138762889,0.8643881294570803,0.131350502371788,-0.835519552230835,-0.5335299372673035,0,0,0,-1,-1,3230.927795875,unknown,2,2026-04-24T18:20:16.323+02:00,null,0,0,0,0,0,0,0,null,798740465.4173255,0,0.8000002,101.5557,1,0.85
2026-04-24T18:21:07.988+02:00,1777047653.571205,53.56895416345577,9.882977505173033,38.55946,-1,-1,-1,-1,9.056828472500998,2.789105338997707,-9999,3282.572153875,0.1905975341796875,-0.8182373046875,-0.5028228759765625,3282.563342875,0.1867390458909272,0.244211402293589,0.9896768883051341,0.1247693970799446,-0.02959313802421093,-0.1748053431510925,0.05844369530677795,0.02253991365432739,0.02221912145614624,XArbitraryZVertical,0.4593066183646089,0.150670980740649,0.1390299494048094,0.8642952849453641,0.1327336877584457,-0.8358486294746399,-0.5326713919639587,0,0,0,-1,-1,3230.927795875,unknown,2,2026-04-24T18:20:16.323+02:00,null,0,0,0,0,0,0,0,null,798740465.4173255,0,0.8000002,101.5557,1,0.85
2026-04-24T18:21:07.998+02:00,1777047653.571205,53.56895416345577,9.882977505173033,38.55946,-1,-1,-1,-1,9.056828472500998,2.789105338997707,-9999,3282.582228875,0.184814453125,-0.8344268798828125,-0.50360107421875,3282.573417875,0.1832751715059122,0.2467783529992922,0.9904771862438388,0.1138046234846115,-0.02865464054048061,-0.1528891175985336,0.05666035413742065,0.01805037260055542,0.02885735034942627,XArbitraryZVertical,0.4597400068169928,0.1509933813030181,0.1381484061968203,0.864150072792725,0.1339371800422668,-0.8362877368927002,-0.5316802263259888,0,0,0,-1,-1,3230.927795875,unknown,2,2026-04-24T18:20:16.323+02:00,null,0,0,0,0,0,0,0,null,798740465.4173255,0,0.8000002,101.5557,1,0.85
2026-04-24T18:21:08.008+02:00,1777047653.571205,53.56895416345577,9.882977505173033,38.55946,-1,-1,-1,-1,9.056828472500998,2.789105338997707,-9999,3282.592303875,0.181549072265625,-0.8565826416015625,-0.5008392333984375,3282.583492875,0.1803055211218764,0.2489877258901952,0.9910427717531807,0.07275546342134476,-0.02480530552566051,-0.1377602368593216,0.04981951415538788,0.002170681953430176,0.02732342481613159,XArbitraryZVertical,0.4600595962846564,0.151270930689826,0.1373919334513535,0.8640520460656742,0.1349949538707733,-0.8365976810455322,-0.5309245586395264,0,0,0,-1,-1,3230.927795875,unknown,2,2026-04-24T18:20:16.323+02:00,null,0,0,0,0,0,0,0,null,798740465.4173255,0,0.8000002,101.5557,1,0.85
2026-04-24T18:21:08.018+02:00,1777047653.571205,53.56895416345577,9.882977505173033,38.55946,-1,-1,-1,-1,9.056828472500998,2.789105338997707,-9999,3282.602378875,0.1817169189453125,-0.8637847900390625,-0.4979400634765625,3282.593567875,0.1777224326987977,0.2509575293202719,0.9911728785023,0.02180040255188942,-0.01472790539264679,-0.1305497288703918,0.04553563892841339,-0.01991367340087891,0.02971285581588745,XArbitraryZVertical,0.4601770773679733,0.1515289266102859,0.1367335288293942,0.86404866665239,0.136013463139534,-0.8366689682006836,-0.530552089214325,0,0,0,-1,-1,3230.927795875,unknown,2,2026-04-24T18:20:16.323+02:00,null,0,0,0,0,0,0,0,null,798740465.4173255,0,0.8000002,101.5557,1,0.85
2026-04-24T18:21:08.028+02:00,1777047653.571205,53.56895416345577,9.882977505173033,38.55946,-1,-1,-1,-1,9.056828472500998,2.789105338997707,-9999,3282.612453875,0.1851654052734375,-0.8532257080078125,-0.5008087158203125,3282.603642875,0.1755447801849637,0.252628135387458,0.9908952391530635,-0.0114427711814642,-0.01400219276547432,-0.1111350283026695,0.04475925862789154,-0.0272679328918457,0.03260892629623413,XArbitraryZVertical,0.4601068242734601,0.1517472784733545,0.1361675601946269,0.8641370838903176,0.136957660317421,-0.8365168571472168,-0.5305489301681519,0,0,0,-1,-1,3230.927795875,unknown,2,2026-04-24T18:20:16.323+02:00,null,0,0,0,0,0,0,0,null,798740465.4173255,0,0.8000002,101.5557,1,0.85
2026-04-24T18:21:08.038+02:00,1777047653.571205,53.56895416345577,9.882977505173033,38.55946,-1,-1,-1,-1,9.056828472500998,2.789105338997707,-9999,3282.622528875,0.188568115234375,-0.840484619140625,-0.50341796875,3282.613717875,0.1737604879807828,0.2540174907990804,0.9904183954584632,-0.03051936626434326,-0.008355759084224701,-0.09949268400669098,0.0473705530166626,-0.01697015762329102,0.02993541955947876,XArbitraryZVertical,0.4599393543054066,0.1519333462514482,0.1356995633469402,0.8642670928613392,0.1377948373556137,-0.8362554907798767,-0.5307440757751465,0,0,0,-1,-1,3230.927795875,unknown,2,2026-04-24T18:20:16.323+02:00,null,0,0,0,0,0,0,0,null,798740468.0133415,0,0.8200002,101.5552,1,0.85
2026-04-24T18:21:08.048+02:00,1777047653.571205,53.56895416345577,9.882977505173033,38.55946,-1,-1,-1,-1,9.056828472500998,2.789105338997707,-9999,3282.632603875,0.1906890869140625,-0.835723876953125,-0.506256103515625,3282.623792875,0.172308139126877,0.2551538180124011,0.9898658791847963,-0.03394658863544464,-0.01082743890583515,-0.08274326473474503,0.05005364120006561,-0.004532277584075928,0.02761638164520264,XArbitraryZVertical,0.459731034627753,0.1520862465443745,0.1353136357750387,0.8644116173828865,0.1385144740343094,-0.8359524011611938,-0.5310342907905579,0,0,0,-1,-1,3230.927795875,unknown,2,2026-04-24T18:20:16.323+02:00,null,0,0,0,0,0,0,0,null,798740468.0133415,0,0.8200002,101.5552,1,0.85
2026-04-24T18:21:08.058+02:00,1777047653.571205,53.56895416345577,9.882977505173033,38.55946,-1,-1,-1,-1,9.056828472500998,2.789105338997707,-9999,3282.642678875,0.1846923828125,-0.84271240234375,-0.5130615234375,3282.633867875,0.1710420115757597,0.2561339097943188,0.9894274303330393,-0.01535127963870764,-0.008393842726945877,-0.0744013786315918,0.0515613853931427,-1.215934753417969e-05,0.02499669790267944,XArbitraryZVertical,0.4595693602139923,0.1522157155783766,0.1349759822433628,0.8645275509567217,0.1391277015209198,-0.835711658000946,-0.5312527418136597,0,0,0,-1,-1,3230.927795875,unknown,2,2026-04-24T18:20:16.323+02:00,null,0,0,0,0,0,0,0,null,798740468.0133415,0,0.8200002,101.5552,1,0.85
2026-04-24T18:21:08.068+02:00,1777047653.571205,53.56895416345577,9.882977505173033,38.55946,-1,-1,-1,-1,9.056828472500998,2.789105338997707,-9999,3282.652753875,0.173065185546875,-0.844329833984375,-0.5169677734375,3282.643942875,0.1698062525410238,0.2571283133378829,0.9891818736688485,-0.0003304119454696774,0.0003921929746866226,-0.0660480409860611,0.04498426616191864,-0.007135629653930664,0.01825118064880371,XArbitraryZVertical,0.459488955123252,0.1523599264367035,0.1346613791268091,0.8645940198831699,0.1397081315517426,-0.8355767726898193,-0.5313127040863037,0,0,0,-1,-1,3230.927795875,unknown,2,2026-04-24T18:20:16.323+02:00,null,0,0,0,0,0,0,0,null,798740468.0133415,0,0.8200002,101.5552,1,0.85
2026-04-24T18:21:08.079+02:00,1777047653.571205,53.56895416345577,9.882977505173033,38.55946,-1,-1,-1,-1,9.056828472500998,2.789105338997707,-9999,3282.662828875,0.165924072265625,-0.8414306640625,-0.5175323486328125,3282.654017875,0.1686833763680236,0.2581323580606031,0.989105585026035,0.01791943237185478,0.01083684433251619,-0.05787559598684311,0.03280739486217499,-0.008794963359832764,0.01426601409912109,XArbitraryZVertical,0.4594736345821775,0.152535509671352,0.1344038488546145,0.8646112734914598,0.1402577906847,-0.8355348706245422,-0.5312337875366211,0,0,0,-1,-1,3230.927795875,unknown,2,2026-04-24T18:20:16.323+02:00,null,0,0,0,0,0,0,0,null,798740468.0133415,0,0.8200002,101.5552,1,0.85
2026-04-24T18:21:08.089+02:00,1777047653.571205,53.56895416345577,9.882977505173033,38.55946,-1,-1,-1,-1,9.056828472500998,2.789105338997707,-9999,3282.672903875,0.159271240234375,-0.847198486328125,-0.5118255615234375,3282.664092875,0.167614198571121,0.2591397130924331,0.989286628829641,0.04371955245733261,0.01164005324244499,-0.05012519657611847,0.02516999840736389,-0.005796313285827637,0.01341360807418823,XArbitraryZVertical,0.4595668232828701,0.1527264623424117,0.1341797835770097,0.8645627782439773,0.1407540738582611,-0.8356343507766724,-0.530945897102356,0,0,0,-1,-1,3230.927795875,unknown,2,2026-04-24T18:20:16.323+02:00,null,0,0,0,0,0,0,0,null,798740468.0133415,0,0.8200002,101.5552,1,0.85
2026-04-24T18:21:08.120+02:00,1777047653.571205,53.56895416345577,9.882977505173033,38.55946,-1,-1,-1,-1,9.056828472500998,2.789105338997707,-9999,3282.682979875,0.152984619140625,-0.8578948974609375,-0.500213623046875,3282.674167875,0.1666396172980834,0.2601198750970015,0.9895902344281331,0.03758895397186279,0.01899916678667068,-0.03812605887651443,0.01806208491325378,-0.01139742136001587,0.0187370777130127,XArbitraryZVertical,0.4597083418109895,0.1529279130674818,0.1339950194043762,0.8644806332158741,0.1412091851234436,-0.8358010649681091,-0.5305625796318054,0,0,0,-1,-1,3230.927795875,unknown,2,2026-04-24T18:20:16.323+02:00,null,0,0,0,0,0,0,0,null,798740468.0133415,0,0.8200002,101.5552,1,0.85
2026-04-24T18:21:08.124+02:00,1777047653.571205,53.56895416345577,9.882977505173033,38.55946,-1,-1,-1,-1,9.056828472500998,2.789105338997707,-9999,3282.693054875,0.154022216796875,-0.857879638671875,-0.497589111328125,3282.684243875,0.1659549056817393,0.2609236777296965,0.9897207744767236,-0.0006634136661887169,0.02853195182979107,-0.03152235224843025,0.01137717068195343,-0.02202218770980835,0.03012990951538086,XArbitraryZVertical,0.4597639961974687,0.1531186671438929,0.1338887222820006,0.864433730097545,0.1416074484586716,-0.8358727097511292,-0.5303434729576111,0,0,0,-1,-1,3230.927795875,unknown,2,2026-04-24T18:20:16.323+02:00,null,0,0,0,0,0,0,0,null,798740468.0133415,0,0.8200002,101.5552,1,0.85
2026-04-24T18:21:08.126+02:00,1777047653.571205,53.56895416345577,9.882977505173033,38.55946,-1,-1,-1,-1,9.056828472500998,2.789105338997707,-9999,3282.703129875,0.1584930419921875,-0.8519439697265625,-0.5086669921875,3282.694318875,0.1655959534366433,0.2615085426472385,0.9894288448509284,-0.04219940304756165,0.02682592906057835,-0.02057835832238197,0.01204156875610352,-0.02216720581054688,0.03290712833404541,XArbitraryZVertical,0.4596246945755737,0.1532874234321172,0.1338570346500857,0.8644827668031083,0.1419806778430939,-0.8357124328613281,-0.5304962396621704,0,0,0,-1,-1,3230.927795875,unknown,2,2026-04-24T18:20:16.323+02:00,null,0,0,0,0,0,0,0,null,798740468.0133415,0,0.8200002,101.5552,1,0.85
2026-04-24T18:21:08.129+02:00,1777047653.571205,53.56895416345577,9.882977505173033,38.55946,-1,-1,-1,-1,9.056828472500998,2.789105338997707,-9999,3282.713204875,0.164764404296875,-0.848968505859375,-0.5223541259765625,3282.704393875,0.1655372137764752,0.261807117530957,0.9888966455798384,-0.05778837949037552,0.02302906103432178,-0.01646417379379272,0.01623889803886414,-0.01652389764785767,0.02221637964248657,XArbitraryZVertical,0.4593764521827162,0.1534002214204758,0.1338801562954273,0.8645910945607117,0.1422541439533234,-0.8354200720787048,-0.5308833122253418,0,0,0,-1,-1,3230.927795875,unknown,2,2026-04-24T18:20:16.323+02:00,null,0,0,0,0,0,0,0,null,798740468.0133415,0,0.8200002,101.5552,1,0.85
2026-04-24T18:21:08.139+02:00,1777047653.571205,53.56895416345577,9.882977505173033,38.55946,-1,-1,-1,-1,9.056828472500998,2.789105338997707,-9999,3282.723279875,0.1636810302734375,-0.840667724609375,-0.528839111328125,3282.714468875,0.1654988340719258,0.2620809556379128,0.9882882782156153,-0.05386554449796677,0.02019385993480682,-0.01905436441302299,0.02223324775695801,-0.01388293504714966,0.008980989456176758,XArbitraryZVertical,0.4590949280316726,0.1535066288142496,0.1339034137143877,0.8647181423347547,0.1425311714410782,-0.8350855708122253,-0.5313351154327393,0,0,0,-1,-1,3230.927795875,unknown,2,2026-04-24T18:20:16.323+02:00,null,0,0,0,0,0,0,0,null,798740468.0133415,0,0.8200002,101.5552,1,0.85
2026-04-24T18:21:08.150+02:00,1777047653.571205,53.56895416345577,9.882977505173033,38.55946,-1,-1,-1,-1,9.056828472500998,2.789105338997707,-9999,3282.733354875,0.1560821533203125,-0.830596923828125,-0.53302001953125,3282.724543875,0.1653122315337613,0.2624388215390218,0.9877935547209614,-0.03740150853991508,0.0209541916847229,-0.02117617055773735,0.02085253596305847,-0.005854487419128418,0.002844035625457764,XArbitraryZVertical,0.4588687970000132,0.1536159587391552,0.1338860501875357,0.864821521579336,0.1428285092115402,-0.8348132967948914,-0.5316831469535828,0,0,0,-1,-1,3230.927795875,unknown,2,2026-04-24T18:20:16.323+02:00,null,0,0,0,0,0,0,0,null,798740468.0133415,0,0.8200002,101.5552,1,0.85
2026-04-24T18:21:08.159+02:00,1777047653.571205,53.56895416345577,9.882977505173033,38.55946,-1,-1,-1,-1,9.056828472500998,2.789105338997707,-9999,3282.743429875,0.146270751953125,-0.8258514404296875,-0.533538818359375,3282.734618875,0.1651009944574581,0.2629301814433467,0.9875365207058093,-0.004480309784412384,0.04076677933335304,-0.01616543345153332,0.01293665170669556,0.004074692726135254,-0.001199960708618164,XArbitraryZVertical,0.4587396574931194,0.1537786606855809,0.133897630190237,0.864859346265564,0.1431455165147781,-0.8346717357635498,-0.5318201184272766,0,0,0,-1,-1,3230.927795875,unknown,2,2026-04-24T18:20:16.323+02:00,null,0,0,0,0,0,0,0,null,798740468.0133415,0,0.8200002,101.5552,1,0.85
2026-04-24T18:21:08.170+02:00,1777047653.571205,53.56895416345577,9.882977505173033,38.55946,-1,-1,-1,-1,9.056828472500998,2.789105338997707,-9999,3282.753504875,0.13800048828125,-0.82684326171875,-0.5308074951171875,3282.744693875,0.1648411211359335,0.2636222395637345,0.9875400858179254,0.009195289574563503,0.05353903397917747,-0.0110861212015152,0.002758041024208069,0.008822262287139893,-0.001820921897888184,XArbitraryZVertical,0.4587149467950846,0.1540183719896659,0.1339441688103019,0.8648224790041634,0.1435127109289169,-0.8346737027168274,-0.5317178964614868,0,0,0,-1,-1,3230.927795875,unknown,2,2026-04-24T18:20:16.323+02:00,null,0,0,0,0,0,0,0,null,798740468.0133415,0,0.8200002,101.5552,1,0.85
2026-04-24T18:21:08.180+02:00,1777047653.571205,53.56895416345577,9.882977505173033,38.55946,-1,-1,-1,-1,9.056828472500998,2.789105338997707,-9999,3282.763579875,0.1379852294921875,-0.83148193359375,-0.525177001953125,3282.754768875,0.164663128462039,0.2642830186112082,0.9875899451902801,0.002979737240821123,0.04709791019558907,-0.004690539091825485,-0.005852639675140381,0.007857918739318848,0.0007752180099487305,XArbitraryZVertical,0.4587062401079013,0.154263523595239,0.1340206894815937,0.8647715055040552,0.1438531428575516,-0.8347011804580688,-0.5315827131271362,0,0,0,-1,-1,3230.927795875,unknown,2,2026-04-24T18:20:16.323+02:00,null,0,0,0,0,0,0,0,null,798740468.0133415,0,0.8200002,101.5552,1,0.85
2026-04-24T18:21:08.190+02:00,1777047653.571205,53.56895416345577,9.882977505173033,38.55946,-1,-1,-1,-1,9.056828472500998,2.789105338997707,-9999,3282.773654875,0.1420440673828125,-0.8399658203125,-0.5185546875,3282.764843875,0.1646813687395741,0.2647065208471809,0.9875831965604813,-0.01002059038728476,0.03815741464495659,0.005271747708320618,-0.006094470620155334,0.003215610980987549,0.006350219249725342,XArbitraryZVertical,0.4586735160393523,0.1544508020053547,0.1341254601870378,0.8647391502145528,0.144079715013504,-0.8346974849700928,-0.5315271019935608,0,0,0,-1,-1,3230.927795875,unknown,2,2026-04-24T18:20:16.323+02:00,null,0,0,0,0,0,0,0,null,798740468.0133415,0,0.8200002,101.5552,1,0.85
2026-04-24T18:21:08.200+02:00,1777047653.571205,53.56895416345577,9.882977505173033,38.55946,-1,-1,-1,-1,9.056828472500998,2.789105338997707,-9999,3282.783729875,0.14495849609375,-0.84039306640625,-0.5106964111328125,3282.774918875,0.1648457510021509,0.2648750871560215,0.9874014056435141,-0.03021533973515034,0.02306421473622322,0.003997691441327333,-0.002164945006370544,-0.005368471145629883,0.01309460401535034,XArbitraryZVertical,0.4585699576964263,0.1545605122228172,0.134228164945826,0.8647585542290612,0.1442090421915054,-0.8345973491668701,-0.5316492915153503,0,0,0,-1,-1,3230.927795875,unknown,2,2026-04-24T18:20:16.323+02:00,null,0,0,0,0,0,0,0,null,798740468.0133415,0,0.8200002,101.5552,1,0.85
2026-04-24T18:21:08.210+02:00,1777047653.571205,53.56895416345577,9.882977505173033,38.55946,-1,-1,-1,-1,9.056828472500998,2.789105338997707,-9999,3282.793804875,0.150665283203125,-0.837890625,-0.514251708984375,3282.784993875,0.1651248320150474,0.2648267461355446,0.9870933309385534,-0.038894422352314,0.01575357094407082,0.004168866202235222,0.0007078200578689575,-0.005965530872344971,0.02120816707611084,XArbitraryZVertical,0.45841675545267,0.1546020701320386,0.1343258190243515,0.8648173092628634,0.144250676035881,-0.8344275951385498,-0.5319045782089233,0,0,0,-1,-1,3230.927795875,unknown,2,2026-04-24T18:20:16.323+02:00,null,0,0,0,0,0,0,0,null,798740468.0133415,0,0.8200002,101.5552,1,0.85
2026-04-24T18:21:08.220+02:00,1777047653.571205,53.56895416345577,9.882977505173033,38.55946,-1,-1,-1,-1,9.056828472500998,2.789105338997707,-9999,3282.803879875,0.1504974365234375,-0.8313140869140625,-0.5298004150390625,3282.795068875,0.1653716071207774,0.2647808164404877,0.9866446013031345,-0.05379614233970642,0.01639566011726856,-0.0009888780768960714,0.006341055035591125,-0.003710508346557617,0.0180208683013916,XArbitraryZVertical,0.458204396055186,0.1546365714318046,0.1344047002059335,0.8649114296031645,0.1443242281675339,-0.8341801762580872,-0.5322725176811218,0,0,0,-1,-1,3230.927795875,unknown,2,2026-04-24T18:20:16.323+02:00,null,0,0,0,0,0,0,0,null,798740468.0133415,0,0.8200002,101.5552,1,0.85
2026-04-24T18:21:08.230+02:00,1777047653.571205,53.56895416345577,9.882977505173033,38.55946,-1,-1,-1,-1,9.056828472500998,2.789105338997707,-9999,3282.813955875,0.149627685546875,-0.828125,-0.5406036376953125,3282.805143875,0.1655555631259018,0.2647611822220661,0.9860635225385602,-0.06327193230390549,0.008202711120247841,-0.006652489770203829,0.006056860089302063,0.002545475959777832,0.002942681312561035,XArbitraryZVertical,0.4579371918387198,0.1546673491233628,0.1344573704925441,0.8650392296589479,0.1444405913352966,-0.8338596224784851,-0.5327430963516235,0,0,0,-1,-1,3230.927795875,unknown,2,2026-04-24T18:20:16.323+02:00,null,0,0,0,0,0,0,0,null,798740468.0133415,0,0.8200002,101.5552,1,0.85
2026-04-24T18:21:08.240+02:00,1777047653.571205,53.56895416345577,9.882977505173033,38.55946,-1,-1,-1,-1,9.056828472500998,2.789105338997707,-9999,3282.824030875,0.1464385986328125,-0.828887939453125,-0.5478668212890625,3282.815219875,0.1657023914174967,0.2646847608230195,0.9854205968523216,-0.06381708383560181,0.0003125644288957119,-0.01180038042366505,0.005087614059448242,0.005379438400268555,-0.007332146167755127,XArbitraryZVertical,0.4576495266255232,0.1546646706127555,0.1344785981752125,0.8651886727137498,0.1445401012897491,-0.8335045576095581,-0.5332714915275574,0,0,0,-1,-1,3230.927795875,unknown,2,2026-04-24T18:20:16.323+02:00,null,0,0,0,0,0,0,0,null,798740468.0133415,0,0.8200002,101.5552,1,0.85
2026-04-24T18:21:08.250+02:00,1777047653.571205,53.56895416345577,9.882977505173033,38.55946,-1,-1,-1,-1,9.056828472500998,2.789105338997707,-9999,3282.834105875,0.139373779296875,-0.824066162109375,-0.545745849609375,3282.825294875,0.1657600280621924,0.2646397584190902,0.9848277546546889,-0.05265001952648163,-0.0006285966373980045,-0.0102400342002511,0.00179329514503479,0.004288852214813232,-0.01411199569702148,XArbitraryZVertical,0.4573885574655328,0.154655391070292,0.134470398741915,0.8653295899484463,0.1446453332901001,-0.833176851272583,-0.533754825592041,0,0,0,-1,-1,3230.927795875,unknown,2,2026-04-24T18:20:16.323+02:00,null,0,0,0,0,0,0,0,null,798740468.0133415,0,0.8200002,101.5552,1,0.85
2026-04-24T18:21:08.260+02:00,1777047653.571205,53.56895416345577,9.882977505173033,38.55946,-1,-1,-1,-1,9.056828472500998,2.789105338997707,-9999,3282.844180875,0.1351318359375,-0.8152313232421875,-0.5421295166015625,3282.835369875,0.1658630032789938,0.2645203726752541,0.9844270395000632,-0.03030823171138763,-0.00528247095644474,0.00138999056071043,-0.005295053124427795,0.008889079093933105,-0.01165163516998291,XArbitraryZVertical,0.45721324653972,0.1546252768507429,0.1344722691196076,0.865427201910958,0.1446688324213028,-0.8329551815986633,-0.5340941548347473,0,0,0,-1,-1,3230.927795875,unknown,2,2026-04-24T18:20:16.323+02:00,null,0,0,0,0,0,0,0,null,798740468.0133415,0,0.8200002,101.5552,1,0.85
2026-04-24T18:21:08.270+02:00,1777047653.571205,53.56895416345577,9.882977505173033,38.55946,-1,-1,-1,-1,9.056828472500998,2.789105338997707,-9999,3282.854255875,0.1389312744140625,-0.8162078857421875,-0.53948974609375,3282.845444875,0.1661153169017651,0.2642455357215295,0.9842394719094192,-0.01316109579056501,-0.007561870850622654,0.01207559183239937,-0.009431019425392151,0.0176200270652771,-0.007844686508178711,XArbitraryZVertical,0.4571300287181583,0.1545630182870222,0.1345113750213758,0.8654763017190455,0.1445628851652145,-0.8328514099121094,-0.5342848300933838,0,0,0,-1,-1,3230.927795875,unknown,2,2026-04-24T18:20:16.323+02:00,null,0,0,0,0,0,0,0,null,798740468.0133415,0,0.8200002,101.5552,1,0.85
2026-04-24T18:21:08.280+02:00,1777047653.571205,53.56895416345577,9.882977505173033,38.55946,-1,-1,-1,-1,9.056828472500998,2.789105338997707,-9999,3282.864330875,0.1439971923828125,-0.8267669677734375,-0.5335845947265625,3282.855519875,0.1663504276789609,0.2639167159307003,0.9843017716526021,-0.001236259588040411,-0.01691436022520065,0.01122950576245785,-0.005442380905151367,0.0166778564453125,-0.005207479000091553,XArbitraryZVertical,0.4571612317080556,0.1544747772621189,0.1345403286722048,0.8654711217236882,0.1443736702203751,-0.8328858613967896,-0.5342823266983032,0,0,0,-1,-1,3230.927795875,unknown,2,2026-04-24T18:20:16.323+02:00,null,0,0,0,0,0,0,0,null,798740468.0133415,0,0.8200002,101.5552,1,0.85
2026-04-24T18:21:08.290+02:00,1777047653.571205,53.56895416345577,9.882977505173033,38.55946,-1,-1,-1,-1,9.056828472500998,2.789105338997707,-9999,3282.874405875,0.1423797607421875,-0.838134765625,-0.5270538330078125,3282.865594875,0.1664431746830284,0.263658775264553,0.9843785804382361,-0.0130847692489624,-0.02076822146773338,0.003858208190649748,-0.000221937894821167,0.006161391735076904,0.0006730556488037109,XArbitraryZVertical,0.4572051057506376,0.1543847957972299,0.1345244716863931,0.8654663885730278,0.1442191600799561,-0.8329283595085144,-0.5342576503753662,0,0,0,-1,-1,3230.927795875,unknown,2,2026-04-24T18:20:16.323+02:00,null,0,0,0,0,0,0,0,null,798740468.0133415,0,0.8200002,101.5552,1,0.85
2026-04-24T18:21:08.300+02:00,1777047653.571205,53.56895416345577,9.882977505173033,38.55946,-1,-1,-1,-1,9.056828472500998,2.789105338997707,-9999,3282.884480875,0.1385498046875,-0.83868408203125,-0.5223236083984375,3282.875669875,0.1664449238542432,0.2634677446794492,0.9842330136457655,-0.03136337548494339,-0.01826085522770882,-0.003488920629024506,-0.001768887042999268,-0.005286991596221924,0.007348418235778809,XArbitraryZVertical,0.4571540694077058,0.1543017436981264,0.1344759933984595,0.8655156973670602,0.144148662686348,-0.8328478336334229,-0.5344022512435913,0,0,0,-1,-1,3230.927795875,unknown,2,2026-04-24T18:20:16.323+02:00,null,0,0,0,0,0,0,0,null,798740468.0133415,0,0.8200002,101.5552,1,0.85
2026-04-24T18:21:08.311+02:00,1777047653.571205,53.56895416345577,9.882977505173033,38.55946,-1,-1,-1,-1,9.056828472500998,2.789105338997707,-9999,3282.894555875,0.1312255859375,-0.8335418701171875,-0.5278778076171875,3282.885744875,0.1664984273837375,0.2632715750328528,0.9838846691422332,-0.03963302448391914,-0.01708213798701763,-0.00226832740008831,-0.005569502711296082,-0.006029129028320312,0.01238703727722168,XArbitraryZVertical,0.457010578382321,0.1542271875832334,0.1344410112085516,0.8656101918620706,0.1441193222999573,-0.8326549530029297,-0.5347105860710144,0,0,0,-1,-1,3230.927795875,unknown,2,2026-04-24T18:20:16.323+02:00,null,0,0,0,0,0,0,0,null,798740468.0133415,0,0.8200002,101.5552,1,0.85
2026-04-24T18:21:08.321+02:00,1777047653.571205,53.56895416345577,9.882977505173033,38.55946,-1,-1,-1,-1,9.056828472500998,2.789105338997707,-9999,3282.904630875,0.1312713623046875,-0.8317108154296875,-0.5318603515625,3282.895819875,0.1667127229807039,0.2629235087669121,0.9834288697466788,-0.04353828355669975,-0.01906539313495159,0.001629741513170302,-0.012806236743927,-0.001139461994171143,0.007249414920806885,XArbitraryZVertical,0.4568178018100653,0.1541229767651929,0.1344368551153005,0.8657311762415215,0.1440318375825882,-0.8324024677276611,-0.5351272225379944,0,0,0,-1,-1,3230.927795875,unknown,2,2026-04-24T18:20:16.323+02:00,null,0,0,0,0,0,0,0,null,798740468.0133415,0,0.8200002,101.5552,1,0.85
2026-04-24T18:21:08.331+02:00,1777047653.571205,53.56895416345577,9.882977505173033,38.55946,-1,-1,-1,-1,9.056828472500998,2.789105338997707,-9999,3282.914705875,0.1317901611328125,-0.8362884521484375,-0.530975341796875,3282.905894875,0.1669474252142355,0.2625499411984502,0.9829635833786846,-0.0419694148004055,-0.0161681417375803,-0.0002698913449421525,-0.01266105473041534,0.0004336237907409668,0.003694653511047363,XArbitraryZVertical,0.4566209927439727,0.1540122395285986,0.1344354348794408,0.8658549558079902,0.143932431936264,-0.8321444988250732,-0.5355550050735474,0,0,0,-1,-1,3230.927795875,unknown,2,2026-04-24T18:20:16.323+02:00,null,0,0,0,0,0,0,0,null,798740468.0133415,0,0.8200002,101.5552,1,0.85
2026-04-24T18:21:08.341+02:00,1777047653.571205,53.56895416345577,9.882977505173033,38.55946,-1,-1,-1,-1,9.056828472500998,2.789105338997707,-9999,3282.924780875,0.131927490234375,-0.8321075439453125,-0.5326690673828125,3282.915969875,0.1671722781978124,0.2621639715438988,0.982480287253514,-0.04095794633030891,-0.01820386201143265,-0.002776192268356681,-0.01203973591327667,-0.00441211462020874,0.005023479461669922,XArbitraryZVertical,0.4564179325732919,0.1538937156691523,0.1344263703374493,0.8659844265704763,0.1438299119472504,-0.8318763971328735,-0.5359987616539001,0,0,0,-1,-1,3230.927795875,unknown,2,2026-04-24T18:20:16.323+02:00,null,0,0,0,0,0,0,0,null,798740468.0133415,0,0.8200002,101.5552,1,0.85
2026-04-24T18:21:08.351+02:00,1777047653.571205,53.56895416345577,9.882977505173033,38.55946,-1,-1,-1,-1,9.056828472500998,2.789105338997707,-9999,3282.934856875,0.1304779052734375,-0.8277587890625,-0.5309906005859375,3282.926044875,0.1673377650652332,0.2618229476017659,0.982041615421769,-0.03578677773475647,-0.01743261143565178,-0.006220857612788677,-0.01181404292583466,-0.0004746913909912109,0.003731131553649902,XArbitraryZVertical,0.4562359169624872,0.1537812537657631,0.1344036153952403,0.8661038317377004,0.1437415480613708,-0.8316328525543213,-0.5364001989364624,0,0,0,-1,-1,3230.927795875,unknown,2,2026-04-24T18:20:16.323+02:00,null,0,0,0,0,0,0,0,null,798740468.0133415,0,0.8200002,101.5552,1,0.85
2026-04-24T18:21:08.361+02:00,1777047653.571205,53.56895416345577,9.882977505173033,38.55946,-1,-1,-1,-1,9.056828472500998,2.789105338997707,-9999,3282.944931875,0.129180908203125,-0.8241424560546875,-0.531829833984375,3282.936120875,0.1674327058154376,0.2615737496568816,0.9816677427409066,-0.02955791167914867,-0.01615269482135773,-0.004080741200596094,-0.01321035623550415,0.003666400909423828,0.00574570894241333,XArbitraryZVertical,0.456081558413695,0.1536927987478503,0.1343737845251844,0.8662054020733504,0.1436882615089417,-0.8314251899719238,-0.5367362499237061,0,0,0,-1,-1,3230.927795875,unknown,2,2026-04-24T18:20:16.323+02:00,null,0,0,0,0,0,0,0,null,798740468.0133415,0,0.8200002,101.5552,1,0.85
2026-04-24T18:21:08.371+02:00,1777047653.571205,53.56895416345577,9.882977505173033,38.55946,-1,-1,-1,-1,9.056828472500998,2.789105338997707,-9999,3282.955006875,0.1297607421875,-0.826873779296875,-0.5263214111328125,3282.946195875,0.1674085612564238,0.2614346808132419,0.9813866637710995,-0.02389485947787762,-0.01274118665605783,-0.01183679886162281,-0.01449307799339294,0.007126510143280029,0.005152225494384766,XArbitraryZVertical,0.4559695541740215,0.1536253815174594,0.1343209949300692,0.8662845351832201,0.1436740159988403,-0.8312689661979675,-0.536981999874115,0,0,0,-1,-1,3230.927795875,unknown,2,2026-04-24T18:20:16.323+02:00,null,0,0,0,0,0,0,0,null,798740468.0133415,0,0.8200002,101.5552,1,0.85
2026-04-24T18:21:08.381+02:00,1777047653.571205,53.56895416345577,9.882977505173033,38.55946,-1,-1,-1,-1,9.056828472500998,2.789105338997707,-9999,3282.965081875,0.127960205078125,-0.8279876708984375,-0.5263214111328125,3282.956270875,0.1672673117912263,0.2614397211163874,0.981162127831841,-0.02615721523761749,-0.01261042524129152,-0.01727177761495113,-0.01396423578262329,0.004270374774932861,0.01084023714065552,XArbitraryZVertical,0.4558816507054247,0.1535940303839366,0.1342524804509038,0.8663469790845885,0.1437249630689621,-0.8311441540718079,-0.5371615886688232,0,0,0,-1,-1,3230.927795875,unknown,2,2026-04-24T18:20:16.323+02:00,null,0,0,0,0,0,0,0,null,798740468.0133415,0,0.8200002,101.5552,1,0.85
2026-04-24T18:21:08.391+02:00,1777047653.571205,53.56895416345577,9.882977505173033,38.55946,-1,-1,-1,-1,9.056828472500998,2.789105338997707,-9999,3282.975156875,0.1265716552734375,-0.8272552490234375,-0.5327911376953125,3282.966345875,0.1670850310089944,0.2614875601461506,0.9809178474712613,-0.03181952238082886,-0.010912393219769,-0.02076278254389763,-0.01584291458129883,0.003020584583282471,0.01102942228317261,XArbitraryZVertical,0.4557853653969912,0.1535717648852438,0.1341751885884474,0.866413559169288,0.1438031494617462,-0.83100825548172,-0.5373508334159851,0,0,0,-1,-1,3230.927795875,unknown,2,2026-04-24T18:20:16.323+02:00,null,0,0,0,0,0,0,0,null,798740468.0133415,0,0.8200002,101.5552,1,0.85
2026-04-24T18:21:08.401+02:00,1777047653.571205,53.56895416345577,9.882977505173033,38.55946,-1,-1,-1,-1,9.056828472500998,2.789105338997707,-9999,3282.985231875,0.12652587890625,-0.8232879638671875,-0.5371246337890625,3282.976420875,0.1668955170924418,0.2615195429384785,0.9806115689535773,-0.02472592517733574,-0.009870298206806183,-0.02518070116639137,-0.01731444895267487,0.003582656383514404,0.004800975322723389,XArbitraryZVertical,0.455663546685492,0.1535406555080608,0.1340888048616535,0.8664964671975705,0.1438861042261124,-0.8308378458023071,-0.5375919938087463,0,0,0,-1,-1,3230.927795875,unknown,2,2026-04-24T18:20:16.323+02:00,null,0,0,0,0,0,0,0,null,798740468.0133415,0,0.8200002,101.5552,1,0.85
2026-04-24T18:21:08.411+02:00,1777047653.571205,53.56895416345577,9.882977505173033,38.55946,-1,-1,-1,-1,9.056828472500998,2.789105338997707,-9999,3282.995306875,0.126556396484375,-0.8202362060546875,-0.537139892578125,3282.986495875,0.1664711315793819,0.2617319234137516,0.9804242492175839,-0.003382554277777672,-0.01354972179979086,-0.03734568506479263,-0.01751469075679779,0.007445633411407471,0.0005872845649719238,XArbitraryZVertical,0.4555997232392499,0.1535348732180853,0.133946184013656,0.8665531947098908,0.144040584564209,-0.830733597278595,-0.5377118587493896,0,0,0,-1,-1,3230.927795875,unknown,2,2026-04-24T18:20:16.323+02:00,null,0,0,0,0,0,0,0,null,798740468.0133415,0,0.8200002,101.5552,1,0.85
2026-04-24T18:21:08.422+02:00,1777047653.571205,53.56895416345577,9.882977505173033,38.55946,-1,-1,-1,-1,9.056828472500998,2.789105338997707,-9999,3283.005381875,0.1257476806640625,-0.8151092529296875,-0.5389404296875,3282.996570875,0.1658802539700446,0.262081184202891,0.9803818493787039,0.005988576915115118,-0.00922075379639864,-0.03451128304004669,-0.01768109202384949,0.01047378778457642,0.0005556941032409668,XArbitraryZVertical,0.4556031426369091,0.1535513699174315,0.1337681284039737,0.8665759473778307,0.1442374885082245,-0.8307099938392639,-0.5376955270767212,0,0,0,-1,-1,3230.927795875,unknown,2,2026-04-24T18:20:16.323+02:00,null,0,0,0,0,0,0,0,null,798740468.0133415,0,0.8200002,101.5552,1,0.85
2026-04-24T18:21:08.432+02:00,1777047653.571205,53.56895416345577,9.882977505173033,38.55946,-1,-1,-1,-1,9.056828472500998,2.789105338997707,-9999,3283.015456875,0.12738037109375,-0.8167266845703125,-0.5373382568359375,3283.006645875,0.165312936179191,0.2624330564709256,0.9804217922541713,0.01193269900977612,-0.01069214940071106,-0.03527814149856567,-0.01867035031318665,0.01562303304672241,-0.001327812671661377,XArbitraryZVertical,0.4556407467235974,0.1535748397472979,0.1336040344804829,0.8665772472204475,0.1444180458784103,-0.8307322263717651,-0.5376125574111938,0,0,0,-1,-1,3230.927795875,unknown,2,2026-04-24T18:20:16.323+02:00,null,0,0,0,0,0,0,0,null,798740468.0133415,0,0.8200002,101.5552,1,0.85
2026-04-24T18:21:08.442+02:00,1777047653.571205,53.56895416345577,9.882977505173033,38.55946,-1,-1,-1,-1,9.056828472500998,2.789105338997707,-9999,3283.025531875,0.1292266845703125,-0.8229827880859375,-0.541015625,3283.016720875,0.1646556596611056,0.2628074119486354,0.9804464300367177,0.005805564112961292,-0.01576946675777435,-0.04086119309067726,-0.01723363995552063,0.01401925086975098,0.0002006292343139648,XArbitraryZVertical,0.4556769405789388,0.1535873801721256,0.1334054217165218,0.8665867312409411,0.1446140259504318,-0.8307459354400635,-0.5375388860702515,0,0,0,-1,-1,3230.927795875,unknown,2,2026-04-24T18:20:16.323+02:00,null,0,0,0,0,0,0,0,null,798740468.0133415,0,0.8200002,101.5552,1,0.85
2026-04-24T18:21:08.452+02:00,1777047653.571205,53.56895416345577,9.882977505173033,38.55946,-1,-1,-1,-1,9.056828472500998,2.789105338997707,-9999,3283.035606875,0.1296234130859375,-0.824676513671875,-0.5404205322265625,3283.026795875,0.1639999766978867,0.2631683630842079,0.9803756800878488,-0.0004750216321554035,-0.01601288095116615,-0.0392812043428421,-0.01559664309024811,0.007723748683929443,-0.003472208976745605,XArbitraryZVertical,0.4556722059508004,0.1535940205433137,0.1332008189568963,0.8666195405374144,0.1448233425617218,-0.8307065963745117,-0.5375434160232544,0,0,0,-1,-1,3230.927795875,unknown,2,2026-04-24T18:20:16.323+02:00,null,0,0,0,0,0,0,0,null,798740468.0133415,0,0.8200002,101.5552,1,0.85
2026-04-24T18:21:08.462+02:00,1777047653.571205,53.56895416345577,9.882977505173033,38.55946,-1,-1,-1,-1,9.056828472500998,2.789105338997707,-9999,3283.045681875,0.137237548828125,-0.8248291015625,-0.5392913818359375,3283.036870875,0.1633606854447689,0.2634855133566253,0.9802872705200945,-0.006207209546118975,-0.0235416367650032,-0.0419374406337738,-0.01538950204849243,0.005980849266052246,-0.002852201461791992,XArbitraryZVertical,0.4556614951293546,0.1535853889288054,0.1329926769771256,0.8666585796521088,0.1450129002332687,-0.8306573629379272,-0.5375682711601257,0,0,0,-1,-1,3230.927795875,unknown,2,2026-04-24T18:20:16.323+02:00,null,0,0,0,0,0,0,0,null,798740468.0133415,0,0.8200002,101.5552,1,0.85
2026-04-24T18:21:08.472+02:00,1777047653.571205,53.56895416345577,9.882977505173033,38.55946,-1,-1,-1,-1,9.056828472500998,2.789105338997707,-9999,3283.055756875,0.1456451416015625,-0.826080322265625,-0.5434112548828125,3283.046945875,0.1627287218472501,0.2637213867248805,0.9801586273483354,-0.004818477667868137,-0.0304112583398819,-0.04335051774978638,-0.007929995656013489,0.005756616592407227,-0.001654148101806641,XArbitraryZVertical,0.455637925136451,0.1535429960417315,0.1327675522806008,0.8667130411798974,0.1451675742864609,-0.8305857181549072,-0.5376372337341309,0,0,0,-1,-1,3230.927795875,unknown,2,2026-04-24T18:20:16.323+02:00,null,0,0,0,0,0,0,0,null,798740468.0133415,0,0.8200002,101.5552,1,0.85
2026-04-24T18:21:08.482+02:00,1777047653.571205,53.56895416345577,9.882977505173033,38.55946,-1,-1,-1,-1,9.056828472500998,2.789105338997707,-9999,3283.065832875,0.1508636474609375,-0.83026123046875,-0.5434112548828125,3283.057020875,0.1620385613083091,0.2639195989422434,0.9800719392155337,0.005444546230137348,-0.0358228012919426,-0.04765604808926582,0.0003522485494613647,0.004457056522369385,-0.005733191967010498,XArbitraryZVertical,0.4556397254766453,0.1534712505094549,0.1325102272380814,0.8667642167533239,0.1452929228544235,-0.8305374383926392,-0.5376780033111572,0,0,0,-1,-1,3230.927795875,unknown,2,2026-04-24T18:20:16.323+02:00,null,0,0,0,0,0,0,0,null,798740468.0133415,0,0.8200002,101.5552,1,0.85
2026-04-24T18:21:08.492+02:00,1777047653.571205,53.56895416345577,9.882977505173033,38.55946,-1,-1,-1,-1,9.056828472500998,2.789105338997707,-9999,3283.075907875,0.1564178466796875,-0.83306884765625,-0.5322723388671875,3283.067096875,0.1612246076628163,0.264178498046122,0.9800189308622447,0.01119447126984596,-0.03765053302049637,-0.05035975575447083,0.00542004406452179,0.0002466440200805664,-0.005728423595428467,XArbitraryZVertical,0.4556618396515647,0.1533978045968729,0.1322144041878705,0.866810700219381,0.1454436033964157,-0.8305079340934753,-0.537682831287384,0,0,0,-1,-1,3230.927795875,unknown,2,2026-04-24T18:20:16.323+02:00,null,0,0,0,0,0,0,0,null,798740468.0133415,0,0.8200002,101.5552,1,0.85
2026-04-24T18:21:08.502+02:00,1777047653.571205,53.56895416345577,9.882977505173033,38.55946,-1,-1,-1,-1,9.056828472500998,2.789105338997707,-9999,3283.085982875,0.154083251953125,-0.8358154296875,-0.521759033203125,3283.077171875,0.1604481267767337,0.2644166356495295,0.9799957250868828,0.01086903270334005,-0.03469016030430794,-0.0457298532128334,0.01084119081497192,-0.002573907375335693,0.005394458770751953,XArbitraryZVertical,0.4556954713239501,0.153324000692261,0.1319312070226428,0.8668492425570072,0.145576685667038,-0.8304949998855591,-0.5376667976379395,0,0,0,-1,-1,3230.927795875,unknown,2,2026-04-24T18:20:16.323+02:00,null,0,0,0,0,0,0,0,null,798740468.0133415,0,0.8200002,101.5552,1,0.85
2026-04-24T18:21:08.512+02:00,1777047653.571205,53.56895416345577,9.882977505173033,38.55946,-1,-1,-1,-1,9.056828472500998,2.789105338997707,-9999,3283.096057875,0.150054931640625,-0.8379974365234375,-0.515472412109375,3283.087246875,0.1597552712223929,0.2646302237027393,0.9799417591684305,0.007117969915270805,-0.02822560258209705,-0.04171500355005264,0.008380025625228882,-0.00535053014755249,0.01591992378234863,XArbitraryZVertical,0.4557108375828064,0.1532584891892094,0.131677440200284,0.8668913391737986,0.1457032412290573,-0.8304648995399475,-0.5376789569854736,0,0,0,-1,-1,3230.927795875,unknown,2,2026-04-24T18:20:16.323+02:00,null,0,0,0,0,0,0,0,null,798740468.0133415,0,0.8200002,101.5552,1,0.85
2026-04-24T18:21:08.522+02:00,1777047653.571205,53.56895416345577,9.882977505173033,38.55946,-1,-1,-1,-1,9.056828472500998,2.789105338997707,-9999,3283.106132875,0.1484375,-0.834014892578125,-0.5097503662109375,3283.097321875,0.1591062826576692,0.2649011010854854,0.9798177781623445,-0.004919517785310745,-0.01652926579117775,-0.04024440422654152,0.004179134964942932,-0.007601618766784668,0.02226638793945312,XArbitraryZVertical,0.4556884176964778,0.1532275661210839,0.1314529714395212,0.8669426153950928,0.1458758264780045,-0.8303958773612976,-0.5377387404441833,0,0,0,-1,-1,3230.927795875,unknown,2,2026-04-24T18:20:16.323+02:00,null,0,0,0,0,0,0,0,null,798740468.0133415,0,0.8200002,101.5552,1,0.85
2026-04-24T18:21:08.532+02:00,1777047653.571205,53.56895416345577,9.882977505173033,38.55946,-1,-1,-1,-1,9.056828472500998,2.789105338997707,-9999,3283.116207875,0.149627685546875,-0.829833984375,-0.5061798095703125,3283.107396875,0.1586399425519025,0.2651698317786416,0.9796757399836582,0.001121969427913427,0.001345604658126831,-0.02584482543170452,0.002386286854743958,-0.003698170185089111,0.02806299924850464,XArbitraryZVertical,0.4556442428759078,0.1532372913388829,0.1313064337108185,0.8669862887246258,0.146051213145256,-0.8303167223930359,-0.5378133058547974,0,0,0,-1,-1,3230.927795875,unknown,2,2026-04-24T18:20:16.323+02:00,null,0,0,0,0,0,0,0,null,798740468.0133415,0,0.8200002,101.5552,1,0.85
2026-04-24T18:21:08.543+02:00,1777047653.571205,53.56895416345577,9.882977505173033,38.55946,-1,-1,-1,-1,9.056828472500998,2.789105338997707,-9999,3283.126282875,0.1493988037109375,-0.8252716064453125,-0.4966888427734375,3283.117471875,0.1583571795802924,0.2653926660857716,0.979632907224538,0.002725458703935146,-0.001980683766305447,-0.0177522785961628,0.003447294235229492,0.0004588961601257324,0.0316353440284729,XArbitraryZVertical,0.4556325101125411,0.1532693181353824,0.1312329249322526,0.8669979163124939,0.1461803913116455,-0.830292820930481,-0.5378150343894958,0,0,0,-1,-1,3230.927795875,unknown,2,2026-04-24T18:20:16.323+02:00,null,0,0,0,0,0,0,0,null,798740468.0133415,0,0.8200002,101.5552,1,0.85
2026-04-24T18:21:08.552+02:00,1777047653.571205,53.56895416345577,9.882977505173033,38.55946,-1,-1,-1,-1,9.056828472500998,2.789105338997707,-9999,3283.136356416667,0.218048095703125,-0.8063507080078125,-0.3836822509765625,3283.127546875,0.1579751146532375,0.261732345185646,0.9802698656833698,0.1200410574674606,-0.7625049352645874,-0.0003766173031181097,0.005324810743331909,0.005376040935516357,0.04114687442779541,XArbitraryZVertical,0.4561801428124269,0.1515976988161274,0.1302579572772581,0.8671509060979976,0.1440739780664444,-0.8306476473808289,-0.5378356575965881,0,0,0,-1,-1,3230.927795875,unknown,2,2026-04-24T18:20:16.323+02:00,null,0,0,0,0,0,0,0,null,798740468.0133415,0,0.8200002,101.5552,1,0.85
2026-04-24T18:21:08.562+02:00,1777047653.571205,53.56895416345577,9.882977505173033,38.55946,-1,-1,-1,-1,9.056828472500998,2.789105338997707,-9999,3283.146431416667,0.283721923828125,-0.8347015380859375,-0.4669189453125,3283.137620416667,0.1562126404360497,0.2595894716025846,0.981038299965963,0.01000403799116611,-0.02177596092224121,-0.1556045413017273,0.07529085874557495,0.02472454309463501,0.153843879699707,XArbitraryZVertical,0.4567889162399789,0.1502691952654858,0.1290344788064894,0.8672446248825635,0.1427572667598724,-0.8310752511024475,-0.5375261306762695,0,0,0,-1,-1,3230.927795875,unknown,2,2026-04-24T18:20:16.323+02:00,null,0,0,0,0,0,0,0,null,798740468.0133415,0,0.8200002,101.5552,1,0.85
2026-04-24T18:21:08.573+02:00,1777047653.571205,53.56895416345577,9.882977505173033,38.55946,-1,-1,-1,-1,9.056828472500998,2.789105338997707,-9999,3283.156506416667,-0.0616302490234375,-0.8440704345703125,-0.5106658935546875,3283.147695416667,0.1548449096210024,0.2629679177825623,0.9804858279841553,-0.03925096616148949,0.3341523110866547,0.02159000001847744,0.1390301585197449,-0.00393366813659668,0.07056510448455811,XArbitraryZVertical,0.4564317967928638,0.1514200102143345,0.1291911107992505,0.8672091389563108,0.1446917653083801,-0.8307678699493408,-0.5374839901924133,0,0,0,-1,-1,3230.927795875,unknown,2,2026-04-24T18:20:16.323+02:00,null,0,0,0,0,0,0,0,null,798740468.0133415,0,0.8200002,101.5552,1,0.85
2026-04-24T18:21:08.583+02:00,1777047653.571205,53.56895416345577,9.882977505173033,38.55946,-1,-1,-1,-1,9.056828472500998,2.789105338997707,-9999,3283.166581416667,0.04052734375,-0.83734130859375,-0.528961181640625,3283.157770416667,0.1575050074841187,0.2647955942772385,0.9804455662247756,-0.07199293375015259,0.5010195970535278,0.2013701498508453,-0.2073128521442413,-0.01332497596740723,0.02658504247665405,XArbitraryZVertical,0.4560930632011666,0.1528190924011129,0.1307597056340298,0.866906760050831,0.145682618021965,-0.8307454586029053,-0.5372508764266968,0,0,0,-1,-1,3230.927795875,unknown,2,2026-04-24T18:20:16.323+02:00,null,0,0,0,0,0,0,0,null,798740468.0133415,0,0.8200002,101.5552,1,0.85
2026-04-24T18:21:08.593+02:00,1777047653.571205,53.56895416345577,9.882977505173033,38.55946,-1,-1,-1,-1,9.056828472500998,2.789105338997707,-9999,3283.176656416667,0.146087646484375,-0.8587799072265625,-0.556671142578125,3283.167845416667,0.1605329062656487,0.2678201078146806,0.9796304402942518,-0.1717846691608429,0.503020167350769,0.05100774392485619,-0.1069586724042892,-0.007049858570098877,0.008499562740325928,XArbitraryZVertical,0.4553036455486569,0.1548168809806076,0.1327286238199771,0.8666679976079782,0.1474860161542892,-0.8302914500236511,-0.5374606251716614,0,0,0,-1,-1,3230.927795875,unknown,2,2026-04-24T18:20:16.323+02:00,null,0,0,0,0,0,0,0,null,798740468.0133415,0,0.8200002,101.5552,1,0.85
