loggingTime(txt),locationTimestamp_since1970(s),locationLatitude(WGS84),locationLongitude(WGS84),locationAltitude(m),locationSpeed(m/s),locationSpeedAccuracy(m/s),locationCourse(°),locationCourseAccuracy(°),locationVerticalAccuracy(m),locationHorizontalAccuracy(m),locationFloor(Z),accelerometerTimestamp_sinceReboot(s),accelerometerAccelerationX(G),accelerometerAccelerationY(G),accelerometerAccelerationZ(G),motionTimestamp_sinceReboot(s),motionYaw(rad),motionRoll(rad),motionPitch(rad),motionRotationRateX(rad/s),motionRotationRateY(rad/s),motionRotationRateZ(rad/s),motionUserAccelerationX(G),motionUserAccelerationY(G),motionUserAccelerationZ(G),motionAttitudeReferenceFrame(txt),motionQuaternionX(R),motionQuaternionY(R),motionQuaternionZ(R),motionQuaternionW(R),motionGravityX(G),motionGravityY(G),motionGravityZ(G),motionMagneticFieldX(µT),motionMagneticFieldY(µT),motionMagneticFieldZ(µT),motionHeading(°),motionMagneticFieldCalibrationAccuracy(Z),activityTimestamp_sinceReboot(s),activity(txt),activityActivityConfidence(Z),activityActivityStartDate(txt),pedometerStartDate(txt),pedometerNumberofSteps(N),pedometerAverageActivePace(s/m),pedometerCurrentPace(s/m),pedometerCurrentCadence(steps/s),pedometerDistance(m),pedometerFloorAscended(N),pedometerFloorDescended(N),pedometerEndDate(txt),altimeterTimestamp_sinceReboot(s),altimeterReset(bool),altimeterRelativeAltitude(m),altimeterPressure(kPa),batteryState(N),batteryLevel(R),label
2026-04-24T18:35:19.246+02:00,1777048513.800981,53.56897219751585,9.882953190205464,38.55946,-1,-1,-1,-1,9.519085617248134,5.63601519283635,-9999,3576.100006375,0.0529327392578125,-0.070159912109375,-0.996551513671875,3576.094969375,-0.000108658874141659,-2.00370057101838e-05,-0.0001812146004825462,0.009464375674724579,-0.001180137507617474,-0.003776051569730043,0.003102269023656845,0.002251818776130676,0.008237183094024658,XArbitraryZVertical,-9.060783798181433e-05,-1.001357946020148e-05,-5.43285252934555e-05,1.000000063863779,0.04677872732281685,-0.06745263934135437,-0.9966252446174622,0,0,0,-1,-1,3542.123566166667,unknown,2,2026-04-24T18:34:45.265+02:00,2026-04-24T18:20:19.173+02:00,16,0.7102333,0,0,12.45568,0,0,2026-04-24T18:28:28.837+02:00,798741318.8894778,0,1.99,101.5412,1,0.85,0
2026-04-24T18:35:19.256+02:00,1777048513.800981,53.56897219751585,9.882953190205464,38.55946,-1,-1,-1,-1,9.519085617248134,5.63601519283635,-9999,3576.110081375,0.0541534423828125,-0.07159423828125,-0.9941864013671875,3576.105043375,-0.0001512704587057262,-5.595781267724815e-05,-0.0001455927981629485,0.003587790299206972,-0.00639434065669775,-0.005397516768425703,0.004325374960899353,-0.001132644712924957,0.001247942447662354,XArbitraryZVertical,-7.279851201071543e-05,-2.79733990713088e-05,-7.563318921143272e-05,1.000000034766685,0.04674580693244934,-0.06748614460229874,-0.9966245293617249,0,0,0,-1,-1,3542.123566166667,unknown,2,2026-04-24T18:34:45.265+02:00,2026-04-24T18:20:19.173+02:00,16,0.7102333,0,0,12.45568,0,0,2026-04-24T18:28:28.837+02:00,798741318.8894778,0,1.99,101.5412,1,0.85,0
2026-04-24T18:35:19.266+02:00,1777048513.800981,53.56897219751585,9.882953190205464,38.55946,-1,-1,-1,-1,9.519085617248134,5.63601519283635,-9999,3576.120155375,0.0511016845703125,-0.0692596435546875,-0.9920196533203125,3576.115118375,-0.0001970762016981635,-0.0001620208056308411,-9.661311332301638e-05,0.003152097342535853,-0.007650021463632584,-0.002013704273849726,0.00801379606127739,-0.003237463533878326,0.0005934834480285645,XArbitraryZVertical,-4.831453623837906e-05,-8.100563780764134e-05,-9.853418157146262e-05,1.000000044959627,0.0466432012617588,-0.06753281503915787,-0.9966261982917786,0,0,0,-1,-1,3542.123566166667,unknown,2,2026-04-24T18:34:45.265+02:00,2026-04-24T18:20:19.173+02:00,16,0.7102333,0,0,12.45568,0,0,2026-04-24T18:28:28.837+02:00,798741318.8894778,0,1.99,101.5412,1,0.85,0
2026-04-24T18:35:19.276+02:00,1777048513.800981,53.56897219751585,9.882953190205464,38.55946,-1,-1,-1,-1,9.519085617248134,5.63601519283635,-9999,3576.130230375,0.0484161376953125,-0.06805419921875,-0.9904937744140625,3576.125193375,-0.0002081856831350159,-0.0002793254327690634,-8.969425762392175e-05,-0.001028000377118587,-0.009881217032670975,-0.0008722071070224047,0.006771918386220932,-0.003673583269119263,0.002978861331939697,XArbitraryZVertical,-4.486166277415364e-05,-0.0001396580367161371,-0.0001040865692963758,1.000000055806909,0.04652704671025276,-0.06753919273614883,-0.9966311454772949,0,0,0,-1,-1,3542.123566166667,unknown,2,2026-04-24T18:34:45.265+02:00,2026-04-24T18:20:19.173+02:00,16,0.7102333,0,0,12.45568,0,0,2026-04-24T18:28:28.837+02:00,798741318.8894778,0,1.99,101.5412,1,0.85,0
2026-04-24T18:35:19.286+02:00,1777048513.800981,53.56897219751585,9.882953190205464,38.55946,-1,-1,-1,-1,9.519085617248134,5.63601519283635,-9999,3576.140304375,0.047210693359375,-0.0732421875,-0.9880523681640625,3576.135267375,-0.0002234297899812374,-0.0003768992355090771,-6.716605687759737e-05,0.004995803814381361,-0.00973234698176384,-0.003105800366029143,0.003785852342844009,5.603581666946411e-05,0.005530059337615967,XArbitraryZVertical,-3.360407643793934e-05,-0.0001884458422509016,-0.0001117085513289435,1.000000088907391,0.04643083736300468,-0.06756093353033066,-0.9966341853141785,0,0,0,-1,-1,3542.123566166667,unknown,2,2026-04-24T18:34:45.265+02:00,2026-04-24T18:20:19.173+02:00,16,0.7102333,0,0,12.45568,0,0,2026-04-24T18:28:28.837+02:00,798741318.8894778,0,1.99,101.5412,1,0.85,0
2026-04-24T18:35:19.296+02:00,1777048513.800981,53.56897219751585,9.882953190205464,38.55946,-1,-1,-1,-1,9.519085617248134,5.63601519283635,-9999,3576.150379375,0.0479888916015625,-0.066619873046875,-0.98748779296875,3576.145342375,-0.0002353475271561507,-0.000468073216399366,-3.384210512359013e-05,0.001862860983237624,-0.007104871328920126,-0.0007686101598665118,0.00122089684009552,-0.003283508121967316,0.007256269454956055,XArbitraryZVertical,-1.694859192355409e-05,-0.0002340346129006275,-0.0001176697997479279,0.9999999670205734,0.04634076729416847,-0.06759357452392578,-0.9966361522674561,0,0,0,-1,-1,3542.123566166667,unknown,2,2026-04-24T18:34:45.265+02:00,2026-04-24T18:20:19.173+02:00,16,0.7102333,0,0,12.45568,0,0,2026-04-24T18:28:28.837+02:00,798741318.8894778,0,1.99,101.5412,1,0.85,0
2026-04-24T18:35:19.306+02:00,1777048513.800981,53.56897219751585,9.882953190205464,38.55946,-1,-1,-1,-1,9.519085617248134,5.63601519283635,-9999,3576.160454375,0.045684814453125,-0.0630340576171875,-0.9883880615234375,3576.155416375,-0.0002125913638807878,-0.0005309252237012399,-8.068449018946173e-06,0.003801109734922647,-0.007154939230531454,0.002071651164442301,0.001025673002004623,-0.003714524209499359,0.009347915649414062,XArbitraryZVertical,-4.062441744691963e-06,-0.000265462170108836,-0.0001062946037343121,0.9999999903790673,0.04627658799290657,-0.06762032955884933,-0.9966373443603516,0,0,0,-1,-1,3542.123566166667,unknown,2,2026-04-24T18:34:45.265+02:00,2026-04-24T18:20:19.173+02:00,16,0.7102333,0,0,12.45568,0,0,2026-04-24T18:28:28.837+02:00,798741318.8894778,0,1.99,101.5412,1,0.85,0
2026-04-24T18:35:19.317+02:00,1777048513.800981,53.56897219751585,9.882953190205464,38.55946,-1,-1,-1,-1,9.519085617248134,5.63601519283635,-9999,3576.170528375,0.043365478515625,-0.0684356689453125,-0.99139404296875,3576.165491375,-0.0002180070959669431,-0.000563715307265924,2.85371073856512e-05,0.008079743944108486,-0.002497869543731213,-0.002497068140655756,0.0004018545150756836,0.004653006792068481,0.008904457092285156,XArbitraryZVertical,1.423782903536656e-05,-0.0002818591931493667,-0.0001090075611163582,0.9999999910308632,0.04624427855014801,-0.06765655428171158,-0.9966363906860352,0,0,0,-1,-1,3542.123566166667,unknown,2,2026-04-24T18:34:45.265+02:00,2026-04-24T18:20:19.173+02:00,16,0.7102333,0,0,12.45568,0,0,2026-04-24T18:28:28.837+02:00,798741318.8894778,0,1.99,101.5412,1,0.85,0
2026-04-24T18:35:19.327+02:00,1777048513.800981,53.56897219751585,9.882953190205464,38.55946,-1,-1,-1,-1,9.519085617248134,5.63601519283635,-9999,3576.180603375,0.043304443359375,-0.066375732421875,-0.9953460693359375,3576.175566375,-0.0002511836739212257,-0.0005602853949556515,7.402358233065166e-05,0.003591785207390785,-6.081117317080498e-05,-0.003825452644377947,-0.002350397408008575,0.0018434077501297,0.007939934730529785,XArbitraryZVertical,3.697660192196593e-05,-0.0002801473105255284,-0.0001256021870763167,1.000000056648077,0.04624994844198227,-0.0677003487944603,-0.9966331124305725,0,0,0,-1,-1,3542.123566166667,unknown,2,2026-04-24T18:34:45.265+02:00,2026-04-24T18:20:19.173+02:00,16,0.7102333,0,0,12.45568,0,0,2026-04-24T18:28:28.837+02:00,798741318.8894778,0,1.99,101.5412,1,0.85,0
2026-04-24T18:35:19.337+02:00,1777048513.800981,53.56897219751585,9.882953190205464,38.55946,-1,-1,-1,-1,9.519085617248134,5.63601519283635,-9999,3576.190678375,0.045379638671875,-0.066131591796875,-0.9947967529296875,3576.185640375,-0.0002955157606390441,-0.0005505098329266588,0.0001307846391988245,0.004940356593579054,-0.0002645431086421013,-0.00549745187163353,-0.003004007041454315,-0.0008486881852149963,0.002472937107086182,XArbitraryZVertical,6.535163954653221e-05,-0.0002752645474451249,-0.0001477758604426207,1.000000036894461,0.04626268893480301,-0.0677548348903656,-0.9966288208961487,0,0,0,-1,-1,3542.123566166667,unknown,2,2026-04-24T18:34:45.265+02:00,2026-04-24T18:20:19.173+02:00,16,0.7102333,0,0,12.45568,0,0,2026-04-24T18:28:28.837+02:00,798741318.8894778,0,1.99,101.5412,1,0.85,0
2026-04-24T18:35:19.347+02:00,1777048513.800981,53.56897219751585,9.882953190205464,38.55946,-1,-1,-1,-1,9.519085617248134,5.63601519283635,-9999,3576.200752375,0.0464935302734375,-0.0665283203125,-0.99530029296875,3576.195715375,-0.0003445789006143647,-0.0004894707663214903,0.0001836724728019613,-0.0004179234383627772,-0.003871794324368238,-0.004162142984569073,-0.002335742115974426,0.002406075596809387,0.001673102378845215,XArbitraryZVertical,9.179405652779852e-05,-0.0002447511709570575,-0.0001723118997738893,1.000000063376484,0.04632684588432312,-0.06780525296926498,-0.9966224431991577,0,0,0,-1,-1,3542.123566166667,unknown,2,2026-04-24T18:34:45.265+02:00,2026-04-24T18:20:19.173+02:00,16,0.7102333,0,0,12.45568,0,0,2026-04-24T18:28:28.837+02:00,798741318.8894778,0,1.99,101.5412,1,0.85,0
2026-04-24T18:35:19.357+02:00,1777048513.800981,53.56897219751585,9.882953190205464,38.55946,-1,-1,-1,-1,9.519085617248134,5.63601519283635,-9999,3576.210827375,0.0481719970703125,-0.068389892578125,-0.992095947265625,3576.205789375,-0.0004047944337699328,-0.0004626651444342015,0.0001742952751337987,-0.009215889498591423,-0.004880866501480341,-0.005829880945384502,-0.0005659870803356171,0.001569919288158417,0.001077413558959961,XArbitraryZVertical,8.710080711224912e-05,-0.0002313501892543715,-0.0002024173573994633,1.000000008260162,0.04635762423276901,-0.06779307872056961,-0.99662184715271,0,0,0,-1,-1,3542.123566166667,unknown,2,2026-04-24T18:34:45.265+02:00,2026-04-24T18:20:19.173+02:00,16,0.7102333,0,0,12.45568,0,0,2026-04-24T18:28:28.837+02:00,798741318.8894778,0,1.99,101.5412,1,0.85,0
2026-04-24T18:35:19.367+02:00,1777048513.800981,53.56897219751585,9.882953190205464,38.55946,-1,-1,-1,-1,9.519085617248134,5.63601519283635,-9999,3576.220901375,0.047515869140625,-0.071807861328125,-0.99053955078125,3576.215864375,-0.0004491736802720247,-0.000496439914027398,5.773531678876165e-05,-0.01454673893749714,-0.009444192051887512,-0.003664464689791203,0.0007769316434860229,0.0007803067564964294,0.002612769603729248,XArbitraryZVertical,2.881190760619093e-05,-0.0002482264120911185,-0.0002245939792960646,1.000000021327787,0.04632696509361267,-0.06767483800649643,-0.9966312646865845,0,0,0,-1,-1,3542.123566166667,unknown,2,2026-04-24T18:34:45.265+02:00,2026-04-24T18:20:19.173+02:00,16,0.7102333,0,0,12.45568,0,0,2026-04-24T18:28:28.837+02:00,798741318.8894778,0,1.99,101.5412,1,0.85,0
2026-04-24T18:35:19.377+02:00,1777048513.800981,53.56897219751585,9.882953190205464,38.55946,-1,-1,-1,-1,9.519085617248134,5.63601519283635,-9999,3576.230976375,0.0480194091796875,-0.071685791015625,-0.99151611328125,3576.225939375,-0.0004959161985207681,-0.0006039694179888046,-7.310494438398647e-05,-0.0206629540771246,-0.01491326000541449,-0.005758708342909813,0.00181172788143158,-0.00257188081741333,0.005968272686004639,XArbitraryZVertical,-3.662734545513395e-05,-0.0003019756027768453,-0.0002479470234277486,1.000000017914416,0.04622295126318932,-0.06754225492477417,-0.9966450929641724,0,0,0,-1,-1,3542.123566166667,unknown,2,2026-04-24T18:34:45.265+02:00,2026-04-24T18:20:19.173+02:00,16,0.7102333,0,0,12.45568,0,0,2026-04-24T18:28:28.837+02:00,798741318.8894778,0,1.99,101.5412,1,0.85,0
2026-04-24T18:35:19.387+02:00,1777048513.800981,53.56897219751585,9.882953190205464,38.55946,-1,-1,-1,-1,9.519085617248134,5.63601519283635,-9999,3576.241051375,0.045867919921875,-0.071990966796875,-0.9875946044921875,3576.236013375,-0.000554870993065165,-0.0007129979163144265,-0.0002439391892174873,-0.02259481139481068,-0.01278432924300432,-0.005868962965905666,0.001275546848773956,-0.004667513072490692,0.004870891571044922,XArbitraryZVertical,-0.000122068475759227,-0.0003564650618341963,-0.0002773919650221653,0.9999999851216308,0.04611826688051224,-0.0673692375421524,-0.9966616630554199,0,0,0,-1,-1,3542.123566166667,unknown,2,2026-04-24T18:34:45.265+02:00,2026-04-24T18:20:19.173+02:00,16,0.7102333,0,0,12.45568,0,0,2026-04-24T18:28:28.837+02:00,798741318.8894778,0,1.99,101.5412,1,0.85,0
2026-04-24T18:35:19.397+02:00,1777048513.800981,53.56897219751585,9.882953190205464,38.55946,-1,-1,-1,-1,9.519085617248134,5.63601519283635,-9999,3576.251125375,0.0443572998046875,-0.0696258544921875,-0.9863739013671875,3576.246088375,-0.0006021392149612846,-0.0008254738685883836,-0.0005347855106737185,-0.02105193585157394,-0.01393854338675737,-0.002376027638092637,0.001384463161230087,-0.004395022988319397,0.006803035736083984,XArbitraryZVertical,-0.0002675169601475278,-0.0004126563550273266,-0.0003009591816036809,0.9999999071561727,0.04600934311747551,-0.0670771524310112,-0.9966863989830017,0,0,0,-1,-1,3542.123566166667,unknown,2,2026-04-24T18:34:45.265+02:00,2026-04-24T18:20:19.173+02:00,16,0.7102333,0,0,12.45568,0,0,2026-04-24T18:28:28.837+02:00,798741318.8894778,0,1.99,101.5412,1,0.85,0
2026-04-24T18:35:19.407+02:00,1777048513.800981,53.56897219751585,9.882953190205464,38.55946,-1,-1,-1,-1,9.519085617248134,5.63601519283635,-9999,3576.261200375,0.0446929931640625,-0.06439208984375,-0.9850921630859375,3576.256162375,-0.0006290315085226403,-0.000985198972058109,-0.000739508036967214,-0.01833843998610973,-0.01066072471439838,-0.00533693004399538,-0.001265756785869598,-0.004417210817337036,0.01015043258666992,XArbitraryZVertical,-0.0003699088412830098,-0.0004924830668835134,-0.0003143335183476193,0.9999998578957365,0.04585195705294609,-0.06687185913324356,-0.9967074394226074,0,0,0,-1,-1,3542.123566166667,unknown,2,2026-04-24T18:34:45.265+02:00,2026-04-24T18:20:19.173+02:00,16,0.7102333,0,0,12.45568,0,0,2026-04-24T18:28:28.837+02:00,798741318.8894778,0,1.99,101.5412,1,0.85,0
2026-04-24T18:35:19.417+02:00,1777048513.800981,53.56897219751585,9.882953190205464,38.55946,-1,-1,-1,-1,9.519085617248134,5.63601519283635,-9999,3576.271274375,0.04254150390625,-0.0631561279296875,-0.9888458251953125,3576.266237375,-0.0006575880721516002,-0.001126041349282279,-0.0008588101906333123,-0.01303076092153788,-0.008636988699436188,-0.001250775647349656,-0.0004711784422397614,-0.0003870502114295959,0.01097363233566284,XArbitraryZVertical,-0.0004295900652194743,-0.0005628793199081325,-0.0003285521506664694,0.9999997963717578,0.04571349918842316,-0.0667516216635704,-0.9967218637466431,0,0,0,-1,-1,3542.123566166667,unknown,2,2026-04-24T18:34:45.265+02:00,2026-04-24T18:20:19.173+02:00,16,0.7102333,0,0,12.45568,0,0,2026-04-24T18:28:28.837+02:00,798741318.8894778,0,1.99,101.5412,1,0.85,0
2026-04-24T18:35:19.428+02:00,1777048513.800981,53.56897219751585,9.882953190205464,38.55946,-1,-1,-1,-1,9.519085617248134,5.63601519283635,-9999,3576.281349375,0.0416107177734375,-0.066162109375,-0.992584228515625,3576.276312375,-0.0006870841730333053,-0.001230349782048386,-0.0009961030562417119,-0.009951347485184669,-0.006962659303098917,-0.002894478617236018,-0.001895066350698471,0.003335192799568176,0.01001095771789551,XArbitraryZVertical,-0.0004982626729070472,-0.0006150035770990514,-0.0003432355494513196,0.9999997269344396,0.04561151564121246,-0.06661339849233627,-0.9967358112335205,0,0,0,-1,-1,3542.123566166667,unknown,2,2026-04-24T18:34:45.265+02:00,2026-04-24T18:20:19.173+02:00,16,0.7102333,0,0,12.45568,0,0,2026-04-24T18:28:28.837+02:00,798741318.8894778,0,1.99,101.5412,1,0.85,0
2026-04-24T18:35:19.438+02:00,1777048513.800981,53.56897219751585,9.882953190205464,38.55946,-1,-1,-1,-1,9.519085617248134,5.63601519283635,-9999,3576.291424375,0.0421295166015625,-0.0630950927734375,-0.9947967529296875,3576.286386375,-0.0007054704870800482,-0.001263771560699577,-0.001071563921233689,-0.008264821022748947,-0.002393739763647318,-0.00175471231341362,-0.004060249775648117,0.00223676860332489,0.005027890205383301,XArbitraryZVertical,-0.0005360046775124654,-0.0006316966126817082,-0.00035239655862258,0.9999996050064006,0.04557942971587181,-0.06653732061386108,-0.9967423677444458,0,0,0,-1,-1,3542.123566166667,unknown,2,2026-04-24T18:34:45.265+02:00,2026-04-24T18:20:19.173+02:00,16,0.7102333,0,0,12.45568,0,0,2026-04-24T18:28:28.837+02:00,798741318.8894778,0,1.99,101.5412,1,0.85,0
2026-04-24T18:35:19.448+02:00,1777048513.800981,53.56897219751585,9.882953190205464,38.55946,-1,-1,-1,-1,9.519085617248134,5.63601519283635,-9999,3576.301498375,0.04302978515625,-0.0572662353515625,-0.998870849609375,3576.296461375,-0.000702622245462862,-0.001268771099391708,-0.00112441727262095,-0.003070591716095805,-0.0003239312209188938,0.001843750942498446,-0.003536276519298553,0.0001548156142234802,0.003459930419921875,XArbitraryZVertical,-0.0005624312800424952,-0.0006341878064441403,-0.0003509543040273565,0.9999996599409616,0.04557425528764725,-0.06648477911949158,-0.9967460632324219,0,0,0,-1,-1,3542.123566166667,unknown,2,2026-04-24T18:34:45.265+02:00,2026-04-24T18:20:19.173+02:00,16,0.7102333,0,0,12.45568,0,0,2026-04-24T18:28:28.837+02:00,798741318.8894778,0,1.99,101.5412,1,0.85,0
2026-04-24T18:35:19.458+02:00,1777048513.800981,53.56897219751585,9.882953190205464,38.55946,-1,-1,-1,-1,9.519085617248134,5.63601519283635,-9999,3576.311573375,0.0427093505859375,-0.062896728515625,-1.000640869140625,3576.306535375,-0.0006920106914472963,-0.001235092622524076,-0.00109540254053961,-0.001718398183584213,-0.001452312339097261,0.00175173906609416,-0.002760414034128189,0.007416896522045135,-0.0005717873573303223,XArbitraryZVertical,-0.0005479147543812626,-0.0006173566061436158,-0.000345666974025264,0.9999996461981556,0.04560710862278938,-0.06651419401168823,-0.9967426061630249,0,0,0,-1,-1,3542.123566166667,unknown,2,2026-04-24T18:34:45.265+02:00,2026-04-24T18:20:19.173+02:00,16,0.7102333,0,0,12.45568,0,0,2026-04-24T18:28:28.837+02:00,798741318.8894778,0,1.99,101.5412,1,0.85,0
2026-04-24T18:35:19.468+02:00,1777048513.800981,53.56897219751585,9.882953190205464,38.55946,-1,-1,-1,-1,9.519085617248134,5.63601519283635,-9999,3576.321647375,0.0445556640625,-0.063262939453125,-0.99713134765625,3576.316610375,-0.0006667966161443332,-0.001210218006702071,-0.001049810054434586,-0.001444891560822725,-0.0001777233555912971,0.001301132258959115,-0.002447810024023056,0.007204122841358185,-0.0031699538230896,XArbitraryZVertical,-0.0005251066125202291,-0.0006049338382888432,-0.0003330805654165814,0.9999996381412168,0.04563019797205925,-0.06656081229448318,-0.9967384338378906,0,0,0,-1,-1,3542.123566166667,unknown,2,2026-04-24T18:34:45.265+02:00,2026-04-24T18:20:19.173+02:00,16,0.7102333,0,0,12.45568,0,0,2026-04-24T18:28:28.837+02:00,798741318.8894778,0,1.99,101.5412,1,0.85,0
2026-04-24T18:35:19.478+02:00,1777048513.800981,53.56897219751585,9.882953190205464,38.55946,-1,-1,-1,-1,9.519085617248134,5.63601519283635,-9999,3576.331722375,0.047698974609375,-0.0612335205078125,-0.9929962158203125,3576.326685375,-0.0006548156236123109,-0.001211321383679119,-0.000997757252817374,0.003495005890727043,-0.002666447311639786,-0.0008363208035007119,-0.002506934106349945,0.002404250204563141,-0.003249704837799072,XArbitraryZVertical,-0.0004990767985440651,-0.000605497226092618,-0.0003271055625782556,0.9999996124875029,0.04562828689813614,-0.06661324948072433,-0.9967350363731384,0,0,0,-1,-1,3542.123566166667,unknown,2,2026-04-24T18:34:45.265+02:00,2026-04-24T18:20:19.173+02:00,16,0.7102333,0,0,12.45568,0,0,2026-04-24T18:28:28.837+02:00,798741318.8894778,0,1.99,101.5412,1,0.85,0
2026-04-24T18:35:19.488+02:00,1777048513.800981,53.56897219751585,9.882953190205464,38.55946,-1,-1,-1,-1,9.519085617248134,5.63601519283635,-9999,3576.341797375,0.048797607421875,-0.06427001953125,-0.98687744140625,3576.336759375,-0.0006634903896739914,-0.001242250052042694,-0.0009351910642767721,0.003001255914568901,-0.001639266032725573,-0.002789483172819018,0.001292221248149872,0.004983909428119659,0.00126415491104126,XArbitraryZVertical,-0.0004678014461520716,-0.0006209697505711446,-0.0003314546474402256,0.9999996604063496,0.04559805616736412,-0.06667520850896835,-0.9967322945594788,0,0,0,-1,-1,3542.123566166667,unknown,2,2026-04-24T18:34:45.265+02:00,2026-04-24T18:20:19.173+02:00,16,0.7102333,0,0,12.45568,0,0,2026-04-24T18:28:28.837+02:00,798741318.8894778,0,1.99,101.5412,1,0.85,0
2026-04-24T18:35:19.498+02:00,1777048513.800981,53.56897219751585,9.882953190205464,38.55946,-1,-1,-1,-1,9.519085617248134,5.63601519283635,-9999,3576.351871375,0.046966552734375,-0.0701904296875,-0.9852447509765625,3576.346834375,-0.0006858796256721955,-0.001271051735135212,-0.0009125619923401044,0.001567889237776399,-0.003033431712538004,-0.002625698922201991,0.004004955291748047,0.004456102848052979,0.006696105003356934,XArbitraryZVertical,-0.0004564988126078779,-0.0006353692501692188,-0.0003426497259486418,0.999999626137361,0.04557086154818535,-0.06669670343399048,-0.9967320561408997,0,0,0,-1,-1,3542.123566166667,unknown,2,2026-04-24T18:34:45.265+02:00,2026-04-24T18:20:19.173+02:00,16,0.7102333,0,0,12.45568,0,0,2026-04-24T18:28:28.837+02:00,798741318.8894778,0,1.99,101.5412,1,0.85,0
2026-04-24T18:35:19.508+02:00,1777048513.800981,53.56897219751585,9.882953190205464,38.55946,-1,-1,-1,-1,9.519085617248134,5.63601519283635,-9999,3576.361946375,0.045623779296875,-0.0713958740234375,-0.98736572265625,3576.356909375,-0.0007242033194144741,-0.001312586560288947,-0.0009299753724891655,-0.003462023101747036,-0.004775139037519693,-0.003330904059112072,0.002502631396055222,-0.0008731111884117126,0.01075798273086548,XArbitraryZVertical,-0.0004652251806821168,-0.0006561247420355017,-0.0003617963640827536,0.9999996175703499,0.04553205147385597,-0.06667755544185638,-0.996735155582428,0,0,0,-1,-1,3542.123566166667,unknown,2,2026-04-24T18:34:45.265+02:00,2026-04-24T18:20:19.173+02:00,16,0.7102333,0,0,12.45568,0,0,2026-04-24T18:28:28.837+02:00,798741318.8894778,0,1.99,101.5412,1,0.85,0
2026-04-24T18:35:19.519+02:00,1777048513.800981,53.56897219751585,9.882953190205464,38.55946,-1,-1,-1,-1,9.519085617248134,5.63601519283635,-9999,3576.372020375,0.0464324951171875,-0.06793212890625,-0.99041748046875,3576.366983375,-0.0007734796054534469,-0.001390052208061164,-0.00098594428251491,-0.0027750872541219,-0.006107518449425697,-0.003894628491252661,4.35560941696167e-05,-0.004608564078807831,0.01035326719284058,XArbitraryZVertical,-0.0004932407620769376,-0.0006948352633029202,-0.0003863970262150952,0.9999995571967906,0.04545816406607628,-0.06661946326494217,-0.9967423677444458,0,0,0,-1,-1,3542.123566166667,unknown,2,2026-04-24T18:34:45.265+02:00,2026-04-24T18:20:19.173+02:00,16,0.7102333,0,0,12.45568,0,0,2026-04-24T18:28:28.837+02:00,798741318.8894778,0,1.99,101.5412,1,0.85,0
2026-04-24T18:35:19.528+02:00,1777048513.800981,53.56897219751585,9.882953190205464,38.55946,-1,-1,-1,-1,9.519085617248134,5.63601519283635,-9999,3576.382095375,0.0451507568359375,-0.0667877197265625,-0.99212646484375,3576.377058375,-0.0008052119691673413,-0.001484834760109454,-0.001057112981305482,-0.007746409624814987,-0.01021810714155436,-0.003004600061103702,0.0008377991616725922,-0.003338217735290527,0.007417380809783936,XArbitraryZVertical,-0.0005288552001759017,-0.0007422043775153418,-0.0004022134130227931,0.9999994641068276,0.0453658252954483,-0.06654704362154007,-0.9967514276504517,0,0,0,-1,-1,3542.123566166667,unknown,2,2026-04-24T18:34:45.265+02:00,2026-04-24T18:20:19.173+02:00,16,0.7102333,0,0,12.45568,0,0,2026-04-24T18:28:28.837+02:00,798741318.8894778,0,1.99,101.5412,1,0.85,0
2026-04-24T18:35:19.538+02:00,1777048513.800981,53.56897219751585,9.882953190205464,38.55946,-1,-1,-1,-1,9.519085617248134,5.63601519283635,-9999,3576.392170375,0.0459136962890625,-0.0670318603515625,-0.994354248046875,3576.387132375,-0.0008466340036392071,-0.001574386450233668,-0.001160272889871768,-0.003742773551493883,-0.004755963571369648,-0.005217287223786116,0.0002528764307498932,-0.001611903309822083,0.005536198616027832,XArbitraryZVertical,-0.0005804693657990463,-0.0007869472956287263,-0.0004228600732596511,0.9999995134307207,0.0452793650329113,-0.06644229590892792,-0.9967623353004456,0,0,0,-1,-1,3542.123566166667,unknown,2,2026-04-24T18:34:45.265+02:00,2026-04-24T18:20:19.173+02:00,16,0.7102333,0,0,12.45568,0,0,2026-04-24T18:28:28.837+02:00,798741318.8894778,0,1.99,101.5412,1,0.85,0
2026-04-24T18:35:19.548+02:00,1777048513.800981,53.56897219751585,9.882953190205464,38.55946,-1,-1,-1,-1,9.519085617248134,5.63601519283635,-9999,3576.402244375,0.041046142578125,-0.0693511962890625,-0.9935150146484375,3576.397207375,-0.0008816574938469315,-0.001609028893027526,-0.001242800039969739,-0.003714011516422033,-0.001569491811096668,-0.003292088396847248,0.00121583417057991,0.0002268031239509583,0.003284931182861328,XArbitraryZVertical,-0.0006217543180377066,-0.0008042401263331438,-0.0004403285419861944,0.9999994722438086,0.04524719342589378,-0.06635840237140656,-0.9967694282531738,0,0,0,-1,-1,3542.123566166667,unknown,2,2026-04-24T18:34:45.265+02:00,2026-04-24T18:20:19.173+02:00,16,0.7102333,0,0,12.45568,0,0,2026-04-24T18:28:28.837+02:00,798741318.8894778,0,1.99,101.5412,1,0.85,0
2026-04-24T18:35:19.559+02:00,1777048513.800981,53.56897219751585,9.882953190205464,38.55946,-1,-1,-1,-1,9.519085617248134,5.63601519283635,-9999,3576.412319375,0.0384368896484375,-0.0632781982421875,-0.992523193359375,3576.407282375,-0.0008756739320775862,-0.001608841064604313,-0.001284053613858057,-0.00129357073456049,0.003037244081497192,0.001843018922954798,-0.00125586986541748,-0.002758979797363281,0.002662062644958496,XArbitraryZVertical,-0.0006423786593949982,-0.0008041390508605653,-0.0004373202342289582,0.9999994355102471,0.04524696990847588,-0.06631756573915482,-0.9967721104621887,0,0,0,-1,-1,3542.123566166667,unknown,2,2026-04-24T18:34:45.265+02:00,2026-04-24T18:20:19.173+02:00,16,0.7102333,0,0,12.45568,0,0,2026-04-24T18:28:28.837+02:00,798741318.8894778,0,1.99,101.5412,1,0.85,0
2026-04-24T18:35:19.569+02:00,1777048513.800981,53.56897219751585,9.882953190205464,38.55946,-1,-1,-1,-1,9.519085617248134,5.63601519283635,-9999,3576.422393375,0.0431671142578125,-0.0577392578125,-0.9925689697265625,3576.417356375,-0.0008624162604776751,-0.00156100909193698,-0.001299107824981735,0.004332889337092638,0.00262738368473947,0.001876574708148837,-0.006322789937257767,-0.001171186566352844,0.003561139106750488,XArbitraryZVertical,-0.0006498901055317765,-0.000780224061386941,-0.0004307008734168039,0.9999994882783436,0.04529375210404396,-0.06630318611860275,-0.996770977973938,0,0,0,-1,-1,3542.123566166667,unknown,2,2026-04-24T18:34:45.265+02:00,2026-04-24T18:20:19.173+02:00,16,0.7102333,0,0,12.45568,0,0,2026-04-24T18:28:28.837+02:00,798741318.8894778,0,1.99,101.5412,1,0.85,0
2026-04-24T18:35:19.579+02:00,1777048513.800981,53.56897219751585,9.882953190205464,38.55946,-1,-1,-1,-1,9.519085617248134,5.63601519283635,-9999,3576.432468375,0.045867919921875,-0.061431884765625,-0.98956298828125,3576.427431375,-0.000852494184841305,-0.00148532473953057,-0.001233152684411587,0.01781737990677357,0.003369340673089027,0.0004218892718199641,-0.005146339535713196,0.00699741393327713,0.004957139492034912,XArbitraryZVertical,-0.000616892623387544,-0.0007423992655343737,-0.0004257889652470349,0.9999994617630569,0.04536852240562439,-0.06636937707662582,-0.9967631697654724,0,0,0,-1,-1,3542.123566166667,unknown,2,2026-04-24T18:34:45.265+02:00,2026-04-24T18:20:19.173+02:00,16,0.7102333,0,0,12.45568,0,0,2026-04-24T18:28:28.837+02:00,798741318.8894778,0,1.99,101.5412,1,0.85,0
2026-04-24T18:35:19.589+02:00,1777048513.800981,53.56897219751585,9.882953190205464,38.55946,-1,-1,-1,-1,9.519085617248134,5.63601519283635,-9999,3576.442543375,0.0452117919921875,-0.0627288818359375,-0.9884796142578125,3576.437505375,-0.0008317216245019399,-0.001406316902158974,-0.001020599912658942,0.01988159492611885,0.008324151858687401,0.00268610892817378,-0.0002035722136497498,0.007088176906108856,0.005183577537536621,XArbitraryZVertical,-0.000510592134724099,-0.0007029459650401919,-0.0004155017850224307,0.9999996245897831,0.04544589668512344,-0.06658221036195755,-0.9967454671859741,0,0,0,-1,-1,3542.123566166667,unknown,2,2026-04-24T18:34:45.265+02:00,2026-04-24T18:20:19.173+02:00,16,0.7102333,0,0,12.45568,0,0,2026-04-24T18:28:28.837+02:00,798741318.8894778,0,1.99,101.5412,1,0.85,0
2026-04-24T18:35:19.615+02:00,1777048513.800981,53.56897219751585,9.882953190205464,38.55946,-1,-1,-1,-1,9.519085617248134,5.63601519283635,-9999,3576.452617375,0.0446624755859375,-0.061126708984375,-0.9872283935546875,3576.447580375,-0.000804516015464522,-0.00135469334964502,-0.0008059450492362116,0.01266325730830431,0.003110747784376144,0.001085549127310514,-0.0003142431378364563,0.004099056124687195,0.007867693901062012,XArbitraryZVertical,-0.0004032448161336533,-0.0006771843462828694,-0.000401984879525221,0.9999997091775386,0.04549553245306015,-0.06679742783308029,-0.996728777885437,0,0,0,-1,-1,3542.123566166667,unknown,2,2026-04-24T18:34:45.265+02:00,2026-04-24T18:20:19.173+02:00,16,0.7102333,0,0,12.45568,0,0,2026-04-24T18:28:28.837+02:00,798741318.8894778,0,1.99,101.5412,1,0.85,0
2026-04-24T18:35:19.617+02:00,1777048513.800981,53.56897219751585,9.882953190205464,38.55946,-1,-1,-1,-1,9.519085617248134,5.63601519283635,-9999,3576.462692375,0.0447540283203125,-0.0697784423828125,-0.988922119140625,3576.457655375,-0.0007884170351418222,-0.001306809402114884,-0.0006802847280961249,0.00953404325991869,0.002379177371039987,-0.0008327257819473743,-0.0008491724729537964,0.005125313997268677,0.009367763996124268,XArbitraryZVertical,-0.0003403997966563662,-0.0006532704034440737,-0.0003939861042801815,0.9999997667959721,0.04554218426346779,-0.06692342460155487,-0.9967182278633118,0,0,0,-1,-1,3542.123566166667,unknown,2,2026-04-24T18:34:45.265+02:00,2026-04-24T18:20:19.173+02:00,16,0.7102333,0,0,12.45568,0,0,2026-04-24T18:28:28.837+02:00,798741318.8894778,0,1.99,101.5412,1,0.85,0
2026-04-24T18:35:19.621+02:00,1777048513.800981,53.56897219751585,9.882953190205464,38.55946,-1,-1,-1,-1,9.519085617248134,5.63601519283635,-9999,3576.472766375,0.046173095703125,-0.076812744140625,-0.9929656982421875,3576.467729375,-0.0007745744987105349,-0.001273347104288867,-0.0006070632581464176,0.005550220143049955,0.001700071152299643,0.002881451742723584,-0.00101892277598381,0.002437092363834381,0.009361326694488525,XArbitraryZVertical,-0.0003037780941889088,-0.0006365558332834647,-0.0003870938655402205,0.9999997468521616,0.045574601739645,-0.06699704378843307,-0.996711790561676,0,0,0,-1,-1,3542.123566166667,unknown,2,2026-04-24T18:34:45.265+02:00,2026-04-24T18:20:19.173+02:00,16,0.7102333,0,0,12.45568,0,0,2026-04-24T18:28:28.837+02:00,798741318.8894778,0,1.99,101.5412,1,0.85,0
2026-04-24T18:35:19.630+02:00,1777048513.800981,53.56897219751585,9.882953190205464,38.55946,-1,-1,-1,-1,9.519085617248134,5.63601519283635,-9999,3576.482841375,0.046234130859375,-0.0715789794921875,-0.9918975830078125,3576.477804375,-0.0007480461458878727,-0.001236353613043491,-0.0005913801230038897,-0.001364677213132381,0.003589584026485682,0.0007844787323847413,0.0001361779868602753,-0.00792200118303299,0.005162417888641357,XArbitraryZVertical,-0.0002959211580122837,-0.000618066030380678,-0.0003738401444005891,0.9999998112619071,0.04560968652367592,-0.06701391935348511,-0.9967090487480164,0,0,0,-1,-1,3542.123566166667,unknown,2,2026-04-24T18:34:45.265+02:00,2026-04-24T18:20:19.173+02:00,16,0.7102333,0,0,12.45568,0,0,2026-04-24T18:28:28.837+02:00,798741318.8894778,0,1.99,101.5412,1,0.85,0
2026-04-24T18:35:19.639+02:00,1777048513.800981,53.56897219751585,9.882953190205464,38.55946,-1,-1,-1,-1,9.519085617248134,5.63601519283635,-9999,3576.49291625,0.0481109619140625,-0.0679931640625,-0.9911346435546875,3576.487878375,-0.0007312400374693296,-0.00124868845714816,-0.0005910106790451706,-0.003063401207327843,-0.001467758789658546,-0.0006863183807581663,0.0003327205777168274,-0.008531205356121063,0.004583120346069336,XArbitraryZVertical,-0.0002957335117099118,-0.0006242360365924795,-0.0003654354030626708,0.9999997584220026,0.04559624940156937,-0.06701506674289703,-0.9967095851898193,0,0,0,-1,-1,3542.123566166667,unknown,2,2026-04-24T18:34:45.265+02:00,2026-04-24T18:20:19.173+02:00,16,0.7102333,0,0,12.45568,0,0,2026-04-24T18:28:28.837+02:00,798741318.8894778,0,1.99,101.5412,1,0.85,0
2026-04-24T18:35:19.649+02:00,1777048513.800981,53.56897219751585,9.882953190205464,38.55946,-1,-1,-1,-1,9.519085617248134,5.63601519283635,-9999,3576.50299025,0.0491485595703125,-0.0665130615234375,-0.9922027587890625,3576.49795325,-0.0007318657911065285,-0.001307925506210615,-0.0006105930588824246,-0.003354218322783709,-0.003662203904241323,0.0006220926297828555,0.001765012741088867,-0.002645604312419891,0.005685746669769287,XArbitraryZVertical,-0.0003055357300275103,-0.0006538508813263084,-0.000365733121172977,0.9999997230013169,0.04553724825382233,-0.0669955238699913,-0.9967135787010193,0,0,0,-1,-1,3542.123566166667,unknown,2,2026-04-24T18:34:45.265+02:00,2026-04-24T18:20:19.173+02:00,16,0.7102333,0,0,12.45568,0,0,2026-04-24T18:28:28.837+02:00,798741318.8894778,0,1.99,101.5412,1,0.85,0
2026-04-24T18:35:19.660+02:00,1777048513.800981,53.56897219751585,9.882953190205464,38.55946,-1,-1,-1,-1,9.519085617248134,5.63601519283635,-9999,3576.51306525,0.0463104248046875,-0.06634521484375,-0.9929656982421875,3576.50802825,-0.0007548292580313938,-0.001360879769752761,-0.0006657922648032983,0.001179014449007809,-0.001930349972099066,-0.001830678666010499,0.004135582596063614,0.0006857588887214661,0.005203604698181152,XArbitraryZVertical,-0.0003331528170339665,-0.0006803140730014594,-0.0003771879775193717,0.9999996910205532,0.04548601433634758,-0.06693942844867706,-0.9967196583747864,0,0,0,-1,-1,3542.123566166667,unknown,2,2026-04-24T18:34:45.265+02:00,2026-04-24T18:20:19.173+02:00,16,0.7102333,0,0,12.45568,0,0,2026-04-24T18:28:28.837+02:00,798741318.8894778,0,1.99,101.5412,1,0.85,0
2026-04-24T18:35:19.669+02:00,1777048513.800981,53.56897219751585,9.882953190205464,38.55946,-1,-1,-1,-1,9.519085617248134,5.63601519283635,-9999,3576.52314025,0.0440673828125,-0.06195068359375,-0.993804931640625,3576.51810225,-0.0007766939448540763,-0.001361082797485892,-0.000681710334596669,0.003123122034594417,0.003274532034993172,-0.000759821617975831,0.00135720893740654,0.0002873912453651428,0.005143642425537109,XArbitraryZVertical,-0.0003411193346214958,-0.000680408870211815,-0.0003881148755506291,0.99999965724589,0.04548728838562965,-0.06692253798246384,-0.9967207908630371,0,0,0,-1,-1,3542.123566166667,unknown,2,2026-04-24T18:34:45.265+02:00,2026-04-24T18:20:19.173+02:00,16,0.7102333,0,0,12.45568,0,0,2026-04-24T18:28:28.837+02:00,798741318.8894778,0,1.99,101.5412,1,0.85,0
2026-04-24T18:35:19.679+02:00,1777048513.800981,53.56897219751585,9.882953190205464,38.55946,-1,-1,-1,-1,9.519085617248134,5.63601519283635,-9999,3576.53321425,0.0441436767578125,-0.0593109130859375,-0.9910736083984375,3576.52817725,-0.0007852508422289408,-0.001337432953847451,-0.0006617272522658533,0.006173559930175543,0.002643362851813436,-0.000638048630207777,0.0001581273972988129,0.00280936062335968,0.002440392971038818,XArbitraryZVertical,-0.0003311260593548813,-0.0006685864006380997,-0.0003924040285535311,0.99999969385829,0.04551144316792488,-0.06694205850362778,-0.9967183470726013,0,0,0,-1,-1,3542.123566166667,unknown,2,2026-04-24T18:34:45.265+02:00,2026-04-24T18:20:19.173+02:00,16,0.7102333,0,0,12.45568,0,0,2026-04-24T18:28:28.837+02:00,798741318.8894778,0,1.99,101.5412,1,0.85,0
2026-04-24T18:35:19.689+02:00,1777048513.800981,53.56897219751585,9.882953190205464,38.55946,-1,-1,-1,-1,9.519085617248134,5.63601519283635,-9999,3576.54328925,0.0453338623046875,-0.063751220703125,-0.991485595703125,3576.53825125,-0.0007859378650254452,-0.001319062384503912,-0.0006603009332925007,2.938113175332546e-05,0.001756796613335609,-1.060788054019213e-05,-0.001203004270792007,0.006671227514743805,0.004804611206054688,XArbitraryZVertical,-0.0003304095235221438,-0.0006594012887326545,-0.0003927510531680544,0.9999996963886866,0.0455297976732254,-0.0669434443116188,-0.9967173933982849,0,0,0,-1,-1,3542.123566166667,unknown,2,2026-04-24T18:34:45.265+02:00,2026-04-24T18:20:19.173+02:00,16,0.7102333,0,0,12.45568,0,0,2026-04-24T18:28:28.837+02:00,798741318.8894778,0,1.99,101.5412,1,0.85,0
2026-04-24T18:35:19.699+02:00,1777048513.800981,53.56897219751585,9.882953190205464,38.55946,-1,-1,-1,-1,9.519085617248134,5.63601519283635,-9999,3576.55336325,0.044647216796875,-0.0702667236328125,-0.9905853271484375,3576.54832625,-0.000781995433594766,-0.001305287757049769,-0.0006804544645720025,-0.0008094081422314048,0.003313414286822081,0.001043071737512946,-0.0003009326756000519,0.006071478128433228,0.006224393844604492,XArbitraryZVertical,-0.0003404823022578033,-0.0006525107026742882,-0.0003907755454787492,0.9999996739881328,0.04554325714707375,-0.06692354381084442,-0.996718168258667,0,0,0,-1,-1,3542.123566166667,unknown,2,2026-04-24T18:34:45.265+02:00,2026-04-24T18:20:19.173+02:00,16,0.7102333,0,0,12.45568,0,0,2026-04-24T18:28:28.837+02:00,798741318.8894778,0,1.99,101.5412,1,0.85,0
2026-04-24T18:35:19.709+02:00,1777048513.800981,53.56897219751585,9.882953190205464,38.55946,-1,-1,-1,-1,9.519085617248134,5.63601519283635,-9999,3576.56343825,0.0440521240234375,-0.0718536376953125,-0.9912109375,3576.55840125,-0.0007694079405974057,-0.001296725980052964,-0.0006843782530523745,-0.006450516171753407,0.0003373315557837486,0.00238024489954114,-0.0007968991994857788,-0.0006456971168518066,0.005858004093170166,XArbitraryZVertical,-0.0003424384251696811,-0.0006482311695449914,-0.0003844819664645625,0.9999997308691004,0.04555094614624977,-0.06692022830247879,-0.9967179894447327,0,0,0,-1,-1,3542.123566166667,unknown,2,2026-04-24T18:34:45.265+02:00,2026-04-24T18:20:19.173+02:00,16,0.7102333,0,0,12.45568,0,0,2026-04-24T18:28:28.837+02:00,798741318.8894778,0,1.99,101.5412,1,0.85,0
2026-04-24T18:35:19.720+02:00,1777048513.800981,53.56897219751585,9.882953190205464,38.55946,-1,-1,-1,-1,9.519085617248134,5.63601519283635,-9999,3576.57351325,0.045318603515625,-0.0701904296875,-0.9923858642578125,3576.56847525,-0.000728442534453967,-0.001288995474821039,-0.0007366647365614834,-0.009491473436355591,-0.001653913874179125,0.001113445847295225,-0.001015458256006241,-0.005593962967395782,0.006380021572113037,XArbitraryZVertical,-0.0003685669754818006,-0.00064436341123391,-0.0003639837465449644,0.9999997213352487,0.04555587470531464,-0.06687003374099731,-0.9967211484909058,0,0,0,-1,-1,3542.123566166667,unknown,2,2026-04-24T18:34:45.265+02:00,2026-04-24T18:20:19.173+02:00,16,0.7102333,0,0,12.45568,0,0,2026-04-24T18:28:28.837+02:00,798741318.8894778,0,1.99,101.5412,1,0.85,0
2026-04-24T18:35:19.730+02:00,1777048513.800981,53.56897219751585,9.882953190205464,38.55946,-1,-1,-1,-1,9.519085617248134,5.63601519283635,-9999,3576.58358725,0.04803466796875,-0.06878662109375,-0.9933013916015625,3576.57855025,-0.0007070171881070072,-0.001309288904951309,-0.0008114941397002448,-0.006222975440323353,-0.00499538192525506,0.00192517729010433,-0.0009479932487010956,-0.004126407206058502,0.005516171455383301,XArbitraryZVertical,-0.0004059783483607663,-0.000654500842953551,-0.0003532428440611068,0.9999996913536984,0.04553419351577759,-0.06679645925760269,-0.9967271089553833,0,0,0,-1,-1,3542.123566166667,unknown,2,2026-04-24T18:34:45.265+02:00,2026-04-24T18:20:19.173+02:00,16,0.7102333,0,0,12.45568,0,0,2026-04-24T18:28:28.837+02:00,798741318.8894778,0,1.99,101.5412,1,0.85,0
2026-04-24T18:35:19.740+02:00,1777048513.800981,53.56897219751585,9.882953190205464,38.55946,-1,-1,-1,-1,9.519085617248134,5.63601519283635,-9999,3576.59366225,0.0474853515625,-0.0628662109375,-0.9915008544921875,3576.58862425,-0.0007076784306032068,-0.001346478592831659,-0.0008426062728680386,-0.0001292367815040052,-0.00445236312225461,-0.001584536163136363,0.001713544130325317,-0.002753645181655884,0.00376516580581665,XArbitraryZVertical,-0.0004215412117090444,-0.0006730900560571652,-0.0003535554511613277,0.9999996430485273,0.04549716413021088,-0.06676541268825531,-0.9967308640480042,0,0,0,-1,-1,3542.123566166667,unknown,2,2026-04-24T18:34:45.265+02:00,2026-04-24T18:20:19.173+02:00,16,0.7102333,0,0,12.45568,0,0,2026-04-24T18:28:28.837+02:00,798741318.8894778,0,1.99,101.5412,1,0.85,0
2026-04-24T18:35:19.750+02:00,1777048513.800981,53.56897219751585,9.882953190205464,38.55946,-1,-1,-1,-1,9.519085617248134,5.63601519283635,-9999,3576.60373625,0.0475616455078125,-0.0561065673828125,-0.9915313720703125,3576.59869925,-0.0007467231979252929,-0.001401834123342814,-0.0008140371295522551,0.007150514051318169,-0.00758424075320363,-0.004129186738282442,0.002437464892864227,0.0004620850086212158,0.004284560680389404,XArbitraryZVertical,-0.0004072801081129094,-0.0007007649107699548,-0.0003730761699878023,0.9999996326850942,0.04544463008642197,-0.06679205596446991,-0.9967314600944519,0,0,0,-1,-1,3542.123566166667,unknown,2,2026-04-24T18:34:45.265+02:00,2026-04-24T18:20:19.173+02:00,16,0.7102333,0,0,12.45568,0,0,2026-04-24T18:28:28.837+02:00,798741318.8894778,0,1.99,101.5412,1,0.85,0
2026-04-24T18:35:19.760+02:00,1777048513.800981,53.56897219751585,9.882953190205464,38.55946,-1,-1,-1,-1,9.519085617248134,5.63601519283635,-9999,3576.61381125,0.04510498046875,-0.0599517822265625,-0.99127197265625,3576.60877425,-0.0007846330738609369,-0.001474494328972711,-0.0007517149927747067,0.006912108045071363,-0.005132800899446011,-0.003329039551317692,0.001790151000022888,0.007800877094268799,0.004772007465362549,XArbitraryZVertical,-0.0003761465694046137,-0.0007370994922376174,-0.00039203927061997,0.9999996371948278,0.04537478089332581,-0.0668523982167244,-0.996730625629425,0,0,0,-1,-1,3542.123566166667,unknown,2,2026-04-24T18:34:45.265+02:00,2026-04-24T18:20:19.173+02:00,16,0.7102333,0,0,12.45568,0,0,2026-04-24T18:28:28.837+02:00,798741318.8894778,0,1.99,101.5412,1,0.85,0
2026-04-24T18:35:19.770+02:00,1777048513.800981,53.56897219751585,9.882953190205464,38.55946,-1,-1,-1,-1,9.519085617248134,5.63601519283635,-9999,3576.62388625,0.0452880859375,-0.065704345703125,-0.991058349609375,3576.61884825,-0.0008179850642009119,-0.001532241423856507,-0.0007018638519519339,0.006461767479777336,-0.004897377453744411,-0.004039837047457695,0.001097772270441055,0.01062609255313873,0.005015432834625244,XArbitraryZVertical,-0.0003512451189378828,-0.0007659769861746629,-0.0004087235134227005,0.9999995758825374,0.04531947895884514,-0.06690051406621933,-0.9967299103736877,0,0,0,-1,-1,3542.123566166667,unknown,2,2026-04-24T18:34:45.265+02:00,2026-04-24T18:20:19.173+02:00,16,0.7102333,0,0,12.45568,0,0,2026-04-24T18:28:28.837+02:00,798741318.8894778,0,1.99,101.5412,1,0.85,0
2026-04-24T18:35:19.780+02:00,1777048513.800981,53.56897219751585,9.882953190205464,38.55946,-1,-1,-1,-1,9.519085617248134,5.63601519283635,-9999,3576.63396025,0.0438385009765625,-0.0693817138671875,-0.99053955078125,3576.62892325,-0.0008709039272742461,-0.00158195178757161,-0.0006488937256961398,0.008384675718843937,-0.003894164692610502,-0.003229637397453189,-0.0008093863725662231,0.00435926765203476,0.005929648876190186,XArbitraryZVertical,-0.0003247911482960666,-0.0007908343929536706,-0.0004351951497319754,0.9999995661066887,0.04527351260185242,-0.06695083528757095,-0.9967285990715027,0,0,0,-1,-1,3542.123566166667,unknown,2,2026-04-24T18:34:45.265+02:00,2026-04-24T18:20:19.173+02:00,16,0.7102333,0,0,12.45568,0,0,2026-04-24T18:28:28.837+02:00,798741318.8894778,0,1.99,101.5412,1,0.85,0
2026-04-24T18:35:19.790+02:00,1777048513.800981,53.56897219751585,9.882953190205464,38.55946,-1,-1,-1,-1,9.519085617248134,5.63601519283635,-9999,3576.64403525,0.0426177978515625,-0.0700836181640625,-0.99127197265625,3576.63899725,-0.0008867606729165099,-0.001624487555799739,-0.0006384505484277507,-0.00581343425437808,-0.001317290123552084,-0.0008564946474507451,0.0002237595617771149,0.0005389750003814697,0.005686759948730469,XArbitraryZVertical,-0.0003195852601612331,-0.0008121020170426149,-0.0004431208577647275,0.9999995359860271,0.04523218795657158,-0.06696049869060516,-0.996729850769043,0,0,0,-1,-1,3542.123566166667,unknown,2,2026-04-24T18:34:45.265+02:00,2026-04-24T18:20:19.173+02:00,16,0.7102333,0,0,12.45568,0,0,2026-04-24T18:28:28.837+02:00,798741318.8894778,0,1.99,101.5412,1,0.85,0
2026-04-24T18:35:19.800+02:00,1777048513.800981,53.56897219751585,9.882953190205464,38.55946,-1,-1,-1,-1,9.519085617248134,5.63601519283635,-9999,3576.65410925,0.042999267578125,-0.0702056884765625,-0.9907989501953125,3576.64907225,-0.0008795620647753134,-0.001641179868540316,-0.0006967888048459274,-0.01349681429564953,0.0002390611916780472,0.0004088399873580784,-0.003131303936243057,-0.003882847726345062,0.005859255790710449,XArbitraryZVertical,-0.0003487551152883233,-0.0008204364749190203,-0.0004394949433879153,0.9999995315480186,0.04521505907177925,-0.06690268963575363,-0.9967344999313354,0,0,0,-1,-1,3542.123566166667,unknown,2,2026-04-24T18:34:45.265+02:00,2026-04-24T18:20:19.173+02:00,16,0.7102333,0,0,12.45568,0,0,2026-04-24T18:28:28.837+02:00,798741318.8894778,0,1.99,101.5412,1,0.85,0
2026-04-24T18:35:19.810+02:00,1777048513.800981,53.56897219751585,9.882953190205464,38.55946,-1,-1,-1,-1,9.519085617248134,5.63601519283635,-9999,3576.66418425,0.0430145263671875,-0.0733489990234375,-0.9911956787109375,3576.65914725,-0.0008637129028951797,-0.001621779392001755,-0.0008250240183977843,-0.014391103759408,0.002720328280702233,0.003448572009801865,-0.002966452389955521,-0.002865493297576904,0.005546510219573975,XArbitraryZVertical,-0.0004128619962260013,-0.0008107112871288713,-0.0004315217419563091,0.9999995294376339,0.04523331299424171,-0.06677562743425369,-0.9967421889305115,0,0,0,-1,-1,3542.123566166667,unknown,2,2026-04-24T18:34:45.265+02:00,2026-04-24T18:20:19.173+02:00,16,0.7102333,0,0,12.45568,0,0,2026-04-24T18:28:28.837+02:00,798741318.8894778,0,1.99,101.5412,1,0.85,0
2026-04-24T18:35:19.821+02:00,1777048513.800981,53.56897219751585,9.882953190205464,38.55946,-1,-1,-1,-1,9.519085617248134,5.63601519283635,-9999,3576.67425925,0.04156494140625,-0.071258544921875,-0.989990234375,3576.66922125,-0.0008318372950913113,-0.001566154614854132,-0.0009389665817219258,-0.009857018478214741,0.002595425816252828,0.00368852261453867,-0.001921094954013824,-0.005586817860603333,0.005643129348754883,XArbitraryZVertical,-0.0004698087581147744,-0.0007828817611370077,-0.00041555079647536,0.9999995549216134,0.04528659209609032,-0.06666356325149536,-0.9967472553253174,0,0,0,-1,-1,3542.123566166667,unknown,2,2026-04-24T18:34:45.265+02:00,2026-04-24T18:20:19.173+02:00,16,0.7102333,0,0,12.45568,0,0,2026-04-24T18:28:28.837+02:00,798741318.8894778,0,1.99,101.5412,1,0.85,0
2026-04-24T18:35:19.831+02:00,1777048513.800981,53.56897219751585,9.882953190205464,38.55946,-1,-1,-1,-1,9.519085617248134,5.63601519283635,-9999,3576.68433325,0.04364013671875,-0.0613555908203125,-0.9925384521484375,3576.67929625,-0.0008075561675569521,-0.001514849160460881,-0.001016816420328569,-0.004056387115269899,0.002775988075882196,0.001342011382803321,-0.003404911607503891,-0.007433287799358368,0.006851434707641602,XArbitraryZVertical,-0.000508713799000648,-0.0007572190146005731,-0.0004033927976464671,0.9999995680318454,0.04533608257770538,-0.06658710539340973,-0.9967501163482666,0,0,0,-1,-1,3542.123566166667,unknown,2,2026-04-24T18:34:45.265+02:00,2026-04-24T18:20:19.173+02:00,16,0.7102333,0,0,12.45568,0,0,2026-04-24T18:28:28.837+02:00,798741318.8894778,0,1.99,101.5412,1,0.85,0
2026-04-24T18:35:19.841+02:00,1777048513.800981,53.56897219751585,9.882953190205464,38.55946,-1,-1,-1,-1,9.519085617248134,5.63601519283635,-9999,3576.69440825,0.04656982421875,-0.05670166015625,-0.9930267333984375,3576.68937025,-0.0008013483018537133,-0.001459607415643611,-0.001031658157686125,0.01057912036776543,0.005386418662965298,0.00113854615483433,-0.003642652183771133,-0.0001998767256736755,0.006071746349334717,XArbitraryZVertical,-0.0005161212877805947,-0.0007295968040739367,-0.0004002975241228241,0.9999995259945071,0.04539071768522263,-0.06657259911298752,-0.9967486262321472,0,0,0,-1,-1,3542.123566166667,unknown,2,2026-04-24T18:34:45.265+02:00,2026-04-24T18:20:19.173+02:00,16,0.7102333,0,0,12.45568,0,0,2026-04-24T18:28:28.837+02:00,798741318.8894778,0,1.99,101.5412,1,0.85,0
2026-04-24T18:35:19.851+02:00,1777048513.800981,53.56897219751585,9.882953190205464,38.55946,-1,-1,-1,-1,9.519085617248134,5.63601519283635,-9999,3576.70448225,0.0463714599609375,-0.0563507080078125,-0.9934234619140625,3576.69944525,-0.0008051634949334951,-0.001412887618895557,-0.0009522975856171689,0.01574485562741756,0.005643147509545088,0.001668515265919268,0.0004303790628910065,0.009003810584545135,0.004294335842132568,XArbitraryZVertical,-0.0004764330087946088,-0.0007062519098929856,-0.0004022452098298276,0.9999995770530297,0.04543755203485489,-0.06665152311325073,-0.9967411756515503,0,0,0,-1,-1,3542.123566166667,unknown,2,2026-04-24T18:34:45.265+02:00,2026-04-24T18:20:19.173+02:00,16,0.7102333,0,0,12.45568,0,0,2026-04-24T18:28:28.837+02:00,798741318.8894778,0,1.99,101.5412,1,0.85,0
2026-04-24T18:35:19.861+02:00,1777048513.800981,53.56897219751585,9.882953190205464,38.55946,-1,-1,-1,-1,9.519085617248134,5.63601519283635,-9999,3576.71455725,0.04693603515625,-0.0580291748046875,-0.9920654296875,3576.70952025,-0.0008059608212552428,-0.001370656115382992,-0.0007582713950832264,0.02322982996702194,0.00346548086963594,1.056439941748977e-05,0.001624185591936111,0.01049414277076721,0.002600967884063721,XArbitraryZVertical,-0.0003794117449379934,-0.000685175119552196,-0.000402720446555589,0.9999996054456499,0.04547971487045288,-0.06684485822916031,-0.9967263340950012,0,0,0,-1,-1,3542.123566166667,unknown,2,2026-04-24T18:34:45.265+02:00,2026-04-24T18:20:19.173+02:00,16,0.7102333,0,0,12.45568,0,0,2026-04-24T18:28:28.837+02:00,798741318.8894778,0,1.99,101.5412,1,0.85,0
2026-04-24T18:35:19.871+02:00,1777048513.800981,53.56897219751585,9.882953190205464,38.55946,-1,-1,-1,-1,9.519085617248134,5.63601519283635,-9999,3576.72463225,0.04559326171875,-0.0602569580078125,-0.9918670654296875,3576.71959425,-0.0008080998531263856,-0.001334329879511788,-0.0005328069372263865,0.01852934807538986,0.00329344067722559,0.0002718205214478076,0.0009011663496494293,0.01044408977031708,0.004033803939819336,XArbitraryZVertical,-0.0002666729530924799,-0.0006670571737455,-0.0004038720774281952,0.9999996575680394,0.04551608487963676,-0.06706947088241577,-0.9967095851898193,0,0,0,-1,-1,3542.123566166667,unknown,2,2026-04-24T18:34:45.265+02:00,2026-04-24T18:20:19.173+02:00,16,0.7102333,0,0,12.45568,0,0,2026-04-24T18:28:28.837+02:00,798741318.8894778,0,1.99,101.5412,1,0.85,0
2026-04-24T18:35:19.881+02:00,1777048513.800981,53.56897219751585,9.882953190205464,38.55946,-1,-1,-1,-1,9.519085617248134,5.63601519283635,-9999,3576.73470625,0.045684814453125,-0.0666046142578125,-0.994384765625,3576.72966925,-0.0008026125745685295,-0.0013127951637561,-0.0003526703379841249,0.01216269005089998,0.002817800035700202,0.000931884627789259,0.0008190236985683441,0.008090920746326447,0.004936277866363525,XArbitraryZVertical,-0.0001765985397871307,-0.0006563267348841137,-0.0004011904547231373,0.9999996464909928,0.04553719237446785,-0.06724925339221954,-0.9966964721679688,0,0,0,-1,-1,3542.123566166667,unknown,2,2026-04-24T18:34:45.265+02:00,2026-04-24T18:20:19.173+02:00,16,0.7102333,0,0,12.45568,0,0,2026-04-24T18:28:28.837+02:00,798741318.8894778,0,1.99,101.5412,1,0.85,0
2026-04-24T18:35:19.891+02:00,1777048513.800981,53.56897219751585,9.882953190205464,38.55946,-1,-1,-1,-1,9.519085617248134,5.63601519283635,-9999,3576.74478125,0.0429534912109375,-0.07562255859375,-0.9939727783203125,3576.73974425,-0.0007809925342518782,-0.00130648579412828,-0.0002705826691962685,0.001002446748316288,0.001673439750447869,0.00214468827471137,0.0006005577743053436,0.005839154124259949,0.004335343837738037,XArbitraryZVertical,-0.0001355463751528158,-0.000653189922133163,-0.0003904077671607442,0.999999765493237,0.04554203525185585,-0.06733208894729614,-0.9966906905174255,0,0,0,-1,-1,3542.123566166667,unknown,2,2026-04-24T18:34:45.265+02:00,2026-04-24T18:20:19.173+02:00,16,0.7102333,0,0,12.45568,0,0,2026-04-24T18:28:28.837+02:00,798741318.8894778,0,1.99,101.5412,1,0.85,0
2026-04-24T18:35:19.901+02:00,1777048513.800981,53.56897219751585,9.882953190205464,38.55946,-1,-1,-1,-1,9.519085617248134,5.63601519283635,-9999,3576.75485525,0.044097900390625,-0.07586669921875,-0.9906005859375,3576.74981825,-0.0007596193106052509,-0.001290241308966339,-0.0002795237787984637,-0.007901405915617943,0.00163935124874115,0.001922181225381792,-0.0007874779403209686,-0.004392139613628387,0.001893818378448486,XArbitraryZVertical,-0.0001400068609633807,-0.0006450674196249312,-0.0003797193681596967,0.9999997943589081,0.04555678367614746,-0.06732418388128281,-0.9966905117034912,0,0,0,-1,-1,3542.123566166667,unknown,2,2026-04-24T18:34:45.265+02:00,2026-04-24T18:20:19.173+02:00,16,0.7102333,0,0,12.45568,0,0,2026-04-24T18:28:28.837+02:00,798741318.8894778,0,1.99,101.5412,1,0.85,0
2026-04-24T18:35:19.911+02:00,1777048513.800981,53.56897219751585,9.882953190205464,38.55946,-1,-1,-1,-1,9.519085617248134,5.63601519283635,-9999,3576.76493025,0.0472869873046875,-0.072357177734375,-0.9888458251953125,3576.75989325,-0.0007402272053709747,-0.001300944064330785,-0.0003614797706090457,-0.01482349447906017,1.375749707221985e-05,-0.0001348444493487477,-0.002057231962680817,-0.009645640850067139,0.004798948764801025,XArbitraryZVertical,-0.0001809805680339912,-0.000650404985989273,-0.0003699959147493554,0.9999997818668488,0.04554479569196701,-0.06724341213703156,-0.9966965317726135,0,0,0,-1,-1,3542.123566166667,unknown,2,2026-04-24T18:34:45.265+02:00,2026-04-24T18:20:19.173+02:00,16,0.7102333,0,0,12.45568,0,0,2026-04-24T18:28:28.837+02:00,798741318.8894778,0,1.99,101.5412,1,0.85,0
2026-04-24T18:35:19.921+02:00,1777048513.800981,53.56897219751585,9.882953190205464,38.55946,-1,-1,-1,-1,9.519085617248134,5.63601519283635,-9999,3576.77500525,0.048828125,-0.070648193359375,-0.98834228515625,3576.76996725,-0.0007395140080477604,-0.001357860963869765,-0.0005360288550461635,-0.01661947555840015,-0.00544625474140048,0.0003118342719972134,0.0006240755319595337,-0.006645739078521729,0.007544577121734619,XArbitraryZVertical,-0.000268265360809769,-0.0006788312015284454,-0.0003695749028074058,0.9999997497031052,0.04548800364136696,-0.06706948578357697,-0.9967108368873596,0,0,0,-1,-1,3542.123566166667,unknown,2,2026-04-24T18:34:45.265+02:00,2026-04-24T18:20:19.173+02:00,16,0.7102333,0,0,12.45568,0,0,2026-04-24T18:28:28.837+02:00,798741318.8894778,0,1.99,101.5412,1,0.85,0
2026-04-24T18:35:19.931+02:00,1777048513.800981,53.56897219751585,9.882953190205464,38.55946,-1,-1,-1,-1,9.519085617248134,5.63601519283635,-9999,3576.78507925,0.04437255859375,-0.0693817138671875,-0.9908905029296875,3576.78004225,-0.00074568175377042,-0.001373068509874064,-0.0007167852544277978,-0.01194456405937672,-0.00152022298425436,-0.0001603441778570414,0.002302039414644241,-0.00414063036441803,0.008228778839111328,XArbitraryZVertical,-0.000358648448788665,-0.0006864004296992268,-0.0003725946772313235,0.9999997124832497,0.04547324776649475,-0.06688904017210007,-0.9967236518859863,0,0,0,-1,-1,3542.123566166667,unknown,2,2026-04-24T18:34:45.265+02:00,2026-04-24T18:20:19.173+02:00,16,0.7102333,0,0,12.45568,0,0,2026-04-24T18:28:28.837+02:00,798741318.8894778,0,1.99,101.5412,1,0.85,0
2026-04-24T18:35:19.941+02:00,1777048513.800981,53.56897219751585,9.882953190205464,38.55946,-1,-1,-1,-1,9.519085617248134,5.63601519283635,-9999,3576.79515425,0.0448150634765625,-0.063201904296875,-0.99267578125,3576.79011725,-0.0007602508336583389,-0.001388371076078652,-0.0008395586878247778,-0.003259676042944193,-0.002532490994781256,-0.003851751796901226,0.001217678189277649,-0.00406530499458313,0.007062792778015137,XArbitraryZVertical,-0.0004200430413491085,-0.0006940257423791204,-0.0003798338451821037,0.9999996850691119,0.04545896872878075,-0.06676599383354187,-0.9967325329780579,0,0,0,-1,-1,3542.123566166667,unknown,2,2026-04-24T18:34:45.265+02:00,2026-04-24T18:20:19.173+02:00,16,0.7102333,0,0,12.45568,0,0,2026-04-24T18:28:28.837+02:00,798741318.8894778,0,1.99,101.5412,1,0.85,0
2026-04-24T18:35:19.951+02:00,1777048513.800981,53.56897219751585,9.882953190205464,38.55946,-1,-1,-1,-1,9.519085617248134,5.63601519283635,-9999,3576.80522825,0.045379638671875,-0.0599365234375,-0.993896484375,3576.80019125,-0.0007746708069733936,-0.001405508994846569,-0.0008567876124283983,0.008886735886335373,-0.001118884887546301,-7.512295269407332e-05,-0.0007803700864315033,0.0009217262268066406,0.004043459892272949,XArbitraryZVertical,-0.0004286658193640303,-0.000702588329033128,-0.000387034173261165,0.999999673709298,0.0454428605735302,-0.06674814969301224,-0.9967344999313354,0,0,0,-1,-1,3542.123566166667,unknown,2,2026-04-24T18:34:45.265+02:00,2026-04-24T18:20:19.173+02:00,16,0.7102333,0,0,12.45568,0,0,2026-04-24T18:28:28.837+02:00,798741318.8894778,0,1.99,101.5412,1,0.85,0
2026-04-24T18:35:19.962+02:00,1777048513.800981,53.56897219751585,9.882953190205464,38.55946,-1,-1,-1,-1,9.519085617248134,5.63601519283635,-9999,3576.81530325,0.0448150634765625,-0.05682373046875,-0.993072509765625,3576.81026625,-0.000768753133468716,-0.001422862254840544,-0.0007378425540843975,0.0172360111027956,-0.0003668079152703285,0.000985680497251451,1.551210880279541e-05,0.004870504140853882,0.004753470420837402,XArbitraryZVertical,-0.0003691945657528945,-0.0007112890854219957,-0.0003841139306075517,0.9999997125134615,0.0454251766204834,-0.06686697900295258,-0.9967273473739624,0,0,0,-1,-1,3542.123566166667,unknown,2,2026-04-24T18:34:45.265+02:00,2026-04-24T18:20:19.173+02:00,16,0.7102333,0,0,12.45568,0,0,2026-04-24T18:28:28.837+02:00,798741318.8894778,0,1.99,101.5412,1,0.85,0
2026-04-24T18:35:19.972+02:00,1777048513.800981,53.56897219751585,9.882953190205464,38.55946,-1,-1,-1,-1,9.519085617248134,5.63601519283635,-9999,3576.82537825,0.043426513671875,-0.0554046630859375,-0.98944091796875,3576.82034025,-0.0007690228696473854,-0.001398978000960562,-0.0005611476618726215,0.02043206989765167,0.002999427728354931,0.000643464270979166,0.000220566987991333,0.008678175508975983,0.001459896564483643,XArbitraryZVertical,-0.0002808426986597469,-0.0006993809786568793,-0.0003843150569240269,0.9999996446137279,0.04544900730252266,-0.06704305112361908,-0.9967144131660461,0,0,0,-1,-1,3542.123566166667,unknown,2,2026-04-24T18:34:45.265+02:00,2026-04-24T18:20:19.173+02:00,16,0.7102333,0,0,12.45568,0,0,2026-04-24T18:28:28.837+02:00,798741318.8894778,0,1.99,101.5412,1,0.85,0
2026-04-24T18:35:19.982+02:00,1777048513.800981,53.56897219751585,9.882953190205464,38.55946,-1,-1,-1,-1,9.519085617248134,5.63601519283635,-9999,3576.83545225,0.042022705078125,-0.062652587890625,-0.990509033203125,3576.83041525,-0.0007500299340281379,-0.001339355872638383,-0.0003210366599871795,0.01978609524667263,0.007800840772688389,0.002423987258225679,-0.001485548913478851,0.01245840638875961,0.006049215793609619,XArbitraryZVertical,-0.0001607694232663115,-0.0006696176421784173,-0.0003749073784308453,0.9999996800683129,0.04550717025995255,-0.06728325039148331,-0.9966955780982971,0,0,0,-1,-1,3542.123566166667,unknown,2,2026-04-24T18:34:45.265+02:00,2026-04-24T18:20:19.173+02:00,16,0.7102333,0,0,12.45568,0,0,2026-04-24T18:28:28.837+02:00,798741318.8894778,0,1.99,101.5412,1,0.85,0
2026-04-24T18:35:19.992+02:00,1777048513.800981,53.56897219751585,9.882953190205464,38.55946,-1,-1,-1,-1,9.519085617248134,5.63601519283635,-9999,3576.84552725,0.042236328125,-0.071441650390625,-0.991424560546875,3576.84049025,-0.000727743243254018,-0.001239554469223833,-9.616109428293454e-05,0.0188973993062973,0.0136555340141058,0.003462087595835328,-0.003017865121364594,0.008517935872077942,0.00723499059677124,XArbitraryZVertical,-4.830605186030875e-05,-0.0006197596304251386,-0.0003638417278538307,0.99999978515832,0.04560515657067299,-0.06750841438770294,-0.9966758489608765,0,0,0,-1,-1,3542.123566166667,unknown,2,2026-04-24T18:34:45.265+02:00,2026-04-24T18:20:19.173+02:00,16,0.7102333,0,0,12.45568,0,0,2026-04-24T18:28:28.837+02:00,798741318.8894778,0,1.99,101.5412,1,0.85,0
2026-04-24T18:35:20.002+02:00,1777048513.800981,53.56897219751585,9.882953190205464,38.55946,-1,-1,-1,-1,9.519085617248134,5.63601519283635,-9999,3576.85560125,0.04486083984375,-0.0732421875,-0.9907379150390625,3576.85056425,-0.0006965869260937613,-0.001127354665224198,7.271723872397231e-05,0.007525593508034945,0.007908165454864502,0.003889258718118072,-0.003951568156480789,5.121529102325439e-05,0.005082190036773682,XArbitraryZVertical,3.616228534323696e-05,-0.000563689917270163,-0.0003483138860730169,0.999999805351954,0.04571488872170448,-0.06767817586660385,-0.9966593384742737,0,0,0,-1,-1,3542.123566166667,unknown,2,2026-04-24T18:34:45.265+02:00,2026-04-24T18:20:19.173+02:00,16,0.7102333,0,0,12.45568,0,0,2026-04-24T18:28:28.837+02:00,798741318.8894778,0,1.99,101.5412,1,0.85,0
2026-04-24T18:35:20.012+02:00,1777048513.800981,53.56897219751585,9.882953190205464,38.55946,-1,-1,-1,-1,9.519085617248134,5.63601519283635,-9999,3576.86567625,0.04718017578125,-0.0737762451171875,-0.99163818359375,3576.86063925,-0.0006585812233506411,-0.001033245748019315,0.0001155528928080444,-0.00205699261277914,0.008906052447855473,0.003999513573944569,-0.002547431737184525,-0.005122818052768707,0.005441188812255859,XArbitraryZVertical,5.760631527898994e-05,-0.0005166418365779217,-0.0003293204029657365,0.9999998315921631,0.04580611735582352,-0.06772264838218689,-0.9966521263122559,0,0,0,-1,-1,3542.123566166667,unknown,2,2026-04-24T18:34:45.265+02:00,2026-04-24T18:20:19.173+02:00,16,0.7102333,0,0,12.45568,0,0,2026-04-24T18:28:28.837+02:00,798741318.8894778,0,1.99,101.5412,1,0.85,0
2026-04-24T18:35:20.022+02:00,1777048513.800981,53.56897219751585,9.882953190205464,38.55946,-1,-1,-1,-1,9.519085617248134,5.63601519283635,-9999,3576.87575125,0.047882080078125,-0.07568359375,-0.993072509765625,3576.87071325,-0.000618658406656628,-0.0009562155492023654,3.040284689003495e-05,-0.01535037346184254,0.003384254407137632,0.002408274449408054,0.0009643137454986572,-0.005114264786243439,0.005245029926300049,XArbitraryZVertical,1.505352790156522e-05,-0.0004781124230928929,-0.0003093364227658163,0.9999998641163002,0.04588018357753754,-0.06763965636491776,-0.9966543316841125,0,0,0,-1,-1,3542.123566166667,unknown,2,2026-04-24T18:34:45.265+02:00,2026-04-24T18:20:19.173+02:00,16,0.7102333,0,0,12.45568,0,0,2026-04-24T18:28:28.837+02:00,798741318.8894778,0,1.99,101.5412,1,0.85,0
2026-04-24T18:35:20.032+02:00,1777048513.800981,53.56897219751585,9.882953190205464,38.55946,-1,-1,-1,-1,9.519085617248134,5.63601519283635,-9999,3576.88582525,0.049652099609375,-0.077178955078125,-0.996002197265625,3576.88078825,-0.0005892724522911426,-0.00095269032562838,-0.0001762411780307844,-0.02364052832126617,0.001071831677109003,0.002761143259704113,0.001771513372659683,-0.006768405437469482,0.005091011524200439,XArbitraryZVertical,-8.826091898528305e-05,-0.000476319133871999,-0.0002945941961084697,0.9999998915290964,0.04588169977068901,-0.06743509322404861,-0.9966681599617004,0,0,0,-1,-1,3542.123566166667,unknown,2,2026-04-24T18:34:45.265+02:00,2026-04-24T18:20:19.173+02:00,16,0.7102333,0,0,12.45568,0,0,2026-04-24T18:28:28.837+02:00,798741318.8894778,0,1.99,101.5412,1,0.85,0
2026-04-24T18:35:20.042+02:00,1777048513.800981,53.56897219751585,9.882953190205464,38.55946,-1,-1,-1,-1,9.519085617248134,5.63601519283635,-9999,3576.89590025,0.053009033203125,-0.0736083984375,-0.99395751953125,3576.89086325,-0.0005944020087884162,-0.001003563191704434,-0.0004250503830621164,-0.0200133565813303,-0.008806630969047546,-0.001857909839600325,0.002386458218097687,-0.0103125125169754,0.002332985401153564,XArbitraryZVertical,-0.0002126742701259824,-0.000501718346471738,-0.0002970942956491795,0.999999871467406,0.04583133012056351,-0.06718688458204269,-0.9966872334480286,0,0,0,-1,-1,3542.123566166667,unknown,2,2026-04-24T18:34:45.265+02:00,2026-04-24T18:20:19.173+02:00,16,0.7102333,0,0,12.45568,0,0,2026-04-24T18:28:28.837+02:00,798741318.8894778,0,1.99,101.5412,1,0.85,0
2026-04-24T18:35:20.052+02:00,1777048513.800981,53.56897219751585,9.882953190205464,38.55946,-1,-1,-1,-1,9.519085617248134,5.63601519283635,-9999,3576.90597425,0.051361083984375,-0.062896728515625,-0.9918975830078125,3576.90093725,-0.0006298706800108585,-0.001118668542141486,-0.0006612905518897375,-0.01781092211604118,-0.01563604176044464,-0.004909093491733074,0.006176173686981201,-0.009054265916347504,0.0005840659141540527,XArbitraryZVertical,-0.0003308213367726865,-0.0005592300194293705,-0.0003147503089423404,0.9999997971556226,0.04571898281574249,-0.06694976985454559,-0.9967083334922791,0,0,0,-1,-1,3542.123566166667,unknown,2,2026-04-24T18:34:45.265+02:00,2026-04-24T18:20:19.173+02:00,16,0.7102333,0,0,12.45568,0,0,2026-04-24T18:28:28.837+02:00,798741318.8894778,0,1.99,101.5412,1,0.85,0
2026-04-24T18:35:20.062+02:00,1777048513.800981,53.56897219751585,9.882953190205464,38.55946,-1,-1,-1,-1,9.519085617248134,5.63601519283635,-9999,3576.91604925,0.050689697265625,-0.0582122802734375,-0.9935455322265625,3576.91101225,-0.0006967463560617277,-0.001314454874594087,-0.0008676937598456322,-0.01227591466158628,-0.0240151472389698,-0.007899823598563671,0.006702505052089691,-0.001938886940479279,0.003948509693145752,XArbitraryZVertical,-0.0004340756836501003,-0.0006570761129014736,-0.0003480879085344033,0.9999996822733752,0.045528344810009,-0.06674092262983322,-0.9967310428619385,0,0,0,-1,-1,3542.123566166667,unknown,2,2026-04-24T18:34:45.265+02:00,2026-04-24T18:20:19.173+02:00,16,0.7102333,0,0,12.45568,0,0,2026-04-24T18:28:28.837+02:00,798741318.8894778,0,1.99,101.5412,1,0.85,0
2026-04-24T18:35:20.072+02:00,1777048513.800981,53.56897219751585,9.882953190205464,38.55946,-1,-1,-1,-1,9.519085617248134,5.63601519283635,-9999,3576.92612425,0.045745849609375,-0.05859375,-0.997894287109375,3576.92108625,-0.0007672968253204213,-0.001553751210837211,-0.001042261726273621,-0.01545040216296911,-0.02355175465345383,-0.005956514738500118,0.005791865289211273,0.006810195744037628,0.004367709159851074,XArbitraryZVertical,-0.0005214286775473149,-0.0007766754137223328,-0.0003832433717949757,0.9999995146839189,0.04529457539319992,-0.06656362861394882,-0.9967535734176636,0,0,0,-1,-1,3542.123566166667,unknown,2,2026-04-24T18:34:45.265+02:00,2026-04-24T18:20:19.173+02:00,16,0.7102333,0,0,12.45568,0,0,2026-04-24T18:28:28.837+02:00,798741318.8894778,0,1.99,101.5412,1,0.85,0
2026-04-24T18:35:20.082+02:00,1777048513.800981,53.56897219751585,9.882953190205464,38.55946,-1,-1,-1,-1,9.519085617248134,5.63601519283635,-9999,3576.93619825,0.04461669921875,-0.0652008056640625,-0.9948883056640625,3576.93116125,-0.0007963429077128225,-0.001826501588923684,-0.001272016298506642,-0.03215720877051353,-0.02648682706058025,-0.0008086905581876636,0.003589875996112823,0.009097538888454437,-0.0003196597099304199,XArbitraryZVertical,-0.000636371425402095,-0.0009129971765628566,-0.0003975903647201592,0.9999992947809708,0.04502464458346367,-0.06633327156305313,-0.9967811703681946,0,0,0,-1,-1,3542.123566166667,unknown,2,2026-04-24T18:34:45.265+02:00,2026-04-24T18:20:19.173+02:00,16,0.7102333,0,0,12.45568,0,0,2026-04-24T18:28:28.837+02:00,798741318.8894778,0,1.99,101.5412,1,0.85,0
2026-04-24T18:35:20.092+02:00,1777048513.800981,53.56897219751585,9.882953190205464,38.55946,-1,-1,-1,-1,9.519085617248134,5.63601519283635,-9999,3576.94627325,0.043792724609375,-0.073699951171875,-0.99151611328125,3576.94123625,-0.0007840332363332302,-0.002109874324360993,-0.00160514174762808,-0.03692000731825829,-0.02412114106118679,-0.001843594945967197,-0.0004755407571792603,0.005058199167251587,0.0004627704620361328,XArbitraryZVertical,-0.0008029838352758482,-0.001054621928986302,-0.0003911696037594966,0.9999990410089339,0.04474130272865295,-0.06600181758403778,-0.9968159198760986,0,0,0,-1,-1,3542.123566166667,unknown,2,2026-04-24T18:34:45.265+02:00,2026-04-24T18:20:19.173+02:00,16,0.7102333,0,0,12.45568,0,0,2026-04-24T18:28:28.837+02:00,798741318.8894778,0,1.99,101.5412,1,0.85,0
2026-04-24T18:35:20.105+02:00,1777048513.800981,53.56897219751585,9.882953190205464,38.55946,-1,-1,-1,-1,9.519085617248134,5.63601519283635,-9999,3576.95634825,0.0406951904296875,-0.074554443359375,-0.9864654541015625,3576.95131025,-0.0007325964378182008,-0.002364561067657633,-0.00206501582569126,-0.06152468547224998,-0.02590412646532059,0.01447612233459949,0.0002091303467750549,-0.003820605576038361,0.003144145011901855,XArbitraryZVertical,-0.001032940002561194,-0.001181901340146963,-0.0003650770450374302,0.9999987041981713,0.04448387771844864,-0.06554585695266724,-0.9968575239181519,0,0,0,-1,-1,3542.123566166667,unknown,2,2026-04-24T18:34:45.265+02:00,2026-04-24T18:20:19.173+02:00,16,0.7102333,0,0,12.45568,0,0,2026-04-24T18:28:28.837+02:00,798741318.8894778,0,1.99,101.5412,1,0.85,0
2026-04-24T18:35:20.112+02:00,1777048513.800981,53.56897219751585,9.882953190205464,38.55946,-1,-1,-1,-1,9.519085617248134,5.63601519283635,-9999,3576.96642225,0.0428466796875,-0.07586669921875,-0.98187255859375,3576.96138525,-0.0005813780517043219,-0.002614462001619999,-0.002728641513786865,-0.07263166457414627,-0.02234534546732903,0.005386488046497107,-0.002445846796035767,-0.01157034188508987,0.006662249565124512,XArbitraryZVertical,-0.00136469901895746,-0.001306832679328065,-0.0002889050030859167,0.9999982380224842,0.04422442987561226,-0.06489146500825882,-0.996911883354187,0,0,0,-1,-1,3542.123566166667,unknown,2,2026-04-24T18:34:45.265+02:00,2026-04-24T18:20:19.173+02:00,16,0.7102333,0,0,12.45568,0,0,2026-04-24T18:28:28.837+02:00,798741318.8894778,0,1.99,101.5412,1,0.85,0
2026-04-24T18:35:20.123+02:00,1777048513.800981,53.56897219751585,9.882953190205464,38.55946,-1,-1,-1,-1,9.519085617248134,5.63601519283635,-9999,3576.97649725,0.0388641357421875,-0.087799072265625,-0.9864349365234375,3576.97145925,-0.0005787068706759877,-0.002785550658728602,-0.003366892484387412,-0.07006800174713135,-0.02224574238061905,0.002778853522613645,-0.002290256321430206,-0.008422240614891052,0.01388263702392578,XArbitraryZVertical,-0.001683846560535661,-0.001392285582642444,-0.0002870080488948006,0.9999976828334922,0.0440535768866539,-0.06425537914037704,-0.9969606399536133,0,0,0,-1,-1,3542.123566166667,unknown,2,2026-04-24T18:34:45.265+02:00,2026-04-24T18:20:19.173+02:00,16,0.7102333,0,0,12.45568,0,0,2026-04-24T18:28:28.837+02:00,798741318.8894778,0,1.99,101.5412,1,0.85,0
2026-04-24T18:35:20.133+02:00,1777048513.800981,53.56897219751585,9.882953190205464,38.55946,-1,-1,-1,-1,9.519085617248134,5.63601519283635,-9999,3576.98657125,0.045623779296875,-0.06585693359375,-0.9828338623046875,3576.98153425,-0.000508185872069551,-0.002987472767858865,-0.003993122184929429,-0.06151046603918076,-0.02314908616244793,0.006002876441925764,-0.002373971045017242,-0.02063988894224167,0.01377898454666138,XArbitraryZVertical,-0.001996936871900149,-0.00149322538041403,-0.0002511097923209952,0.9999969344121605,0.04384737834334373,-0.06363441795110703,-0.9970095753669739,0,0,0,-1,-1,3542.123566166667,unknown,2,2026-04-24T18:34:45.265+02:00,2026-04-24T18:20:19.173+02:00,16,0.7102333,0,0,12.45568,0,0,2026-04-24T18:28:28.837+02:00,798741318.8894778,0,1.99,101.5412,1,0.85,0
2026-04-24T18:35:20.143+02:00,1777048513.800981,53.56897219751585,9.882953190205464,38.55946,-1,-1,-1,-1,9.519085617248134,5.63601519283635,-9999,3576.99664625,0.047637939453125,-0.05023193359375,-0.9835968017578125,3576.99160925,-0.0005194876579704056,-0.003170892134520785,-0.004507109308825239,-0.04599563777446747,-0.0220009982585907,-0.005253572948276997,-0.002893660217523575,-0.01628526300191879,0.01114928722381592,XArbitraryZVertical,-0.002253961629913752,-0.001584855965874732,-0.0002561699534222178,0.999996178811531,0.04366515949368477,-0.0631214901804924,-0.9970501661300659,0,0,0,-1,-1,3542.123566166667,unknown,2,2026-04-24T18:34:45.265+02:00,2026-04-24T18:20:19.173+02:00,16,0.7102333,0,0,12.45568,0,0,2026-04-24T18:28:28.837+02:00,798741318.8894778,0,1.99,101.5412,1,0.85,0
2026-04-24T18:35:20.153+02:00,1777048513.800981,53.56897219751585,9.882953190205464,38.55946,-1,-1,-1,-1,9.519085617248134,5.63601519283635,-9999,3577.00672125,0.0463104248046875,-0.0479888916015625,-0.9898834228515625,3577.00168325,-0.0005572955801562468,-0.003347667838260609,-0.004859616918687886,-0.02260136231780052,-0.02178048714995384,-0.004295900464057922,0.00445174053311348,0.00727207213640213,0.01558899879455566,XArbitraryZVertical,-0.002430268915020661,-0.001673151028427889,-0.0002745794768163509,0.9999956357062132,0.04349138960242271,-0.06276830285787582,-0.9970800280570984,0,0,0,-1,-1,3542.123566166667,unknown,2,2026-04-24T18:34:45.265+02:00,2026-04-24T18:20:19.173+02:00,16,0.7102333,0,0,12.45568,0,0,2026-04-24T18:28:28.837+02:00,798741318.8894778,0,1.99,101.5412,1,0.85,0
2026-04-24T18:35:20.164+02:00,1777048513.800981,53.56897219751585,9.882953190205464,38.55946,-1,-1,-1,-1,9.519085617248134,5.63601519283635,-9999,3577.01679525,0.046966552734375,-0.0488739013671875,-0.9923095703125,3577.01175825,-0.0006253126975587101,-0.003570283621019846,-0.005015685737792248,-0.004388962872326374,-0.02670600451529026,-0.01087597198784351,0.00422663614153862,0.01332362741231918,0.01014578342437744,XArbitraryZVertical,-0.002508394124139046,-0.00178435097726398,-0.0003081779987848562,0.999995266881436,0.04327398911118507,-0.06260953098535538,-0.9970995187759399,0,0,0,-1,-1,3542.123566166667,unknown,2,2026-04-24T18:34:45.265+02:00,2026-04-24T18:20:19.173+02:00,16,0.7102333,0,0,12.45568,0,0,2026-04-24T18:28:28.837+02:00,798741318.8894778,0,1.99,101.5412,1,0.85,0
2026-04-24T18:35:20.173+02:00,1777048513.800981,53.56897219751585,9.882953190205464,38.55946,-1,-1,-1,-1,9.519085617248134,5.63601519283635,-9999,3577.02687025,0.046417236328125,-0.0478668212890625,-0.9935760498046875,3577.02183225,-0.0007425240770520332,-0.003833492784154995,-0.005006575735942511,0.00583251565694809,-0.02956411056220531,-0.0110615948215127,0.003306232392787933,0.0144868865609169,0.006067216396331787,XArbitraryZVertical,-0.002503991940477907,-0.001915809589582412,-0.0003664620030322763,0.999995024387736,0.04301946982741356,-0.06261312216520309,-0.9971103072166443,0,0,0,-1,-1,3542.123566166667,unknown,2,2026-04-24T18:34:45.265+02:00,2026-04-24T18:20:19.173+02:00,16,0.7102333,0,0,12.45568,0,0,2026-04-24T18:28:28.837+02:00,798741318.8894778,0,1.99,101.5412,1,0.85,0
2026-04-24T18:35:20.183+02:00,1777048513.800981,53.56897219751585,9.882953190205464,38.55946,-1,-1,-1,-1,9.519085617248134,5.63601519283635,-9999,3577.03694425,0.044891357421875,-0.0476531982421875,-0.9941558837890625,3577.03190725,-0.0008562414101948616,-0.00412554037046566,-0.004825996100492527,0.02293565683066845,-0.02927435748279095,-0.01008035335689783,0.004367902874946594,0.01344088464975357,0.004664599895477295,XArbitraryZVertical,-0.002413873326063995,-0.002061729358214007,-0.0004231410593942348,0.9999949293064252,0.0427359975874424,-0.06278781592845917,-0.9971114993095398,0,0,0,-1,-1,3542.123566166667,unknown,2,2026-04-24T18:34:45.265+02:00,2026-04-24T18:20:19.173+02:00,16,0.7102333,0,0,12.45568,0,0,2026-04-24T18:28:28.837+02:00,798741318.8894778,0,1.99,101.5412,1,0.85,0
2026-04-24T18:35:20.193+02:00,1777048513.800981,53.56897219751585,9.882953190205464,38.55946,-1,-1,-1,-1,9.519085617248134,5.63601519283635,-9999,3577.04701925,0.0401611328125,-0.0550537109375,-0.9940032958984375,3577.04198225,-0.0009528993875497216,-0.004409786896503187,-0.004473725199375294,0.0313136912882328,-0.02936943061649799,-0.01158903352916241,0.002935715019702911,0.01586273312568665,0.002609848976135254,XArbitraryZVertical,-0.002237905480192768,-0.002203820067492753,-0.0004715152740859991,0.9999949921104512,0.04245919734239578,-0.06313446909189224,-0.9971014261245728,0,0,0,-1,-1,3542.123566166667,unknown,2,2026-04-24T18:34:45.265+02:00,2026-04-24T18:20:19.173+02:00,16,0.7102333,0,0,12.45568,0,0,2026-04-24T18:28:28.837+02:00,798741318.8894778,0,1.99,101.5412,1,0.85,0
2026-04-24T18:35:20.203+02:00,1777048513.800981,53.56897219751585,9.882953190205464,38.55946,-1,-1,-1,-1,9.519085617248134,5.63601519283635,-9999,3577.05709425,0.0397491455078125,-0.0601654052734375,-0.9932098388671875,3577.05205625,-0.001044005983620743,-0.004687288006097749,-0.004127808956677249,0.02805851213634014,-0.02638349682092667,-0.008690914139151573,0.0009478479623794556,0.01290740817785263,0.003316879272460938,XArbitraryZVertical,-0.002065120329434281,-0.002342559050650369,-0.0005171633445173422,0.9999950479904612,0.04218876361846924,-0.06347505003213882,-0.9970912933349609,0,0,0,-1,-1,3542.123566166667,unknown,2,2026-04-24T18:34:45.265+02:00,2026-04-24T18:20:19.173+02:00,16,0.7102333,0,0,12.45568,0,0,2026-04-24T18:28:28.837+02:00,798741318.8894778,0,1.99,101.5412,1,0.85,0
2026-04-24T18:35:20.213+02:00,1777048513.800981,53.56897219751585,9.882953190205464,38.55946,-1,-1,-1,-1,9.519085617248134,5.63601519283635,-9999,3577.06716825,0.0393524169921875,-0.0667724609375,-0.99273681640625,3577.06213125,-0.001133014915503284,-0.004933468987115467,-0.003797445533792201,0.01823517680168152,-0.02064891159534454,-0.0104089193046093,-0.002368099987506866,0.00584731251001358,0.003748714923858643,XArbitraryZVertical,-0.001900112899921748,-0.002465651429854856,-0.0005618210274627005,0.9999950310037299,0.04194941371679306,-0.06380020081996918,-0.9970806241035461,0,0,0,-1,-1,3542.123566166667,unknown,2,2026-04-24T18:34:45.265+02:00,2026-04-24T18:20:19.173+02:00,16,0.7102333,0,0,12.45568,0,0,2026-04-24T18:28:28.837+02:00,798741318.8894778,0,1.99,101.5412,1,0.85,0
2026-04-24T18:35:20.223+02:00,1777048513.800981,53.56897219751585,9.882953190205464,38.55946,-1,-1,-1,-1,9.519085617248134,5.63601519283635,-9999,3577.07724325,0.03790283203125,-0.0763397216796875,-0.9936676025390625,3577.07220525,-0.001206160717167721,-0.005123369410315316,-0.003573041247210796,0.0104830339550972,-0.01786377653479576,-0.004420802928507328,-0.002412650734186172,0.002298653125762939,0.004978299140930176,XArbitraryZVertical,-0.00178805833112196,-0.002560599862574255,-0.0005985008691246804,0.9999949735549152,0.04176508262753487,-0.06402046978473663,-0.9970742464065552,0,0,0,-1,-1,3542.123566166667,unknown,2,2026-04-24T18:34:45.265+02:00,2026-04-24T18:20:19.173+02:00,16,0.7102333,0,0,12.45568,0,0,2026-04-24T18:28:28.837+02:00,798741318.8894778,0,1.99,101.5412,1,0.85,0
2026-04-24T18:35:20.233+02:00,1777048513.800981,53.56897219751585,9.882953190205464,38.55946,-1,-1,-1,-1,9.519085617248134,5.63601519283635,-9999,3577.08731725,0.038543701171875,-0.070526123046875,-0.9958648681640625,3577.08228025,-0.001253311428532997,-0.00526960604080417,-0.003590370164434521,-0.007285044062882662,-0.01436544861644506,-0.003541693557053804,-0.00393323227763176,-0.008905515074729919,0.003902137279510498,XArbitraryZVertical,-0.001796828553512585,-0.002633670118326471,-0.0006219225074113667,0.9999947744308412,0.04162245616316795,-0.06400099396705627,-0.997081458568573,0,0,0,-1,-1,3542.123566166667,unknown,2,2026-04-24T18:34:45.265+02:00,2026-04-24T18:20:19.173+02:00,16,0.7102333,0,0,12.45568,0,0,2026-04-24T18:28:28.837+02:00,798741318.8894778,0,1.99,101.5412,1,0.85,0
2026-04-24T18:35:20.244+02:00,1777048513.800981,53.56897219751585,9.882953190205464,38.55946,-1,-1,-1,-1,9.519085617248134,5.63601519283635,-9999,3577.09739225,0.0406036376953125,-0.0663299560546875,-0.9942169189453125,3577.09235525,-0.001296856836346636,-0.005385736190093234,-0.003758787955838557,-0.01194280665367842,-0.0163031630218029,-0.002483752323314548,-0.002828501164913177,-0.01154737174510956,0.00213247537612915,XArbitraryZVertical,-0.001881131721786096,-0.002691640775322733,-0.0006433639039903306,0.9999944369418239,0.04150955006480217,-0.06383106112480164,-0.9970970749855042,0,0,0,-1,-1,3542.123566166667,unknown,2,2026-04-24T18:34:45.265+02:00,2026-04-24T18:20:19.173+02:00,16,0.7102333,0,0,12.45568,0,0,2026-04-24T18:28:28.837+02:00,798741318.8894778,0,1.99,101.5412,1,0.85,0
2026-04-24T18:35:20.254+02:00,1777048513.800981,53.56897219751585,9.882953190205464,38.55946,-1,-1,-1,-1,9.519085617248134,5.63601519283635,-9999,3577.10746725,0.0415496826171875,-0.06878662109375,-0.9952392578125,3577.10242925,-0.001310853820998399,-0.005524679368150037,-0.003968132804832377,-0.01762146502733231,-0.01894102618098259,-0.001308232895098627,-0.001927893608808517,-0.004188358783721924,0.002212584018707275,XArbitraryZVertical,-0.001985867592111452,-0.002761029710520978,-0.000649942413354987,0.9999940145782202,0.04137187823653221,-0.06362170726060867,-0.9971161484718323,0,0,0,-1,-1,3542.123566166667,unknown,2,2026-04-24T18:34:45.265+02:00,2026-04-24T18:20:19.173+02:00,16,0.7102333,0,0,12.45568,0,0,2026-04-24T18:28:28.837+02:00,798741318.8894778,0,1.99,101.5412,1,0.85,0
2026-04-24T18:35:20.264+02:00,1777048513.800981,53.56897219751585,9.882953190205464,38.55946,-1,-1,-1,-1,9.519085617248134,5.63601519283635,-9999,3577.11754125,0.04400634765625,-0.0649871826171875,-0.996307373046875,3577.11250425,-0.001342012921936169,-0.005714415766979404,-0.004234731352109139,-0.02419968508183956,-0.02631132304668427,-0.002377425553277135,0.0002887099981307983,-0.004013083875179291,0.003519117832183838,XArbitraryZVertical,-0.002119272188882743,-0.002855776210921603,-0.000664952432809892,0.9999934477888713,0.04118469730019569,-0.06335447728633881,-0.9971409440040588,0,0,0,-1,-1,3542.123566166667,unknown,2,2026-04-24T18:34:45.265+02:00,2026-04-24T18:20:19.173+02:00,16,0.7102333,0,0,12.45568,0,0,2026-04-24T18:28:28.837+02:00,798741318.8894778,0,1.99,101.5412,1,0.85,0
2026-04-24T18:35:20.274+02:00,1777048513.800981,53.56897219751585,9.882953190205464,38.55946,-1,-1,-1,-1,9.519085617248134,5.63601519283635,-9999,3577.12761625,0.04486083984375,-0.05743408203125,-0.9939727783203125,3577.12257825,-0.001391709917740061,-0.005967250306674617,-0.00453704748309001,-0.02537653595209122,-0.02733450941741467,-0.008589249104261398,0.002307593822479248,-0.0048050656914711,0.001351356506347656,XArbitraryZVertical,-0.002270587270722002,-0.002982033719159041,-0.0006890815959395288,0.9999927562943489,0.04093582928180695,-0.063050776720047,-0.9971704483032227,0,0,0,-1,-1,3542.123566166667,unknown,2,2026-04-24T18:34:45.265+02:00,2026-04-24T18:20:19.173+02:00,16,0.7102333,0,0,12.45568,0,0,2026-04-24T18:28:28.837+02:00,798741318.8894778,0,1.99,101.5412,1,0.85,0
2026-04-24T18:35:20.284+02:00,1777048513.800981,53.56897219751585,9.882953190205464,38.55946,-1,-1,-1,-1,9.519085617248134,5.63601519283635,-9999,3577.13769025,0.0452880859375,-0.059295654296875,-0.992218017578125,3577.13265325,-0.001494213671334713,-0.006240574487888453,-0.004797913396047751,-0.02022619545459747,-0.02925065159797668,-0.01004639826714993,0.004312813282012939,0.001582905650138855,0.001745164394378662,XArbitraryZVertical,-0.002401273039130791,-0.003118479822441268,-0.0007396155104199096,0.9999920587801608,0.04067010805010796,-0.06278591603040695,-0.9971979856491089,0,0,0,-1,-1,3542.123566166667,unknown,2,2026-04-24T18:34:45.265+02:00,2026-04-24T18:20:19.173+02:00,16,0.7102333,0,0,12.45568,0,0,2026-04-24T18:28:28.837+02:00,798741318.8894778,0,1.99,101.5412,1,0.85,0
2026-04-24T18:35:20.294+02:00,1777048513.800981,53.56897219751585,9.882953190205464,38.55946,-1,-1,-1,-1,9.519085617248134,5.63601519283635,-9999,3577.14776525,0.0413055419921875,-0.0636444091796875,-0.99151611328125,3577.14272825,-0.00163506197292196,-0.006523546045889238,-0.004956472996968043,-0.006875502876937389,-0.0259304903447628,-0.01581081002950668,0.004905983805656433,0.005553349852561951,0.004223227500915527,XArbitraryZVertical,-0.002480886397204657,-0.003259729926809274,-0.0008094405715139045,0.9999913385645007,0.04039737582206726,-0.06262123584747314,-0.997219443321228,0,0,0,-1,-1,3542.123566166667,unknown,2,2026-04-24T18:34:45.265+02:00,2026-04-24T18:20:19.173+02:00,16,0.7102333,0,0,12.45568,0,0,2026-04-24T18:28:28.837+02:00,798741318.8894778,0,1.99,101.5412,1,0.85,0
2026-04-24T18:35:20.304+02:00,1777048513.800981,53.56897219751585,9.882953190205464,38.55946,-1,-1,-1,-1,9.519085617248134,5.63601519283635,-9999,3577.15784025,0.0367431640625,-0.0585479736328125,-0.9901580810546875,3577.15280225,-0.001757761170296569,-0.006765248630408424,-0.005014882837115144,-0.004020008724182844,-0.02211204916238785,-0.01275509782135487,0.00320088118314743,-8.008629083633423e-05,0.005121707916259766,XArbitraryZVertical,-0.002510396307342316,-0.003380402093949411,-0.0008703909507407636,0.999990787374659,0.04016460478305817,-0.06255724281072617,-0.9972328543663025,0,0,0,-1,-1,3542.123566166667,unknown,2,2026-04-24T18:34:45.265+02:00,2026-04-24T18:20:19.173+02:00,16,0.7102333,0,0,12.45568,0,0,2026-04-24T18:28:28.837+02:00,798741318.8894778,0,1.99,101.5412,1,0.85,0
2026-04-24T18:35:20.314+02:00,1777048513.800981,53.56897219751585,9.882953190205464,38.55946,-1,-1,-1,-1,9.519085617248134,5.63601519283635,-9999,3577.16791425,0.034820556640625,-0.0543670654296875,-0.991241455078125,3577.16287725,-0.001854821681979966,-0.006951057029823784,-0.004963772396451874,0.006058191880583763,-0.01447996404021978,-0.00802665576338768,-0.0008928552269935608,-0.0003388673067092896,0.006575524806976318,XArbitraryZVertical,-0.002485090743428532,-0.003473207502067408,-0.0009187763867864937,0.9999904888658399,0.03998589143157005,-0.06260364502668381,-0.9972371459007263,0,0,0,-1,-1,3542.123566166667,unknown,2,2026-04-24T18:34:45.265+02:00,2026-04-24T18:20:19.173+02:00,16,0.7102333,0,0,12.45568,0,0,2026-04-24T18:28:28.837+02:00,798741318.8894778,0,1.99,101.5412,1,0.85,0
2026-04-24T18:35:20.324+02:00,1777048513.800981,53.56897219751585,9.882953190205464,38.55946,-1,-1,-1,-1,9.519085617248134,5.63601519283635,-9999,3577.17798925,0.033721923828125,-0.0555419921875,-0.99493408203125,3577.17295125,-0.00191664984030884,-0.007106883884868863,-0.004849496196291999,0.004754255060106516,-0.01350524835288525,-0.003469521412625909,-0.004296988248825073,0.007462590932846069,0.007642745971679688,XArbitraryZVertical,-0.002428134570174986,-0.003551098613703554,-0.0009496997102811752,0.9999903223068732,0.03983471915125847,-0.06271467357873917,-0.9972361922264099,0,0,0,-1,-1,3542.123566166667,unknown,2,2026-04-24T18:34:45.265+02:00,2026-04-24T18:20:19.173+02:00,16,0.7102333,0,0,12.45568,0,0,2026-04-24T18:28:28.837+02:00,798741318.8894778,0,1.99,101.5412,1,0.85,0
2026-04-24T18:35:20.334+02:00,1777048513.800981,53.56897219751585,9.882953190205464,38.55946,-1,-1,-1,-1,9.519085617248134,5.63601519283635,-9999,3577.18806325,0.032318115234375,-0.0584716796875,-0.995269775390625,3577.18302625,-0.001942470209818732,-0.007202409779622964,-0.004794709716946709,0.002676989417523146,-0.007301945704966784,-0.001238325028680265,-0.005149539560079575,0.008767217397689819,0.00376737117767334,XArbitraryZVertical,-0.002400833398420824,-0.003598856552769608,-0.0009625924945591972,0.9999902145680839,0.03974122926592827,-0.06276807934045792,-0.9972366094589233,0,0,0,-1,-1,3542.123566166667,unknown,2,2026-04-24T18:34:45.265+02:00,2026-04-24T18:20:19.173+02:00,16,0.7102333,0,0,12.45568,0,0,2026-04-24T18:28:28.837+02:00,798741318.8894778,0,1.99,101.5412,1,0.85,0
2026-04-24T18:35:20.344+02:00,1777048513.800981,53.56897219751585,9.882953190205464,38.55946,-1,-1,-1,-1,9.519085617248134,5.63601519283635,-9999,3577.19813825,0.0348663330078125,-0.060546875,-0.9959716796875,3577.19310125,-0.001939676711840371,-0.007262970227764836,-0.004746098769773759,0.002253387123346329,-0.00579140055924654,0.0009009921923279762,-0.007255725562572479,0.00524524599313736,0.002408683300018311,XArbitraryZVertical,-0.002376552266601319,-0.003629163646912088,-0.0009612113908602535,0.9999901549524909,0.03968066722154617,-0.06281667202711105,-0.9972359538078308,0,0,0,-1,-1,3542.123566166667,unknown,2,2026-04-24T18:34:45.265+02:00,2026-04-24T18:20:19.173+02:00,16,0.7102333,0,0,12.45568,0,0,2026-04-24T18:28:28.837+02:00,798741318.8894778,0,1.99,101.5412,1,0.85,0
2026-04-24T18:35:20.354+02:00,1777048513.800981,53.56897219751585,9.882953190205464,38.55946,-1,-1,-1,-1,9.519085617248134,5.63601519283635,-9999,3577.20821325,0.0379486083984375,-0.0591583251953125,-0.9973602294921875,3577.20317525,-0.001930313084599124,-0.007303312140245925,-0.004732193393473958,-0.003792255185544491,-0.006020432338118553,0.001239746226929128,-0.006162017583847046,0.002680815756320953,0.001173436641693115,XArbitraryZVertical,-0.002369601844607868,-0.003649352137760194,-0.0009565070491863848,0.9999901469769815,0.03963981568813324,-0.06283097714185715,-0.9972366690635681,0,0,0,-1,-1,3542.123566166667,unknown,2,2026-04-24T18:34:45.265+02:00,2026-04-24T18:20:19.173+02:00,16,0.7102333,0,0,12.45568,0,0,2026-04-24T18:28:28.837+02:00,798741318.8894778,0,1.99,101.5412,1,0.85,0
2026-04-24T18:35:20.364+02:00,1777048513.800981,53.56897219751585,9.882953190205464,38.55946,-1,-1,-1,-1,9.519085617248134,5.63601519283635,-9999,3577.21828725,0.040557861328125,-0.0608367919921875,-0.9940338134765625,3577.21325025,-0.001941112935137252,-0.007348531455332065,-0.004786829298814683,-0.005126126110553741,-0.008537651970982552,-0.00461394852027297,-0.002501294016838074,0.002198599278926849,0.0007209181785583496,XArbitraryZVertical,-0.00239696095056482,-0.003671921983884396,-0.0009617528985822896,0.9999900040589467,0.03959542512893677,-0.06277600675821304,-0.9972419142723083,0,0,0,-1,-1,3542.123566166667,unknown,2,2026-04-24T18:34:45.265+02:00,2026-04-24T18:20:19.173+02:00,16,0.7102333,0,0,12.45568,0,0,2026-04-24T18:28:28.837+02:00,798741318.8894778,0,1.99,101.5412,1,0.85,0
2026-04-24T18:35:20.374+02:00,1777048513.800981,53.56897219751585,9.882953190205464,38.55946,-1,-1,-1,-1,9.519085617248134,5.63601519283635,-9999,3577.22836225,0.040924072265625,-0.0628662109375,-0.9905548095703125,3577.22332425,-0.001987825254428468,-0.007414172086855153,-0.004836883879367203,-0.0004224508302286267,-0.01108549907803535,-0.004691712558269501,-0.0005773864686489105,0.002604261040687561,0.001550614833831787,XArbitraryZVertical,-0.00242210628906991,-0.00370466120921675,-0.0009849373965829156,0.9999897113943375,0.0395330898463726,-0.06272389739751816,-0.9972476363182068,0,0,0,-1,-1,3542.123566166667,unknown,2,2026-04-24T18:34:45.265+02:00,2026-04-24T18:20:19.173+02:00,16,0.7102333,0,0,12.45568,0,0,2026-04-24T18:28:28.837+02:00,798741318.8894778,0,1.99,101.5412,1,0.85,0
2026-04-24T18:35:20.384+02:00,1777048513.800981,53.56897219751585,9.882953190205464,38.55946,-1,-1,-1,-1,9.519085617248134,5.63601519283635,-9999,3577.23843625,0.038818359375,-0.063262939453125,-0.988067626953125,3577.23339925,-0.002051880091207672,-0.00749029349243698,-0.004842388955305976,-0.0002284661750309169,-0.01014806516468525,-0.005309366621077061,0.001737236976623535,0.0005816146731376648,0.006360530853271484,XArbitraryZVertical,-0.002425016014827223,-0.003742640881249249,-0.001016861921241254,0.9999895874959666,0.03946150839328766,-0.06271541118621826,-0.997251033782959,0,0,0,-1,-1,3542.123566166667,unknown,2,2026-04-24T18:34:45.265+02:00,2026-04-24T18:20:19.173+02:00,16,0.7102333,0,0,12.45568,0,0,2026-04-24T18:28:28.837+02:00,798741318.8894778,0,1.99,101.5412,1,0.85,0
2026-04-24T18:35:20.395+02:00,1777048513.800981,53.56897219751585,9.882953190205464,38.55946,-1,-1,-1,-1,9.519085617248134,5.63601519283635,-9999,3577.24851125,0.0344085693359375,-0.0634613037109375,-0.9821319580078125,3577.24347425,-0.00209508038767264,-0.007544014489859636,-0.004834135276713172,0.001422427361831069,-0.0007721409201622009,-0.002253122860565782,0.001024950295686722,-0.0009075477719306946,0.00764387845993042,XArbitraryZVertical,-0.002420997920061726,-0.003769453023397476,-0.001038412265450993,0.999989488028403,0.03941085562109947,-0.0627216175198555,-0.9972526431083679,0,0,0,-1,-1,3542.123566166667,unknown,2,2026-04-24T18:34:45.265+02:00,2026-04-24T18:20:19.173+02:00,16,0.7102333,0,0,12.45568,0,0,2026-04-24T18:28:28.837+02:00,798741318.8894778,0,1.99,101.5412,1,0.85,0
2026-04-24T18:35:20.405+02:00,1777048513.800981,53.56897219751585,9.882953190205464,38.55946,-1,-1,-1,-1,9.519085617248134,5.63601519283635,-9999,3577.25858625,0.0316009521484375,-0.0686798095703125,-0.98736572265625,3577.25354825,-0.002146283843124148,-0.007520688100524434,-0.004858048438696588,0.005469739902764559,0.01123019307851791,-0.007368522230535746,-0.00319792702794075,0.0001343265175819397,0.01350384950637817,XArbitraryZVertical,-0.00243303848674973,-0.003757715059687577,-0.001063996974747827,0.9999894681676097,0.03943756595253944,-0.06269536912441254,-0.9972532391548157,0,0,0,-1,-1,3542.123566166667,unknown,2,2026-04-24T18:34:45.265+02:00,2026-04-24T18:20:19.173+02:00,16,0.7102333,0,0,12.45568,0,0,2026-04-24T18:28:28.837+02:00,798741318.8894778,0,1.99,101.5412,1,0.85,0
2026-04-24T18:35:20.415+02:00,1777048513.800981,53.56897219751585,9.882953190205464,38.55946,-1,-1,-1,-1,9.519085617248134,5.63601519283635,-9999,3577.26866025,0.0318603515625,-0.0641632080078125,-0.9895172119140625,3577.26362325,-0.002175002283579666,-0.007428224726175978,-0.00485369618975515,0.008193620480597019,0.01320119854062796,-0.001766829285770655,-0.006374355405569077,-0.003051772713661194,0.0133015513420105,XArbitraryZVertical,-0.002430866499738392,-0.003711451331373857,-0.001078476620958627,0.9999896250486096,0.03953171521425247,-0.0626983642578125,-0.9972493052482605,0,0,0,-1,-1,3542.123566166667,unknown,2,2026-04-24T18:34:45.265+02:00,2026-04-24T18:20:19.173+02:00,16,0.7102333,0,0,12.45568,0,0,2026-04-24T18:28:28.837+02:00,798741318.8894778,0,1.99,101.5412,1,0.85,0
2026-04-24T18:35:20.425+02:00,1777048513.800981,53.56897219751585,9.882953190205464,38.55946,-1,-1,-1,-1,9.519085617248134,5.63601519283635,-9999,3577.27873525,0.0360260009765625,-0.056793212890625,-0.9930419921875,3577.27369725,-0.002162103446468502,-0.007336601466205051,-0.004825189913386454,0.003017554292455316,0.01418257318437099,0.005123300943523645,-0.009470842778682709,-0.004746995866298676,0.009695053100585938,XArbitraryZVertical,-0.002416540544950455,-0.003665671520974748,-0.001072190989355573,0.9999897994145697,0.0396222248673439,-0.06272738426923752,-0.9972438812255859,0,0,0,-1,-1,3542.123566166667,unknown,2,2026-04-24T18:34:45.265+02:00,2026-04-24T18:20:19.173+02:00,16,0.7102333,0,0,12.45568,0,0,2026-04-24T18:28:28.837+02:00,798741318.8894778,0,1.99,101.5412,1,0.85,0
2026-04-24T18:35:20.435+02:00,1777048513.800981,53.56897219751585,9.882953190205464,38.55946,-1,-1,-1,-1,9.519085617248134,5.63601519283635,-9999,3577.28880925,0.0362396240234375,-0.0571746826171875,-0.99176025390625,3577.28377225,-0.00211907029231619,-0.007215544324017879,-0.004775006062564539,0.009009134024381638,0.01629472523927689,0.004955521784722805,-0.006185978651046753,0.002476692199707031,0.005262076854705811,XArbitraryZVertical,-0.002391306353696858,-0.003605222294587738,-0.001050911466026993,0.9999901201531514,0.03974006697535515,-0.06277943402528763,-0.997235894203186,0,0,0,-1,-1,3542.123566166667,unknown,2,2026-04-24T18:34:45.265+02:00,2026-04-24T18:20:19.173+02:00,16,0.7102333,0,0,12.45568,0,0,2026-04-24T18:28:28.837+02:00,798741318.8894778,0,1.99,101.5412,1,0.85,0
2026-04-24T18:35:20.445+02:00,1777048513.800981,53.56897219751585,9.882953190205464,38.55946,-1,-1,-1,-1,9.519085617248134,5.63601519283635,-9999,3577.29888425,0.0371856689453125,-0.059783935546875,-0.9949798583984375,3577.29384725,-0.002048603802501722,-0.007060646331685187,-0.004700316610201876,0.01110552158206701,0.01805720664560795,0.009431229904294014,-0.004230000078678131,0.007757693529129028,0.004427194595336914,XArbitraryZVertical,-0.002353756359842037,-0.003527896973769777,-0.001015995720310654,0.9999904917220243,0.03988980874419212,-0.06285719573497772,-0.9972250461578369,0,0,0,-1,-1,3542.123566166667,unknown,2,2026-04-24T18:34:45.265+02:00,2026-04-24T18:20:19.173+02:00,16,0.7102333,0,0,12.45568,0,0,2026-04-24T18:28:28.837+02:00,798741318.8894778,0,1.99,101.5412,1,0.85,0
2026-04-24T18:35:20.455+02:00,1777048513.800981,53.56897219751585,9.882953190205464,38.55946,-1,-1,-1,-1,9.519085617248134,5.63601519283635,-9999,3577.30895925,0.0379791259765625,-0.0564727783203125,-0.9970245361328125,3577.30392125,-0.001933029775205662,-0.00685964251300192,-0.004573278147393355,0.01931018754839897,0.02241786569356918,0.01186802238225937,-0.003232508897781372,0.0036935955286026,0.003663480281829834,XArbitraryZVertical,-0.002289937616563266,-0.003427594050243082,-0.0009586638272658705,0.9999910027147058,0.04008249565958977,-0.0629892572760582,-0.9972089529037476,0,0,0,-1,-1,3542.123566166667,unknown,2,2026-04-24T18:34:45.265+02:00,2026-04-24T18:20:19.173+02:00,16,0.7102333,0,0,12.45568,0,0,2026-04-24T18:28:28.837+02:00,798741318.8894778,0,1.99,101.5412,1,0.85,0
2026-04-24T18:35:20.465+02:00,1777048513.800981,53.56897219751585,9.882953190205464,38.55946,-1,-1,-1,-1,9.519085617248134,5.63601519283635,-9999,3577.31903325,0.0403900146484375,-0.0527496337890625,-0.994903564453125,3577.31399625,-0.001823768403158175,-0.006625792082541069,-0.004317826747432935,0.03387064859271049,0.02106311544775963,0.007385788951069117,-0.002970155328512192,0.004380635917186737,0.0008302927017211914,XArbitraryZVertical,-0.002161919793232402,-0.003310912029254048,-0.0009047246615242357,0.9999918294497762,0.04030842706561089,-0.06324905902147293,-0.9971834421157837,0,0,0,-1,-1,3542.123566166667,unknown,2,2026-04-24T18:34:45.265+02:00,2026-04-24T18:20:19.173+02:00,16,0.7102333,0,0,12.45568,0,0,2026-04-24T18:28:28.837+02:00,798741318.8894778,0,1.99,101.5412,1,0.85,0
2026-04-24T18:35:20.475+02:00,1777048513.800981,53.56897219751585,9.882953190205464,38.55946,-1,-1,-1,-1,9.519085617248134,5.63601519283635,-9999,3577.32910825,0.041778564453125,-0.051239013671875,-0.992401123046875,3577.32407125,-0.001729808347683674,-0.006428828461616689,-0.003917055125954074,0.04614648967981339,0.02006256580352783,0.007989794015884399,-0.001924425363540649,0.009545318782329559,0.0002018213272094727,XArbitraryZVertical,-0.001961295441291781,-0.003212707124253128,-0.0008586023647135189,0.9999926330512386,0.04049865528941154,-0.06365299224853516,-0.9971500039100647,0,0,0,-1,-1,3542.123566166667,unknown,2,2026-04-24T18:34:45.265+02:00,2026-04-24T18:20:19.173+02:00,16,0.7102333,0,0,12.45568,0,0,2026-04-24T18:28:28.837+02:00,798741318.8894778,0,1.99,101.5412,1,0.85,0
2026-04-24T18:35:20.485+02:00,1777048513.800981,53.56897219751585,9.882953190205464,38.55946,-1,-1,-1,-1,9.519085617248134,5.63601519283635,-9999,3577.33918225,0.042144775390625,-0.05572509765625,-0.9925689697265625,3577.33414525,-0.001653036013518568,-0.006268809395342001,-0.00342334805771376,0.05492847785353661,0.02100825496017933,0.005891223438084126,0.001155868172645569,0.01294024288654327,0.004466712474822998,XArbitraryZVertical,-0.001714254689238065,-0.003132978918296348,-0.0008211475077983585,0.999993369817101,0.04065322875976562,-0.06414874643087387,-0.997111976146698,0,0,0,-1,-1,3542.123566166667,unknown,2,2026-04-24T18:34:45.265+02:00,2026-04-24T18:20:19.173+02:00,16,0.7102333,0,0,12.45568,0,0,2026-04-24T18:28:28.837+02:00,798741318.8894778,0,1.99,101.5412,1,0.85,0
2026-04-24T18:35:20.495+02:00,1777048513.800981,53.56897219751585,9.882953190205464,38.55946,-1,-1,-1,-1,9.519085617248134,5.63601519283635,-9999,3577.34925725,0.03955078125,-0.063018798828125,-0.9884490966796875,3577.34422025,-0.001618798550066042,-0.00610213016686275,-0.002825594890312671,0.06013069674372673,0.02415744215250015,0.003532195230945945,0.001373212784528732,0.0118439793586731,0.003582179546356201,XArbitraryZVertical,-0.001415259312386464,-0.003049912477534177,-0.0008050840014264449,0.9999941272619255,0.04081735014915466,-0.06474620848894119,-0.9970666170120239,0,0,0,-1,-1,3542.123566166667,unknown,2,2026-04-24T18:34:45.265+02:00,2026-04-24T18:20:19.173+02:00,16,0.7102333,0,0,12.45568,0,0,2026-04-24T18:28:28.837+02:00,798741318.8894778,0,1.99,101.5412,1,0.85,0
2026-04-24T18:35:20.506+02:00,1777048513.800981,53.56897219751585,9.882953190205464,38.55946,-1,-1,-1,-1,9.519085617248134,5.63601519283635,-9999,3577.35933225,0.03533935546875,-0.0631561279296875,-0.990570068359375,3577.35429425,-0.001559298118294034,-0.005875344834586953,-0.002231068483567169,0.0537741556763649,0.03448118641972542,0.006068989634513855,0.0003269240260124207,0.005939118564128876,0.006662249565124512,XArbitraryZVertical,-0.001117819184058069,-0.00293679569146265,-0.0007763680477436103,0.9999947814491649,0.04103966802358627,-0.06534159928560257,-0.9970186948776245,0,0,0,-1,-1,3542.123566166667,unknown,2,2026-04-24T18:34:45.265+02:00,2026-04-24T18:20:19.173+02:00,16,0.7102333,0,0,12.45568,0,0,2026-04-24T18:28:28.837+02:00,798741318.8894778,0,1.99,101.5412,1,0.85,0
2026-04-24T18:35:20.516+02:00,1777048513.800981,53.56897219751585,9.882953190205464,38.55946,-1,-1,-1,-1,9.519085617248134,5.63601519283635,-9999,3577.36940625,0.0362548828125,-0.066009521484375,-0.9917144775390625,3577.36436925,-0.001482123796145351,-0.005554543686648383,-0.001742006465555718,0.05070619285106659,0.03964505717158318,0.006863410584628582,-0.0034363754093647,0.002295084297657013,0.008188545703887939,XArbitraryZVertical,-0.0008730575965814032,-0.002776620819821449,-0.0007386396368817031,0.9999955534069833,0.0413544774055481,-0.06583268940448761,-0.9969733357429504,0,0,0,-1,-1,3542.123566166667,unknown,2,2026-04-24T18:34:45.265+02:00,2026-04-24T18:20:19.173+02:00,16,0.7102333,0,0,12.45568,0,0,2026-04-24T18:28:28.837+02:00,798741318.8894778,0,1.99,101.5412,1,0.85,0
2026-04-24T18:35:20.526+02:00,1777048513.800981,53.56897219751585,9.882953190205464,38.55946,-1,-1,-1,-1,9.519085617248134,5.63601519283635,-9999,3577.37948125,0.0387115478515625,-0.07110595703125,-0.9941558837890625,3577.37444425,-0.001388319760999482,-0.005171509347277325,-0.001315861957784682,0.04745649918913841,0.04144322499632835,0.01118272542953491,-0.006390787661075592,0.002708971500396729,0.004436612129211426,XArbitraryZVertical,-0.0006597234281058652,-0.002585293629428418,-0.0006924560355788149,0.9999963061745627,0.04173016175627708,-0.06626184284687042,-0.9969292879104614,0,0,0,-1,-1,3542.123566166667,unknown,2,2026-04-24T18:34:45.265+02:00,2026-04-24T18:20:19.173+02:00,16,0.7102333,0,0,12.45568,0,0,2026-04-24T18:28:28.837+02:00,798741318.8894778,0,1.99,101.5412,1,0.85,0
2026-04-24T18:35:20.536+02:00,1777048513.800981,53.56897219751585,9.882953190205464,38.55946,-1,-1,-1,-1,9.519085617248134,5.63601519283635,-9999,3577.38955525,0.04534912109375,-0.0687103271484375,-0.99908447265625,3577.38451825,-0.001272364007516889,-0.004813342467477885,-0.0009274136881384809,0.03600810095667839,0.03441034629940987,0.01174438558518887,-0.005595732480287552,-0.002864614129066467,0.004731476306915283,XArbitraryZVertical,-0.0004652364533088309,-0.00240637307847724,-0.0006350640390636753,0.9999968302033434,0.04207950830459595,-0.06665442883968353,-0.9968883991241455,0,0,0,-1,-1,3542.123566166667,unknown,2,2026-04-24T18:34:45.265+02:00,2026-04-24T18:20:19.173+02:00,16,0.7102333,0,0,12.45568,0,0,2026-04-24T18:28:28.837+02:00,798741318.8894778,0,1.99,101.5412,1,0.85,0
2026-04-24T18:35:20.546+02:00,1777048513.800981,53.56897219751585,9.882953190205464,38.55946,-1,-1,-1,-1,9.519085617248134,5.63601519283635,-9999,3577.39963025,0.0496826171875,-0.067901611328125,-0.998779296875,3577.39459325,-0.001158082134893442,-0.004539131597148244,-0.0006715538981107087,0.02026700787246227,0.02657799050211906,0.008960782550275326,-0.0001393929123878479,-0.003763929009437561,-0.0007293820381164551,XArbitraryZVertical,-0.0003370901775884539,-0.002269368816035764,-0.0005782774192571515,0.9999972439742978,0.04234521836042404,-0.06691479682922363,-0.9968597292900085,0,0,0,-1,-1,3542.123566166667,unknown,2,2026-04-24T18:34:45.265+02:00,2026-04-24T18:20:19.173+02:00,16,0.7102333,0,0,12.45568,0,0,2026-04-24T18:28:28.837+02:00,798741318.8894778,0,1.99,101.5412,1,0.85,0
2026-04-24T18:35:20.556+02:00,1777048513.800981,53.56897219751585,9.882953190205464,38.55946,-1,-1,-1,-1,9.519085617248134,5.63601519283635,-9999,3577.40970525,0.05169677734375,-0.0703125,-0.99688720703125,3577.40466725,-0.00105084671994856,-0.004345975898045373,-0.0005463825408141406,0.01413561310619116,0.01544491201639175,0.01215364690870047,0.004848003387451172,-0.0005824044346809387,-0.002195596694946289,XArbitraryZVertical,-0.0002743323217330748,-0.00217284231547952,-0.0005248284345127449,0.9999974647976873,0.04253055155277252,-0.06704456359148026,-0.9968430995941162,0,0,0,-1,-1,3542.123566166667,unknown,2,2026-04-24T18:34:45.265+02:00,2026-04-24T18:20:19.173+02:00,16,0.7102333,0,0,12.45568,0,0,2026-04-24T18:28:28.837+02:00,798741318.8894778,0,1.99,101.5412,1,0.85,0
2026-04-24T18:35:20.566+02:00,1777048513.800981,53.56897219751585,9.882953190205464,38.55946,-1,-1,-1,-1,9.519085617248134,5.63601519283635,-9999,3577.41977925,0.05255126953125,-0.0724945068359375,-0.9918670654296875,3577.41474225,-0.0009621566668777631,-0.004254916585005116,-0.0004924369433264182,0.008972914889454842,0.003221268765628338,0.004959915764629841,0.00779971107840538,-0.001623116433620453,-0.001348614692687988,XArbitraryZVertical,-0.0002472413578952,-0.002127337936843174,-0.000480553394776379,0.9999975865053533,0.04261534288525581,-0.06710248440504074,-0.9968355894088745,0,0,0,-1,-1,3542.123566166667,unknown,2,2026-04-24T18:34:45.265+02:00,2026-04-24T18:20:19.173+02:00,16,0.7102333,0,0,12.45568,0,0,2026-04-24T18:28:28.837+02:00,798741318.8894778,0,1.99,101.5412,1,0.85,0
2026-04-24T18:35:20.576+02:00,1777048513.800981,53.56897219751585,9.882953190205464,38.55946,-1,-1,-1,-1,9.519085617248134,5.63601519283635,-9999,3577.42985425,0.0504913330078125,-0.07122802734375,-0.9856414794921875,3577.42481725,-0.0009319367979316333,-0.004251416381581336,-0.0004951754770779921,0.005299883428961039,-0.004263811279088259,0.001567048602737486,0.00921732559800148,-0.004157371819019318,0.002313554286956787,XArbitraryZVertical,-0.0002485776589058717,-0.002125590901791602,-0.0004654410108965674,0.999997613193278,0.04261679202318192,-0.06710117310285568,-0.9968355894088745,0,0,0,-1,-1,3542.123566166667,unknown,2,2026-04-24T18:34:45.265+02:00,2026-04-24T18:20:19.173+02:00,16,0.7102333,0,0,12.45568,0,0,2026-04-24T18:28:28.837+02:00,798741318.8894778,0,1.99,101.5412,1,0.85,0
2026-04-24T18:35:20.586+02:00,1777048513.800981,53.56897219751585,9.882953190205464,38.55946,-1,-1,-1,-1,9.519085617248134,5.63601519283635,-9999,3577.43992825,0.042999267578125,-0.0704803466796875,-0.9818267822265625,3577.43489125,-0.0008988185519152611,-0.004287923079669289,-0.0003715775270744175,0.0217690858989954,-0.0007431125268340111,0.002378713572397828,0.01020196825265884,-0.004765070974826813,0.008211910724639893,XArbitraryZVertical,-0.0001867518276946218,-0.002143876098486854,-0.0004490098860573756,0.9999976071451587,0.04257819801568985,-0.06722591072320938,-0.9968288540840149,0,0,0,-1,-1,3542.123566166667,unknown,2,2026-04-24T18:34:45.265+02:00,2026-04-24T18:20:19.173+02:00,16,0.7102333,0,0,12.45568,0,0,2026-04-24T18:28:28.837+02:00,798741318.8894778,0,1.99,101.5412,1,0.85,0
2026-04-24T18:35:20.614+02:00,1777048513.800981,53.56897219751585,9.882953190205464,38.55946,-1,-1,-1,-1,9.519085617248134,5.63601519283635,-9999,3577.45000325,0.034454345703125,-0.0663909912109375,-0.981170654296875,3577.44496625,-0.0008540005391838187,-0.004268867320041102,-0.0001504387622973453,0.0281825102865696,0.009400335140526295,0.005515917204320431,0.005272600799798965,-0.003260821104049683,0.01381146907806396,XArbitraryZVertical,-7.613060100892953e-05,-0.002134399586074775,-0.0004268387053181017,0.9999976909675192,0.04259423166513443,-0.06744840741157532,-0.9968131184577942,0,0,0,-1,-1,3542.123566166667,unknown,2,2026-04-24T18:34:45.265+02:00,2026-04-24T18:20:19.173+02:00,16,0.7102333,0,0,12.45568,0,0,2026-04-24T18:28:28.837+02:00,798741318.8894778,0,1.99,101.5412,1,0.85,0
2026-04-24T18:35:20.618+02:00,1777048513.800981,53.56897219751585,9.882953190205464,38.55946,-1,-1,-1,-1,9.519085617248134,5.63601519283635,-9999,3577.46007825,0.0327911376953125,-0.0564422607421875,-0.987030029296875,3577.45504025,-0.0007624756159679475,-0.004143689973621565,0.0001245142731482297,0.0300736203789711,0.02027854882180691,0.01094710174947977,-0.00450487807393074,-0.00183810293674469,0.01603055000305176,XArbitraryZVertical,6.146712824873727e-05,-0.002071866908792573,-0.0003813659344036361,0.9999978639782233,0.04271290078759193,-0.06772672384977341,-0.9967892169952393,0,0,0,-1,-1,3542.123566166667,unknown,2,2026-04-24T18:34:45.265+02:00,2026-04-24T18:20:19.173+02:00,16,0.7102333,0,0,12.45568,0,0,2026-04-24T18:28:28.837+02:00,798741318.8894778,0,1.99,101.5412,1,0.85,0
2026-04-24T18:35:20.620+02:00,1777048513.800981,53.56897219751585,9.882953190205464,38.55946,-1,-1,-1,-1,9.519085617248134,5.63601519283635,-9999,3577.47015225,0.0309600830078125,-0.0605316162109375,-0.9944305419921875,3577.46511525,-0.0006382476672969489,-0.003885140986887477,0.0004868263723305252,0.03800185024738312,0.03352644294500351,0.01474290434271097,-0.01030849665403366,0.007180526852607727,0.0138738751411438,XArbitraryZVertical,0.0002427927732696379,-0.001942646643606211,-0.0003195960387855361,0.9999981099468362,0.04296231642365456,-0.06809361279010773,-0.996753454208374,0,0,0,-1,-1,3542.123566166667,unknown,2,2026-04-24T18:34:45.265+02:00,2026-04-24T18:20:19.173+02:00,16,0.7102333,0,0,12.45568,0,0,2026-04-24T18:28:28.837+02:00,798741318.8894778,0,1.99,101.5412,1,0.85,0
2026-04-24T18:35:20.626+02:00,1777048513.800981,53.56897219751585,9.882953190205464,38.55946,-1,-1,-1,-1,9.519085617248134,5.63601519283635,-9999,3577.48022725,0.031158447265625,-0.0663909912109375,-0.999755859375,3577.47519025,-0.0004680532389209477,-0.00345887340769278,0.0008846971766316758,0.03609843552112579,0.04584543034434319,0.01956861838698387,-0.01142385974526405,0.01172012090682983,0.00493234395980835,XArbitraryZVertical,0.0004419431540854045,-0.001729539098564662,-0.000234791251374209,0.999998406758019,0.04337577894330025,-0.06849808245897293,-0.9967078566551208,0,0,0,-1,-1,3542.123566166667,unknown,2,2026-04-24T18:34:45.265+02:00,2026-04-24T18:20:19.173+02:00,16,0.7102333,0,0,12.45568,0,0,2026-04-24T18:28:28.837+02:00,798741318.8894778,0,1.99,101.5412,1,0.85,0
2026-04-24T18:35:20.636+02:00,1777048513.800981,53.56897219751585,9.882953190205464,38.55946,-1,-1,-1,-1,9.519085617248134,5.63601519283635,-9999,3577.49030125,0.0361328125,-0.0638580322265625,-1.002395629882812,3577.48526425,-0.0002602888830253786,-0.002975769715558484,0.001203120334960862,0.02984613180160522,0.0471639595925808,0.01985251158475876,-0.01302053034305573,0.004127852618694305,-3.921985626220703e-05,XArbitraryZVertical,0.0006013658202698172,-0.001487962316281832,-0.0001310393253839714,0.9999987037944031,0.04384329915046692,-0.0688251256942749,-0.9966648817062378,0,0,0,-1,-1,3542.123566166667,unknown,2,2026-04-24T18:34:45.265+02:00,2026-04-24T18:20:19.173+02:00,16,0.7102333,0,0,12.45568,0,0,2026-04-24T18:28:28.837+02:00,798741318.8894778,0,1.99,101.5412,1,0.85,0
2026-04-24T18:35:20.647+02:00,1777048513.800981,53.56897219751585,9.882953190205464,38.55946,-1,-1,-1,-1,9.519085617248134,5.63601519283635,-9999,3577.500377291667,0.047943115234375,-0.06903076171875,-0.9984130859375,3577.495340291667,-8.483194380493487e-05,-0.00251551009622864,0.00149548100664896,0.02828413434326649,0.03431260958313942,0.01636350527405739,-0.01091921329498291,0.004808872938156128,-0.005298197269439697,XArbitraryZVertical,0.0007476865235935314,-0.001257786131916856,-4.335640241048377e-05,0.999998887145358,0.0442901998758316,-0.06912467628717422,-0.9966244101524353,0,0,0,-1,-1,3542.123566166667,unknown,2,2026-04-24T18:34:45.265+02:00,2026-04-24T18:20:19.173+02:00,16,0.7102333,0,0,12.45568,0,0,2026-04-24T18:28:28.837+02:00,798741318.8894778,0,1.99,101.5412,1,0.85,0
2026-04-24T18:35:20.657+02:00,1777048513.800981,53.56897219751585,9.882953190205464,38.55946,-1,-1,-1,-1,9.519085617248134,5.63601519283635,-9999,3577.510452291667,0.059478759765625,-0.0709075927734375,-0.992828369140625,3577.505414291667,5.093076899205259e-05,-0.002234393189148817,0.001731336064544833,0.01716437190771103,0.01532080769538879,0.01064543146640062,-0.003362488001585007,0.003738023340702057,-0.004899799823760986,XArbitraryZVertical,0.000865695765548268,-0.001117173811019501,2.449823623411695e-05,0.9999990793940007,0.0445612296462059,-0.06936607509851456,-0.9965955018997192,0,0,0,-1,-1,3542.123566166667,unknown,2,2026-04-24T18:34:45.265+02:00,2026-04-24T18:20:19.173+02:00,16,0.7102333,0,0,12.45568,0,0,2026-04-24T18:28:28.837+02:00,798741318.8894778,0,1.99,101.5412,1,0.85,0
2026-04-24T18:35:20.667+02:00,1777048513.800981,53.56897219751585,9.882953190205464,38.55946,-1,-1,-1,-1,9.519085617248134,5.63601519283635,-9999,3577.520526291667,0.0617523193359375,-0.0711822509765625,-0.9838409423828125,3577.515489291667,0.0001131455495646819,-0.002138382863822755,0.001888277581138859,0.01291923969984055,-0.002041670028120279,0.002166326390579343,0.009683828800916672,-0.002190932631492615,0.0003187656402587891,XArbitraryZVertical,0.0009441984918939514,-0.001069137219331435,5.556324652447274e-05,0.9999990916544229,0.04465273395180702,-0.06952538341283798,-0.9965803027153015,0,0,0,-1,-1,3542.123566166667,unknown,2,2026-04-24T18:34:45.265+02:00,2026-04-24T18:20:19.173+02:00,16,0.7102333,0,0,12.45568,0,0,2026-04-24T18:28:28.837+02:00,798741318.8894778,0,1.99,101.5412,1,0.85,0
2026-04-24T18:35:20.677+02:00,1777048513.800981,53.56897219751585,9.882953190205464,38.55946,-1,-1,-1,-1,9.519085617248134,5.63601519283635,-9999,3577.530601291667,0.0549163818359375,-0.0738677978515625,-0.9824066162109375,3577.525564291667,0.0001319109830437494,-0.002217929777033927,0.001981823771279649,0.005105259828269482,-0.01483842451125383,8.666393114253879e-05,0.01734798401594162,-0.001135542988777161,0.00791466236114502,XArbitraryZVertical,0.0009909841675929385,-0.001108898661347181,6.485652697518604e-05,0.999998979507239,0.04457220062613487,-0.06961947679519653,-0.9965773820877075,0,0,0,-1,-1,3542.123566166667,unknown,2,2026-04-24T18:34:45.265+02:00,2026-04-24T18:20:19.173+02:00,16,0.7102333,0,0,12.45568,0,0,2026-04-24T18:28:28.837+02:00,798741318.8894778,0,1.99,101.5412,1,0.85,0
2026-04-24T18:35:20.687+02:00,1777048513.800981,53.56897219751585,9.882953190205464,38.55946,-1,-1,-1,-1,9.519085617248134,5.63601519283635,-9999,3577.540675291667,0.04852294921875,-0.074493408203125,-0.9842987060546875,3577.535638291667,0.0001119872583062685,-0.002419302394977548,0.002067684568521032,0.01520380657166243,-0.01832982897758484,-0.002774170134216547,0.01394623890519142,-0.002607323229312897,0.01452469825744629,XArbitraryZVertical,0.001033909070383832,-0.001209592360446196,5.474296998336412e-05,0.9999987367239619,0.04437287151813507,-0.0697040855884552,-0.9965803623199463,0,0,0,-1,-1,3542.123566166667,unknown,2,2026-04-24T18:34:45.265+02:00,2026-04-24T18:20:19.173+02:00,16,0.7102333,0,0,12.45568,0,0,2026-04-24T18:28:28.837+02:00,798741318.8894778,0,1.99,101.5412,1,0.85,0
2026-04-24T18:35:20.697+02:00,1777048513.800981,53.56897219751585,9.882953190205464,38.55946,-1,-1,-1,-1,9.519085617248134,5.63601519283635,-9999,3577.550750291667,0.04571533203125,-0.0686492919921875,-0.9847564697265625,3577.545713291667,7.324601967828828e-05,-0.002651507771165291,0.00225019136535145,0.0262569896876812,-0.01651701703667641,-0.004954500123858452,0.007567942142486572,-0.004655063152313232,0.0134541392326355,XArbitraryZVertical,0.001125143029801484,-0.001325711477558387,3.513135584473801e-05,0.9999984690436909,0.04414410889148712,-0.06988413631916046,-0.9965779185295105,0,0,0,-1,-1,3542.123566166667,unknown,2,2026-04-24T18:34:45.265+02:00,2026-04-24T18:20:19.173+02:00,16,0.7102333,0,0,12.45568,0,0,2026-04-24T18:28:28.837+02:00,798741318.8894778,0,1.99,101.5412,1,0.85,0
2026-04-24T18:35:20.707+02:00,1777048513.800981,53.56897219751585,9.882953190205464,38.55946,-1,-1,-1,-1,9.519085617248134,5.63601519283635,-9999,3577.560825291667,0.0411834716796875,-0.05987548828125,-0.9872589111328125,3577.555787291667,3.06710330929732e-05,-0.002851314728056087,0.002531958984007076,0.03766410797834396,-0.01164316479116678,-0.003165388479828835,0.002911821007728577,-0.00265202671289444,0.0124514102935791,XArbitraryZVertical,0.001265999632555326,-0.001425636213971658,1.353063601428143e-05,0.9999982595200472,0.04394793137907982,-0.07016292214393616,-0.9965669512748718,0,0,0,-1,-1,3542.123566166667,unknown,2,2026-04-24T18:34:45.265+02:00,2026-04-24T18:20:19.173+02:00,16,0.7102333,0,0,12.45568,0,0,2026-04-24T18:28:28.837+02:00,798741318.8894778,0,1.99,101.5412,1,0.85,0
2026-04-24T18:35:20.717+02:00,1777048513.800981,53.56897219751585,9.882953190205464,38.55946,-1,-1,-1,-1,9.519085617248134,5.63601519283635,-9999,3577.570899291667,0.037384033203125,-0.058868408203125,-0.9947052001953125,3577.565862291667,1.71748513958232e-05,-0.00296553240635684,0.002932581074527423,0.04451135918498039,-0.0008797328919172287,0.001235485193319619,7.971003651618958e-05,0.006321966648101807,0.01059716939926147,XArbitraryZVertical,0.001466301028532213,-0.001482751368507981,6.413242402167254e-06,0.9999978969430874,0.04383509978652,-0.0705614760518074,-0.996543824672699,0,0,0,-1,-1,3542.123566166667,unknown,2,2026-04-24T18:34:45.265+02:00,2026-04-24T18:20:19.173+02:00,16,0.7102333,0,0,12.45568,0,0,2026-04-24T18:28:28.837+02:00,798741318.8894778,0,1.99,101.5412,1,0.85,0
2026-04-24T18:35:20.727+02:00,1777048513.800981,53.56897219751585,9.882953190205464,38.55946,-1,-1,-1,-1,9.519085617248134,5.63601519283635,-9999,3577.580974291667,0.039031982421875,-0.0633087158203125,-1.000808715820312,3577.575937291667,4.610004353043346e-05,-0.002990410030524779,0.003349001419954153,0.04114608466625214,0.004722759127616882,0.003102028043940663,-0.005051106214523315,0.01304012537002563,0.007028758525848389,XArbitraryZVertical,0.001674532382880999,-0.001495163642172951,2.054624265674962e-05,0.9999975616749391,0.04380844160914421,-0.07097775489091873,-0.9965153932571411,0,0,0,-1,-1,3542.123566166667,unknown,2,2026-04-24T18:34:45.265+02:00,2026-04-24T18:20:19.173+02:00,16,0.7102333,0,0,12.45568,0,0,2026-04-24T18:28:28.837+02:00,798741318.8894778,0,1.99,101.5412,1,0.85,0
2026-04-24T18:35:20.737+02:00,1777048513.800981,53.56897219751585,9.882953190205464,38.55946,-1,-1,-1,-1,9.519085617248134,5.63601519283635,-9999,3577.591049291667,0.0430450439453125,-0.0735626220703125,-0.9978179931640625,3577.586011291667,6.54022484274459e-05,-0.002965858941934628,0.003679322615118032,0.03000048920512199,0.0005522486753761768,0.0005504533764906228,-0.006890125572681427,0.01132546365261078,-0.002547860145568848,XArbitraryZVertical,0.001839706610902747,-0.0014828661547675,2.997294577288181e-05,0.9999972777269043,0.04383166879415512,-0.07130777835845947,-0.9964908361434937,0,0,0,-1,-1,3542.123566166667,unknown,2,2026-04-24T18:34:45.265+02:00,2026-04-24T18:20:19.173+02:00,16,0.7102333,0,0,12.45568,0,0,2026-04-24T18:28:28.837+02:00,798741318.8894778,0,1.99,101.5412,1,0.85,0
2026-04-24T18:35:20.747+02:00,1777048513.800981,53.56897219751585,9.882953190205464,38.55946,-1,-1,-1,-1,9.519085617248134,5.63601519283635,-9999,3577.601123291667,0.0499114990234375,-0.08221435546875,-0.9907379150390625,3577.596086291667,4.364680093168387e-05,-0.002948728152876566,0.003901011679671213,0.0155220553278923,-0.006157052703201771,-0.001709438394755125,-0.003399193286895752,0.003870151937007904,-0.003327369689941406,XArbitraryZVertical,0.001950534522187158,-0.001474318067951057,1.894758143626767e-05,0.9999970804494991,0.04385025799274445,-0.0715276375412941,-0.9964742660522461,0,0,0,-1,-1,3542.123566166667,unknown,2,2026-04-24T18:34:45.265+02:00,2026-04-24T18:20:19.173+02:00,16,0.7102333,0,0,12.45568,0,0,2026-04-24T18:28:28.837+02:00,798741318.8894778,0,1.99,101.5412,1,0.85,0
2026-04-24T18:35:20.757+02:00,1777048513.800981,53.56897219751585,9.882953190205464,38.55946,-1,-1,-1,-1,9.519085617248134,5.63601519283635,-9999,3577.611198291667,0.0511474609375,-0.085296630859375,-0.9896697998046875,3577.606160291667,2.076578798708557e-05,-0.002973762912323722,0.003984548952151999,0.001555905095301569,-0.01294465083628893,-0.0004215335939079523,0.002788737416267395,-0.007644355297088623,0.002771317958831787,XArbitraryZVertical,0.001992286293746959,-0.001486857197138751,7.420588912442575e-06,0.999996960236924,0.0438268780708313,-0.07160979509353638,-0.9964693784713745,0,0,0,-1,-1,3542.123566166667,unknown,2,2026-04-24T18:34:45.265+02:00,2026-04-24T18:20:19.173+02:00,16,0.7102333,0,0,12.45568,0,0,2026-04-24T18:28:28.837+02:00,798741318.8894778,0,1.99,101.5412,1,0.85,0
2026-04-24T18:35:20.768+02:00,1777048513.800981,53.56897219751585,9.882953190205464,38.55946,-1,-1,-1,-1,9.519085617248134,5.63601519283635,-9999,3577.621272291667,0.049346923828125,-0.0853271484375,-0.9868011474609375,3577.616235291667,3.1546456341925e-06,-0.003054040289536656,0.003953324416648382,-0.006706072948873043,-0.01122664660215378,-0.0007238689577206969,0.007658809423446655,-0.01191823929548264,0.007110536098480225,XArbitraryZVertical,0.00197666088373069,-0.001527013341068271,-1.441081441261351e-06,0.9999969520547264,0.04374806955456734,-0.07157786190509796,-0.9964751601219177,0,0,0,-1,-1,3542.123566166667,unknown,2,2026-04-24T18:34:45.265+02:00,2026-04-24T18:20:19.173+02:00,16,0.7102333,0,0,12.45568,0,0,2026-04-24T18:28:28.837+02:00,798741318.8894778,0,1.99,101.5412,1,0.85,0
2026-04-24T18:35:20.777+02:00,1777048513.800981,53.56897219751585,9.882953190205464,38.55946,-1,-1,-1,-1,9.519085617248134,5.63601519283635,-9999,3577.631347291667,0.045135498046875,-0.0817718505859375,-0.9859771728515625,3577.626310291667,-3.17808167515775e-05,-0.003150395452742169,0.003942725114547395,0.002814727835357189,-0.01475746557116508,-0.004816881380975246,0.006806414574384689,-0.0140361487865448,0.007847964763641357,XArbitraryZVertical,0.001971333691123288,-0.001575225249472804,-1.89956388633568e-05,0.9999968733075674,0.04365441203117371,-0.0715656653046608,-0.9964801073074341,0,0,0,-1,-1,3542.123566166667,unknown,2,2026-04-24T18:34:45.265+02:00,2026-04-24T18:20:19.173+02:00,16,0.7102333,0,0,12.45568,0,0,2026-04-24T18:28:28.837+02:00,798741318.8894778,0,1.99,101.5412,1,0.85,0
2026-04-24T18:35:20.787+02:00,1777048513.800981,53.56897219751585,9.882953190205464,38.55946,-1,-1,-1,-1,9.519085617248134,5.63601519283635,-9999,3577.641422291667,0.0434112548828125,-0.0709075927734375,-0.9881439208984375,3577.636384291667,-7.370057577054514e-05,-0.00329438995435903,0.003995948711195908,0.01017133705317974,-0.01537105813622475,-0.004602696746587753,0.00360538437962532,-0.01288644969463348,0.01035284996032715,XArbitraryZVertical,0.001997909483783324,-0.001647264461050576,-4.014121090796901e-05,0.9999967123055794,0.04351377114653587,-0.07161673903465271,-0.9964826107025146,0,0,0,-1,-1,3542.123566166667,unknown,2,2026-04-24T18:34:45.265+02:00,2026-04-24T18:20:19.173+02:00,16,0.7102333,0,0,12.45568,0,0,2026-04-24T18:28:28.837+02:00,798741318.8894778,0,1.99,101.5412,1,0.85,0
2026-04-24T18:35:20.798+02:00,1777048513.800981,53.56897219751585,9.882953190205464,38.55946,-1,-1,-1,-1,9.519085617248134,5.63601519283635,-9999,3577.651496291667,0.0447235107421875,-0.0637359619140625,-0.98919677734375,3577.646459291667,-0.0001341583352558517,-0.003430699397809612,0.004108094664565557,0.0187176875770092,-0.01209110952913761,-0.006139074452221394,-0.0001844130456447601,-0.005026079714298248,0.00871807336807251,XArbitraryZVertical,0.002053927678061545,-0.001715482918978051,-7.060232812970193e-05,0.9999964748692877,0.04338205605745316,-0.07172563672065735,-0.9964805245399475,0,0,0,-1,-1,3542.123566166667,unknown,2,2026-04-24T18:34:45.265+02:00,2026-04-24T18:20:19.173+02:00,16,0.7102333,0,0,12.45568,0,0,2026-04-24T18:28:28.837+02:00,798741318.8894778,0,1.99,101.5412,1,0.85,0
2026-04-24T18:35:20.808+02:00,1777048513.800981,53.56897219751585,9.882953190205464,38.55946,-1,-1,-1,-1,9.519085617248134,5.63601519283635,-9999,3577.661571291667,0.0406494140625,-0.0584259033203125,-0.9935302734375,3577.656533291667,-0.0001725419597947173,-0.003544492163440597,0.004329068841121191,0.02812903188169003,-0.01003195159137249,-0.001320816460065544,0.001208066940307617,0.005125753581523895,0.008203625679016113,XArbitraryZVertical,0.002164376262914099,-0.001772427594853106,-9.010671728430326e-05,0.9999961601667982,0.04327131807804108,-0.07194400578737259,-0.9964696168899536,0,0,0,-1,-1,3542.123566166667,unknown,2,2026-04-24T18:34:45.265+02:00,2026-04-24T18:20:19.173+02:00,16,0.7102333,0,0,12.45568,0,0,2026-04-24T18:28:28.837+02:00,798741318.8894778,0,1.99,101.5412,1,0.85,0
2026-04-24T18:35:20.818+02:00,1777048513.800981,53.56897219751585,9.882953190205464,38.55946,-1,-1,-1,-1,9.519085617248134,5.63601519283635,-9999,3577.671645291667,0.0415802001953125,-0.0650482177734375,-0.9951629638671875,3577.666608291667,-0.0001981087618631151,-0.003650512858270225,0.004529638292807941,0.02318247780203819,-0.007427647244185209,-0.004217270296066999,-0.001053184270858765,0.01161101460456848,0.005218327045440674,XArbitraryZVertical,0.002264632449349733,-0.001825474921621767,-0.0001031878228195529,0.9999958428111135,0.04316745325922966,-0.07214263826608658,-0.9964597225189209,0,0,0,-1,-1,3542.123566166667,unknown,2,2026-04-24T18:34:45.265+02:00,2026-04-24T18:20:19.173+02:00,16,0.7102333,0,0,12.45568,0,0,2026-04-24T18:28:28.837+02:00,798741318.8894778,0,1.99,101.5412,1,0.85,0
2026-04-24T18:35:20.828+02:00,1777048513.800981,53.56897219751585,9.882953190205464,38.55946,-1,-1,-1,-1,9.519085617248134,5.63601519283635,-9999,3577.681720291667,0.046600341796875,-0.0782012939453125,-0.994384765625,3577.676683291667,-0.0002393428072064872,-0.003787945587611524,0.004687157928652913,0.008166829124093056,-0.0160810574889183,-0.003510201349854469,-0.003177367150783539,0.01326137781143188,0.001245558261871338,XArbitraryZVertical,0.002343345776121054,-0.00189424676856446,-0.0001241095184895121,0.9999955247622627,0.04303333908319473,-0.07229764014482498,-0.9964542984962463,0,0,0,-1,-1,3542.123566166667,unknown,2,2026-04-24T18:34:45.265+02:00,2026-04-24T18:20:19.173+02:00,16,0.7102333,0,0,12.45568,0,0,2026-04-24T18:28:28.837+02:00,798741318.8894778,0,1.99,101.5412,1,0.85,0
2026-04-24T18:35:20.838+02:00,1777048513.800981,53.56897219751585,9.882953190205464,38.55946,-1,-1,-1,-1,9.519085617248134,5.63601519283635,-9999,3577.691795291667,0.0488128662109375,-0.082427978515625,-0.988372802734375,3577.686757291667,-0.0003080324568898278,-0.004000438925180544,0.004723133571899276,-0.007158064283430576,-0.02771347761154175,-0.01007329486310482,0.001500546932220459,0.0005681663751602173,0.001801431179046631,XArbitraryZVertical,0.002361251711334684,-0.002000576193323319,-0.0001587391300843443,0.9999952248201838,0.04282625019550323,-0.07233025878667831,-0.9964608550071716,0,0,0,-1,-1,3542.123566166667,unknown,2,2026-04-24T18:34:45.265+02:00,2026-04-24T18:20:19.173+02:00,16,0.7102333,0,0,12.45568,0,0,2026-04-24T18:28:28.837+02:00,798741318.8894778,0,1.99,101.5412,1,0.85,0
2026-04-24T18:35:20.848+02:00,1777048513.800981,53.56897219751585,9.882953190205464,38.55946,-1,-1,-1,-1,9.519085617248134,5.63601519283635,-9999,3577.701869291667,0.0469970703125,-0.0821075439453125,-0.984405517578125,3577.696832291667,-0.000423339079423157,-0.004279355495691971,0.004576720495772094,-0.03065257892012596,-0.03626515343785286,-0.01194156892597675,0.005036100745201111,-0.01017268747091293,0.004646897315979004,XArbitraryZVertical,0.00228789990673194,-0.00214015469791632,-0.0002165648297896739,0.9999951353281229,0.04255607351660728,-0.07217899709939957,-0.9964833855628967,0,0,0,-1,-1,3542.123566166667,unknown,2,2026-04-24T18:34:45.265+02:00,2026-04-24T18:20:19.173+02:00,16,0.7102333,0,0,12.45568,0,0,2026-04-24T18:28:28.837+02:00,798741318.8894778,0,1.99,101.5412,1,0.85,0
2026-04-24T18:35:20.858+02:00,1777048513.800981,53.56897219751585,9.882953190205464,38.55946,-1,-1,-1,-1,9.519085617248134,5.63601519283635,-9999,3577.711944291667,0.041046142578125,-0.0853424072265625,-0.985748291015625,3577.706906291667,-0.0005567254879046859,-0.004599173768019309,0.004267173840810236,-0.04442644864320755,-0.03650829941034317,-0.01579383015632629,0.006536070257425308,-0.00969388335943222,0.01038956642150879,XArbitraryZVertical,0.002132939329347846,-0.002300173301691762,-0.0002832677130165424,0.9999951012355393,0.04224629327654839,-0.07186435163021088,-0.9965193271636963,0,0,0,-1,-1,3542.123566166667,unknown,2,2026-04-24T18:34:45.265+02:00,2026-04-24T18:20:19.173+02:00,16,0.7102333,0,0,12.45568,0,0,2026-04-24T18:28:28.837+02:00,798741318.8894778,0,1.99,101.5412,1,0.85,0
2026-04-24T18:35:20.868+02:00,1777048513.800981,53.56897219751585,9.882953190205464,38.55946,-1,-1,-1,-1,9.519085617248134,5.63601519283635,-9999,3577.722018291667,0.0367279052734375,-0.088775634765625,-0.9853973388671875,3577.716981291667,-0.0006971541098721448,-0.004931130532561278,0.003827337375577557,-0.05096285790205002,-0.03466140106320381,-0.01280483324080706,0.003012314438819885,-0.01155774295330048,0.01218986511230469,XArbitraryZVertical,0.001912801949482294,-0.002466224903635937,-0.0003532935791730101,0.9999951719101879,0.04192483425140381,-0.07141955941915512,-0.9965648651123047,0,0,0,-1,-1,3542.123566166667,unknown,2,2026-04-24T18:34:45.265+02:00,2026-04-24T18:20:19.173+02:00,16,0.7102333,0,0,12.45568,0,0,2026-04-24T18:28:28.837+02:00,798741318.8894778,0,1.99,101.5412,1,0.85,0
2026-04-24T18:35:20.878+02:00,1777048513.800981,53.56897219751585,9.882953190205464,38.55946,-1,-1,-1,-1,9.519085617248134,5.63601519283635,-9999,3577.732093291667,0.03399658203125,-0.0819549560546875,-0.985443115234375,3577.727056291667,-0.0008182375296990422,-0.00527601284987478,0.003304946873773166,-0.0573887974023819,-0.03714293241500854,-0.01176859717816114,-0.003121696412563324,-0.01676836609840393,0.01071566343307495,XArbitraryZVertical,0.001651387438354514,-0.002638675432799332,-0.0004134759730401129,0.9999951322165359,0.04158911854028702,-0.07089339196681976,-0.996616542339325,0,0,0,-1,-1,3542.123566166667,unknown,2,2026-04-24T18:34:45.265+02:00,2026-04-24T18:20:19.173+02:00,16,0.7102333,0,0,12.45568,0,0,2026-04-24T18:28:28.837+02:00,798741318.8894778,0,1.99,101.5412,1,0.85,0
2026-04-24T18:35:20.888+02:00,1777048513.800981,53.56897219751585,9.882953190205464,38.55946,-1,-1,-1,-1,9.519085617248134,5.63601519283635,-9999,3577.742168291667,0.037017822265625,-0.0719451904296875,-0.9873199462890625,3577.737130291667,-0.0009155963413927964,-0.005651935233970002,0.002721873656664622,-0.06011955067515373,-0.03978931531310081,-0.009118020534515381,-0.006552834063768387,-0.01668251305818558,0.01074188947677612,XArbitraryZVertical,0.001359636958728208,-0.002826583655753339,-0.000461641806607111,0.9999950869096568,0.04122081771492958,-0.07030785828828812,-0.9966732859611511,0,0,0,-1,-1,3542.123566166667,unknown,2,2026-04-24T18:34:45.265+02:00,2026-04-24T18:20:19.173+02:00,16,0.7102333,0,0,12.45568,0,0,2026-04-24T18:28:28.837+02:00,798741318.8894778,0,1.99,101.5412,1,0.85,0
2026-04-24T18:35:20.899+02:00,1777048513.800981,53.56897219751585,9.882953190205464,38.55946,-1,-1,-1,-1,9.519085617248134,5.63601519283635,-9999,3577.752242291667,0.037689208984375,-0.0666961669921875,-0.9918975830078125,3577.747205291667,-0.0009915996932310599,-0.006051036151569755,0.002064926020134085,-0.06372919678688049,-0.04031582176685333,-0.005180802196264267,-0.005976803600788116,-0.006949461996555328,0.01068222522735596,XArbitraryZVertical,0.001030957877042749,-0.003026023223824866,-0.000498920998551978,0.9999948133407494,0.04082789272069931,-0.06964967399835587,-0.996735692024231,0,0,0,-1,-1,3542.123566166667,unknown,2,2026-04-24T18:34:45.265+02:00,2026-04-24T18:20:19.173+02:00,16,0.7102333,0,0,12.45568,0,0,2026-04-24T18:28:28.837+02:00,798741318.8894778,0,1.99,101.5412,1,0.85,0
2026-04-24T18:35:20.909+02:00,1777048513.800981,53.56897219751585,9.882953190205464,38.55946,-1,-1,-1,-1,9.519085617248134,5.63601519283635,-9999,3577.762317291667,0.037109375,-0.0714263916015625,-0.9962005615234375,3577.757279291667,-0.001036993129457106,-0.006466651885743007,0.001365987760159366,-0.06688046455383301,-0.0421837605535984,-0.002586350543424487,-0.003108635544776917,0.001522459089756012,0.006871819496154785,XArbitraryZVertical,0.0006813136438553034,-0.003233672980486433,-0.000520702004290029,0.9999944868562757,0.04041638970375061,-0.06895106285810471,-0.9968010187149048,0,0,0,-1,-1,3542.123566166667,unknown,2,2026-04-24T18:34:45.265+02:00,2026-04-24T18:20:19.173+02:00,16,0.7102333,0,0,12.45568,0,0,2026-04-24T18:28:28.837+02:00,798741318.8894778,0,1.99,101.5412,1,0.85,0
2026-04-24T18:35:20.919+02:00,1777048513.800981,53.56897219751585,9.882953190205464,38.55946,-1,-1,-1,-1,9.519085617248134,5.63601519283635,-9999,3577.772391291667,0.0410308837890625,-0.0704803466796875,-0.9990386962890625,3577.767354291667,-0.00107526173126398,-0.006891123902507087,0.0007226136093277314,-0.06481118500232697,-0.0456828884780407,-0.00157062103971839,-0.003221858292818069,-0.0002191066741943359,0.002981066703796387,XArbitraryZVertical,0.0003594521505047324,-0.003445748535312491,-0.00053887249611575,0.9999938895927353,0.03999555110931396,-0.06830811500549316,-0.9968622326850891,0,0,0,-1,-1,3542.123566166667,unknown,2,2026-04-24T18:34:45.265+02:00,2026-04-24T18:20:19.173+02:00,16,0.7102333,0,0,12.45568,0,0,2026-04-24T18:28:28.837+02:00,798741318.8894778,0,1.99,101.5412,1,0.85,0
2026-04-24T18:35:20.929+02:00,1777048513.800981,53.56897219751585,9.882953190205464,38.55946,-1,-1,-1,-1,9.519085617248134,5.63601519283635,-9999,3577.782466291667,0.0450286865234375,-0.0619354248046875,-0.99859619140625,3577.777429291667,-0.001105516886177034,-0.007322848652718994,0.0001354335298293609,-0.06464154273271561,-0.04615906625986099,-0.00283275987021625,-0.001160543411970139,-0.004498332738876343,-0.0009748935699462891,XArbitraryZVertical,6.569241751029062e-05,-0.003661452739962831,-0.0005530026071520248,0.9999932151410575,0.03956693038344383,-0.06772153079509735,-0.9969193935394287,0,0,0,-1,-1,3542.123566166667,unknown,2,2026-04-24T18:34:45.265+02:00,2026-04-24T18:20:19.173+02:00,16,0.7102333,0,0,12.45568,0,0,2026-04-24T18:28:28.837+02:00,798741318.8894778,0,1.99,101.5412,1,0.85,0
2026-04-24T18:35:20.939+02:00,1777048513.800981,53.56897219751585,9.882953190205464,38.55946,-1,-1,-1,-1,9.519085617248134,5.63601519283635,-9999,3577.792541291667,0.0424346923828125,-0.0574951171875,-0.99993896484375,3577.787503291667,-0.001130653995079708,-0.007738057378266256,-0.0003889917230855036,-0.05156489089131355,-0.04267112165689468,-0.001185328466817737,0.004455208778381348,0.0008524730801582336,-0.00115203857421875,XArbitraryZVertical,-0.0001966816187871819,-0.003868908094322362,-0.0005645701740594396,0.9999924139672175,0.03915442526340485,-0.06719769537448883,-0.9969711303710938,0,0,0,-1,-1,3542.123566166667,unknown,2,2026-04-24T18:34:45.265+02:00,2026-04-24T18:20:19.173+02:00,16,0.7102333,0,0,12.45568,0,0,2026-04-24T18:28:28.837+02:00,798741318.8894778,0,1.99,101.5412,1,0.85,0
2026-04-24T18:35:20.949+02:00,1777048513.800981,53.56897219751585,9.882953190205464,38.55946,-1,-1,-1,-1,9.519085617248134,5.63601519283635,-9999,3577.802615291667,0.0399627685546875,-0.0641326904296875,-1.000411987304688,3577.797578291667,-0.001138363663275878,-0.008143497907954222,-0.0008102245606287607,-0.0312785804271698,-0.03710431605577469,-0.001918030437082052,0.005210082978010178,0.008137986063957214,-0.001794636249542236,XArbitraryZVertical,-0.000407426369124829,-0.004071505781956978,-0.0005675274772467791,0.999991552512866,0.03875049948692322,-0.06677751243114471,-0.997015118598938,0,0,0,-1,-1,3542.123566166667,unknown,2,2026-04-24T18:34:45.265+02:00,2026-04-24T18:20:19.173+02:00,16,0.7102333,0,0,12.45568,0,0,2026-04-24T18:28:28.837+02:00,798741318.8894778,0,1.99,101.5412,1,0.85,0
2026-04-24T18:35:20.959+02:00,1777048513.800981,53.56897219751585,9.882953190205464,38.55946,-1,-1,-1,-1,9.519085617248134,5.63601519283635,-9999,3577.812690291667,0.036529541015625,-0.060150146484375,-0.9966888427734375,3577.807653291667,-0.001162730300215425,-0.008487250566258923,-0.001032808425536701,-0.01333073899149895,-0.02764023840427399,-0.001268219202756882,0.002743680030107498,0.006038159132003784,-0.004909873008728027,XArbitraryZVertical,-0.0005188665110715983,-0.004243310806416934,-0.0005791683536531114,0.9999907514228993,0.0384092889726162,-0.06655452400445938,-0.997043251991272,0,0,0,-1,-1,3542.123566166667,unknown,2,2026-04-24T18:34:45.265+02:00,2026-04-24T18:20:19.173+02:00,16,0.7102333,0,0,12.45568,0,0,2026-04-24T18:28:28.837+02:00,798741318.8894778,0,1.99,101.5412,1,0.85,0
2026-04-24T18:35:20.969+02:00,1777048513.800981,53.56897219751585,9.882953190205464,38.55946,-1,-1,-1,-1,9.519085617248134,5.63601519283635,-9999,3577.822764291667,0.034393310546875,-0.0487213134765625,-0.9966278076171875,3577.817727291667,-0.001186730806785253,-0.008712262796602381,-0.00108533477274159,0.003313271794468164,-0.0172232873737812,-0.001867563463747501,5.200505256652832e-05,0.003299139440059662,-0.001266121864318848,XArbitraryZVertical,-0.0005452468632114111,-0.004355794048722124,-0.0005909957064244954,0.9999902286479361,0.03818653151392937,-0.06650104373693466,-0.9970553517341614,0,0,0,-1,-1,3542.123566166667,unknown,2,2026-04-24T18:34:45.265+02:00,2026-04-24T18:20:19.173+02:00,16,0.7102333,0,0,12.45568,0,0,2026-04-24T18:28:28.837+02:00,798741318.8894778,0,1.99,101.5412,1,0.85,0
2026-04-24T18:35:20.979+02:00,1777048513.800981,53.56897219751585,9.882953190205464,38.55946,-1,-1,-1,-1,9.519085617248134,5.63601519283635,-9999,3577.832839291667,0.036834716796875,-0.048797607421875,-0.9947662353515625,3577.827802291667,-0.001191275732558915,-0.008844236766360201,-0.0009628083628819508,0.0203015748411417,-0.008319273591041565,-0.001432935590855777,-0.003509409725666046,0.01259157061576843,-0.0003384947776794434,XArbitraryZVertical,-0.0004840333349450787,-0.00442181586483432,-0.000593503110049041,0.9999899461197264,0.03805532306432724,-0.06662295013666153,-0.9970522522926331,0,0,0,-1,-1,3542.123566166667,unknown,2,2026-04-24T18:34:45.265+02:00,2026-04-24T18:20:19.173+02:00,16,0.7102333,0,0,12.45568,0,0,2026-04-24T18:28:28.837+02:00,798741318.8894778,0,1.99,101.5412,1,0.85,0
2026-04-24T18:35:20.989+02:00,1777048513.800981,53.56897219751585,9.882953190205464,38.55946,-1,-1,-1,-1,9.519085617248134,5.63601519283635,-9999,3577.842914291667,0.038726806640625,-0.0565643310546875,-0.9937286376953125,3577.837876291667,-0.001199025440670711,-0.008883520787166369,-0.0007010814418525887,0.0302923172712326,-9.916070848703384e-05,-0.002447200240567327,-0.003165740519762039,0.01935230195522308,0.000683128833770752,XArbitraryZVertical,-0.0003532000770850294,-0.004441534584098394,-0.0005979497236639858,0.9999898910057639,0.03801683336496353,-0.06688343733549118,-0.9970362782478333,0,0,0,-1,-1,3542.123566166667,unknown,2,2026-04-24T18:34:45.265+02:00,2026-04-24T18:20:19.173+02:00,16,0.7102333,0,0,12.45568,0,0,2026-04-24T18:28:28.837+02:00,798741318.8894778,0,1.99,101.5412,1,0.85,0
2026-04-24T18:35:20.999+02:00,1777048513.800981,53.56897219751585,9.882953190205464,38.55946,-1,-1,-1,-1,9.519085617248134,5.63601519283635,-9999,3577.852988291667,0.03485107421875,-0.061431884765625,-0.9898529052734375,3577.847951291667,-0.001211138466510363,-0.008835920828060773,-0.0003558885232464701,0.03537283092737198,0.008992072194814682,-0.0002429019077681005,0.001165047287940979,0.01423311978578568,0.002474009990692139,XArbitraryZVertical,-0.0001806178707902389,-0.004417837579751195,-0.0006047771525805202,0.9999900026987667,0.03806531056761742,-0.06722690165042877,-0.9970113039016724,0,0,0,-1,-1,3542.123566166667,unknown,2,2026-04-24T18:34:45.265+02:00,2026-04-24T18:20:19.173+02:00,16,0.7102333,0,0,12.45568,0,0,2026-04-24T18:28:28.837+02:00,798741318.8894778,0,1.99,101.5412,1,0.85,0
2026-04-24T18:35:21.009+02:00,1777048513.800981,53.56897219751585,9.882953190205464,38.55946,-1,-1,-1,-1,9.519085617248134,5.63601519283635,-9999,3577.863063291667,0.0337371826171875,-0.0617218017578125,-0.9887237548828125,3577.858026291667,-0.001235284749129539,-0.0087182228155494,-2.651770038066004e-05,0.0274660661816597,0.01409042812883854,-0.004009743686765432,-0.001639679074287415,0.007846392691135406,0.005453288555145264,XArbitraryZVertical,-1.595108289034386e-05,-0.004359088168437952,-0.0006175786119404395,0.9999904030855521,0.03818449378013611,-0.0675540491938591,-0.9969846606254578,0,0,0,-1,-1,3542.123566166667,unknown,2,2026-04-24T18:34:45.265+02:00,2026-04-24T18:20:19.173+02:00,16,0.7102333,0,0,12.45568,0,0,2026-04-24T18:28:28.837+02:00,798741318.8894778,0,1.99,101.5412,1,0.85,0
2026-04-24T18:35:21.019+02:00,1777048513.800981,53.56897219751585,9.882953190205464,38.55946,-1,-1,-1,-1,9.519085617248134,5.63601519283635,-9999,3577.873137291667,0.0356597900390625,-0.0643157958984375,-0.98876953125,3577.868100291667,-0.001258697153998284,-0.008581109563438275,0.000233212160669756,0.02200924791395664,0.01352104358375072,-0.002678429475054145,-0.004692535847425461,0.005159191787242889,0.007688760757446289,XArbitraryZVertical,0.0001139047331422214,-0.004290613946854347,-0.0006298430154826741,0.9999906317247209,0.03832292184233665,-0.06781179457902908,-0.9969618320465088,0,0,0,-1,-1,3542.123566166667,unknown,2,2026-04-24T18:34:45.265+02:00,2026-04-24T18:20:19.173+02:00,16,0.7102333,0,0,12.45568,0,0,2026-04-24T18:28:28.837+02:00,798741318.8894778,0,1.99,101.5412,1,0.85,0
2026-04-24T18:35:21.029+02:00,1777048513.800981,53.56897219751585,9.882953190205464,38.55946,-1,-1,-1,-1,9.519085617248134,5.63601519283635,-9999,3577.883212291667,0.038116455078125,-0.07293701171875,-0.9887847900390625,3577.878175291667,-0.001295534888531131,-0.008473147785127108,0.0003672382060754378,-4.228029865771532e-06,0.005723042413592339,-0.003751816693693399,-0.003902468830347061,0.00519949197769165,0.008636891841888428,XArbitraryZVertical,0.0001808731023758861,-0.004236679029645605,-0.0006485394620237701,0.9999908388584933,0.03843312337994576,-0.06794363260269165,-0.9969485998153687,0,0,0,-1,-1,3542.123566166667,unknown,2,2026-04-24T18:34:45.265+02:00,2026-04-24T18:20:19.173+02:00,16,0.7102333,0,0,12.45568,0,0,2026-04-24T18:28:28.837+02:00,798741318.8894778,0,1.99,101.5412,1,0.85,0
2026-04-24T18:35:21.040+02:00,1777048513.800981,53.56897219751585,9.882953190205464,38.55946,-1,-1,-1,-1,9.519085617248134,5.63601519283635,-9999,3577.893287291667,0.037994384765625,-0.0776214599609375,-0.9863128662109375,3577.888249291667,-0.001319404297370956,-0.008445061013670114,0.0001531008973266331,-0.03315205872058868,-0.00531256478279829,-0.001030332408845425,-0.001627877354621887,-0.001423746347427368,0.008574008941650391,XArbitraryZVertical,7.376414529259663e-05,-0.004222567512969544,-0.0006600194509823197,0.9999908679212782,0.03846260905265808,-0.06772910058498383,-0.9969620704650879,0,0,0,-1,-1,3542.123566166667,unknown,2,2026-04-24T18:34:45.265+02:00,2026-04-24T18:20:19.173+02:00,16,0.7102333,0,0,12.45568,0,0,2026-04-24T18:28:28.837+02:00,798741318.8894778,0,1.99,101.5412,1,0.85,0
2026-04-24T18:35:21.050+02:00,1777048513.800981,53.56897219751585,9.882953190205464,38.55946,-1,-1,-1,-1,9.519085617248134,5.63601519283635,-9999,3577.903361291667,0.039703369140625,-0.088104248046875,-0.9886322021484375,3577.898324291667,-0.001345790621514478,-0.00853830926991171,-0.000205414586431576,-0.03791272640228271,-0.01022583059966564,-0.004729995969682932,-0.0003157854080200195,-0.008297786116600037,0.009502112865447998,XArbitraryZVertical,-0.0001055790191661747,-0.004269071573420551,-0.0006724506535315253,0.9999906543632753,0.03837122023105621,-0.06737056374549866,-0.996989905834198,0,0,0,-1,-1,3542.123566166667,unknown,2,2026-04-24T18:34:45.265+02:00,2026-04-24T18:20:19.173+02:00,16,0.7102333,0,0,12.45568,0,0,2026-04-24T18:28:28.837+02:00,798741318.8894778,0,1.99,101.5412,1,0.85,0
2026-04-24T18:35:21.060+02:00,1777048513.800981,53.56897219751585,9.882953190205464,38.55946,-1,-1,-1,-1,9.519085617248134,5.63601519283635,-9999,3577.913436291667,0.0399017333984375,-0.07891845703125,-0.9928741455078125,3577.908399291667,-0.00142736324755333,-0.008677827231401881,-0.0005944414210490079,-0.03551827743649483,-0.01635429635643959,-0.004577662795782089,0.000199493020772934,-0.01541844755411148,0.01107478141784668,XArbitraryZVertical,-0.0003003144198170394,-0.004338686505578821,-0.0007123851899910071,0.999990307537357,0.03823740780353546,-0.06697902083396912,-0.9970214366912842,0,0,0,-1,-1,3542.123566166667,unknown,2,2026-04-24T18:34:45.265+02:00,2026-04-24T18:20:19.173+02:00,16,0.7102333,0,0,12.45568,0,0,2026-04-24T18:28:28.837+02:00,798741318.8894778,0,1.99,101.5412,1,0.85,0
2026-04-24T18:35:21.070+02:00,1777048513.800981,53.56897219751585,9.882953190205464,38.55946,-1,-1,-1,-1,9.519085617248134,5.63601519283635,-9999,3577.923510291667,0.0437774658203125,-0.0440216064453125,-0.985931396484375,3577.918473291667,-0.001431630681904241,-0.008916827536122055,-0.001063816706833207,-0.03983643651008606,-0.02547908574342728,0.003248302266001701,0.001475375145673752,-0.02224937826395035,0.004279255867004395,XArbitraryZVertical,-0.0005350942814234913,-0.004458016366650354,-0.0007134365872275274,0.9999896908788648,0.03799913078546524,-0.06651101261377335,-0.9970618486404419,0,0,0,-1,-1,3542.123566166667,unknown,2,2026-04-24T18:34:45.265+02:00,2026-04-24T18:20:19.173+02:00,16,0.7102333,0,0,12.45568,0,0,2026-04-24T18:28:28.837+02:00,798741318.8894778,0,1.99,101.5412,1,0.85,0
2026-04-24T18:35:21.080+02:00,1777048513.800981,53.56897219751585,9.882953190205464,38.55946,-1,-1,-1,-1,9.519085617248134,5.63601519283635,-9999,3577.933585291667,0.0391082763671875,-0.0578460693359375,-0.986236572265625,3577.928548291667,-0.001439162539026787,-0.009176677917730146,-0.001497759147439512,-0.03038274683058262,-0.0263973418623209,-0.007104469928890467,0.004648644477128983,0.005516007542610168,0.007171273231506348,XArbitraryZVertical,-0.0007521730695967292,-0.00458778134633464,-0.0007161373055424949,0.9999889726222626,0.03774028643965721,-0.06607814878225327,-0.9971004724502563,0,0,0,-1,-1,3542.123566166667,unknown,2,2026-04-24T18:34:45.265+02:00,2026-04-24T18:20:19.173+02:00,16,0.7102333,0,0,12.45568,0,0,2026-04-24T18:28:28.837+02:00,798741318.8894778,0,1.99,101.5412,1,0.85,0
2026-04-24T18:35:21.090+02:00,1777048513.800981,53.56897219751585,9.882953190205464,38.55946,-1,-1,-1,-1,9.519085617248134,5.63601519283635,-9999,3577.943660291667,0.034332275390625,-0.0834197998046875,-0.9911346435546875,3577.938622291667,-0.001545467563352282,-0.00943285475035288,-0.001732535778609972,-0.01689617894589901,-0.0236646756529808,-0.01278485916554928,0.005736276507377625,0.02250418812036514,0.01243019104003906,XArbitraryZVertical,-0.000869902366063205,-0.00471573706195978,-0.0007686391051627197,0.999988262798681,0.03749189153313637,-0.06583916395902634,-0.9971256256103516,0,0,0,-1,-1,3542.123566166667,unknown,2,2026-04-24T18:34:45.265+02:00,2026-04-24T18:20:19.173+02:00,16,0.7102333,0,0,12.45568,0,0,2026-04-24T18:28:28.837+02:00,798741318.8894778,0,1.99,101.5412,1,0.85,0
2026-04-24T18:35:21.109+02:00,1777048513.800981,53.56897219751585,9.882953190205464,38.55946,-1,-1,-1,-1,9.519085617248134,5.63601519283635,-9999,3577.953734291667,0.036712646484375,-0.0577239990234375,-0.99078369140625,3577.948697291667,-0.00164652467471074,-0.009694967682602185,-0.001901308866368528,-0.01444340869784355,-0.0240902453660965,-0.009729147888720036,-0.001485884189605713,-0.01074983924627304,0.0082244873046875,XArbitraryZVertical,-0.0009546335234504148,-0.004846678354279333,-0.0008186439312970172,0.999987472459878,0.03723724558949471,-0.06566619127988815,-0.9971466064453125,0,0,0,-1,-1,3542.123566166667,unknown,2,2026-04-24T18:34:45.265+02:00,2026-04-24T18:20:19.173+02:00,16,0.7102333,0,0,12.45568,0,0,2026-04-24T18:28:28.837+02:00,798741318.8894778,0,1.99,101.5412,1,0.85,0
2026-04-24T18:35:21.112+02:00,1777048513.800981,53.56897219751585,9.882953190205464,38.55946,-1,-1,-1,-1,9.519085617248134,5.63601519283635,-9999,3577.963809291667,0.0335693359375,-0.0469512939453125,-0.9925689697265625,3577.958772291667,-0.00174044172461405,-0.009919789334635755,-0.002026502181224337,-0.006639920175075531,-0.01565921306610107,-0.01157724857330322,-0.001435816287994385,-0.008391842246055603,0.005723416805267334,XArbitraryZVertical,-0.001017554222096871,-0.00495898801344541,-0.0008651839801841415,0.9999868429429181,0.03701932728290558,-0.06553700566291809,-0.9971632361412048,0,0,0,-1,-1,3542.123566166667,unknown,2,2026-04-24T18:34:45.265+02:00,2026-04-24T18:20:19.173+02:00,16,0.7102333,0,0,12.45568,0,0,2026-04-24T18:28:28.837+02:00,798741318.8894778,0,1.99,101.5412,1,0.85,0
2026-04-24T18:35:21.120+02:00,1777048513.800981,53.56897219751585,9.882953190205464,38.55946,-1,-1,-1,-1,9.519085617248134,5.63601519283635,-9999,3577.973884291667,0.028594970703125,-0.06390380859375,-0.9925689697265625,3577.968846291667,-0.001849741785828379,-0.01003487171218127,-0.002030137620944207,0.001467008609324694,-0.008966954424977303,-0.007917799055576324,-0.0005654990673065186,0.01880582422018051,0.005941569805145264,XArbitraryZVertical,-0.001019695889560373,-0.005016471310233451,-0.0009197656306193872,0.9999864680726547,0.03691194951534271,-0.06552825123071671,-0.9971677660942078,0,0,0,-1,-1,3542.123566166667,unknown,2,2026-04-24T18:34:45.265+02:00,2026-04-24T18:20:19.173+02:00,16,0.7102333,0,0,12.45568,0,0,2026-04-24T18:28:28.837+02:00,798741318.8894778,0,1.99,101.5412,1,0.85,0
2026-04-24T18:35:21.130+02:00,1777048513.800981,53.56897219751585,9.882953190205464,38.55946,-1,-1,-1,-1,9.519085617248134,5.63601519283635,-9999,3577.983958291667,0.0285186767578125,-0.065948486328125,-0.9938507080078125,3577.978921291667,-0.001914639762087296,-0.01008584910644191,-0.00193598414336972,0.008539299480617046,-0.004534655250608921,-0.004654961172491312,-0.006363227963447571,0.01061110943555832,0.004167318344116211,XArbitraryZVertical,-0.0009728068555070521,-0.005041971934715435,-0.0009524256440470312,0.9999863435040794,0.03686556220054626,-0.06561905145645142,-0.9971635341644287,0,0,0,-1,-1,3542.123566166667,unknown,2,2026-04-24T18:34:45.265+02:00,2026-04-24T18:20:19.173+02:00,16,0.7102333,0,0,12.45568,0,0,2026-04-24T18:28:28.837+02:00,798741318.8894778,0,1.99,101.5412,1,0.85,0
2026-04-24T18:35:21.140+02:00,1777048513.800981,53.56897219751585,9.882953190205464,38.55946,-1,-1,-1,-1,9.519085617248134,5.63601519283635,-9999,3577.994033291667,0.0283203125,-0.060455322265625,-0.9927978515625,3577.988995291667,-0.001935093173351702,-0.01006542749252282,-0.001786068701385985,0.00605030870065093,0.008511371910572052,-0.00176383345387876,-0.009070619940757751,-0.002378247678279877,0.004477143287658691,XArbitraryZVertical,-0.0008978918644524538,-0.005031824087554516,-0.0009630394303146364,0.9999864754767207,0.03688740730285645,-0.06576751917600632,-0.9971529245376587,0,0,0,-1,-1,3542.123566166667,unknown,2,2026-04-24T18:34:45.265+02:00,2026-04-24T18:20:19.173+02:00,16,0.7102333,0,0,12.45568,0,0,2026-04-24T18:28:28.837+02:00,798741318.8894778,0,1.99,101.5412,1,0.85,0
2026-04-24T18:35:21.150+02:00,1777048513.800981,53.56897219751585,9.882953190205464,38.55946,-1,-1,-1,-1,9.519085617248134,5.63601519283635,-9999,3578.004107291667,0.0290679931640625,-0.066192626953125,-0.9901275634765625,3577.999070291667,-0.001922504533124224,-0.009959750999152594,-0.001611947922249702,0.00970938615500927,0.01222461741417646,0.001354395179077983,-0.008686982095241547,0.003716304898262024,0.003347873687744141,XArbitraryZVertical,-0.0008107503857990218,-0.004979076163902221,-0.0009572262369959941,0.999986837661171,0.03699205070734024,-0.06594166159629822,-0.9971375465393066,0,0,0,-1,-1,3542.123566166667,unknown,2,2026-04-24T18:34:45.265+02:00,2026-04-24T18:20:19.173+02:00,16,0.7102333,0,0,12.45568,0,0,2026-04-24T18:28:28.837+02:00,798741318.8894778,0,1.99,101.5412,1,0.85,0
2026-04-24T18:35:21.160+02:00,1777048513.800981,53.56897219751585,9.882953190205464,38.55946,-1,-1,-1,-1,9.519085617248134,5.63601519283635,-9999,3578.014182291667,0.03094482421875,-0.0724334716796875,-0.992279052734375,3578.009145291667,-0.001878903427831848,-0.009767559873528881,-0.001549091792348192,0.007959689013659954,0.01942394115030766,0.008020553737878799,-0.007990710437297821,0.00339953601360321,0.006220459938049316,XArbitraryZVertical,-0.0007791242543405254,-0.004883029010405903,-0.0009356573477296598,0.9999873884411654,0.03718078881502151,-0.0660063624382019,-0.9971262216567993,0,0,0,-1,-1,3542.123566166667,unknown,2,2026-04-24T18:34:45.265+02:00,2026-04-24T18:20:19.173+02:00,16,0.7102333,0,0,12.45568,0,0,2026-04-24T18:28:28.837+02:00,798741318.8894778,0,1.99,101.5412,1,0.85,0
2026-04-24T18:35:21.170+02:00,1777048513.800981,53.56897219751585,9.882953190205464,38.55946,-1,-1,-1,-1,9.519085617248134,5.63601519283635,-9999,3578.024257291667,0.0335845947265625,-0.07135009765625,-0.9925994873046875,3578.019219291667,-0.001789248356725142,-0.009499631105006151,-0.001551217671473195,0.008001074194908142,0.02733592689037323,0.009649675339460373,-0.007336284965276718,-0.004029408097267151,0.005905389785766602,XArbitraryZVertical,-0.0007798489301833364,-0.004749100189936841,-0.0008909296586920234,0.9999880857818961,0.03744189068675041,-0.06600844860076904,-0.9971163272857666,0,0,0,-1,-1,3542.123566166667,unknown,2,2026-04-24T18:34:45.265+02:00,2026-04-24T18:20:19.173+02:00,16,0.7102333,0,0,12.45568,0,0,2026-04-24T18:28:28.837+02:00,798741318.8894778,0,1.99,101.5412,1,0.85,0
2026-04-24T18:35:21.181+02:00,1777048513.800981,53.56897219751585,9.882953190205464,38.55946,-1,-1,-1,-1,9.519085617248134,5.63601519283635,-9999,3578.034331291667,0.0379486083984375,-0.0664215087890625,-0.99151611328125,3578.029294291667,-0.001696640006429519,-0.009222625869265257,-0.001374905615462585,0.01800763607025146,0.02590633928775787,0.007683996576815844,-0.006049942225217819,-0.006779015064239502,0.004113256931304932,XArbitraryZVertical,-0.0006913570082829456,-0.004610710388399165,-0.0008451405830604129,0.9999888354712951,0.03771194443106651,-0.06618852913379669,-0.9970942139625549,0,0,0,-1,-1,3542.123566166667,unknown,2,2026-04-24T18:34:45.265+02:00,2026-04-24T18:20:19.173+02:00,16,0.7102333,0,0,12.45568,0,0,2026-04-24T18:28:28.837+02:00,798741318.8894778,0,1.99,101.5412,1,0.85,0
2026-04-24T18:35:21.191+02:00,1777048513.800981,53.56897219751585,9.882953190205464,38.55946,-1,-1,-1,-1,9.519085617248134,5.63601519283635,-9999,3578.044406291667,0.041259765625,-0.0585479736328125,-0.9958953857421875,3578.039368291667,-0.001633808466020983,-0.009012683527880974,-0.001147547202225329,0.0198391992598772,0.0187994297593832,0.005514718592166901,-0.001357100903987885,-0.002948373556137085,0.005173623561859131,XArbitraryZVertical,-0.0005774487360637019,-0.004505855149306306,-0.000814310030427282,0.9999894400363681,0.03791717067360878,-0.06641808897256851,-0.9970711469650269,0,0,0,-1,-1,3542.123566166667,unknown,2,2026-04-24T18:34:45.265+02:00,2026-04-24T18:20:19.173+02:00,16,0.7102333,0,0,12.45568,0,0,2026-04-24T18:28:28.837+02:00,798741318.8894778,0,1.99,101.5412,1,0.85,0
2026-04-24T18:35:21.201+02:00,1777048513.800981,53.56897219751585,9.882953190205464,38.55946,-1,-1,-1,-1,9.519085617248134,5.63601519283635,-9999,3578.054480291667,0.0489959716796875,-0.0574798583984375,-0.9955902099609375,3578.049443291667,-0.00159791322659988,-0.008884113373744151,-0.001009485173205823,0.02245176024734974,0.007724674418568611,0.001714920625090599,0.001324668526649475,0.004057362675666809,0.003206431865692139,XArbitraryZVertical,-0.0005082863866431816,-0.004441636523524675,-0.0007967064021380334,0.99998975870035,0.03804301843047142,-0.06655737012624741,-0.9970570802688599,0,0,0,-1,-1,3542.123566166667,unknown,2,2026-04-24T18:34:45.265+02:00,2026-04-24T18:20:19.173+02:00,16,0.7102333,0,0,12.45568,0,0,2026-04-24T18:28:28.837+02:00,798741318.8894778,0,1.99,101.5412,1,0.85,0
2026-04-24T18:35:21.211+02:00,1777048513.800981,53.56897219751585,9.882953190205464,38.55946,-1,-1,-1,-1,9.519085617248134,5.63601519283635,-9999,3578.064555291667,0.0455169677734375,-0.0654144287109375,-0.998443603515625,3578.059518291667,-0.001580512306823956,-0.008869645964412479,-0.0008909297472181211,0.008089384995400906,-0.00152102205902338,0.001236417097970843,0.007216498255729675,0.01085969060659409,0.001748383045196533,XArbitraryZVertical,-0.0004489649332676785,-0.004434454205035417,-0.0007882726022823368,0.9999898436735368,0.03805634006857872,-0.06667634844779968,-0.9970486164093018,0,0,0,-1,-1,3542.123566166667,unknown,2,2026-04-24T18:34:45.265+02:00,2026-04-24T18:20:19.173+02:00,16,0.7102333,0,0,12.45568,0,0,2026-04-24T18:28:28.837+02:00,798741318.8894778,0,1.99,101.5412,1,0.85,0
2026-04-24T18:35:21.221+02:00,1777048513.800981,53.56897219751585,9.882953190205464,38.55946,-1,-1,-1,-1,9.519085617248134,5.63601519283635,-9999,3578.074630291667,0.042205810546875,-0.077301025390625,-1.00616455078125,3578.069592291667,-0.001603583043441204,-0.008999261831893268,-0.001024031224341362,-0.03747863322496414,-0.01612206920981407,-0.002978567965328693,0.01091481372714043,0.005614250898361206,0.0001599788665771484,XArbitraryZVertical,-0.0005156179527083834,-0.004499202808279142,-0.0007994792772550185,0.9999895065426767,0.03792858496308327,-0.0665426105260849,-0.9970624446868896,0,0,0,-1,-1,3542.123566166667,unknown,2,2026-04-24T18:34:45.265+02:00,2026-04-24T18:20:19.173+02:00,16,0.7102333,0,0,12.45568,0,0,2026-04-24T18:28:28.837+02:00,798741318.8894778,0,1.99,101.5412,1,0.85,0
2026-04-24T18:35:21.231+02:00,1777048513.800981,53.56897219751585,9.882953190205464,38.55946,-1,-1,-1,-1,9.519085617248134,5.63601519283635,-9999,3578.084704291667,0.0440521240234375,-0.0958709716796875,-1.01409912109375,3578.079667291667,-0.001639875480583506,-0.009290787328701781,-0.001673584587606345,-0.0884658619761467,-0.03661882132291794,2.294796286150813e-05,0.006213806569576263,-0.004083320498466492,-0.003188669681549072,XArbitraryZVertical,-0.0008405917238775247,-0.004644687219302598,-0.0008160412240014461,0.999988621756518,0.03763996809720993,-0.06589349359273911,-0.9971165060997009,0,0,0,-1,-1,3542.123566166667,unknown,2,2026-04-24T18:34:45.265+02:00,2026-04-24T18:20:19.173+02:00,16,0.7102333,0,0,12.45568,0,0,2026-04-24T18:28:28.837+02:00,798741318.8894778,0,1.99,101.5412,1,0.85,0
2026-04-24T18:35:21.241+02:00,1777048513.800981,53.56897219751585,9.882953190205464,38.55946,-1,-1,-1,-1,9.519085617248134,5.63601519283635,-9999,3578.094779291667,0.0447540283203125,-0.102203369140625,-1.006622314453125,3578.089742291667,-0.001611070420218805,-0.00978824466764242,-0.002841349796722657,-0.1404840648174286,-0.05077565461397171,0.007545845117419958,0.005217168480157852,-0.02216795086860657,-0.01508724689483643,XArbitraryZVertical,-0.001424599172366492,-0.004892951399823504,-0.000798571661418462,0.9999867939994277,0.03714124858379364,-0.06473086774349213,-0.9972113370895386,0,0,0,-1,-1,3542.123566166667,unknown,2,2026-04-24T18:34:45.265+02:00,2026-04-24T18:20:19.173+02:00,16,0.7102333,0,0,12.45568,0,0,2026-04-24T18:28:28.837+02:00,798741318.8894778,0,1.99,101.5412,1,0.85,0
2026-04-24T18:35:21.251+02:00,1777048513.800981,53.56897219751585,9.882953190205464,38.55946,-1,-1,-1,-1,9.519085617248134,5.63601519283635,-9999,3578.104853291667,0.04107666015625,-0.0955352783203125,-0.9957275390625,3578.099816291667,-0.00150467998840539,-0.01034333822685082,-0.004399426326578072,-0.1705345809459686,-0.05497359484434128,0.01435361802577972,0.00805249810218811,-0.03912750631570816,-0.01424998044967651,XArbitraryZVertical,-0.002203572049684168,-0.005169976879562506,-0.0007409518753378382,0.999983990442085,0.03657947108149529,-0.06318268179893494,-0.9973313808441162,0,0,0,-1,-1,3542.123566166667,unknown,2,2026-04-24T18:34:45.265+02:00,2026-04-24T18:20:19.173+02:00,16,0.7102333,0,0,12.45568,0,0,2026-04-24T18:28:28.837+02:00,798741318.8894778,0,1.99,101.5412,1,0.85,0
2026-04-24T18:35:21.261+02:00,1777048513.800981,53.56897219751585,9.882953190205464,38.55946,-1,-1,-1,-1,9.519085617248134,5.63601519283635,-9999,3578.114928291667,0.0350494384765625,-0.0868682861328125,-0.992889404296875,3578.109891291667,-0.001362236859373396,-0.01090135140647387,-0.00616047844072941,-0.1889103800058365,-0.0495535284280777,0.01663354970514774,0.007551737129688263,-0.03771795332431793,-0.003332138061523438,XArbitraryZVertical,-0.003083900244585156,-0.005448523348565114,-0.0006643157251671515,0.9999802303188758,0.03601212054491043,-0.06143366917967796,-0.9974613189697266,0,0,0,-1,-1,3542.123566166667,unknown,2,2026-04-24T18:34:45.265+02:00,2026-04-24T18:20:19.173+02:00,16,0.7102333,0,0,12.45568,0,0,2026-04-24T18:28:28.837+02:00,798741318.8894778,0,1.99,101.5412,1,0.85,0
2026-04-24T18:35:21.271+02:00,1777048513.800981,53.56897219751585,9.882953190205464,38.55946,-1,-1,-1,-1,9.519085617248134,5.63601519283635,-9999,3578.125003291667,0.0322418212890625,-0.0648193359375,-0.9877166748046875,3578.119965291667,-0.001204129445609631,-0.01137755593020685,-0.007986223274792696,-0.1663227379322052,-0.04418326541781425,0.01997501775622368,0.002942238003015518,-0.0334731861948967,0.003814339637756348,XArbitraryZVertical,-0.003996460387708077,-0.005686296450274461,-0.0005793343702618973,0.999975746082217,0.03552518039941788,-0.0596206970512867,-0.9975887537002563,0,0,0,-1,-1,3542.123566166667,unknown,2,2026-04-24T18:34:45.265+02:00,2026-04-24T18:20:19.173+02:00,16,0.7102333,0,0,12.45568,0,0,2026-04-24T18:28:28.837+02:00,798741318.8894778,0,1.99,101.5412,1,0.85,0
2026-04-24T18:35:21.281+02:00,1777048513.800981,53.56897219751585,9.882953190205464,38.55946,-1,-1,-1,-1,9.519085617248134,5.63601519283635,-9999,3578.135077291667,0.037078857421875,-0.0505523681640625,-0.979949951171875,3578.130040291667,-0.001060117251279502,-0.01179917175057999,-0.009513328390852482,-0.1367195844650269,-0.03759646788239479,0.01246916502714157,-0.002928245812654495,-0.01841816306114197,0.007184445858001709,XArbitraryZVertical,-0.00475968936964674,-0.005896962188239051,-0.0005019812554972416,0.9999712673531986,0.03509378805756569,-0.05810467526316643,-0.9976934790611267,0,0,0,-1,-1,3542.123566166667,unknown,2,2026-04-24T18:34:45.265+02:00,2026-04-24T18:20:19.173+02:00,16,0.7102333,0,0,12.45568,0,0,2026-04-24T18:28:28.837+02:00,798741318.8894778,0,1.99,101.5412,1,0.85,0
2026-04-24T18:35:21.291+02:00,1777048513.800981,53.56897219751585,9.882953190205464,38.55946,-1,-1,-1,-1,9.519085617248134,5.63601519283635,-9999,3578.145152291667,0.0365142822265625,-0.033447265625,-0.9749908447265625,3578.140115291667,-0.0009899511582964183,-0.01213414542209432,-0.01067589069665504,-0.0927312895655632,-0.02816488221287727,0.005223835352808237,-0.0003301873803138733,0.000445295125246048,0.01341229677200317,XArbitraryZVertical,-0.005340823619902742,-0.006064305682752433,-0.0004625740160315356,0.9999673310377738,0.03475403040647507,-0.05694860219955444,-0.9977720379829407,0,0,0,-1,-1,3542.123566166667,unknown,2,2026-04-24T18:34:45.265+02:00,2026-04-24T18:20:19.173+02:00,16,0.7102333,0,0,12.45568,0,0,2026-04-24T18:28:28.837+02:00,798741318.8894778,0,1.99,101.5412,1,0.85,0
2026-04-24T18:35:21.302+02:00,1777048513.800981,53.56897219751585,9.882953190205464,38.55946,-1,-1,-1,-1,9.519085617248134,5.63601519283635,-9999,3578.155226291667,0.0332183837890625,-0.0247344970703125,-0.9831390380859375,3578.150189291667,-0.0009817817703109491,-0.01234144364793755,-0.01136245287603703,-0.04204600676894188,-0.01230842247605324,-0.002597069833427668,0.003570303320884705,0.01341759413480759,0.02192693948745728,XArbitraryZVertical,-0.005684115441854433,-0.006167792816793928,-0.0004558166994723092,0.9999648377673751,0.03454616293311119,-0.05626428127288818,-0.9978180527687073,0,0,0,-1,-1,3542.123566166667,unknown,2,2026-04-24T18:34:45.265+02:00,2026-04-24T18:20:19.173+02:00,16,0.7102333,0,0,12.45568,0,0,2026-04-24T18:28:28.837+02:00,798741318.8894778,0,1.99,101.5412,1,0.85,0
2026-04-24T18:35:21.312+02:00,1777048513.800981,53.56897219751585,9.882953190205464,38.55946,-1,-1,-1,-1,9.519085617248134,5.63601519283635,-9999,3578.165301291667,0.030731201171875,-0.018280029296875,-0.9898223876953125,3578.160264291667,-0.001089564613118925,-0.01243008200605869,-0.01152924803875556,0.004186681937426329,-0.003600152209401131,-0.01814660057425499,4.734843969345093e-06,0.02850497514009476,0.01954382658004761,XArbitraryZVertical,-0.005767865474124353,-0.00621175620800454,-0.0005089357514103206,0.9999639765969676,0.03446488082408905,-0.05609287321567535,-0.9978305101394653,0,0,0,-1,-1,3542.123566166667,unknown,2,2026-04-24T18:34:45.265+02:00,2026-04-24T18:20:19.173+02:00,16,0.7102333,0,0,12.45568,0,0,2026-04-24T18:28:28.837+02:00,798741318.8894778,0,1.99,101.5412,1,0.85,0
2026-04-24T18:35:21.322+02:00,1777048513.800981,53.56897219751585,9.882953190205464,38.55946,-1,-1,-1,-1,9.519085617248134,5.63601519283635,-9999,3578.175376291667,0.032928466796875,-0.0115966796875,-0.9992218017578125,3578.170338291667,-0.001320657468277229,-0.01247874166902315,-0.0113179102762915,0.0337325893342495,-0.008525668643414974,-0.02959659695625305,-0.001915600150823593,0.03398445621132851,0.01143121719360352,XArbitraryZVertical,-0.005662933191516606,-0.00623549207848601,-0.0006249973361394295,0.9999643822881501,0.03443209454417229,-0.0562928132712841,-0.9978203773498535,0,0,0,-1,-1,3542.123566166667,unknown,2,2026-04-24T18:34:45.265+02:00,2026-04-24T18:20:19.173+02:00,16,0.7102333,0,0,12.45568,0,0,2026-04-24T18:28:28.837+02:00,798741318.8894778,0,1.99,101.5412,1,0.85,0
2026-04-24T18:35:21.332+02:00,1777048513.800981,53.56897219751585,9.882953190205464,38.55946,-1,-1,-1,-1,9.519085617248134,5.63601519283635,-9999,3578.185450291667,0.03741455078125,-0.0270843505859375,-1.01690673828125,3578.180413291667,-0.001656588156320918,-0.01263995203451033,-0.01094091300691665,0.0341951809823513,-0.02196477726101875,-0.03861212730407715,-0.003242552280426025,0.04343891888856888,0.004686474800109863,XArbitraryZVertical,-0.0054755524905425,-0.006315305849807895,-0.000793692270829364,0.9999648043080009,0.03429420292377472,-0.05665304511785507,-0.9978047609329224,0,0,0,-1,-1,3542.123566166667,unknown,2,2026-04-24T18:34:45.265+02:00,2026-04-24T18:20:19.173+02:00,16,0.7102333,0,0,12.45568,0,0,2026-04-24T18:28:28.837+02:00,798741318.8894778,0,1.99,101.5412,1,0.85,0
2026-04-24T18:35:21.342+02:00,1777048513.800981,53.56897219751585,9.882953190205464,38.55946,-1,-1,-1,-1,9.519085617248134,5.63601519283635,-9999,3578.195525291667,0.0364837646484375,-0.0553741455078125,-1.018905639648438,3578.190488291667,-0.002054616103329137,-0.01296826408187841,-0.01061644073916753,0.02355132438242435,-0.04211664944887161,-0.03987633064389229,0.002367965877056122,0.04061579331755638,-0.009923219680786133,XArbitraryZVertical,-0.005314741705266913,-0.006478538302628516,-0.0009928529508224948,0.9999644736976384,0.03399373963475227,-0.05695796385407448,-0.9977976679801941,0,0,0,-1,-1,3542.123566166667,unknown,2,2026-04-24T18:34:45.265+02:00,2026-04-24T18:20:19.173+02:00,16,0.7102333,0,0,12.45568,0,0,2026-04-24T18:28:28.837+02:00,798741318.8894778,0,1.99,101.5412,1,0.85,0
2026-04-24T18:35:21.352+02:00,1777048513.800981,53.56897219751585,9.882953190205464,38.55946,-1,-1,-1,-1,9.519085617248134,5.63601519283635,-9999,3578.205599291667,0.033050537109375,-0.072357177734375,-1.014511108398438,3578.200562291667,-0.002369805887383722,-0.01346280777082006,-0.01049189765075537,0.002611368894577026,-0.05140096321702003,-0.02314282394945621,0.003648761659860611,0.01521250605583191,-0.02312767505645752,XArbitraryZVertical,-0.005253777605056972,-0.006725039277390883,-0.001149547265512418,0.9999630219903372,0.03352166339755058,-0.0570673756301403,-0.9978073835372925,0,0,0,-1,-1,3542.123566166667,unknown,2,2026-04-24T18:34:45.265+02:00,2026-04-24T18:20:19.173+02:00,16,0.7102333,0,0,12.45568,0,0,2026-04-24T18:28:28.837+02:00,798741318.8894778,0,1.99,101.5412,1,0.85,0
2026-04-24T18:35:21.362+02:00,1777048513.800981,53.56897219751585,9.882953190205464,38.55946,-1,-1,-1,-1,9.519085617248134,5.63601519283635,-9999,3578.215674291667,0.0272216796875,-0.07513427734375,-1.014007568359375,3578.210637291667,-0.002547707355910801,-0.01395521808938098,-0.01050737052374498,-0.01068313140422106,-0.04752792790532112,-0.01466864719986916,0.002953171730041504,-0.008645512163639069,-0.01758658885955811,XArbitraryZVertical,-0.005262417083555179,-0.00697075809180089,-0.001237147053466609,0.9999611128584476,0.03304232284426689,-0.05704358220100403,-0.9978247284889221,0,0,0,-1,-1,3542.123566166667,unknown,2,2026-04-24T18:34:45.265+02:00,2026-04-24T18:20:19.173+02:00,16,0.7102333,0,0,12.45568,0,0,2026-04-24T18:28:28.837+02:00,798741318.8894778,0,1.99,101.5412,1,0.85,0
2026-04-24T18:35:21.372+02:00,1777048513.800981,53.56897219751585,9.882953190205464,38.55946,-1,-1,-1,-1,9.519085617248134,5.63601519283635,-9999,3578.225749291667,0.030517578125,-0.0626220703125,-0.9998016357421875,3578.220711291667,-0.002596349758644064,-0.01448483868200791,-0.01073719835610283,-0.03708139434456825,-0.05522419512271881,0.004236002452671528,-0.003357380628585815,-0.01873417943716049,-0.01752561330795288,XArbitraryZVertical,-0.005377829763354225,-0.007235276378006183,-0.001259240671535004,0.9999585732971557,0.03251694142818451,-0.0568120926618576,-0.9978552460670471,0,0,0,-1,-1,3542.123566166667,unknown,2,2026-04-24T18:34:45.265+02:00,2026-04-24T18:20:19.173+02:00,16,0.7102333,0,0,12.45568,0,0,2026-04-24T18:28:28.837+02:00,798741318.8894778,0,1.99,101.5412,1,0.85,0
2026-04-24T18:35:21.382+02:00,1777048513.800981,53.56897219751585,9.882953190205464,38.55946,-1,-1,-1,-1,9.519085617248134,5.63601519283635,-9999,3578.235823291667,0.0322113037109375,-0.05841064453125,-0.995635986328125,3578.230786291667,-0.002493747634944244,-0.0150524645760364,-0.01115138000601561,-0.04820728302001953,-0.05596135929226875,0.01385693810880184,-0.003683958202600479,-0.01459529995918274,-0.009274721145629883,XArbitraryZVertical,-0.005584882763465571,-0.007519086279986588,-0.001204855482145672,0.9999554320754241,0.03194325044751167,-0.05640385299921036,-0.9978969097137451,0,0,0,-1,-1,3542.123566166667,unknown,2,2026-04-24T18:34:45.265+02:00,2026-04-24T18:20:19.173+02:00,16,0.7102333,0,0,12.45568,0,0,2026-04-24T18:28:28.837+02:00,798741318.8894778,0,1.99,101.5412,1,0.85,0
2026-04-24T18:35:21.392+02:00,1777048513.800981,53.56897219751585,9.882953190205464,38.55946,-1,-1,-1,-1,9.519085617248134,5.63601519283635,-9999,3578.245898291667,0.022796630859375,-0.086212158203125,-1.0137939453125,3578.240861291667,-0.002347947492115351,-0.0155985265692477,-0.01183677260188457,-0.08853766322135925,-0.05291177332401276,0.01663807593286037,0.001693174242973328,-0.0001658052206039429,0.003415226936340332,XArbitraryZVertical,-0.005927323173907679,-0.007792093986188594,-0.001127758862698795,0.9999515004804549,0.03138789162039757,-0.05572714656591415,-0.9979525208473206,0,0,0,-1,-1,3542.123566166667,unknown,2,2026-04-24T18:34:45.265+02:00,2026-04-24T18:20:19.173+02:00,16,0.7102333,0,0,12.45568,0,0,2026-04-24T18:28:28.837+02:00,798741318.8894778,0,1.99,101.5412,1,0.85,0
2026-04-24T18:35:21.402+02:00,1777048513.800981,53.56897219751585,9.882953190205464,38.55946,-1,-1,-1,-1,9.519085617248134,5.63601519283635,-9999,3578.255973291667,0.016937255859375,-0.07672119140625,-1.02740478515625,3578.250935291667,-0.00216683917543794,-0.0161285241228801,-0.01289375581614058,-0.1153178736567497,-0.05393016710877419,0.02288798242807388,-0.003090044483542442,-0.01775204390287399,-0.006321430206298828,XArbitraryZVertical,-0.006455356587641564,-0.008057017998925676,-0.001031373281029797,0.9999461662427324,0.03084579482674599,-0.0546814352273941,-0.9980272650718689,0,0,0,-1,-1,3542.123566166667,unknown,2,2026-04-24T18:34:45.265+02:00,2026-04-24T18:20:19.173+02:00,16,0.7102333,0,0,12.45568,0,0,2026-04-24T18:28:28.837+02:00,798741318.8894778,0,1.99,101.5412,1,0.85,0
2026-04-24T18:35:21.412+02:00,1777048513.800981,53.56897219751585,9.882953190205464,38.55946,-1,-1,-1,-1,9.519085617248134,5.63601519283635,-9999,3578.266047291667,0.02191162109375,-0.044525146484375,-1.027374267578125,3578.261010291667,-0.001923013345618795,-0.01667352042037349,-0.01404931967637198,-0.1144411638379097,-0.05756112188100815,0.02694371156394482,-0.01183647103607655,-0.03508276864886284,-0.02417147159576416,XArbitraryZVertical,-0.007032369922808438,-0.008329699724987389,-0.0009028876334419938,0.9999402205332307,0.03028436377644539,-0.05354028940200806,-0.9981063604354858,0,0,0,-1,-1,3542.123566166667,unknown,2,2026-04-24T18:34:45.265+02:00,2026-04-24T18:20:19.173+02:00,16,0.7102333,0,0,12.45568,0,0,2026-04-24T18:28:28.837+02:00,798741318.8894778,0,1.99,101.5412,1,0.85,0
2026-04-24T18:35:21.422+02:00,1777048513.800981,53.56897219751585,9.882953190205464,38.55946,-1,-1,-1,-1,9.519085617248134,5.63601519283635,-9999,3578.276122291667,0.0292510986328125,-0.0363922119140625,-1.021316528320312,3578.271085291667,-0.001702526838588717,-0.0172569319333721,-0.01518347509263884,-0.10599335283041,-0.05677682161331177,0.02055745013058186,-0.01140607334673405,-0.006525393575429916,-0.03042638301849365,XArbitraryZVertical,-0.007598723738185376,-0.008621644495579917,-0.0007857034867302121,0.9999336954987754,0.02968611940741539,-0.05241931974887848,-0.9981838464736938,0,0,0,-1,-1,3542.123566166667,unknown,2,2026-04-24T18:34:45.265+02:00,2026-04-24T18:20:19.173+02:00,16,0.7102333,0,0,12.45568,0,0,2026-04-24T18:28:28.837+02:00,798741318.8894778,0,1.99,101.5412,1,0.85,0
2026-04-24T18:35:21.432+02:00,1777048513.800981,53.56897219751585,9.882953190205464,38.55946,-1,-1,-1,-1,9.519085617248134,5.63601519283635,-9999,3578.286196291667,0.0341339111328125,-0.0441131591796875,-1.0185546875,3578.281159291667,-0.001607045171206034,-0.01787443795608926,-0.01616164684533988,-0.09089695662260056,-0.06604994833469391,0.003708962816745043,-0.004007421433925629,0.01385035738348961,-0.0259782075881958,XArbitraryZVertical,-0.008087591043127087,-0.008930312493997949,-0.0007312458552004929,0.9999271543942931,0.02906236611306667,-0.05144801735877991,-0.9982526898384094,0,0,0,-1,-1,3542.123566166667,unknown,2,2026-04-24T18:34:45.265+02:00,2026-04-24T18:20:19.173+02:00,16,0.7102333,0,0,12.45568,0,0,2026-04-24T18:28:28.837+02:00,798741318.8894778,0,1.99,101.5412,1,0.85,0
2026-04-24T18:35:21.442+02:00,1777048513.800981,53.56897219751585,9.882953190205464,38.55946,-1,-1,-1,-1,9.519085617248134,5.63601519283635,-9999,3578.296271291667,0.0391693115234375,-0.04681396484375,-1.009262084960938,3578.291234291667,-0.001641024422791431,-0.01858921490708447,-0.01712164966445364,-0.09931307286024094,-0.08081291615962982,-0.005432870239019394,0.002731947228312492,0.01098371669650078,-0.02258235216140747,XArbitraryZVertical,-0.008567973159399393,-0.009287105615852312,-0.0007408792235813826,0.9999199383179391,0.0283502209931612,-0.05048873275518417,-0.9983221888542175,0,0,0,-1,-1,3542.123566166667,unknown,2,2026-04-24T18:34:45.265+02:00,2026-04-24T18:20:19.173+02:00,16,0.7102333,0,0,12.45568,0,0,2026-04-24T18:28:28.837+02:00,798741318.8894778,0,1.99,101.5412,1,0.85,0
2026-04-24T18:35:21.453+02:00,1777048513.800981,53.56897219751585,9.882953190205464,38.55946,-1,-1,-1,-1,9.519085617248134,5.63601519283635,-9999,3578.306346291667,0.04388427734375,-0.049407958984375,-1.003982543945312,3578.301308291667,-0.001771832335269141,-0.01941344102634077,-0.01810209138054003,-0.08797866106033325,-0.08353573083877563,-0.01752841472625732,0.009360518306493759,0.002309013158082962,-0.01579636335372925,XArbitraryZVertical,-0.009059091302531921,-0.009698149008003063,-0.0007979846923929387,0.9999115864852566,0.02753524668514729,-0.04950445145368576,-0.998394250869751,0,0,0,-1,-1,3542.123566166667,unknown,2,2026-04-24T18:34:45.265+02:00,2026-04-24T18:20:19.173+02:00,16,0.7102333,0,0,12.45568,0,0,2026-04-24T18:28:28.837+02:00,798741318.8894778,0,1.99,101.5412,1,0.85,0
2026-04-24T18:35:21.463+02:00,1777048513.800981,53.56897219751585,9.882953190205464,38.55946,-1,-1,-1,-1,9.519085617248134,5.63601519283635,-9999,3578.316420291667,0.041473388671875,-0.057891845703125,-0.99652099609375,3578.311383291667,-0.002003210688720985,-0.02029495879717896,-0.01889721389314314,-0.07447004318237305,-0.08824340254068375,-0.02471921592950821,0.01576473191380501,0.002603504806756973,-0.00738680362701416,XArbitraryZVertical,-0.009458138239897208,-0.01013738399489289,-0.0009056324730460725,0.9999034803568728,0.02666997537016869,-0.04870031774044037,-0.9984573125839233,0,0,0,-1,-1,3542.123566166667,unknown,2,2026-04-24T18:34:45.265+02:00,2026-04-24T18:20:19.173+02:00,16,0.7102333,0,0,12.45568,0,0,2026-04-24T18:28:28.837+02:00,798741318.8894778,0,1.99,101.5412,1,0.85,0
2026-04-24T18:35:21.473+02:00,1777048513.800981,53.56897219751585,9.882953190205464,38.55946,-1,-1,-1,-1,9.519085617248134,5.63601519283635,-9999,3578.326495291667,0.0396575927734375,-0.04815673828125,-0.975189208984375,3578.321457291667,-0.002319957576487189,-0.02121968531198267,-0.01959291201899439,-0.06780761480331421,-0.09597668796777725,-0.03054541349411011,0.01805591210722923,-0.007367562502622604,-0.00316309928894043,XArbitraryZVertical,-0.009808047931952968,-0.01059776473207647,-0.001055922425648087,0.9998951601949794,0.02576734125614166,-0.04799133166670799,-0.9985153079032898,0,0,0,-1,-1,3542.123566166667,unknown,2,2026-04-24T18:34:45.265+02:00,2026-04-24T18:20:19.173+02:00,16,0.7102333,0,0,12.45568,0,0,2026-04-24T18:28:28.837+02:00,798741318.8894778,0,1.99,101.5412,1,0.85,0
2026-04-24T18:35:21.483+02:00,1777048513.800981,53.56897219751585,9.882953190205464,38.55946,-1,-1,-1,-1,9.519085617248134,5.63601519283635,-9999,3578.336569291667,0.0353240966796875,-0.045562744140625,-0.9607086181640625,3578.331532291667,-0.002636428930330656,-0.02216668383085616,-0.02019831020454576,-0.05356529727578163,-0.08700289577245712,-0.03036538511514664,0.01510505750775337,-0.007635515183210373,0.01195031404495239,XArbitraryZVertical,-0.01011296385507766,-0.01106922870328165,-0.001206137831367705,0.9998868365117943,0.02484246715903282,-0.04737243056297302,-0.9985683560371399,0,0,0,-1,-1,3542.123566166667,unknown,2,2026-04-24T18:34:45.265+02:00,2026-04-24T18:20:19.173+02:00,16,0.7102333,0,0,12.45568,0,0,2026-04-24T18:28:28.837+02:00,798741321.4710808,0,1.97,101.541,1,0.85,0
2026-04-24T18:35:21.493+02:00,1777048513.800981,53.56897219751585,9.882953190205464,38.55946,-1,-1,-1,-1,9.519085617248134,5.63601519283635,-9999,3578.346644291667,0.0268402099609375,-0.057769775390625,-0.9593658447265625,3578.341607291667,-0.002924465585036715,-0.0230209961078712,-0.02067931640050002,-0.05262850224971771,-0.0780581459403038,-0.02652710303664207,0.01438282616436481,0.003162533044815063,0.03245604038238525,XArbitraryZVertical,-0.01035560712416992,-0.01149449793492069,-0.001343047445258525,0.9998794678239022,0.02400830201804638,-0.04687897488474846,-0.9986120462417603,0,0,0,-1,-1,3542.123566166667,unknown,2,2026-04-24T18:34:45.265+02:00,2026-04-24T18:20:19.173+02:00,16,0.7102333,0,0,12.45568,0,0,2026-04-24T18:28:28.837+02:00,798741321.4710808,0,1.97,101.541,1,0.85,0
2026-04-24T18:35:21.503+02:00,1777048513.800981,53.56897219751585,9.882953190205464,38.55946,-1,-1,-1,-1,9.519085617248134,5.63601519283635,-9999,3578.356719291667,0.0240631103515625,-0.060546875,-0.952728271484375,3578.351681291667,-0.00315786702533857,-0.0237603126033768,-0.02126334626688536,-0.06396025419235229,-0.07001353055238724,-0.01888462901115417,0.007903862744569778,-0.005213160067796707,0.03869593143463135,XArbitraryZVertical,-0.01064946509639907,-0.01186240464180502,-0.001452431694060217,0.9998719408058997,0.02328511327505112,-0.04628526046872139,-0.9986568093299866,0,0,0,-1,-1,3542.123566166667,unknown,2,2026-04-24T18:34:45.265+02:00,2026-04-24T18:20:19.173+02:00,16,0.7102333,0,0,12.45568,0,0,2026-04-24T18:28:28.837+02:00,798741321.4710808,0,1.97,101.541,1,0.85,0
2026-04-24T18:35:21.513+02:00,1777048513.800981,53.56897219751585,9.882953190205464,38.55946,-1,-1,-1,-1,9.519085617248134,5.63601519283635,-9999,3578.366793291667,0.02044677734375,-0.0601654052734375,-0.9517669677734375,3578.361756291667,-0.00329768778208996,-0.02438616366894342,-0.02194702120250008,-0.07561653107404709,-0.0523221530020237,-0.005700584966689348,0.002798160538077354,-0.01461469754576683,0.04177826642990112,XArbitraryZVertical,-0.01099256134757534,-0.01217393584208229,-0.001514826447279272,0.9998644298262441,0.02266877330839634,-0.04559649527072906,-0.9987027049064636,0,0,0,-1,-1,3542.123566166667,unknown,2,2026-04-24T18:34:45.265+02:00,2026-04-24T18:20:19.173+02:00,16,0.7102333,0,0,12.45568,0,0,2026-04-24T18:28:28.837+02:00,798741321.4710808,0,1.97,101.541,1,0.85,0
2026-04-24T18:35:21.523+02:00,1777048513.800981,53.56897219751585,9.882953190205464,38.55946,-1,-1,-1,-1,9.519085617248134,5.63601519283635,-9999,3578.376868291667,0.015777587890625,-0.0626373291015625,-0.955169677734375,3578.371831291667,-0.003306055101662697,-0.02481498461199659,-0.0227214853806772,-0.08323157578706741,-0.03936720639467239,0.006471392698585987,0.0001902319490909576,-0.01561678573489189,0.04888772964477539,XArbitraryZVertical,-0.01138011520089754,-0.01238757726611447,-0.001511841278222704,0.999857474024913,0.02224020287394524,-0.0448232889175415,-0.9987473487854004,0,0,0,-1,-1,3542.123566166667,unknown,2,2026-04-24T18:34:45.265+02:00,2026-04-24T18:20:19.173+02:00,16,0.7102333,0,0,12.45568,0,0,2026-04-24T18:28:28.837+02:00,798741321.4710808,0,1.97,101.541,1,0.85,0
2026-04-24T18:35:21.533+02:00,1777048513.800981,53.56897219751585,9.882953190205464,38.55946,-1,-1,-1,-1,9.519085617248134,5.63601519283635,-9999,3578.386942291667,0.014892578125,-0.0661773681640625,-0.9521636962890625,3578.381905291667,-0.003234108062884556,-0.02513975300019105,-0.02363611652004321,-0.09993444383144379,-0.02490996941924095,0.01057705469429493,-0.003813017159700394,-0.01689234375953674,0.0449223518371582,XArbitraryZVertical,-0.01183715815534589,-0.01254954265115261,-0.001468268681031456,0.9998501198210994,0.02190995588898659,-0.04391393810510635,-0.9987950325012207,0,0,0,-1,-1,3542.123566166667,unknown,2,2026-04-24T18:34:45.265+02:00,2026-04-24T18:20:19.173+02:00,16,0.7102333,0,0,12.45568,0,0,2026-04-24T18:28:28.837+02:00,798741321.4710808,0,1.97,101.541,1,0.85,0
2026-04-24T18:35:21.543+02:00,1777048513.800981,53.56897219751585,9.882953190205464,38.55946,-1,-1,-1,-1,9.519085617248134,5.63601519283635,-9999,3578.397017291667,0.0163116455078125,-0.062591552734375,-0.953826904296875,3578.391980291667,-0.00314185231866654,-0.02536304838774782,-0.02467496448899491,-0.1053132340312004,-0.01948617398738861,0.01340506598353386,-0.006756443530321121,-0.02227349206805229,0.04539948701858521,XArbitraryZVertical,-0.01235608200627061,-0.01266082463471822,-0.001414229953127099,0.999842477558517,0.02167955413460732,-0.0428815484046936,-0.9988449215888977,0,0,0,-1,-1,3542.123566166667,unknown,2,2026-04-24T18:34:45.265+02:00,2026-04-24T18:20:19.173+02:00,16,0.7102333,0,0,12.45568,0,0,2026-04-24T18:28:28.837+02:00,798741321.4710808,0,1.97,101.541,1,0.85,0
2026-04-24T18:35:21.553+02:00,1777048513.800981,53.56897219751585,9.882953190205464,38.55946,-1,-1,-1,-1,9.519085617248134,5.63601519283635,-9999,3578.407092291667,0.0173492431640625,-0.05615234375,-0.9633636474609375,3578.402054291667,-0.003036296140010242,-0.02551533674600806,-0.02576792767478578,-0.1112413704395294,-0.01318220514804125,0.01270958129316568,-0.005985680967569351,-0.02299308404326439,0.04644078016281128,XArbitraryZVertical,-0.0129019094654109,-0.01273669064297493,-0.001353537767120226,0.9998347698569767,0.02151914313435555,-0.04179574549198151,-0.9988943934440613,0,0,0,-1,-1,3542.123566166667,unknown,2,2026-04-24T18:34:45.265+02:00,2026-04-24T18:20:19.173+02:00,16,0.7102333,0,0,12.45568,0,0,2026-04-24T18:28:28.837+02:00,798741321.4710808,0,1.97,101.541,1,0.85,0
2026-04-24T18:35:21.563+02:00,1777048513.800981,53.56897219751585,9.882953190205464,38.55946,-1,-1,-1,-1,9.519085617248134,5.63601519283635,-9999,3578.417166291667,0.01776123046875,-0.0460052490234375,-0.97247314453125,3578.412129291667,-0.002923087022521121,-0.02560658547161616,-0.0268460168674834,-0.1018348187208176,-0.005017220042645931,0.01192821003496647,-0.004726076498627663,-0.01985232904553413,0.04099398851394653,XArbitraryZVertical,-0.0134402016590993,-0.01278216016779319,-0.001289442907501093,0.9998271121324801,0.02141920663416386,-0.04072507470846176,-0.9989407658576965,0,0,0,-1,-1,3542.123566166667,unknown,2,2026-04-24T18:34:45.265+02:00,2026-04-24T18:20:19.173+02:00,16,0.7102333,0,0,12.45568,0,0,2026-04-24T18:28:28.837+02:00,798741321.4710808,0,1.97,101.541,1,0.85,0
2026-04-24T18:35:21.574+02:00,1777048513.800981,53.56897219751585,9.882953190205464,38.55946,-1,-1,-1,-1,9.519085617248134,5.63601519283635,-9999,3578.427241291667,0.0162200927734375,-0.0376434326171875,-0.9822845458984375,3578.422204291667,-0.002820182506041894,-0.02562819352056465,-0.02782493700627516,-0.09097754210233688,-0.0008664173074066639,0.01297849416732788,-0.002865485846996307,-0.01188288256525993,0.03018480539321899,XArbitraryZVertical,-0.01392893001355252,-0.01279287722855553,-0.001231573624234897,0.9998204236927123,0.0213896706700325,-0.03975287079811096,-0.9989805817604065,0,0,0,-1,-1,3542.123566166667,unknown,2,2026-04-24T18:34:45.265+02:00,2026-04-24T18:20:19.173+02:00,16,0.7102333,0,0,12.45568,0,0,2026-04-24T18:28:28.837+02:00,798741321.4710808,0,1.97,101.541,1,0.85,0
2026-04-24T18:35:21.584+02:00,1777048513.800981,53.56897219751585,9.882953190205464,38.55946,-1,-1,-1,-1,9.519085617248134,5.63601519283635,-9999,3578.437316291667,0.0155181884765625,-0.0316162109375,-0.992645263671875,3578.432278291667,-0.002761755148830929,-0.02562661414556246,-0.02865905043834004,-0.07771100848913193,0.002183434786275029,0.003464883891865611,-0.004800146445631981,-0.002046786248683929,0.02220672369003296,XArbitraryZVertical,-0.01434553572573923,-0.01279184334659056,-0.001197024870545338,0.9998145874126959,0.02138646133244038,-0.03892306610941887,-0.9990133047103882,0,0,0,-1,-1,3542.123566166667,unknown,2,2026-04-24T18:34:45.265+02:00,2026-04-24T18:20:19.173+02:00,16,0.7102333,0,0,12.45568,0,0,2026-04-24T18:28:28.837+02:00,798741321.4710808,0,1.97,101.541,1,0.85,0
2026-04-24T18:35:21.594+02:00,1777048513.800981,53.56897219751585,9.882953190205464,38.55946,-1,-1,-1,-1,9.519085617248134,5.63601519283635,-9999,3578.447390291667,0.01458740234375,-0.0269012451171875,-1.003509521484375,3578.442353291667,-0.002762114389117924,-0.02562271588135358,-0.02940428069225139,-0.06991694867610931,0.0003690235316753387,0.0006869403878226876,-0.005444196984171867,0.003160268068313599,0.01188987493515015,XArbitraryZVertical,-0.01471808037157561,-0.01278930807507122,-0.0011924518743039,0.9998092205942223,0.02138964645564556,-0.03817920014262199,-0.9990419745445251,0,0,0,-1,-1,3542.123566166667,unknown,2,2026-04-24T18:34:45.265+02:00,2026-04-24T18:20:19.173+02:00,16,0.7102333,0,0,12.45568,0,0,2026-04-24T18:28:28.837+02:00,798741321.4710808,0,1.97,101.541,1,0.85,0
2026-04-24T18:35:21.615+02:00,1777048513.800981,53.56897219751585,9.882953190205464,38.55946,-1,-1,-1,-1,9.519085617248134,5.63601519283635,-9999,3578.457465291667,0.0164794921875,-0.0209503173828125,-1.009765625,3578.452427291667,-0.002755044908814729,-0.02562239591957741,-0.03005716930810676,-0.06031225621700287,0.001946147531270981,0.002300816122442484,-0.006892988458275795,0.008047837764024734,0.001279175281524658,XArbitraryZVertical,-0.01504441643628636,-0.01278868874068951,-0.001184731940045547,0.999804352689305,0.02138885296881199,-0.03752782940864563,-0.9990666508674622,0,0,0,-1,-1,3542.123566166667,unknown,2,2026-04-24T18:34:45.265+02:00,2026-04-24T18:20:19.173+02:00,16,0.7102333,0,0,12.45568,0,0,2026-04-24T18:28:28.837+02:00,798741321.4710808,0,1.97,101.541,1,0.85,0
2026-04-24T18:35:21.617+02:00,1777048513.800981,53.56897219751585,9.882953190205464,38.55946,-1,-1,-1,-1,9.519085617248134,5.63601519283635,-9999,3578.467539291667,0.0182647705078125,-0.01922607421875,-1.006317138671875,3578.462502291667,-0.002761500181990054,-0.02561101021738126,-0.03060931937659577,-0.04988092184066772,0.001615915214642882,-0.0002064832951873541,-0.005698828026652336,0.01286746934056282,-0.009473204612731934,XArbitraryZVertical,-0.01532047144196396,-0.01278251386810017,-0.001184504046200473,0.9998002279132453,0.02140013501048088,-0.03697636723518372,-0.9990869760513306,0,0,0,-1,-1,3542.123566166667,unknown,2,2026-04-24T18:34:45.265+02:00,2026-04-24T18:20:19.173+02:00,16,0.7102333,0,0,12.45568,0,0,2026-04-24T18:28:28.837+02:00,798741321.4710808,0,1.97,101.541,1,0.85,0
2026-04-24T18:35:21.624+02:00,1777048513.800981,53.56897219751585,9.882953190205464,38.55946,-1,-1,-1,-1,9.519085617248134,5.63601519283635,-9999,3578.477614291667,0.018646240234375,-0.0213623046875,-1.001373291015625,3578.472577291667,-0.002750363265084355,-0.02556547921005688,-0.03102549253227299,-0.03262923285365105,0.006686840206384659,0.0009514591074548662,-0.003698496147990227,0.01739640906453133,-0.00939786434173584,XArbitraryZVertical,-0.0155284179230044,-0.01275951103998428,-0.001176621535953675,0.9997973306372202,0.02144448272883892,-0.03656145930290222,-0.9991012811660767,0,0,0,-1,-1,3542.123566166667,unknown,2,2026-04-24T18:34:45.265+02:00,2026-04-24T18:20:19.173+02:00,16,0.7102333,0,0,12.45568,0,0,2026-04-24T18:28:28.837+02:00,798741321.4710808,0,1.97,101.541,1,0.85,0
2026-04-24T18:35:21.634+02:00,1777048513.800981,53.56897219751585,9.882953190205464,38.55946,-1,-1,-1,-1,9.519085617248134,5.63601519283635,-9999,3578.487689291667,0.0172576904296875,-0.021881103515625,-0.996124267578125,3578.482651291667,-0.002732032066721343,-0.02548770717750284,-0.03120430923491062,-0.006218341644853354,0.006325182970613241,0.000822362257167697,-0.002737198024988174,0.01599807292222977,-0.005440950393676758,XArbitraryZVertical,-0.01561764563052158,-0.01272063530984334,-0.001166920485643874,0.9997964537818355,0.02152078039944172,-0.03638381883502007,-0.9991061091423035,0,0,0,-1,-1,3542.123566166667,unknown,2,2026-04-24T18:34:45.265+02:00,2026-04-24T18:20:19.173+02:00,16,0.7102333,0,0,12.45568,0,0,2026-04-24T18:28:28.837+02:00,798741321.4710808,0,1.97,101.541,1,0.85,0
2026-04-24T18:35:21.644+02:00,1777048513.800981,53.56897219751585,9.882953190205464,38.55946,-1,-1,-1,-1,9.519085617248134,5.63601519283635,-9999,3578.497763625,0.0178680419921875,-0.0226593017578125,-0.991790771484375,3578.492726291667,-0.002724577877860512,-0.02538228383299568,-0.03117026024613254,0.01304323691874743,0.01742390543222427,0.0004239533736836165,-0.00378810241818428,0.01501007005572319,0.0004912018775939941,XArbitraryZVertical,-0.01560051549018059,-0.01266801882457996,-0.00116423374992744,0.9997974154835603,0.02162563987076283,-0.03641816228628159,-0.9991025924682617,0,0,0,-1,-1,3542.123566166667,unknown,2,2026-04-24T18:34:45.265+02:00,2026-04-24T18:20:19.173+02:00,16,0.7102333,0,0,12.45568,0,0,2026-04-24T18:28:28.837+02:00,798741321.4710808,0,1.97,101.541,1,0.85,0
2026-04-24T18:35:21.654+02:00,1777048513.800981,53.56897219751585,9.882953190205464,38.55946,-1,-1,-1,-1,9.519085617248134,5.63601519283635,-9999,3578.507838625,0.0168609619140625,-0.0238494873046875,-0.9892730712890625,3578.502800625,-0.002711759422749191,-0.02518941173788146,-0.0309461648594544,0.03016421943902969,0.02213557064533234,0.0004452588909771293,-0.004041178151965141,0.01445617526769638,0.005285322666168213,XArbitraryZVertical,-0.0154882969341974,-0.01257187567194592,-0.001160743594191141,0.9998004084008744,0.02181768231093884,-0.03664246574044228,-0.9990902543067932,0,0,0,-1,-1,3542.123566166667,unknown,2,2026-04-24T18:34:45.265+02:00,2026-04-24T18:20:19.173+02:00,16,0.7102333,0,0,12.45568,0,0,2026-04-24T18:28:28.837+02:00,798741321.4710808,0,1.97,101.541,1,0.85,0
2026-04-24T18:35:21.664+02:00,1777048513.800981,53.56897219751585,9.882953190205464,38.55946,-1,-1,-1,-1,9.519085617248134,5.63601519283635,-9999,3578.517912625,0.0179595947265625,-0.0261077880859375,-0.9871978759765625,3578.512875625,-0.002682428654291638,-0.02493792230232116,-0.03057863679812615,0.04080914333462715,0.0297791101038456,0.002366197062656283,-0.004138203337788582,0.01418355479836464,0.008653759956359863,XArbitraryZVertical,-0.0153042415322095,-0.01244666557059318,-0.001150323531828094,0.9998047567385763,0.02206729352474213,-0.03701070696115494,-0.9990711808204651,0,0,0,-1,-1,3542.123566166667,unknown,2,2026-04-24T18:34:45.265+02:00,2026-04-24T18:20:19.173+02:00,16,0.7102333,0,0,12.45568,0,0,2026-04-24T18:28:28.837+02:00,798741321.4710808,0,1.97,101.541,1,0.85,0
2026-04-24T18:35:21.674+02:00,1777048513.800981,53.56897219751585,9.882953190205464,38.55946,-1,-1,-1,-1,9.519085617248134,5.63601519283635,-9999,3578.527987625,0.0193634033203125,-0.032470703125,-0.9845428466796875,3578.522950625,-0.002665903706495519,-0.02461865353849623,-0.03012223220885025,0.04829597845673561,0.03230751305818558,0.00119327416177839,-0.005341485142707825,0.01303773745894432,0.01021653413772583,XArbitraryZVertical,-0.01507579748302088,-0.0122875352124269,-0.001147318946715241,0.9998102144998602,0.02238556742668152,-0.03746706992387772,-0.9990471005439758,0,0,0,-1,-1,3542.123566166667,unknown,2,2026-04-24T18:34:45.265+02:00,2026-04-24T18:20:19.173+02:00,16,0.7102333,0,0,12.45568,0,0,2026-04-24T18:28:28.837+02:00,798741321.4710808,0,1.97,101.541,1,0.85,0
2026-04-24T18:35:21.684+02:00,1777048513.800981,53.56897219751585,9.882953190205464,38.55946,-1,-1,-1,-1,9.519085617248134,5.63601519283635,-9999,3578.538062625,0.0204925537109375,-0.0350494384765625,-0.9826507568359375,3578.533024625,-0.002662135824946394,-0.02428124513719907,-0.02960311891170957,0.05515521392226219,0.03564712032675743,-0.001986007438972592,-0.004503868520259857,0.008429136127233505,0.01331740617752075,XArbitraryZVertical,-0.01481607220450312,-0.01211928342310718,-0.001151134578730355,0.9998161722234801,0.02272287756204605,-0.0379854217171669,-0.9990199208259583,0,0,0,-1,-1,3542.123566166667,unknown,2,2026-04-24T18:34:45.265+02:00,2026-04-24T18:20:19.173+02:00,16,0.7102333,0,0,12.45568,0,0,2026-04-24T18:28:28.837+02:00,798741321.4710808,0,1.97,101.541,1,0.85,0
2026-04-24T18:35:21.694+02:00,1777048513.800981,53.56897219751585,9.882953190205464,38.55946,-1,-1,-1,-1,9.519085617248134,5.63601519283635,-9999,3578.548136625,0.021209716796875,-0.03436279296875,-0.984466552734375,3578.543099625,-0.002659895730117839,-0.02390327154562551,-0.02904203329611194,0.05625968426465988,0.03824929147958755,0.001099930028431118,-0.003615356981754303,0.004335369914770126,0.01501154899597168,XArbitraryZVertical,-0.01453534843993787,-0.01193076972180336,-0.001156172711098583,0.9998225744351498,0.0231008417904377,-0.03854558244347572,-0.9989897608757019,0,0,0,-1,-1,3542.123566166667,unknown,2,2026-04-24T18:34:45.265+02:00,2026-04-24T18:20:19.173+02:00,16,0.7102333,0,0,12.45568,0,0,2026-04-24T18:28:28.837+02:00,798741321.4710808,0,1.97,101.541,1,0.85,0
2026-04-24T18:35:21.704+02:00,1777048513.800981,53.56897219751585,9.882953190205464,38.55946,-1,-1,-1,-1,9.519085617248134,5.63601519283635,-9999,3578.558211625,0.0209197998046875,-0.040130615234375,-0.9890899658203125,3578.553173625,-0.002656661281990125,-0.02352300895579316,-0.02850689737721576,0.04741319268941879,0.03759175911545753,-0.00152354990132153,-0.002729026600718498,0.004793375730514526,0.01661461591720581,XArbitraryZVertical,-0.01426758740169439,-0.01174109568805687,-0.001160471057152531,0.999828707717608,0.02348099276423454,-0.03907988220453262,-0.9989601373672485,0,0,0,-1,-1,3542.123566166667,unknown,2,2026-04-24T18:34:45.265+02:00,2026-04-24T18:20:19.173+02:00,16,0.7102333,0,0,12.45568,0,0,2026-04-24T18:28:28.837+02:00,798741321.4710808,0,1.97,101.541,1,0.85,0
2026-04-24T18:35:21.714+02:00,1777048513.800981,53.56897219751585,9.882953190205464,38.55946,-1,-1,-1,-1,9.519085617248134,5.63601519283635,-9999,3578.568285625,0.0229034423828125,-0.0507659912109375,-0.9899749755859375,3578.563248625,-0.002634395045495995,-0.02311040233613347,-0.02811527395494311,0.03213868662714958,0.04052310064435005,0.004498390015214682,-0.002789095044136047,0.00388830155134201,0.0112336277961731,XArbitraryZVertical,-0.01407144158976532,-0.01153527716150217,-0.001154549326547791,0.9998338114274631,0.02389201335608959,-0.03947180509567261,-0.9989349842071533,0,0,0,-1,-1,3542.123566166667,unknown,2,2026-04-24T18:34:45.265+02:00,2026-04-24T18:20:19.173+02:00,16,0.7102333,0,0,12.45568,0,0,2026-04-24T18:28:28.837+02:00,798741321.4710808,0,1.97,101.541,1,0.85,0
2026-04-24T18:35:21.724+02:00,1777048513.800981,53.56897219751585,9.882953190205464,38.55946,-1,-1,-1,-1,9.519085617248134,5.63601519283635,-9999,3578.578360625,0.0252532958984375,-0.0540618896484375,-0.9919891357421875,3578.573323625,-0.002598773599618451,-0.02273455667827162,-0.02781141036802769,0.02624724246561527,0.03591449931263924,0.001285818871110678,-0.002689383924007416,-0.006167452782392502,0.009793460369110107,XArbitraryZVertical,-0.01391911523323572,-0.01134785746239101,-0.001141115449800067,0.9998381087767024,0.02426532469689846,-0.0397767685353756,-0.9989138841629028,0,0,0,-1,-1,3542.123566166667,unknown,2,2026-04-24T18:34:45.265+02:00,2026-04-24T18:20:19.173+02:00,16,0.7102333,0,0,12.45568,0,0,2026-04-24T18:28:28.837+02:00,798741321.4710808,0,1.97,101.541,1,0.85,0
2026-04-24T18:35:21.735+02:00,1777048513.800981,53.56897219751585,9.882953190205464,38.55946,-1,-1,-1,-1,9.519085617248134,5.63601519283635,-9999,3578.588435625,0.0272216796875,-0.0511932373046875,-0.9940185546875,3578.583397625,-0.002560657013485586,-0.02238239587971525,-0.02757356916868156,0.02140934392809868,0.03043850883841515,0.002999629359692335,0.0001808051019906998,-0.01393913850188255,0.007822215557098389,XArbitraryZVertical,-0.01379979932829977,-0.01117224116105296,-0.001125843873563325,0.9998417732344347,0.02461474202573299,-0.04001594707369804,-0.9988958239555359,0,0,0,-1,-1,3542.123566166667,unknown,2,2026-04-24T18:34:45.265+02:00,2026-04-24T18:20:19.173+02:00,16,0.7102333,0,0,12.45568,0,0,2026-04-24T18:28:28.837+02:00,798741321.4710808,0,1.97,101.541,1,0.85,0
2026-04-24T18:35:21.745+02:00,1777048513.800981,53.56897219751585,9.882953190205464,38.55946,-1,-1,-1,-1,9.519085617248134,5.63601519283635,-9999,3578.598509625,0.0274658203125,-0.0461578369140625,-1.002395629882812,3578.593472625,-0.00250156554691995,-0.02208325420667552,-0.0273463212538652,0.02198565192520618,0.02538622543215752,0.004211368039250374,0.00122855044901371,-0.01241254433989525,0.005593180656433105,XArbitraryZVertical,-0.01368569821086809,-0.01102326036897806,-0.001099623162960252,0.999845074190297,0.02490976825356483,-0.04024554416537285,-0.9988792538642883,0,0,0,-1,-1,3542.123566166667,unknown,2,2026-04-24T18:34:45.265+02:00,2026-04-24T18:20:19.173+02:00,16,0.7102333,0,0,12.45568,0,0,2026-04-24T18:28:28.837+02:00,798741321.4710808,0,1.97,101.541,1,0.85,0
2026-04-24T18:35:21.755+02:00,1777048513.800981,53.56897219751585,9.882953190205464,38.55946,-1,-1,-1,-1,9.519085617248134,5.63601519283635,-9999,3578.608584625,0.025909423828125,-0.0419158935546875,-1.002609252929688,3578.603547625,-0.002448189226582735,-0.02189709274974955,-0.02726000754848954,0.0106702009215951,0.01902872696518898,0.006058003753423691,0.002053217962384224,-0.008951712399721146,0.001068413257598877,XArbitraryZVertical,-0.01364215508364423,-0.01093061949585286,-0.001074686224684943,0.999846625798236,0.02509218268096447,-0.04033418372273445,-0.9988711476325989,0,0,0,-1,-1,3542.123566166667,unknown,2,2026-04-24T18:34:45.265+02:00,2026-04-24T18:20:19.173+02:00,16,0.7102333,0,0,12.45568,0,0,2026-04-24T18:28:28.837+02:00,798741321.4710808,0,1.97,101.541,1,0.85,0
2026-04-24T18:35:21.765+02:00,1777048513.800981,53.56897219751585,9.882953190205464,38.55946,-1,-1,-1,-1,9.519085617248134,5.63601519283635,-9999,3578.618658625,0.0269927978515625,-0.041351318359375,-0.998016357421875,3578.613621625,-0.002407666740575761,-0.02177536680215675,-0.02725392863570814,0.0005219593294896185,0.01173113379627466,0.005669714882969856,0.001095125451683998,-0.002886001020669937,-0.005053699016571045,XArbitraryZVertical,-0.01363882994731438,-0.01087004597507006,-0.001055291488505449,0.9998473868420521,0.02521104365587234,-0.04034215956926346,-0.9988678097724915,0,0,0,-1,-1,3542.123566166667,unknown,2,2026-04-24T18:34:45.265+02:00,2026-04-24T18:20:19.173+02:00,16,0.7102333,0,0,12.45568,0,0,2026-04-24T18:28:28.837+02:00,798741321.4710808,0,1.97,101.541,1,0.85,0
2026-04-24T18:35:21.775+02:00,1777048513.800981,53.56897219751585,9.882953190205464,38.55946,-1,-1,-1,-1,9.519085617248134,5.63601519283635,-9999,3578.628733625,0.0269012451171875,-0.039764404296875,-0.994476318359375,3578.623696625,-0.002372809876278303,-0.02168525683277595,-0.02733417481458285,-0.009887059219181538,0.01107253320515156,0.00492549454793334,0.00122116319835186,-0.001331765204668045,-0.001558423042297363,XArbitraryZVertical,-0.01367871095799729,-0.01082518224702666,-0.001038044580233592,0.9998473265767962,0.02529862523078918,-0.04026370123028755,-0.9988687634468079,0,0,0,-1,-1,3542.123566166667,unknown,2,2026-04-24T18:34:45.265+02:00,2026-04-24T18:20:19.173+02:00,16,0.7102333,0,0,12.45568,0,0,2026-04-24T18:28:28.837+02:00,798741321.4710808,0,1.97,101.541,1,0.85,0
2026-04-24T18:35:21.785+02:00,1777048513.800981,53.56897219751585,9.882953190205464,38.55946,-1,-1,-1,-1,9.519085617248134,5.63601519283635,-9999,3578.638808625,0.02630615234375,-0.0380401611328125,-0.9896087646484375,3578.633770625,-0.002322586247056659,-0.02160102687447707,-0.02745977630167325,-0.009342176839709282,0.006586172617971897,0.004469029139727354,0.0016440749168396,-0.0004934705793857574,0.001969218254089355,XArbitraryZVertical,-0.01374118786860903,-0.01078333520133967,-0.001012833479934602,0.9998469266948308,0.02537925727665424,-0.04014069214463234,-0.9988716840744019,0,0,0,-1,-1,3542.123566166667,unknown,2,2026-04-24T18:34:45.265+02:00,2026-04-24T18:20:19.173+02:00,16,0.7102333,0,0,12.45568,0,0,2026-04-24T18:28:28.837+02:00,798741321.4710808,0,1.97,101.541,1,0.85,0
2026-04-24T18:35:21.795+02:00,1777048513.800981,53.56897219751585,9.882953190205464,38.55946,-1,-1,-1,-1,9.519085617248134,5.63601519283635,-9999,3578.648882625,0.0240325927734375,-0.034912109375,-0.9910888671875,3578.643845625,-0.002274522640350358,-0.02151780242899522,-0.0275539376263972,-0.0032307009678334,0.01305951923131943,0.003911096602678299,0.001762636005878448,0.001078005880117416,0.007464051246643066,XArbitraryZVertical,-0.01378796112960582,-0.01074199915223981,-0.0009888699362015994,0.9998467430602216,0.02545905858278275,-0.04004896432161331,-0.9988733530044556,0,0,0,-1,-1,3542.123566166667,unknown,2,2026-04-24T18:34:45.265+02:00,2026-04-24T18:20:19.173+02:00,16,0.7102333,0,0,12.45568,0,0,2026-04-24T18:28:28.837+02:00,798741321.4710808,0,1.97,101.541,1,0.85,0
2026-04-24T18:35:21.805+02:00,1777048513.800981,53.56897219751585,9.882953190205464,38.55946,-1,-1,-1,-1,9.519085617248134,5.63601519283635,-9999,3578.658957625,0.0244903564453125,-0.0338287353515625,-0.9888458251953125,3578.653920625,-0.00224847927272922,-0.0213960641494734,-0.02751033504870306,0.007938597351312637,0.01118918042629957,0.001678568543866277,-0.0007528718560934067,0.003381051123142242,0.00890880823135376,XArbitraryZVertical,-0.01376596418354079,-0.01068134682281619,-0.0009769230560835993,0.9998476846846724,0.02557893469929695,-0.04009370505809784,-0.998868465423584,0,0,0,-1,-1,3542.123566166667,unknown,2,2026-04-24T18:34:45.265+02:00,2026-04-24T18:20:19.173+02:00,16,0.7102333,0,0,12.45568,0,0,2026-04-24T18:28:28.837+02:00,798741321.4710808,0,1.97,101.541,1,0.85,0
2026-04-24T18:35:21.815+02:00,1777048513.800981,53.56897219751585,9.882953190205464,38.55946,-1,-1,-1,-1,9.519085617248134,5.63601519283635,-9999,3578.669031625,0.027740478515625,-0.032928466796875,-0.98681640625,3578.663994625,-0.002236780091985919,-0.02125018083197407,-0.02730200948696931,0.02281426824629307,0.01571868546307087,-0.001354771782644093,-0.002210240811109543,0.005908872932195663,0.00834733247756958,XArbitraryZVertical,-0.01366168244426375,-0.01060862736804777,-0.0009731866041811999,0.9998499911904024,0.02572404965758324,-0.04030219465494156,-0.9988563656806946,0,0,0,-1,-1,3542.123566166667,unknown,2,2026-04-24T18:34:45.265+02:00,2026-04-24T18:20:19.173+02:00,16,0.7102333,0,0,12.45568,0,0,2026-04-24T18:28:28.837+02:00,798741321.4710808,0,1.97,101.541,1,0.85,0
2026-04-24T18:35:21.825+02:00,1777048513.800981,53.56897219751585,9.882953190205464,38.55946,-1,-1,-1,-1,9.519085617248134,5.63601519283635,-9999,3578.679106625,0.0291290283203125,-0.036376953125,-0.9872894287109375,3578.674069625,-0.00226823129786862,-0.02110314530823636,-0.02700089045129561,0.0281781405210495,0.01315352879464626,-0.006970845628529787,0.000341314822435379,0.007306568324565887,0.01176458597183228,XArbitraryZVertical,-0.01351123933613611,-0.01053509802166631,-0.0009915050087485123,0.9998527995488159,0.02587329968810081,-0.04060125723481178,-0.9988403916358948,0,0,0,-1,-1,3542.123566166667,unknown,2,2026-04-24T18:34:45.265+02:00,2026-04-24T18:20:19.173+02:00,16,0.7102333,0,0,12.45568,0,0,2026-04-24T18:28:28.837+02:00,798741321.4710808,0,1.97,101.541,1,0.85,0
2026-04-24T18:35:21.836+02:00,1777048513.800981,53.56897219751585,9.882953190205464,38.55946,-1,-1,-1,-1,9.519085617248134,5.63601519283635,-9999,3578.689181625,0.02874755859375,-0.0407867431640625,-0.9882049560546875,3578.684143625,-0.002321048058354591,-0.02094656112539122,-0.02660123229607611,0.04357696324586868,0.01692456379532814,-0.007459335960447788,0.00311068631708622,0.006573833525180817,0.01185107231140137,XArbitraryZVertical,-0.01331163739034664,-0.01045672020732465,-0.001021063060866209,0.9998563017704771,0.02603361383080482,-0.04099766910076141,-0.9988200068473816,0,0,0,-1,-1,3542.123566166667,unknown,2,2026-04-24T18:34:45.265+02:00,2026-04-24T18:20:19.173+02:00,16,0.7102333,0,0,12.45568,0,0,2026-04-24T18:28:28.837+02:00,798741321.4710808,0,1.97,101.541,1,0.85,0
2026-04-24T18:35:21.846+02:00,1777048513.800981,53.56897219751585,9.882953190205464,38.55946,-1,-1,-1,-1,9.519085617248134,5.63601519283635,-9999,3578.699255625,0.0245208740234375,-0.0379486083984375,-0.9905853271484375,3578.694218625,-0.002405415256477231,-0.02075137939633405,-0.02615403571420327,0.04888198152184486,0.02253611013293266,-0.009228740818798542,0.002451904118061066,0.002514831721782684,0.01170545816421509,XArbitraryZVertical,-0.01308840956130531,-0.01035888245802756,-0.00106686309816755,0.9998601054615562,0.02623463422060013,-0.04144001752138138,-0.9987965226173401,0,0,0,-1,-1,3542.123566166667,unknown,2,2026-04-24T18:34:45.265+02:00,2026-04-24T18:20:19.173+02:00,16,0.7102333,0,0,12.45568,0,0,2026-04-24T18:28:28.837+02:00,798741321.4710808,0,1.97,101.541,1,0.85,0
2026-04-24T18:35:21.856+02:00,1777048513.800981,53.56897219751585,9.882953190205464,38.55946,-1,-1,-1,-1,9.519085617248134,5.63601519283635,-9999,3578.709330625,0.022491455078125,-0.0352630615234375,-0.995025634765625,3578.704293625,-0.002436913944641889,-0.02053966589456203,-0.02562084475630718,0.0536113828420639,0.02177684381604195,-0.0009655510075390339,-0.000157773494720459,0.002023164182901382,0.009282052516937256,XArbitraryZVertical,-0.01282189873301065,-0.01025319419411602,-0.00108673753402726,0.9998646614483957,0.026448680087924,-0.04197068139910698,-0.99876868724823,0,0,0,-1,-1,3542.123566166667,unknown,2,2026-04-24T18:34:45.265+02:00,2026-04-24T18:20:19.173+02:00,16,0.7102333,0,0,12.45568,0,0,2026-04-24T18:28:28.837+02:00,798741321.4710808,0,1.97,101.541,1,0.85,0
2026-04-24T18:35:21.866+02:00,1777048513.800981,53.56897219751585,9.882953190205464,38.55946,-1,-1,-1,-1,9.519085617248134,5.63601519283635,-9999,3578.719405625,0.02178955078125,-0.03741455078125,-0.994781494140625,3578.714367625,-0.002449672928862905,-0.02029292309092159,-0.02508919417354378,0.05385879054665565,0.02597158960998058,-0.002811121754348278,-0.003533583134412766,0.00655096024274826,0.006231784820556641,XArbitraryZVertical,-0.0125560384641701,-0.01013011678247659,-0.001097399017472847,0.9998693357396957,0.02669643983244896,-0.04250067844986916,-0.9987397193908691,0,0,0,-1,-1,3542.123566166667,unknown,2,2026-04-24T18:34:45.265+02:00,2026-04-24T18:20:19.173+02:00,16,0.7102333,0,0,12.45568,0,0,2026-04-24T18:28:28.837+02:00,798741321.4710808,0,1.97,101.541,1,0.85,0
2026-04-24T18:35:21.876+02:00,1777048513.800981,53.56897219751585,9.882953190205464,38.55946,-1,-1,-1,-1,9.519085617248134,5.63601519283635,-9999,3578.729479625,0.0236968994140625,-0.0386810302734375,-0.996429443359375,3578.724442625,-0.00245654185177634,-0.02004151015856602,-0.02458186163257121,0.04994165152311325,0.02485385909676552,-0.002050722483545542,-0.005235165357589722,0.007011175155639648,0.002922713756561279,XArbitraryZVertical,-0.01230230064371441,-0.01000472632734037,-0.001104956927248338,0.9998737769232184,0.02694843709468842,-0.04300666972994804,-0.9987112879753113,0,0,0,-1,-1,3542.123566166667,unknown,2,2026-04-24T18:34:45.265+02:00,2026-04-24T18:20:19.173+02:00,16,0.7102333,0,0,12.45568,0,0,2026-04-24T18:28:28.837+02:00,798741321.4710808,0,1.97,101.541,1,0.85,0
2026-04-24T18:35:21.886+02:00,1777048513.800981,53.56897219751585,9.882953190205464,38.55946,-1,-1,-1,-1,9.519085617248134,5.63601519283635,-9999,3578.739554625,0.0268096923828125,-0.035552978515625,-0.9986419677734375,3578.734516625,-0.002464054970007893,-0.01983463629638268,-0.02413419636457605,0.04350293055176735,0.01929877325892448,-0.001549781882204115,-0.004694979637861252,0.005092456936836243,0.003859102725982666,XArbitraryZVertical,-0.01207841955302398,-0.009901559687819932,-0.001112208558358095,0.9998774533606551,0.02715592831373215,-0.04345306009054184,-0.9986863136291504,0,0,0,-1,-1,3542.123566166667,unknown,2,2026-04-24T18:34:45.265+02:00,2026-04-24T18:20:19.173+02:00,16,0.7102333,0,0,12.45568,0,0,2026-04-24T18:28:28.837+02:00,798741321.4710808,0,1.97,101.541,1,0.85,0
2026-04-24T18:35:21.896+02:00,1777048513.800981,53.56897219751585,9.882953190205464,38.55946,-1,-1,-1,-1,9.519085617248134,5.63601519283635,-9999,3578.749628625,0.0269927978515625,-0.0395355224609375,-1.00091552734375,3578.744591625,-0.002492917563830416,-0.01971727353175669,-0.02378237470662066,0.03593651577830315,0.01040514558553696,-0.004777599591761827,-0.002571390941739082,0.007196955382823944,0.0009413361549377441,XArbitraryZVertical,-0.01190260703605157,-0.009842951367032803,-0.001129083599497194,0.9998801034646252,0.02727538719773293,-0.04380280151963234,-0.9986677765846252,0,0,0,-1,-1,3542.123566166667,unknown,2,2026-04-24T18:34:45.265+02:00,2026-04-24T18:20:19.173+02:00,16,0.7102333,0,0,12.45568,0,0,2026-04-24T18:28:28.837+02:00,798741321.4710808,0,1.97,101.541,1,0.85,0
2026-04-24T18:35:21.906+02:00,1777048513.800981,53.56897219751585,9.882953190205464,38.55946,-1,-1,-1,-1,9.519085617248134,5.63601519283635,-9999,3578.759703625,0.027740478515625,-0.0428466796875,-1.001785278320312,3578.754666625,-0.002518328856319546,-0.01960936385192308,-0.02348824468102739,0.03275750204920769,0.009379296563565731,-0.001863036304712296,0.0002333000302314758,0.007016263902187347,-0.001042842864990234,XArbitraryZVertical,-0.01175562292584227,-0.009789053938787632,-0.001143873917655624,0.999882355916237,0.02738512307405472,-0.04409512877464294,-0.998651921749115,0,0,0,-1,-1,3542.123566166667,unknown,2,2026-04-24T18:34:45.265+02:00,2026-04-24T18:20:19.173+02:00,16,0.7102333,0,0,12.45568,0,0,2026-04-24T18:28:28.837+02:00,798741321.4710808,0,1.97,101.541,1,0.85,0
2026-04-24T18:35:21.916+02:00,1777048513.800981,53.56897219751585,9.882953190205464,38.55946,-1,-1,-1,-1,9.519085617248134,5.63601519283635,-9999,3578.769778625,0.029449462890625,-0.0471954345703125,-0.9999847412109375,3578.764740625,-0.002532448852895847,-0.01954093738324335,-0.02325276740716932,0.02334610186517239,0.005307589191943407,-0.001876551890745759,-0.0006449092179536819,0.002154149115085602,-0.00219959020614624,XArbitraryZVertical,-0.01163792750336275,-0.009754924001875999,-0.001152487267735466,0.9998840807677232,0.02745461650192738,-0.0443294569849968,-0.9986396431922913,0,0,0,-1,-1,3542.123566166667,unknown,2,2026-04-24T18:34:45.265+02:00,2026-04-24T18:20:19.173+02:00,16,0.7102333,0,0,12.45568,0,0,2026-04-24T18:28:28.837+02:00,798741321.4710808,0,1.97,101.541,1,0.85,0
2026-04-24T18:35:21.926+02:00,1777048513.800981,53.56897219751585,9.882953190205464,38.55946,-1,-1,-1,-1,9.519085617248134,5.63601519283635,-9999,3578.779852625,0.029815673828125,-0.0537872314453125,-0.9947357177734375,3578.774815625,-0.002537612351252816,-0.0195142308026512,-0.0230986970374489,0.01262900978326797,6.196089088916779e-05,-0.0006522967014461756,0.0008690748363733292,0.0006902329623699188,-0.003229498863220215,XArbitraryZVertical,-0.01156091060892687,-0.009741648332064857,-0.001155976801913852,0.9998851328579297,0.02748177200555801,-0.04448296502232552,-0.9986320734024048,0,0,0,-1,-1,3542.123566166667,unknown,2,2026-04-24T18:34:45.265+02:00,2026-04-24T18:20:19.173+02:00,16,0.7102333,0,0,12.45568,0,0,2026-04-24T18:28:28.837+02:00,798741321.4710808,0,1.97,101.541,1,0.85,0
2026-04-24T18:35:21.936+02:00,1777048513.800981,53.56897219751585,9.882953190205464,38.55946,-1,-1,-1,-1,9.519085617248134,5.63601519283635,-9999,3578.789927625,0.029754638671875,-0.0552215576171875,-0.9926910400390625,3578.784889625,-0.002549683856943592,-0.01953537595726157,-0.02304803707949587,0.0008804741082713008,-0.0008570961654186249,-0.00139378709718585,0.002598313614726067,-0.006400898098945618,0.001254916191101074,XArbitraryZVertical,-0.0115356545526269,-0.00975218498823709,-0.001162137391788015,0.9998853216524796,0.02746151573956013,-0.04453295469284058,-0.9986304044723511,0,0,0,-1,-1,3542.123566166667,unknown,2,2026-04-24T18:34:45.265+02:00,2026-04-24T18:20:19.173+02:00,16,0.7102333,0,0,12.45568,0,0,2026-04-24T18:28:28.837+02:00,798741321.4710808,0,1.97,101.541,1,0.85,0
2026-04-24T18:35:21.946+02:00,1777048513.800981,53.56897219751585,9.882953190205464,38.55946,-1,-1,-1,-1,9.519085617248134,5.63601519283635,-9999,3578.800001625,0.0292205810546875,-0.056671142578125,-0.9931640625,3578.794964625,-0.002549855665475268,-0.01959724237588855,-0.02319553494749228,-0.02276094071567059,-0.00525077898055315,0.00279483268968761,0.003041684627532959,-0.01066796854138374,0.005627214908599854,XArbitraryZVertical,-0.01160943212807135,-0.009783011619672164,-0.001161142819107711,0.9998841330675629,0.02739961259067059,-0.04438575357198715,-0.9986386299133301,0,0,0,-1,-1,3542.123566166667,unknown,2,2026-04-24T18:34:45.265+02:00,2026-04-24T18:20:19.173+02:00,16,0.7102333,0,0,12.45568,0,0,2026-04-24T18:28:28.837+02:00,798741321.4710808,0,1.97,101.541,1,0.85,0
2026-04-24T18:35:21.957+02:00,1777048513.800981,53.56897219751585,9.882953190205464,38.55946,-1,-1,-1,-1,9.519085617248134,5.63601519283635,-9999,3578.810076625,0.0325927734375,-0.0564117431640625,-0.9914703369140625,3578.805039625,-0.002531983276705591,-0.01971588110908931,-0.0235440184849926,-0.03888419643044472,-0.01094142161309719,0.001973646692931652,0.002322439104318619,-0.01183885708451271,0.005127072334289551,XArbitraryZVertical,-0.01178363422316841,-0.0098421871657261,-0.001149798901287744,0.9998815312161455,0.02727962471544743,-0.04403883218765259,-0.9986572861671448,0,0,0,-1,-1,3542.123566166667,unknown,2,2026-04-24T18:34:45.265+02:00,2026-04-24T18:20:19.173+02:00,16,0.7102333,0,0,12.45568,0,0,2026-04-24T18:28:28.837+02:00,798741321.4710808,0,1.97,101.541,1,0.85,0
2026-04-24T18:35:21.966+02:00,1777048513.800981,53.56897219751585,9.882953190205464,38.55946,-1,-1,-1,-1,9.519085617248134,5.63601519283635,-9999,3578.820151625,0.0312957763671875,-0.0595550537109375,-0.9945068359375,3578.815113625,-0.002538068980009303,-0.01988126334038116,-0.0240822175830798,-0.0642516016960144,-0.01755245216190815,-0.001526545849628747,0.003464221954345703,-0.01352064311504364,0.006711483001708984,XArbitraryZVertical,-0.01205282638083902,-0.009924459292342695,-0.001149188136049769,0.999877508846113,0.02711440809071064,-0.04350145906209946,-0.998685359954834,0,0,0,-1,-1,3542.123566166667,unknown,2,2026-04-24T18:34:45.265+02:00,2026-04-24T18:20:19.173+02:00,16,0.7102333,0,0,12.45568,0,0,2026-04-24T18:28:28.837+02:00,798741321.4710808,0,1.97,101.541,1,0.85,0
2026-04-24T18:35:21.976+02:00,1777048513.800981,53.56897219751585,9.882953190205464,38.55946,-1,-1,-1,-1,9.519085617248134,5.63601519283635,-9999,3578.830225625,0.0294036865234375,-0.059326171875,-0.9984893798828125,3578.825188625,-0.002554675159809867,-0.02012284834859188,-0.02497197407778707,-0.1010400876402855,-0.03081153146922588,-0.0007485696114599705,0.005581971257925034,-0.0155232697725296,0.005581378936767578,XArbitraryZVertical,-0.01249787054196924,-0.01004451392934448,-0.001151551653492328,0.9998708263800054,0.02687348797917366,-0.04261272773146629,-0.9987301826477051,0,0,0,-1,-1,3542.123566166667,unknown,2,2026-04-24T18:34:45.265+02:00,2026-04-24T18:20:19.173+02:00,16,0.7102333,0,0,12.45568,0,0,2026-04-24T18:28:28.837+02:00,798741321.4710808,0,1.97,101.541,1,0.85,0
2026-04-24T18:35:21.987+02:00,1777048513.800981,53.56897219751585,9.882953190205464,38.55946,-1,-1,-1,-1,9.519085617248134,5.63601519283635,-9999,3578.840300625,0.028961181640625,-0.060760498046875,-1.000701904296875,3578.835263625,-0.002571723368093318,-0.02045864424669182,-0.02612143961054541,-0.1243853569030762,-0.03318973630666733,0.002766270423308015,0.003933539614081383,-0.01859385892748833,0.002785265445709229,XArbitraryZVertical,-0.01307280629072107,-0.01021146972768531,-0.001152088302204288,0.9998617583796433,0.02653827704489231,-0.04146474599838257,-0.9987874627113342,0,0,0,-1,-1,3542.123566166667,unknown,2,2026-04-24T18:34:45.265+02:00,2026-04-24T18:20:19.173+02:00,16,0.7102333,0,0,12.45568,0,0,2026-04-24T18:28:28.837+02:00,798741321.4710808,0,1.97,101.541,1,0.85,0
2026-04-24T18:35:21.997+02:00,1777048513.800981,53.56897219751585,9.882953190205464,38.55946,-1,-1,-1,-1,9.519085617248134,5.63601519283635,-9999,3578.850374625,0.02813720703125,-0.05877685546875,-0.9999542236328125,3578.845337625,-0.002550762252031841,-0.02085992699575235,-0.02753257518087798,-0.1498380452394485,-0.04714043810963631,0.007234921213239431,0.003345131874084473,-0.01943670213222504,-0.001693785190582275,XArbitraryZVertical,-0.01377839319553395,-0.01041122166309118,-0.001131615927842665,0.9998502529399631,0.02613486349582672,-0.04005732387304306,-0.9988555312156677,0,0,0,-1,-1,3542.123566166667,unknown,2,2026-04-24T18:34:45.265+02:00,2026-04-24T18:20:19.173+02:00,16,0.7102333,0,0,12.45568,0,0,2026-04-24T18:28:28.837+02:00,798741321.4710808,0,1.97,101.541,1,0.85,0
2026-04-24T18:35:22.007+02:00,1777048513.800981,53.56897219751585,9.882953190205464,38.55946,-1,-1,-1,-1,9.519085617248134,5.63601519283635,-9999,3578.860449625,0.0266265869140625,-0.0520782470703125,-1.002334594726562,3578.855412625,-0.002464821284177797,-0.02133741849956646,-0.02909324348447987,-0.1598776280879974,-0.05067551881074905,0.01502866204828024,0.002684777602553368,-0.02202800288796425,-0.001299679279327393,XArbitraryZVertical,-0.01455841539193607,-0.01064944350961318,-0.001077024613225417,0.9998367999386037,0.02565080858767033,-0.03850362449884415,-0.9989292025566101,0,0,0,-1,-1,3542.123566166667,unknown,2,2026-04-24T18:34:45.265+02:00,2026-04-24T18:20:19.173+02:00,16,0.7102333,0,0,12.45568,0,0,2026-04-24T18:28:28.837+02:00,798741321.4710808,0,1.97,101.541,1,0.85,0
2026-04-24T18:35:22.017+02:00,1777048513.800981,53.56897219751585,9.882953190205464,38.55946,-1,-1,-1,-1,9.519085617248134,5.63601519283635,-9999,3578.870524625,0.0245361328125,-0.053131103515625,-1.000869750976562,3578.865486625,-0.002350358035357358,-0.02189704151152411,-0.0307419858107856,-0.1709703207015991,-0.05628040805459023,0.01652409322559834,0.001650730147957802,-0.01751909777522087,-0.002062618732452393,XArbitraryZVertical,-0.01538232039040432,-0.01092893917990289,-0.001006689961773548,0.9998214556000637,0.02508268319070339,-0.03686323761940002,-0.9990054965019226,0,0,0,-1,-1,3542.123566166667,unknown,2,2026-04-24T18:34:45.265+02:00,2026-04-24T18:20:19.173+02:00,16,0.7102333,0,0,12.45568,0,0,2026-04-24T18:28:28.837+02:00,798741321.4710808,0,1.97,101.541,1,0.85,0
2026-04-24T18:35:22.027+02:00,1777048513.800981,53.56897219751585,9.882953190205464,38.55946,-1,-1,-1,-1,9.519085617248134,5.63601519283635,-9999,3578.880598625,0.0226287841796875,-0.0431060791015625,-1.005386352539062,3578.875561625,-0.002242099525570836,-0.02247011501010187,-0.03254115436072584,-0.1902100741863251,-0.06111031770706177,0.01403297297656536,0.001469068229198456,-0.01786045730113983,-0.002563536167144775,XArbitraryZVertical,-0.01628141601757594,-0.01121508929188526,-0.0009380415779434739,0.9998040696649192,0.02450140565633774,-0.03507229313254356,-0.9990844130516052,0,0,0,-1,-1,3542.123566166667,unknown,2,2026-04-24T18:34:45.265+02:00,2026-04-24T18:20:19.173+02:00,16,0.7102333,0,0,12.45568,0,0,2026-04-24T18:28:28.837+02:00,798741321.4710808,0,1.97,101.541,1,0.85,0
2026-04-24T18:35:22.037+02:00,1777048513.800981,53.56897219751585,9.882953190205464,38.55946,-1,-1,-1,-1,9.519085617248134,5.63601519283635,-9999,3578.890673625,0.022979736328125,-0.0386505126953125,-1.005218505859375,3578.885636625,-0.002115080473357391,-0.02314664718962628,-0.03464787500381285,-0.232660099864006,-0.07602668553590775,0.02065052837133408,-0.0007439553737640381,-0.01560890302062035,-0.003543615341186523,XArbitraryZVertical,-0.01733413701729418,-0.01155300269603439,-0.0008568295845279981,0.9997827112756634,0.02381525747478008,-0.03297508880496025,-0.9991723895072937,0,0,0,-1,-1,3542.123566166667,unknown,2,2026-04-24T18:34:45.265+02:00,2026-04-24T18:20:19.173+02:00,16,0.7102333,0,0,12.45568,0,0,2026-04-24T18:28:28.837+02:00,798741321.4710808,0,1.97,101.541,1,0.85,0
2026-04-24T18:35:22.047+02:00,1777048513.800981,53.56897219751585,9.882953190205464,38.55946,-1,-1,-1,-1,9.519085617248134,5.63601519283635,-9999,3578.900747625,0.0249786376953125,-0.048126220703125,-1.010528564453125,3578.895710625,-0.002008737461807084,-0.0239663484652964,-0.03726867765910043,-0.289128452539444,-0.08789319545030594,0.0151782650500536,-0.0006634276360273361,-0.00868377648293972,-0.006722152233123779,XArbitraryZVertical,-0.0186439453974917,-0.01196208707522617,-0.0007808419240295802,0.9997543718990862,0.02298705093562603,-0.03036347590386868,-0.9992745518684387,0,0,0,-1,-1,3542.123566166667,unknown,2,2026-04-24T18:34:45.265+02:00,2026-04-24T18:20:19.173+02:00,16,0.7102333,0,0,12.45568,0,0,2026-04-24T18:28:28.837+02:00,798741321.4710808,0,1.97,101.541,1,0.85,0
2026-04-24T18:35:22.057+02:00,1777048513.800981,53.56897219751585,9.882953190205464,38.55946,-1,-1,-1,-1,9.519085617248134,5.63601519283635,-9999,3578.910822625,0.0230712890625,-0.0632781982421875,-1.014678955078125,3578.905785625,-0.001902485536361134,-0.02488495628013464,-0.04051327438358361,-0.35493004322052,-0.09751839190721512,0.0228138156235218,0.00279698334634304,-0.01446669176220894,-0.006852328777313232,XArbitraryZVertical,-0.02026550712257626,-0.01242033219292718,-0.0006989549318775593,0.9997172776168844,0.02205959893763065,-0.02712877653539181,-0.9993885159492493,0,0,0,-1,-1,3542.123566166667,unknown,2,2026-04-24T18:34:45.265+02:00,2026-04-24T18:20:19.173+02:00,16,0.7102333,0,0,12.45568,0,0,2026-04-24T18:28:28.837+02:00,798741321.4710808,0,1.97,101.541,1,0.85,0
2026-04-24T18:35:22.067+02:00,1777048513.800981,53.56897219751585,9.882953190205464,38.55946,-1,-1,-1,-1,9.519085617248134,5.63601519283635,-9999,3578.920897625,0.021697998046875,-0.0665435791015625,-1.0009765625,3578.915859625,-0.001722067062098785,-0.02593619770238195,-0.04437673504026863,-0.4211708307266235,-0.1097739934921265,0.0316682904958725,0.00335877388715744,-0.03320879116654396,-0.0151551365852356,XArbitraryZVertical,-0.0221958354551376,-0.01294543643898713,-0.000573039935265257,0.9996696885764713,0.02099426835775375,-0.02327925525605679,-0.9995085597038269,0,0,0,-1,-1,3542.123566166667,unknown,2,2026-04-24T18:34:45.265+02:00,2026-04-24T18:20:19.173+02:00,16,0.7102333,0,0,12.45568,0,0,2026-04-24T18:28:28.837+02:00,798741321.4710808,0,1.97,101.541,1,0.85,0
2026-04-24T18:35:22.077+02:00,1777048513.800981,53.56897219751585,9.882953190205464,38.55946,-1,-1,-1,-1,9.519085617248134,5.63601519283635,-9999,3578.930971625,0.0240936279296875,-0.0480194091796875,-0.9972076416015625,3578.925934625,-0.001490779032792208,-0.02710503445052689,-0.04895573132834025,-0.4762270748615265,-0.1221044212579727,0.0390746109187603,0.002485349774360657,-0.04826894029974937,-0.008595883846282959,XArbitraryZVertical,-0.02448326405822489,-0.01352979601169411,-0.0004134044117879553,0.9996086518477959,0.01980775408446789,-0.01871715299785137,-0.9996286034584045,0,0,0,-1,-1,3542.123566166667,unknown,2,2026-04-24T18:34:45.265+02:00,2026-04-24T18:20:19.173+02:00,16,0.7102333,0,0,12.45568,0,0,2026-04-24T18:28:28.837+02:00,798741321.4710808,0,1.97,101.541,1,0.85,0
2026-04-24T18:35:22.087+02:00,1777048513.800981,53.56897219751585,9.882953190205464,38.55946,-1,-1,-1,-1,9.519085617248134,5.63601519283635,-9999,3578.941046625,0.02703857421875,-0.036529541015625,-0.9930419921875,3578.936009625,-0.001215422899347455,-0.02836208354973848,-0.05406317802560596,-0.5432340502738953,-0.132204994559288,0.04432609677314758,0.003610324114561081,-0.04487332329154015,0.002436220645904541,XArbitraryZVertical,-0.02703418831065355,-0.01415895914950493,-0.0002241518342093998,0.9995342294927907,0.01853019371628761,-0.01362888421863317,-0.999735414981842,0,0,0,-1,-1,3542.123566166667,unknown,2,2026-04-24T18:34:45.265+02:00,2026-04-24T18:20:19.173+02:00,16,0.7102333,0,0,12.45568,0,0,2026-04-24T18:28:28.837+02:00,798741321.4710808,0,1.97,101.541,1,0.85,0
2026-04-24T18:35:22.113+02:00,1777048513.800981,53.56897219751585,9.882953190205464,38.55946,-1,-1,-1,-1,9.519085617248134,5.63601519283635,-9999,3578.951121625,0.023773193359375,-0.0326080322265625,-0.989166259765625,3578.946083625,-0.0008945339665833789,-0.02971177530068362,-0.06009544833923865,-0.6541157960891724,-0.1391819566488266,0.0556856095790863,0.008950565010309219,-0.03173381835222244,0.00321120023727417,XArbitraryZVertical,-0.03004652418119494,-0.01483519730043144,-7.138092309484177e-07,0.9994384642751259,0.01715723797678947,-0.007618609350174665,-0.9998237490653992,0,0,0,-1,-1,3542.123566166667,unknown,2,2026-04-24T18:34:45.265+02:00,2026-04-24T18:20:19.173+02:00,16,0.7102333,0,0,12.45568,0,0,2026-04-24T18:28:28.837+02:00,798741321.4710808,0,1.97,101.541,1,0.85,0
2026-04-24T18:35:22.116+02:00,1777048513.800981,53.56897219751585,9.882953190205464,38.55946,-1,-1,-1,-1,9.519085617248134,5.63601519283635,-9999,3578.961195625,0.0233612060546875,-0.0399932861328125,-0.9909820556640625,3578.956158625,-0.0005064821124810591,-0.03111150288817191,-0.06744386299627664,-0.8121477961540222,-0.1433412730693817,0.06457550823688507,0.01001100800931454,-0.03394425287842751,0.01026749610900879,XArbitraryZVertical,-0.03371539377798472,-0.0155377412781221,0.0002713828065266782,0.9993107552598687,0.01573058217763901,-0.0002964788291137666,-0.9998762011528015,0,0,0,-1,-1,3542.123566166667,unknown,2,2026-04-24T18:34:45.265+02:00,2026-04-24T18:20:19.173+02:00,16,0.7102333,0,0,12.45568,0,0,2026-04-24T18:28:28.837+02:00,798741321.4710808,0,1.97,101.541,1,0.85,0
2026-04-24T18:35:22.118+02:00,1777048513.800981,53.56897219751585,9.882953190205464,38.55946,-1,-1,-1,-1,9.519085617248134,5.63601519283635,-9999,3578.971270625,0.018310546875,-0.0540618896484375,-0.9785919189453125,3578.966232625,-0.0001607462657153266,-0.03253633400859413,-0.07667866852750145,-1.020657539367676,-0.1434877514839172,0.06443196535110474,0.008650172501802444,-0.04287801310420036,0.009150922298431396,XArbitraryZVertical,-0.03832617257373358,-0.01625241295448381,0.0005432267567213359,0.9991330697028736,0.01428380142897367,0.008911939337849617,-0.9998582601547241,0,0,0,-1,-1,3542.123566166667,unknown,2,2026-04-24T18:34:45.265+02:00,2026-04-24T18:20:19.173+02:00,16,0.7102333,0,0,12.45568,0,0,2026-04-24T18:28:28.837+02:00,798741321.4710808,0,1.97,101.541,1,0.85,0
2026-04-24T18:35:22.128+02:00,1777048513.800981,53.56897219751585,9.882953190205464,38.55946,-1,-1,-1,-1,9.519085617248134,5.63601519283635,-9999,3578.981344625,0.0136260986328125,-0.045379638671875,-0.9722900390625,3578.976307625,0.0001813980195696414,-0.03392255127824572,-0.08797546485096461,-1.22112250328064,-0.1388400048017502,0.08106766641139984,0.00878733117133379,-0.06870210915803909,0.01422452926635742,XArbitraryZVertical,-0.0439656826837676,-0.01694804281597304,0.0008364097646315391,0.9988890048741268,0.0128801641985774,0.02017915621399879,-0.9997134208679199,0,0,0,-1,-1,3542.123566166667,unknown,2,2026-04-24T18:34:45.265+02:00,2026-04-24T18:20:19.173+02:00,16,0.7102333,0,0,12.45568,0,0,2026-04-24T18:28:28.837+02:00,798741321.4710808,0,1.97,101.541,1,0.85,0
2026-04-24T18:35:22.137+02:00,1777048513.800981,53.56897219751585,9.882953190205464,38.55946,-1,-1,-1,-1,9.519085617248134,5.63601519283635,-9999,3578.991419625,0.0142669677734375,-0.02581787109375,-0.9699554443359375,3578.986382625,0.000594969543720345,-0.03532797827651531,-0.101302663914598,-1.413404941558838,-0.1481189876794815,0.08920083194971085,0.003738044761121273,-0.08536276966333389,0.02549713850021362,XArbitraryZVertical,-0.05061652554686567,-0.01765547512776793,0.001191332250595078,0.9985614325550898,0.01145972311496735,0.03346762433648109,-0.9993740916252136,0,0,0,-1,-1,3542.123566166667,unknown,2,2026-04-24T18:34:45.265+02:00,2026-04-24T18:20:19.173+02:00,16,0.7102333,0,0,12.45568,0,0,2026-04-24T18:28:28.837+02:00,798741321.4710808,0,1.97,101.541,1,0.85,0
2026-04-24T18:35:22.147+02:00,1777048513.800981,53.56897219751585,9.882953190205464,38.55946,-1,-1,-1,-1,9.519085617248134,5.63601519283635,-9999,3579.001494625,0.0116119384765625,-0.011627197265625,-0.9674835205078125,3578.996456625,0.0008662597036531221,-0.0367931180256064,-0.1165457050397709,-1.618392705917358,-0.1505224853754044,0.06649179011583328,0.003305563703179359,-0.08429765701293945,0.02639859914779663,XArbitraryZVertical,-0.05822206389102529,-0.01838951657081548,0.001503674311387342,0.9981331352357663,0.01000011432915926,0.04866838455200195,-0.9987649321556091,0,0,0,-1,-1,3542.123566166667,unknown,2,2026-04-24T18:34:45.265+02:00,2026-04-24T18:20:19.173+02:00,16,0.7102333,0,0,12.45568,0,0,2026-04-24T18:28:28.837+02:00,798741321.4710808,0,1.97,101.541,1,0.85,0
2026-04-24T18:35:22.158+02:00,1777048513.800981,53.56897219751585,9.882953190205464,38.55946,-1,-1,-1,-1,9.519085617248134,5.63601519283635,-9999,3579.011568625,0.0064849853515625,0.0103759765625,-0.9755096435546875,3579.006531625,0.0006761220767690276,-0.03850550118567498,-0.1341598970324251,-1.871431827545166,-0.1811653524637222,0.03245865181088448,0.004719843156635761,-0.08549937605857849,0.03062081336975098,XArbitraryZVertical,-0.06701073276211397,-0.01923091886015986,0.001627663588459261,0.9975655840315992,0.008341694250702858,0.06624278426170349,-0.9977686405181885,0,0,0,-1,-1,3542.123566166667,unknown,2,2026-04-24T18:34:45.265+02:00,2026-04-24T18:20:19.173+02:00,16,0.7102333,0,0,12.45568,0,0,2026-04-24T18:28:28.837+02:00,798741321.4710808,0,1.97,101.541,1,0.85,0
2026-04-24T18:35:22.168+02:00,1777048513.800981,53.56897219751585,9.882953190205464,38.55946,-1,-1,-1,-1,9.519085617248134,5.63601519283635,-9999,3579.021643625,0.0069580078125,0.029510498046875,-0.980438232421875,3579.016606625,0.000167315219901957,-0.04043903837332461,-0.1539938010628882,-2.064826250076294,-0.1914403587579727,0.02208643965423107,0.00254043098539114,-0.08823311328887939,0.02547746896743774,XArbitraryZVertical,-0.0769034291816121,-0.02016467171641652,0.00163858891910472,0.9968333244245494,0.006508044432848692,0.0860205739736557,-0.996272087097168,0,0,0,-1,-1,3542.123566166667,unknown,2,2026-04-24T18:34:45.265+02:00,2026-04-24T18:20:19.173+02:00,16,0.7102333,0,0,12.45568,0,0,2026-04-24T18:28:28.837+02:00,798741321.4710808,0,1.97,101.541,1,0.85,0
2026-04-24T18:35:22.178+02:00,1777048513.800981,53.56897219751585,9.882953190205464,38.55946,-1,-1,-1,-1,9.519085617248134,5.63601519283635,-9999,3579.031717625,0.009246826171875,0.05047607421875,-0.981719970703125,3579.026680625,-0.0006481553180634743,-0.04255113298281334,-0.1759692727382909,-2.308553457260132,-0.2022684961557388,-0.003236095421016216,0.00100439041852951,-0.08657370507717133,0.01629126071929932,XArbitraryZVertical,-0.08785812956790699,-0.021163196883806,0.001546616104307812,0.995907051658151,0.004549822770059109,0.1079054847359657,-0.9941507577896118,0,0,0,-1,-1,3542.123566166667,unknown,2,2026-04-24T18:34:45.265+02:00,2026-04-24T18:20:19.173+02:00,16,0.7102333,0,0,12.45568,0,0,2026-04-24T18:28:28.837+02:00,798741321.4710808,0,1.97,101.541,1,0.85,0
2026-04-24T18:35:22.188+02:00,1777048513.800981,53.56897219751585,9.882953190205464,38.55946,-1,-1,-1,-1,9.519085617248134,5.63601519283635,-9999,3579.041792625,0.006591796875,0.0835723876953125,-0.96533203125,3579.036755625,-0.001825637275015634,-0.04492594475879234,-0.2003092325496994,-2.516579866409302,-0.2153422236442566,-0.009715300053358078,0.006694231182336807,-0.09388822317123413,0.008018672466278076,XArbitraryZVertical,-0.09998239608021253,-0.02225726872879862,0.001337806433907267,0.9947393028264865,0.002400020603090525,0.1320962160825729,-0.9912340044975281,0,0,0,-1,-1,3542.123566166667,unknown,2,2026-04-24T18:34:45.265+02:00,2026-04-24T18:20:19.173+02:00,16,0.7102333,0,0,12.45568,0,0,2026-04-24T18:28:28.837+02:00,798741321.4710808,0,1.97,101.541,1,0.85,0
2026-04-24T18:35:22.198+02:00,1777048513.800981,53.56897219751585,9.882953190205464,38.55946,-1,-1,-1,-1,9.519085617248134,5.63601519283635,-9999,3579.051867625,0.00537109375,0.10888671875,-0.9568328857421875,3579.046829625,-0.003163978672415047,-0.04732989756177552,-0.2263136616681763,-2.653937578201294,-0.2108590751886368,-0.01706742309033871,0.007358255796134472,-0.09126821160316467,0.01248627901077271,XArbitraryZVertical,-0.1129209396592147,-0.02333279729879178,0.001100455841568999,0.9933293424542459,0.0002864111447706819,0.1578575670719147,-0.9874618649482727,0,0,0,-1,-1,3542.123566166667,unknown,2,2026-04-24T18:34:45.265+02:00,2026-04-24T18:20:19.173+02:00,16,0.7102333,0,0,12.45568,0,0,2026-04-24T18:28:28.837+02:00,798741321.4710808,0,1.97,101.541,1,0.85,0
2026-04-24T18:35:22.208+02:00,1777048513.800981,53.56897219751585,9.882953190205464,38.55946,-1,-1,-1,-1,9.519085617248134,5.63601519283635,-9999,3579.061941625,-0.000457763671875,0.142364501953125,-0.9461669921875,3579.056904625,-0.004839094324497116,-0.04985648483241902,-0.2537441573987821,-2.796954393386841,-0.2077048271894455,-0.04066356271505356,0.008406425826251507,-0.08695027232170105,0.023140549659729,XArbitraryZVertical,-0.1265521143117312,-0.02441919190456358,0.000754531313892072,0.9916591616243848,-0.001860391581431031,0.1849269419908524,-0.9827505350112915,0,0,0,-1,-1,3542.123566166667,unknown,2,2026-04-24T18:34:45.265+02:00,2026-04-24T18:20:19.173+02:00,16,0.7102333,0,0,12.45568,0,0,2026-04-24T18:28:28.837+02:00,798741321.4710808,0,1.97,101.541,1,0.85,0
2026-04-24T18:35:22.218+02:00,1777048513.800981,53.56897219751585,9.882953190205464,38.55946,-1,-1,-1,-1,9.519085617248134,5.63601519283635,-9999,3579.072016625,-0.0038909912109375,0.1897430419921875,-0.9404144287109375,3579.066979625,-0.006788878736063431,-0.05243603989677255,-0.2823795730758249,-2.899030923843384,-0.203355610370636,-0.036063551902771,0.007382315583527088,-0.08981482684612274,0.02390938997268677,XArbitraryZVertical,-0.1407600775431829,-0.02547650203165657,0.000329484904837571,0.9897159132595088,-0.003964333329349756,0.2130448073148727,-0.9770343899726868,0,0,0,-1,-1,3542.123566166667,unknown,2,2026-04-24T18:34:45.265+02:00,2026-04-24T18:20:19.173+02:00,16,0.7102333,0,0,12.45568,0,0,2026-04-24T18:28:28.837+02:00,798741321.4710808,0,1.97,101.541,1,0.85,0
2026-04-24T18:35:22.228+02:00,1777048513.800981,53.56897219751585,9.882953190205464,38.55946,-1,-1,-1,-1,9.519085617248134,5.63601519283635,-9999,3579.082090625,-0.0015869140625,0.2297515869140625,-0.9472198486328125,3579.077053625,-0.008902331840648812,-0.05513920944525022,-0.3122518294184912,-3.041465997695923,-0.2145914882421494,-0.045538280159235,0.003477840684354305,-0.07660453021526337,0.03005403280258179,XArbitraryZVertical,-0.1555529847116418,-0.02653869909861709,-0.0001090629732758853,0.9874710642575738,-0.006087080109864473,0.2421929091215134,-0.970209002494812,0,0,0,-1,-1,3542.123566166667,unknown,2,2026-04-24T18:34:45.265+02:00,2026-04-24T18:20:19.173+02:00,16,0.7102333,0,0,12.45568,0,0,2026-04-24T18:28:28.837+02:00,798741321.4710808,0,1.97,101.541,1,0.85,0
2026-04-24T18:35:22.238+02:00,1777048513.800981,53.56897219751585,9.882953190205464,38.55946,-1,-1,-1,-1,9.519085617248134,5.63601519283635,-9999,3579.092165625,-0.000946044921875,0.2583770751953125,-0.942230224609375,3579.087128625,-0.01129211119444798,-0.0580817973657238,-0.3432993079546573,-3.137051343917847,-0.2150876224040985,-0.05188379436731339,0.004653896205127239,-0.06119054555892944,0.01752990484237671,XArbitraryZVertical,-0.1708947818157355,-0.02764566579927117,-0.0006010664568727176,0.9849011759724279,-0.008315992541611195,0.2722653746604919,-0.9621862769126892,0,0,0,-1,-1,3542.123566166667,unknown,2,2026-04-24T18:34:45.265+02:00,2026-04-24T18:20:19.173+02:00,16,0.7102333,0,0,12.45568,0,0,2026-04-24T18:28:28.837+02:00,798741321.4710808,0,1.97,101.541,1,0.85,0
2026-04-24T18:35:22.249+02:00,1777048513.800981,53.56897219751585,9.882953190205464,38.55946,-1,-1,-1,-1,9.519085617248134,5.63601519283635,-9999,3579.102240625,-0.00250244140625,0.2771759033203125,-0.9371490478515625,3579.097202625,-0.01386820895110405,-0.06116979658592565,-0.3751361380599723,-3.194038152694702,-0.2212344706058502,-0.05119137093424797,0.009224961511790752,-0.05614426732063293,0.007565915584564209,XArbitraryZVertical,-0.186586802999834,-0.0287506621564915,-0.001107099177456981,0.9820171013463888,-0.01055246219038963,0.302833080291748,-0.9529851675033569,0,0,0,-1,-1,3542.123566166667,unknown,2,2026-04-24T18:34:45.265+02:00,2026-04-24T18:20:19.173+02:00,16,0.7102333,0,0,12.45568,0,0,2026-04-24T18:28:28.837+02:00,798741321.4710808,0,1.97,101.541,1,0.85,0
2026-04-24T18:35:22.259+02:00,1777048513.800981,53.56897219751585,9.882953190205464,38.55946,-1,-1,-1,-1,9.519085617248134,5.63601519283635,-9999,3579.112314625,-0.0062255859375,0.3049774169921875,-0.933197021484375,3579.107277625,-0.01658925997089892,-0.06443713087744651,-0.4071501212222453,-3.180907249450684,-0.2193883806467056,-0.04765795543789864,0.01113180536776781,-0.06603744626045227,0.003598153591156006,XArbitraryZVertical,-0.2023216511718468,-0.02987065879631981,-0.001606701429493102,0.9788621578701719,-0.01282551791518927,0.3332646191120148,-0.942746102809906,0,0,0,-1,-1,3542.123566166667,unknown,2,2026-04-24T18:34:45.265+02:00,2026-04-24T18:20:19.173+02:00,16,0.7102333,0,0,12.45568,0,0,2026-04-24T18:28:28.837+02:00,798741321.4710808,0,1.97,101.541,1,0.85,0
2026-04-24T18:35:22.269+02:00,1777048513.800981,53.56897219751585,9.882953190205464,38.55946,-1,-1,-1,-1,9.519085617248134,5.63601519283635,-9999,3579.122389625,-0.010406494140625,0.3416748046875,-0.926513671875,3579.117352625,-0.01945430780433038,-0.06785024760740815,-0.4390500852566034,-3.176737546920776,-0.2196613550186157,-0.0495448037981987,0.01091425307095051,-0.07359439134597778,-0.003489911556243896,XArbitraryZVertical,-0.2179524960234768,-0.03098604503242876,-0.002102124562723261,0.9754651056794952,-0.01509514823555946,0.3632519543170929,-0.9315686225891113,0,0,0,-1,-1,3542.123566166667,unknown,2,2026-04-24T18:34:45.265+02:00,2026-04-24T18:20:19.173+02:00,16,0.7102333,0,0,12.45568,0,0,2026-04-24T18:28:28.837+02:00,798741321.4710808,0,1.97,101.541,1,0.85,0
2026-04-24T18:35:22.279+02:00,1777048513.800981,53.56897219751585,9.882953190205464,38.55946,-1,-1,-1,-1,9.519085617248134,5.63601519283635,-9999,3579.132464625,-0.0181884765625,0.3821563720703125,-0.9189910888671875,3579.127426625,-0.02253393424291899,-0.07130903383515845,-0.4709413187486663,-3.186453342437744,-0.1985858827829361,-0.06068500876426697,0.008703773841261864,-0.07131919264793396,-0.01127660274505615,XArbitraryZVertical,-0.2335281300646842,-0.0320342050994505,-0.00263292457117797,0.9718187306156655,-0.01724868267774582,0.3928676545619965,-0.9194332361221313,0,0,0,-1,-1,3542.123566166667,unknown,2,2026-04-24T18:34:45.265+02:00,2026-04-24T18:20:19.173+02:00,16,0.7102333,0,0,12.45568,0,0,2026-04-24T18:28:28.837+02:00,798741321.4710808,0,1.97,101.541,1,0.85,0
2026-04-24T18:35:22.289+02:00,1777048513.800981,53.56897219751585,9.882953190205464,38.55946,-1,-1,-1,-1,9.519085617248134,5.63601519283635,-9999,3579.142538625,-0.0225830078125,0.4011383056640625,-0.90850830078125,3579.137501625,-0.02591111918820362,-0.07472018279054701,-0.5029695741437146,-3.204330444335938,-0.1690490245819092,-0.0692923441529274,0.005096945911645889,-0.05954587459564209,-0.01640701293945312,XArbitraryZVertical,-0.2491164641445361,-0.03295188686323482,-0.003245094426560026,0.9679073862282339,-0.01918079704046249,0.4222167730331421,-0.9062919616699219,0,0,0,-1,-1,3542.123566166667,unknown,2,2026-04-24T18:34:45.265+02:00,2026-04-24T18:20:19.173+02:00,16,0.7102333,0,0,12.45568,0,0,2026-04-24T18:28:28.837+02:00,798741321.4710808,0,1.97,101.541,1,0.85,0
2026-04-24T18:35:22.299+02:00,1777048513.800981,53.56897219751585,9.882953190205464,38.55946,-1,-1,-1,-1,9.519085617248134,5.63601519283635,-9999,3579.152613625,-0.0259552001953125,0.40606689453125,-0.87890625,3579.147575625,-0.02962067689507909,-0.07821955786947098,-0.5352682503802754,-3.245465993881226,-0.1587407290935516,-0.07850494980812073,9.287148714065552e-05,-0.0563790500164032,-0.02318483591079712,XArbitraryZVertical,-0.2647777807935063,-0.03379022846672649,-0.003932803576467166,0.9637092047575517,-0.02099739760160446,0.4513833224773407,-0.8920830488204956,0,0,0,-1,-1,3542.123566166667,unknown,2,2026-04-24T18:34:45.265+02:00,2026-04-24T18:20:19.173+02:00,16,0.7102333,0,0,12.45568,0,0,2026-04-24T18:28:28.837+02:00,798741321.4710808,0,1.97,101.541,1,0.85,0
2026-04-24T18:35:22.309+02:00,1777048513.800981,53.56897219751585,9.882953190205464,38.55946,-1,-1,-1,-1,9.519085617248134,5.63601519283635,-9999,3579.162687625,-0.024200439453125,0.432373046875,-0.8539581298828125,3579.157650625,-0.03370205590501936,-0.08204115347234349,-0.5682563399962788,-3.337580919265747,-0.1716607958078384,-0.08996186405420303,-0.00117894634604454,-0.07732680439949036,-0.0190848708152771,XArbitraryZVertical,-0.2807083975568758,-0.03463978785075134,-0.004666979229001704,0.9591564967646559,-0.02286889404058456,0.4806928932666779,-0.8765907883644104,0,0,0,-1,-1,3542.123566166667,unknown,2,2026-04-24T18:34:45.265+02:00,2026-04-24T18:20:19.173+02:00,16,0.7102333,0,0,12.45568,0,0,2026-04-24T18:28:28.837+02:00,798741321.4710808,0,1.97,101.541,1,0.85,0
2026-04-24T18:35:22.319+02:00,1777048513.800981,53.56897219751585,9.882953190205464,38.55946,-1,-1,-1,-1,9.519085617248134,5.63601519283635,-9999,3579.172762625,-0.0194244384765625,0.467926025390625,-0.8456268310546875,3579.167725625,-0.03821653917923024,-0.08629451728433754,-0.601863385478467,-3.369980096817017,-0.1758928149938583,-0.09425661712884903,-0.001038985326886177,-0.09379321336746216,-0.004608511924743652,XArbitraryZVertical,-0.2968673241616629,-0.03552967534530484,-0.005448482005186497,0.9542420638936359,-0.02485516667366028,0.5100225210189819,-0.8598018884658813,0,0,0,-1,-1,3542.123566166667,unknown,2,2026-04-24T18:34:45.265+02:00,2026-04-24T18:20:19.173+02:00,16,0.7102333,0,0,12.45568,0,0,2026-04-24T18:28:28.837+02:00,798741321.4710808,0,1.97,101.541,1,0.85,0
2026-04-24T18:35:22.329+02:00,1777048513.800981,53.56897219751585,9.882953190205464,38.55946,-1,-1,-1,-1,9.519085617248134,5.63601519283635,-9999,3579.182837625,-0.019989013671875,0.508392333984375,-0.8526763916015625,3579.177799625,-0.04309724190853417,-0.09087969989476381,-0.635773050262979,-3.40746808052063,-0.1737338006496429,-0.09517274796962738,0.005488608032464981,-0.08875101804733276,-0.005055069923400879,XArbitraryZVertical,-0.3130942390452487,-0.03641059913656397,-0.006251804810067049,0.9490033474695059,-0.02685089968144894,0.5390378832817078,-0.8418534398078918,0,0,0,-1,-1,3542.123566166667,unknown,2,2026-04-24T18:34:45.265+02:00,2026-04-24T18:20:19.173+02:00,16,0.7102333,0,0,12.45568,0,0,2026-04-24T18:28:28.837+02:00,798741321.4710808,0,1.97,101.541,1,0.85,0
2026-04-24T18:35:22.340+02:00,1777048513.800981,53.56897219751585,9.882953190205464,38.55946,-1,-1,-1,-1,9.519085617248134,5.63601519283635,-9999,3579.192911625,-0.0247650146484375,0.5428466796875,-0.8458251953125,3579.187874625,-0.04836059180196307,-0.09582824986001816,-0.6697045492593185,-3.359933614730835,-0.1724216639995575,-0.09715001285076141,0.009376650676131248,-0.08035153150558472,-0.02614831924438477,XArbitraryZVertical,-0.3292502087053392,-0.03728591215972654,-0.007073488264530042,0.9434798304487882,-0.0288621112704277,0.567457914352417,-0.822896420955658,0,0,0,-1,-1,3542.123566166667,unknown,2,2026-04-24T18:34:45.265+02:00,2026-04-24T18:20:19.173+02:00,16,0.7102333,0,0,12.45568,0,0,2026-04-24T18:28:28.837+02:00,798741321.4710808,0,1.97,101.541,1,0.85,0
2026-04-24T18:35:22.349+02:00,1777048513.800981,53.56897219751585,9.882953190205464,38.55946,-1,-1,-1,-1,9.519085617248134,5.63601519283635,-9999,3579.202986625,-0.0289154052734375,0.557098388671875,-0.8291473388671875,3579.197948625,-0.05381492507453643,-0.1009833287223991,-0.7027808093316298,-3.271743297576904,-0.1629823595285416,-0.09066334366798401,0.00813593901693821,-0.06728404760360718,-0.04744267463684082,XArbitraryZVertical,-0.3449153718287988,-0.0381203540891642,-0.00786230233667772,0.9378264268449118,-0.03079522773623466,0.5945362448692322,-0.8034788966178894,0,0,0,-1,-1,3542.123566166667,unknown,2,2026-04-24T18:34:45.265+02:00,2026-04-24T18:20:19.173+02:00,16,0.7102333,0,0,12.45568,0,0,2026-04-24T18:28:28.837+02:00,798741321.4710808,0,1.97,101.541,1,0.85,0
2026-04-24T18:35:22.359+02:00,1777048513.800981,53.56897219751585,9.882953190205464,38.55946,-1,-1,-1,-1,9.519085617248134,5.63601519283635,-9999,3579.213060625,-0.0289459228515625,0.5865020751953125,-0.79833984375,3579.208023625,-0.05950965564733016,-0.1064724742234764,-0.7349865057765727,-3.152858734130859,-0.180006355047226,-0.09903852641582489,0.005272749811410904,-0.06899696588516235,-0.05456125736236572,XArbitraryZVertical,-0.3600867143180144,-0.03896274426196551,-0.008615625880998623,0.9320651044762144,-0.03273855894804001,0.6202817559242249,-0.7836955785751343,0,0,0,-1,-1,3542.123566166667,unknown,2,2026-04-24T18:34:45.265+02:00,2026-04-24T18:20:19.173+02:00,16,0.7102333,0,0,12.45568,0,0,2026-04-24T18:28:28.837+02:00,798741321.4710808,0,1.97,101.541,1,0.85,0
2026-04-24T18:35:22.369+02:00,1777048513.800981,53.56897219751585,9.882953190205464,38.55946,-1,-1,-1,-1,9.519085617248134,5.63601519283635,-9999,3579.223135625,-0.0310211181640625,0.6202545166015625,-0.78436279296875,3579.218098625,-0.06546320211227274,-0.112322452372023,-0.7655844861714133,-2.984903335571289,-0.1759053468704224,-0.09644912928342819,0.005574088543653488,-0.07642263174057007,-0.05015063285827637,XArbitraryZVertical,-0.3744274059759277,-0.03983710845509175,-0.009354740797843153,0.9263529309470829,-0.03474887832999229,0.6441563963890076,-0.7641041278839111,0,0,0,-1,-1,3542.123566166667,unknown,2,2026-04-24T18:34:45.265+02:00,2026-04-24T18:20:19.173+02:00,16,0.7102333,0,0,12.45568,0,0,2026-04-24T18:28:28.837+02:00,798741321.4710808,0,1.97,101.541,1,0.85,0
2026-04-24T18:35:22.379+02:00,1777048513.800981,53.56897219751585,9.882953190205464,38.55946,-1,-1,-1,-1,9.519085617248134,5.63601519283635,-9999,3579.233210625,-0.0298004150390625,0.6525421142578125,-0.7772064208984375,3579.228172625,-0.07156918877392286,-0.1184164825757329,-0.7947595331150253,-2.863642930984497,-0.1806020885705948,-0.09087546914815903,0.005510777235031128,-0.06121623516082764,-0.0429530143737793,XArbitraryZVertical,-0.3880302301532669,-0.0407062550104855,-0.01004558900877684,0.9206924745717042,-0.03673024848103523,0.6663645505905151,-0.7447208762168884,0,0,0,-1,-1,3542.123566166667,unknown,2,2026-04-24T18:34:45.265+02:00,2026-04-24T18:20:19.173+02:00,16,0.7102333,0,0,12.45568,0,0,2026-04-24T18:28:28.837+02:00,798741321.4710808,0,1.97,101.541,1,0.85,0
2026-04-24T18:35:22.390+02:00,1777048513.800981,53.56897219751585,9.882953190205464,38.55946,-1,-1,-1,-1,9.519085617248134,5.63601519283635,-9999,3579.243284625,-0.0319061279296875,0.672698974609375,-0.759490966796875,3579.238247625,-0.0777069610482342,-0.1247296888589888,-0.8225243680031704,-2.718204498291016,-0.1825789511203766,-0.072327621281147,0.007852785289287567,-0.0513840913772583,-0.05619269609451294,XArbitraryZVertical,-0.4009073605907772,-0.04158628492779776,-0.01063916174530168,0.9151123604201531,-0.03867552429437637,0.6869736909866333,-0.7256523370742798,0,0,0,-1,-1,3542.123566166667,unknown,2,2026-04-24T18:34:45.265+02:00,2026-04-24T18:20:19.173+02:00,16,0.7102333,0,0,12.45568,0,0,2026-04-24T18:28:28.837+02:00,798741321.4710808,0,1.97,101.541,1,0.85,0
2026-04-24T18:35:22.400+02:00,1777048513.800981,53.56897219751585,9.882953190205464,38.55946,-1,-1,-1,-1,9.519085617248134,5.63601519283635,-9999,3579.253359625,-0.033843994140625,0.6790618896484375,-0.7275543212890625,3579.248322625,-0.08386038205487276,-0.1311578191381264,-0.849466334965257,-2.695693016052246,-0.1846399754285812,-0.06579781323671341,0.009535316377878189,-0.04032427072525024,-0.06292265653610229,XArbitraryZVertical,-0.4133333822025244,-0.0424205363482193,-0.01113084382406319,0.9095230065502751,-0.0404648669064045,0.7064619660377502,-0.7065932750701904,0,0,0,-1,-1,3542.123566166667,unknown,2,2026-04-24T18:34:45.265+02:00,2026-04-24T18:20:19.173+02:00,16,0.7102333,0,0,12.45568,0,0,2026-04-24T18:28:28.837+02:00,798741321.4710808,0,1.97,101.541,1,0.85,0
2026-04-24T18:35:22.410+02:00,1777048513.800981,53.56897219751585,9.882953190205464,38.55946,-1,-1,-1,-1,9.519085617248134,5.63601519283635,-9999,3579.263433625,-0.040283203125,0.6965789794921875,-0.6916351318359375,3579.258396625,-0.09043012673513623,-0.1380337860065736,-0.8759426425244859,-2.63410210609436,-0.1894624382257462,-0.06262332201004028,0.009750094264745712,-0.05023938417434692,-0.05793076753616333,XArbitraryZVertical,-0.425483888964146,-0.04326553970060885,-0.0116188324746448,0.9038565291169052,-0.04226656258106232,0.7251204252243042,-0.6873237490653992,0,0,0,-1,-1,3542.123566166667,unknown,2,2026-04-24T18:34:45.265+02:00,2026-04-24T18:20:19.173+02:00,16,0.7102333,0,0,12.45568,0,0,2026-04-24T18:28:28.837+02:00,798741321.4710808,0,1.97,101.541,1,0.85,0
2026-04-24T18:35:22.420+02:00,1777048513.800981,53.56897219751585,9.882953190205464,38.55946,-1,-1,-1,-1,9.519085617248134,5.63601519283635,-9999,3579.273508625,-0.0389862060546875,0.7062225341796875,-0.679351806640625,3579.268471625,-0.09718104764357363,-0.1451749343362279,-0.9018576411525544,-2.575768709182739,-0.1938246786594391,-0.05290411412715912,0.006332933902740479,-0.05505412817001343,-0.03880316019058228,XArbitraryZVertical,-0.4373115629955722,-0.04408566115734398,-0.01203255391401547,0.8981482292234304,-0.04396109282970428,0.7428898215293884,-0.6679686307907104,0,0,0,-1,-1,3542.123566166667,unknown,2,2026-04-24T18:34:45.265+02:00,2026-04-24T18:20:19.173+02:00,16,0.7102333,0,0,12.45568,0,0,2026-04-24T18:28:28.837+02:00,798741321.4710808,0,1.97,101.541,1,0.85,0
2026-04-24T18:35:22.430+02:00,1777048513.800981,53.56897219751585,9.882953190205464,38.55946,-1,-1,-1,-1,9.519085617248134,5.63601519283635,-9999,3579.283583625,-0.0368194580078125,0.7348175048828125,-0.661468505859375,3579.278545625,-0.1041765642552286,-0.1527269753521857,-0.9268038967836566,-2.436005592346191,-0.2007254660129547,-0.04882708191871643,0.004141043871641159,-0.05930191278457642,-0.03538048267364502,XArbitraryZVertical,-0.448639786983611,-0.04494624623523677,-0.0123835073135447,0.8924958488909815,-0.04567545279860497,0.7595277428627014,-0.6488693356513977,0,0,0,-1,-1,3542.123566166667,unknown,2,2026-04-24T18:34:45.265+02:00,2026-04-24T18:20:19.173+02:00,16,0.7102333,0,0,12.45568,0,0,2026-04-24T18:28:28.837+02:00,798741321.4710808,0,1.97,101.541,1,0.85,0
2026-04-24T18:35:22.440+02:00,1777048513.800981,53.56897219751585,9.882953190205464,38.55946,-1,-1,-1,-1,9.519085617248134,5.63601519283635,-9999,3579.293657625,-0.0336456298828125,0.7654571533203125,-0.647552490234375,3579.288620625,-0.1111608089468175,-0.1604070377504233,-0.9501909098755292,-2.281610727310181,-0.208694726228714,-0.03944916278123856,0.01012879982590675,-0.05587178468704224,-0.04177403450012207,XArbitraryZVertical,-0.4592065879402625,-0.04580544870166366,-0.01264953086295258,0.8870575850622016,-0.04731445387005806,0.7746980786323547,-0.6305586695671082,0,0,0,-1,-1,3542.123566166667,unknown,2,2026-04-24T18:34:45.265+02:00,2026-04-24T18:20:19.173+02:00,16,0.7102333,0,0,12.45568,0,0,2026-04-24T18:28:28.837+02:00,798741321.4710808,0,1.97,101.541,1,0.85,0
2026-04-24T18:35:22.457+02:00,1777048513.800981,53.56897219751585,9.882953190205464,38.55946,-1,-1,-1,-1,9.519085617248134,5.63601519283635,-9999,3579.303732625,-0.039794921875,0.7973480224609375,-0.6462249755859375,3579.298695625,-0.118288553272479,-0.1683952279676951,-0.9718806468889988,-2.098750114440918,-0.2117802649736404,-0.05364567413926125,0.01378855854272842,-0.03790932893753052,-0.03855413198471069,XArbitraryZVertical,-0.4689672712201645,-0.04672377216609393,-0.01287334578443211,0.8818849588098528,-0.04902109131217003,0.7883976697921753,-0.6132097840309143,0,0,0,-1,-1,3542.123566166667,unknown,2,2026-04-24T18:34:45.265+02:00,2026-04-24T18:20:19.173+02:00,16,0.7102333,0,0,12.45568,0,0,2026-04-24T18:28:28.837+02:00,798741321.4710808,0,1.97,101.541,1,0.85,0
2026-04-24T18:35:22.462+02:00,1777048513.800981,53.56897219751585,9.882953190205464,38.55946,-1,-1,-1,-1,9.519085617248134,5.63601519283635,-9999,3579.313807625,-0.0458526611328125,0.8144378662109375,-0.63360595703125,3579.308769625,-0.1255241396382023,-0.1765357323422362,-0.9919500044072944,-1.972744822502136,-0.2128601670265198,-0.05231622233986855,0.01592511311173439,-0.01869314908981323,-0.05151587724685669,XArbitraryZVertical,-0.4779661376270112,-0.04764662699629588,-0.01307996870466514,0.8769876177943163,-0.05071514844894409,0.8007519841194153,-0.5968453884124756,0,0,0,-1,-1,3542.123566166667,unknown,2,2026-04-24T18:34:45.265+02:00,2026-04-24T18:20:19.173+02:00,16,0.7102333,0,0,12.45568,0,0,2026-04-24T18:28:28.837+02:00,798741321.4710808,0,1.97,101.541,1,0.85,0
2026-04-24T18:35:22.470+02:00,1777048513.800981,53.56897219751585,9.882953190205464,38.55946,-1,-1,-1,-1,9.519085617248134,5.63601519283635,-9999,3579.323881625,-0.0473175048828125,0.8184967041015625,-0.6093292236328125,3579.318844625,-0.1329259675747931,-0.184934892607491,-1.010801399044943,-1.858312010765076,-0.212146982550621,-0.05411678552627563,0.008173026144504547,-0.003979921340942383,-0.05969929695129395,XArbitraryZVertical,-0.4863910600298281,-0.04859605583189975,-0.01325637055061263,0.8722880514153659,-0.05242350324988365,0.8120701909065247,-0.5812003612518311,0,0,0,-1,-1,3542.123566166667,unknown,2,2026-04-24T18:34:45.265+02:00,2026-04-24T18:20:19.173+02:00,16,0.7102333,0,0,12.45568,0,0,2026-04-24T18:28:28.837+02:00,798741321.4710808,0,1.97,101.541,1,0.85,0
2026-04-24T18:35:22.480+02:00,1777048513.800981,53.56897219751585,9.882953190205464,38.55946,-1,-1,-1,-1,9.519085617248134,5.63601519283635,-9999,3579.333956625,-0.0522918701171875,0.8121795654296875,-0.583160400390625,3579.328918625,-0.1405124925036541,-0.1935157762308512,-1.028979126654398,-1.842304110527039,-0.2076414376497269,-0.04479339346289635,0.007277857512235641,-0.004368722438812256,-0.05612558126449585,XArbitraryZVertical,-0.4944842902680648,-0.04951073372926129,-0.01340290879371304,0.8676718050477555,-0.05403077229857445,0.8227128386497498,-0.5658836364746094,0,0,0,-1,-1,3542.123566166667,unknown,2,2026-04-24T18:34:45.265+02:00,2026-04-24T18:20:19.173+02:00,16,0.7102333,0,0,12.45568,0,0,2026-04-24T18:28:28.837+02:00,798741321.4710808,0,1.97,101.541,1,0.85,0
2026-04-24T18:35:22.490+02:00,1777048513.800981,53.56897219751585,9.882953190205464,38.55946,-1,-1,-1,-1,9.519085617248134,5.63601519283635,-9999,3579.344030625,-0.05364990234375,0.8133544921875,-0.5509796142578125,3579.338993625,-0.1485944783393577,-0.2025062185532333,-1.047135839156161,-1.853298902511597,-0.1970460414886475,-0.04270707070827484,0.005992412567138672,-0.01735502481460571,-0.0451849102973938,XArbitraryZVertical,-0.5025382705787405,-0.05037567909022716,-0.01355803982275521,0.862979585656919,-0.05553768947720528,0.8330746293067932,-0.5503655672073364,0,0,0,-1,-1,3542.123566166667,unknown,2,2026-04-24T18:34:45.265+02:00,2026-04-24T18:20:19.173+02:00,16,0.7102333,0,0,12.45568,0,0,2026-04-24T18:28:28.837+02:00,798741321.4710808,0,1.97,101.541,1,0.85,0
2026-04-24T18:35:22.500+02:00,1777048513.800981,53.56897219751585,9.882953190205464,38.55946,-1,-1,-1,-1,9.519085617248134,5.63601519283635,-9999,3579.354105625,-0.052581787109375,0.823150634765625,-0.5315399169921875,3579.349068625,-0.1573270177485242,-0.2120639923832626,-1.065481242093096,-1.880049586296082,-0.1983419358730316,-0.03890194743871689,0.002942398190498352,-0.03166848421096802,-0.03236699104309082,XArbitraryZVertical,-0.5106460185545693,-0.05119738484151158,-0.0137259941633464,0.8581555802144004,-0.05695849657058716,0.8432682156562805,-0.5344664454460144,0,0,0,-1,-1,3542.123566166667,unknown,2,2026-04-24T18:34:45.265+02:00,2026-04-24T18:20:19.173+02:00,16,0.7102333,0,0,12.45568,0,0,2026-04-24T18:28:28.837+02:00,798741321.4710808,0,1.97,101.541,1,0.85,0
2026-04-24T18:35:22.510+02:00,1777048513.800981,53.56897219751585,9.882953190205464,38.55946,-1,-1,-1,-1,9.519085617248134,5.63601519283635,-9999,3579.364180625,-0.05242919921875,0.8394622802734375,-0.5114593505859375,3579.359142625,-0.166432668902402,-0.2220408134209801,-1.083875922987529,-1.871503591537476,-0.1894933134317398,-0.02177515812218189,0.005505997687578201,-0.03671717643737793,-0.02179098129272461,XArbitraryZVertical,-0.5187372715351833,-0.0519793677456128,-0.01382298864446642,0.8532402422448058,-0.05822510272264481,0.8531997799873352,-0.5183243751525879,0,0,0,-1,-1,3542.123566166667,unknown,2,2026-04-24T18:34:45.265+02:00,2026-04-24T18:20:19.173+02:00,16,0.7102333,0,0,12.45568,0,0,2026-04-24T18:28:28.837+02:00,798741321.4710808,0,1.97,101.541,1,0.85,0
2026-04-24T18:35:22.520+02:00,1777048513.800981,53.56897219751585,9.882953190205464,38.55946,-1,-1,-1,-1,9.519085617248134,5.63601519283635,-9999,3579.374254625,-0.05499267578125,0.8536834716796875,-0.4982147216796875,3579.369217625,-0.1761883181415035,-0.2326200033360115,-1.102149223422943,-1.860965847969055,-0.1897452622652054,-0.02763324789702892,0.006867460906505585,-0.03079855442047119,-0.01952224969863892,XArbitraryZVertical,-0.526747083354046,-0.05272960151185201,-0.01392202537778832,0.8482708441551168,-0.05941872298717499,0.8627840876579285,-0.5020689368247986,0,0,0,-1,-1,3542.123566166667,unknown,2,2026-04-24T18:34:45.265+02:00,2026-04-24T18:20:19.173+02:00,16,0.7102333,0,0,12.45568,0,0,2026-04-24T18:28:28.837+02:00,798741321.4710808,0,1.97,101.541,1,0.85,0
2026-04-24T18:35:22.530+02:00,1777048513.800981,53.56897219751585,9.882953190205464,38.55946,-1,-1,-1,-1,9.519085617248134,5.63601519283635,-9999,3579.384329625,-0.064208984375,0.865264892578125,-0.4846954345703125,3579.379291625,-0.1864620718807278,-0.2436880144176688,-1.119911747775082,-1.778124451637268,-0.1791850179433823,-0.0170128270983696,0.008345808833837509,-0.02560734748840332,-0.01715093851089478,XArbitraryZVertical,-0.5345084476140699,-0.05345208290319103,-0.01401656283306238,0.8433546950545208,-0.06054611504077911,0.8718292713165283,-0.4860533475875854,0,0,0,-1,-1,3542.123566166667,unknown,2,2026-04-24T18:34:45.265+02:00,2026-04-24T18:20:19.173+02:00,16,0.7102333,0,0,12.45568,0,0,2026-04-24T18:28:28.837+02:00,798741321.4710808,0,1.97,101.541,1,0.85,0
2026-04-24T18:35:22.540+02:00,1777048513.800981,53.56897219751585,9.882953190205464,38.55946,-1,-1,-1,-1,9.519085617248134,5.63601519283635,-9999,3579.394403625,-0.0684814453125,0.8806915283203125,-0.473419189453125,3579.389366625,-0.1970049452486294,-0.2549563939451862,-1.136817521494626,-1.689319014549255,-0.1690668761730194,-0.02469398453831673,0.001879200339317322,-0.01988053321838379,-0.02112531661987305,XArbitraryZVertical,-0.5418723381010296,-0.054115434492105,-0.01410410926357205,0.8385982707846925,-0.06155631318688393,0.8801863789558411,-0.4706196784973145,0,0,0,-1,-1,3542.123566166667,unknown,2,2026-04-24T18:34:45.265+02:00,2026-04-24T18:20:19.173+02:00,16,0.7102333,0,0,12.45568,0,0,2026-04-24T18:28:28.837+02:00,798741321.4710808,0,1.97,101.541,1,0.85,0
2026-04-24T18:35:22.551+02:00,1777048513.800981,53.56897219751585,9.882953190205464,38.55946,-1,-1,-1,-1,9.519085617248134,5.63601519283635,-9999,3579.404478625,-0.071197509765625,0.90130615234375,-0.4634552001953125,3579.399441625,-0.2078500423311871,-0.2665679859996086,-1.152822115538632,-1.605062246322632,-0.1740994602441788,-0.01544828619807959,-0.004155963659286499,-0.01662564277648926,-0.02300047874450684,XArbitraryZVertical,-0.5488282471788278,-0.0547791227599097,-0.01416851983317733,0.8340180972717084,-0.06254018843173981,0.887872040271759,-0.4558202922344208,0,0,0,-1,-1,3542.123566166667,unknown,2,2026-04-24T18:34:45.265+02:00,2026-04-24T18:20:19.173+02:00,16,0.7102333,0,0,12.45568,0,0,2026-04-24T18:28:28.837+02:00,798741321.4710808,0,1.97,101.541,1,0.85,0
2026-04-24T18:35:22.561+02:00,1777048513.800981,53.56897219751585,9.882953190205464,38.55946,-1,-1,-1,-1,9.519085617248134,5.63601519283635,-9999,3579.414553625,-0.0699462890625,0.9048004150390625,-0.45684814453125,3579.409515625,-0.2189637760489424,-0.278424135093038,-1.167896940611351,-1.532283425331116,-0.1597061306238174,-0.02482274547219276,-0.006697185337543488,-0.003063976764678955,-0.02685734629631042,XArbitraryZVertical,-0.5553690563774402,-0.05541911704811531,-0.01423061388836328,0.829633318183394,-0.06347796320915222,0.8949096202850342,-0.4417095184326172,0,0,0,-1,-1,3542.123566166667,unknown,2,2026-04-24T18:34:45.265+02:00,2026-04-24T18:20:19.173+02:00,16,0.7102333,0,0,12.45568,0,0,2026-04-24T18:28:28.837+02:00,798741321.4710808,0,1.97,101.541,1,0.85,0
2026-04-24T18:35:22.571+02:00,1777048513.800981,53.56897219751585,9.882953190205464,38.55946,-1,-1,-1,-1,9.519085617248134,5.63601519283635,-9999,3579.424627625,-0.0723876953125,0.9107818603515625,-0.4466094970703125,3579.419590625,-0.2306591167187039,-0.2907854261575114,-1.182253999053214,-1.451550602912903,-0.1532620787620544,-0.02889818325638771,-0.006954304873943329,0.003946304321289062,-0.03128504753112793,XArbitraryZVertical,-0.5615969327251596,-0.05604366972685546,-0.01433402667928268,0.8253863901598715,-0.06442630290985107,0.9014340043067932,-0.4280960261821747,0,0,0,-1,-1,3542.123566166667,unknown,2,2026-04-24T18:34:45.265+02:00,2026-04-24T18:20:19.173+02:00,16,0.7102333,0,0,12.45568,0,0,2026-04-24T18:28:28.837+02:00,798741321.4710808,0,1.97,101.541,1,0.85,0
2026-04-24T18:35:22.581+02:00,1777048513.800981,53.56897219751585,9.882953190205464,38.55946,-1,-1,-1,-1,9.519085617248134,5.63601519283635,-9999,3579.434702625,-0.0708770751953125,0.9137420654296875,-0.429443359375,3579.429665625,-0.2426044668700585,-0.3034548392632616,-1.196061325701932,-1.428333163261414,-0.1564208567142487,-0.01966799981892109,-0.006141304969787598,-0.0008108019828796387,-0.03869372606277466,XArbitraryZVertical,-0.5675733777660561,-0.05665102477491088,-0.01438291277205442,0.8212455878600995,-0.06528507918119431,0.9075338244438171,-0.4148737490177155,0,0,0,-1,-1,3542.123566166667,unknown,2,2026-04-24T18:34:45.265+02:00,2026-04-24T18:20:19.173+02:00,16,0.7102333,0,0,12.45568,0,0,2026-04-24T18:28:28.837+02:00,798741321.4710808,0,1.97,101.541,1,0.85,0
2026-04-24T18:35:22.591+02:00,1777048513.800981,53.56897219751585,9.882953190205464,38.55946,-1,-1,-1,-1,9.519085617248134,5.63601519283635,-9999,3579.444776625,-0.074554443359375,0.9053802490234375,-0.4085845947265625,3579.439739625,-0.255154922771876,-0.3166333864109484,-1.209451469572426,-1.370557546615601,-0.1338234096765518,-0.01597525924444199,-0.005925856530666351,0.0008639097213745117,-0.03633406758308411,XArbitraryZVertical,-0.5733652997853488,-0.0572118582248306,-0.01445433826229232,0.8171720004479763,-0.06608034670352936,0.9132900834083557,-0.401913583278656,0,0,0,-1,-1,3542.123566166667,unknown,2,2026-04-24T18:34:45.265+02:00,2026-04-24T18:20:19.173+02:00,16,0.7102333,0,0,12.45568,0,0,2026-04-24T18:28:28.837+02:00,798741321.4710808,0,1.97,101.541,1,0.85,0
2026-04-24T18:35:22.612+02:00,1777048513.800981,53.56897219751585,9.882953190205464,38.55946,-1,-1,-1,-1,9.519085617248134,5.63601519283635,-9999,3579.454851625,-0.0749053955078125,0.904815673828125,-0.40032958984375,3579.449814625,-0.2680464500532212,-0.3300817211064416,-1.222398356878162,-1.381533861160278,-0.1366447508335114,-0.01332235150039196,-0.005250453948974609,-0.008925795555114746,-0.02976202964782715,XArbitraryZVertical,-0.5789549278858971,-0.05770533021054275,-0.01451056493169725,0.8131855074501561,-0.0667404979467392,0.9187005758285522,-0.3892748057842255,0,0,0,-1,-1,3542.123566166667,unknown,2,2026-04-24T18:34:45.265+02:00,2026-04-24T18:20:19.173+02:00,16,0.7102333,0,0,12.45568,0,0,2026-04-24T18:28:28.837+02:00,798741321.4710808,0,1.97,101.541,1,0.85,0
2026-04-24T18:35:22.614+02:00,1777048513.800981,53.56897219751585,9.882953190205464,38.55946,-1,-1,-1,-1,9.519085617248134,5.63601519283635,-9999,3579.464926625,-0.07220458984375,0.923858642578125,-0.388763427734375,3579.459888625,-0.282956703620144,-0.3455870328025984,-1.235848729069978,-1.454838991165161,-0.1444454193115234,-0.03175462037324905,-0.007555052638053894,-0.02224051952362061,-0.02556109428405762,XArbitraryZVertical,-0.5847756462121398,-0.05826598564466933,-0.01460642050736601,0.8089680697992118,-0.06753343343734741,0.9241723418235779,-0.375958651304245,0,0,0,-1,-1,3542.123566166667,unknown,2,2026-04-24T18:34:45.265+02:00,2026-04-24T18:20:19.173+02:00,16,0.7102333,0,0,12.45568,0,0,2026-04-24T18:28:28.837+02:00,798741321.4710808,0,1.97,101.541,1,0.85,0
2026-04-24T18:35:22.621+02:00,1777048513.800981,53.56897219751585,9.882953190205464,38.55946,-1,-1,-1,-1,9.519085617248134,5.63601519283635,-9999,3579.475000625,-0.0728912353515625,0.911407470703125,-0.3752288818359375,3579.469963625,-0.3000255890511767,-0.3631516626327714,-1.249978725739641,-1.574671983718872,-0.1357997208833694,-0.0202168095856905,-0.004437848925590515,-0.01530319452285767,-0.03491723537445068,XArbitraryZVertical,-0.5908931023951753,-0.05879551291966224,-0.01473901876950633,0.8044696099633584,-0.06828553229570389,0.9297472238540649,-0.3618112504482269,0,0,0,-1,-1,3542.123566166667,unknown,2,2026-04-24T18:34:45.265+02:00,2026-04-24T18:20:19.173+02:00,16,0.7102333,0,0,12.45568,0,0,2026-04-24T18:28:28.837+02:00,798741321.4710808,0,1.97,101.541,1,0.85,0
2026-04-24T18:35:22.631+02:00,1777048513.800981,53.56897219751585,9.882953190205464,38.55946,-1,-1,-1,-1,9.519085617248134,5.63601519283635,-9999,3579.485075625,-0.07476806640625,0.8929443359375,-0.3440093994140625,3579.480038625,-0.3202418671886333,-0.383718080057961,-1.265267034186877,-1.692001342773438,-0.1283058524131775,-0.01808121986687183,-0.003484413027763367,-0.01177865266799927,-0.03541949391365051,XArbitraryZVertical,-0.5975153839721425,-0.05927347669172586,-0.01491920043212537,0.7995246042146561,-0.06896431744098663,0.9355763792991638,-0.3463248610496521,0,0,0,-1,-1,3542.123566166667,unknown,2,2026-04-24T18:34:45.265+02:00,2026-04-24T18:20:19.173+02:00,16,0.7102333,0,0,12.45568,0,0,2026-04-24T18:28:28.837+02:00,798741321.4710808,0,1.97,101.541,1,0.85,0
2026-04-24T18:35:22.641+02:00,1777048513.800981,53.56897219751585,9.882953190205464,38.55946,-1,-1,-1,-1,9.519085617248134,5.63601519283635,-9999,3579.495149625,-0.0703887939453125,0.90472412109375,-0.3173065185546875,3579.490112625,-0.3429459458979237,-0.4067579156830969,-1.281054691295412,-1.683976888656616,-0.1346401870250702,-0.002043864689767361,-0.003856122493743896,-0.04347884654998779,-0.03187710046768188,XArbitraryZVertical,-0.6043505267075709,-0.05969629263226903,-0.01505466628237899,0.7943363135559551,-0.06947760283946991,0.9413670897483826,-0.3301529288291931,0,0,0,-1,-1,3542.123566166667,unknown,2,2026-04-24T18:34:45.265+02:00,2026-04-24T18:20:19.173+02:00,16,0.7102333,0,0,12.45568,0,0,2026-04-24T18:28:28.837+02:00,798741321.4710808,0,1.97,101.541,1,0.85,0
2026-04-24T18:35:22.651+02:00,1777048513.800981,53.56897219751585,9.882953190205464,38.55946,-1,-1,-1,-1,9.519085617248134,5.63601519283635,-9999,3579.505224291667,-0.06414794921875,0.937408447265625,-0.3206024169921875,3579.500187291667,-0.3665094687850664,-0.4307617009924706,-1.295923643167177,-1.519354939460754,-0.1371550112962723,0.01198646612465382,-0.004131041467189789,-0.05035531520843506,-0.01217395067214966,XArbitraryZVertical,-0.6107969960353783,-0.0601022613366415,-0.01510524134101248,0.7893584012226174,-0.06987407803535461,0.9466108679771423,-0.3147150874137878,0,0,0,-1,-1,3542.123566166667,unknown,2,2026-04-24T18:34:45.265+02:00,2026-04-24T18:20:19.173+02:00,16,0.7102333,0,0,12.45568,0,0,2026-04-24T18:28:28.837+02:00,798741321.4710808,0,1.97,101.541,1,0.85,0
2026-04-24T18:35:22.662+02:00,1777048513.800981,53.56897219751585,9.882953190205464,38.55946,-1,-1,-1,-1,9.519085617248134,5.63601519283635,-9999,3579.515299291667,-0.0673065185546875,0.98052978515625,-0.33734130859375,3579.510261291667,-0.3888384418646351,-0.4536911698961023,-1.308589158459479,-1.266853094100952,-0.1429742872714996,-0.0006674764445051551,0.003699742257595062,-0.03238898515701294,-0.01455128192901611,XArbitraryZVertical,-0.6163126964844247,-0.0605278412757822,-0.01507156420037696,0.7850273965022601,-0.07024331390857697,0.9509223699569702,-0.301351398229599,0,0,0,-1,-1,3542.123566166667,unknown,2,2026-04-24T18:34:45.265+02:00,2026-04-24T18:20:19.173+02:00,16,0.7102333,0,0,12.45568,0,0,2026-04-24T18:28:28.837+02:00,798741321.4710808,0,1.97,101.541,1,0.85,0
2026-04-24T18:35:22.671+02:00,1777048513.800981,53.56897219751585,9.882953190205464,38.55946,-1,-1,-1,-1,9.519085617248134,5.63601519283635,-9999,3579.525373291667,-0.0731964111328125,1.010177612304688,-0.3424224853515625,3579.520336291667,-0.4094465749127507,-0.4750516377255894,-1.318938702141453,-1.052359938621521,-0.1380961686372757,-0.009764568880200386,0.005542591214179993,0.0050010085105896,-0.03766468167304993,XArbitraryZVertical,-0.620864213949748,-0.06101546549019629,-0.01500130696294505,0.781396131544371,-0.0707128718495369,0.9543497562408447,-0.2902008891105652,0,0,0,-1,-1,3542.123566166667,unknown,2,2026-04-24T18:34:45.265+02:00,2026-04-24T18:20:19.173+02:00,16,0.7102333,0,0,12.45568,0,0,2026-04-24T18:28:28.837+02:00,798741321.4710808,0,1.97,101.541,1,0.85,0
2026-04-24T18:35:22.682+02:00,1777048513.800981,53.56897219751585,9.882953190205464,38.55946,-1,-1,-1,-1,9.519085617248134,5.63601519283635,-9999,3579.535448291667,-0.076324462890625,1.00634765625,-0.329986572265625,3579.530411291667,-0.4293969348082644,-0.4957135479294886,-1.327739962659684,-0.9665232300758362,-0.124011255800724,-0.03224184736609459,0.0009219720959663391,0.04143571853637695,-0.06292691826820374,XArbitraryZVertical,-0.6247918299281878,-0.06152153056326021,-0.01498298220355802,0.7782195915570833,-0.07129549235105515,0.9572061896324158,-0.2804873585700989,0,0,0,-1,-1,3542.123566166667,unknown,2,2026-04-24T18:34:45.265+02:00,2026-04-24T18:20:19.173+02:00,16,0.7102333,0,0,12.45568,0,0,2026-04-24T18:28:28.837+02:00,798741321.4710808,0,1.97,101.541,1,0.85,0
2026-04-24T18:35:22.691+02:00,1777048513.800981,53.56897219751585,9.882953190205464,38.55946,-1,-1,-1,-1,9.519085617248134,5.63601519283635,-9999,3579.545523291667,-0.0744781494140625,0.9712982177734375,-0.299560546875,3579.540485291667,-0.4503477170820601,-0.5173021646311527,-1.336124970255741,-0.9691309928894043,-0.1163386851549149,-0.01989037357270718,-0.003242731094360352,0.05233490467071533,-0.06624400615692139,XArbitraryZVertical,-0.6285736587204799,-0.06201087819890878,-0.01500127351990399,0.7751289621415571,-0.07189153134822845,0.9598721861839294,-0.2710667550563812,0,0,0,-1,-1,3542.123566166667,unknown,2,2026-04-24T18:34:45.265+02:00,2026-04-24T18:20:19.173+02:00,16,0.7102333,0,0,12.45568,0,0,2026-04-24T18:28:28.837+02:00,798741321.4710808,0,1.97,101.541,1,0.85,0
2026-04-24T18:35:22.702+02:00,1777048513.800981,53.56897219751585,9.882953190205464,38.55946,-1,-1,-1,-1,9.519085617248134,5.63601519283635,-9999,3579.555597291667,-0.0705413818359375,0.9309539794921875,-0.2718353271484375,3579.550560291667,-0.4729337902070253,-0.5403388041814891,-1.344584439774394,-0.9992220997810364,-0.09494338184595108,-0.01568124629557133,-0.003562971949577332,0.02990472316741943,-0.05498266220092773,XArbitraryZVertical,-0.6324072609012561,-0.06240028361728014,-0.0150512664881918,0.7719720175327264,-0.07234949618577957,0.9624964594841003,-0.2614693343639374,0,0,0,-1,-1,3542.123566166667,unknown,2,2026-04-24T18:34:45.265+02:00,2026-04-24T18:20:19.173+02:00,16,0.7102333,0,0,12.45568,0,0,2026-04-24T18:28:28.837+02:00,798741321.4710808,0,1.97,101.541,1,0.85,0
2026-04-24T18:35:22.712+02:00,1777048513.800981,53.56897219751585,9.882953190205464,38.55946,-1,-1,-1,-1,9.519085617248134,5.63601519283635,-9999,3579.565672291667,-0.06817626953125,0.9360504150390625,-0.2546844482421875,3579.560634291667,-0.4972652021590652,-0.5650592017253638,-1.353045569488104,-0.9726954102516174,-0.09614766389131546,-0.008876869454979897,0.0006027072668075562,-0.016510009765625,-0.03159302473068237,XArbitraryZVertical,-0.6362678935167885,-0.06274178374494416,-0.01509716694727396,0.7687644528827851,-0.07271573692560196,0.965057373046875,-0.2517473995685577,0,0,0,-1,-1,3542.123566166667,unknown,2,2026-04-24T18:34:45.265+02:00,2026-04-24T18:20:19.173+02:00,16,0.7102333,0,0,12.45568,0,0,2026-04-24T18:28:28.837+02:00,798741321.4710808,0,1.97,101.541,1,0.85,0
2026-04-24T18:35:22.722+02:00,1777048513.800981,53.56897219751585,9.882953190205464,38.55946,-1,-1,-1,-1,9.519085617248134,5.63601519283635,-9999,3579.575746291667,-0.06878662109375,0.96820068359375,-0.254547119140625,3579.570709291667,-0.522395626846088,-0.5906640712759744,-1.360990737674497,-0.9283711314201355,-0.1131543442606926,-0.01580421812832355,0.003317698836326599,-0.04036426544189453,-0.0203137993812561,XArbitraryZVertical,-0.639941777034006,-0.06311112948043748,-0.01511275146214309,0.7656782412959627,-0.0730961337685585,0.9674120545387268,-0.2424272298812866,0,0,0,-1,-1,3542.123566166667,unknown,2,2026-04-24T18:34:45.265+02:00,2026-04-24T18:20:19.173+02:00,16,0.7102333,0,0,12.45568,0,0,2026-04-24T18:28:28.837+02:00,798741321.4710808,0,1.97,101.541,1,0.85,0
2026-04-24T18:35:22.732+02:00,1777048513.800981,53.56897219751585,9.882953190205464,38.55946,-1,-1,-1,-1,9.519085617248134,5.63601519283635,-9999,3579.585821291667,-0.0753326416015625,0.9791717529296875,-0.253448486328125,3579.580784291667,-0.5474406190215287,-0.6163189760445096,-1.368321317127879,-0.8477817177772522,-0.1093662604689598,-0.0005435064667835832,0.0063028484582901,-0.01726639270782471,-0.0185466855764389,XArbitraryZVertical,-0.6433663041176074,-0.06349872017436421,-0.01505331981160737,0.7627719969558111,-0.07342623919248581,0.9695369005203247,-0.2336810380220413,0,0,0,-1,-1,3542.123566166667,unknown,2,2026-04-24T18:34:45.265+02:00,2026-04-24T18:20:19.173+02:00,16,0.7102333,0,0,12.45568,0,0,2026-04-24T18:28:28.837+02:00,798741321.4710808,0,1.97,101.541,1,0.85,0
2026-04-24T18:35:22.742+02:00,1777048513.800981,53.56897219751585,9.882953190205464,38.55946,-1,-1,-1,-1,9.519085617248134,5.63601519283635,-9999,3579.595896291667,-0.0794219970703125,0.9668121337890625,-0.2498016357421875,3579.590858291667,-0.571914203560192,-0.6413742739522577,-1.375002991976384,-0.7931139469146729,-0.1042274311184883,-0.0002073491341434419,0.001970581710338593,0.007418572902679443,-0.03020314872264862,XArbitraryZVertical,-0.6465160420011651,-0.06383750937119101,-0.01496680767598759,0.760077447969719,-0.0736563578248024,0.9714326858520508,-0.2255951762199402,0,0,0,-1,-1,3542.123566166667,unknown,2,2026-04-24T18:34:45.265+02:00,2026-04-24T18:20:19.173+02:00,16,0.7102333,0,0,12.45568,0,0,2026-04-24T18:28:28.837+02:00,798741321.4710808,0,1.97,101.541,1,0.85,0
2026-04-24T18:35:22.752+02:00,1777048513.800981,53.56897219751585,9.882953190205464,38.55946,-1,-1,-1,-1,9.519085617248134,5.63601519283635,-9999,3579.605970291667,-0.0815277099609375,0.9686737060546875,-0.240234375,3579.600933291667,-0.5968206295293756,-0.6668814533239512,-1.381166718528166,-0.7697396278381348,-0.1065608933568001,-0.004936324432492256,-0.00337500125169754,-0.0009905099868774414,-0.0337848961353302,XArbitraryZVertical,-0.6494796663633549,-0.06419353435419717,-0.01488563965508556,0.7575181288425412,-0.07392600923776627,0.9731584191322327,-0.2179392576217651,0,0,0,-1,-1,3542.123566166667,unknown,2,2026-04-24T18:34:45.265+02:00,2026-04-24T18:20:19.173+02:00,16,0.7102333,0,0,12.45568,0,0,2026-04-24T18:28:28.837+02:00,798741321.4710808,0,1.97,101.541,1,0.85,0
2026-04-24T18:35:22.762+02:00,1777048513.800981,53.56897219751585,9.882953190205464,38.55946,-1,-1,-1,-1,9.519085617248134,5.63601519283635,-9999,3579.616045291667,-0.0811309814453125,0.9687652587890625,-0.2302703857421875,3579.611007291667,-0.6229913981782351,-0.6936201959944861,-1.38721589337846,-0.7650511860847473,-0.1004436016082764,0.007868221029639244,-0.006557092070579529,-0.008497536182403564,-0.03529566526412964,XArbitraryZVertical,-0.6524207194252187,-0.06451285634682369,-0.01479136020920324,0.7549613470001078,-0.07411611825227737,0.9748213887214661,-0.210309773683548,0,0,0,-1,-1,3542.123566166667,unknown,2,2026-04-24T18:34:45.265+02:00,2026-04-24T18:20:19.173+02:00,16,0.7102333,0,0,12.45568,0,0,2026-04-24T18:28:28.837+02:00,798741321.4710808,0,1.97,101.541,1,0.85,0
2026-04-24T18:35:22.772+02:00,1777048513.800981,53.56897219751585,9.882953190205464,38.55946,-1,-1,-1,-1,9.519085617248134,5.63601519283635,-9999,3579.626119291667,-0.07769775390625,0.9560089111328125,-0.222991943359375,3579.621082291667,-0.6506510503010502,-0.7218089153829644,-1.393146217608982,-0.7693127989768982,-0.09626510739326477,0.007826675660908222,-0.00771448016166687,-0.005507946014404297,-0.03272271156311035,XArbitraryZVertical,-0.6553457055173733,-0.06479863672607798,-0.01469138274927147,0.7524010845049127,-0.07424046844244003,0.9764247536659241,-0.2026898413896561,0,0,0,-1,-1,3542.123566166667,unknown,2,2026-04-24T18:34:45.265+02:00,2026-04-24T18:20:19.173+02:00,16,0.7102333,0,0,12.45568,0,0,2026-04-24T18:28:28.837+02:00,798741321.4710808,0,1.97,101.541,1,0.85,0
2026-04-24T18:35:22.782+02:00,1777048513.800981,53.56897219751585,9.882953190205464,38.55946,-1,-1,-1,-1,9.519085617248134,5.63601519283635,-9999,3579.636194291667,-0.078338623046875,0.9652252197265625,-0.218719482421875,3579.631157291667,-0.6791536588734063,-0.7508610670702089,-1.398741598084684,-0.7106674313545227,-0.09891095757484436,0.01135716214776039,-0.005128569900989532,-0.01655381917953491,-0.03021292388439178,XArbitraryZVertical,-0.6581632289925416,-0.06508599721054913,-0.01457954406195386,0.749914966108934,-0.07435444742441177,0.9779185652732849,-0.1953119486570358,0,0,0,-1,-1,3542.123566166667,unknown,2,2026-04-24T18:34:45.265+02:00,2026-04-24T18:20:19.173+02:00,16,0.7102333,0,0,12.45568,0,0,2026-04-24T18:28:28.837+02:00,798741321.4710808,0,1.97,101.541,1,0.85,0
2026-04-24T18:35:22.793+02:00,1777048513.800981,53.56897219751585,9.882953190205464,38.55946,-1,-1,-1,-1,9.519085617248134,5.63601519283635,-9999,3579.646269291667,-0.0799713134765625,0.978546142578125,-0.21331787109375,3579.641231291667,-0.7063422720759566,-0.7786460457010439,-1.403675862510424,-0.6287965774536133,-0.09482886642217636,0.01004555448889732,-0.003180086612701416,-0.02073884010314941,-0.03225517272949219,XArbitraryZVertical,-0.6606959636641111,-0.06537186636981122,-0.01443489004621975,0.747662444222924,-0.07444135844707489,0.9792197346687317,-0.1886462718248367,0,0,0,-1,-1,3542.123566166667,unknown,2,2026-04-24T18:34:45.265+02:00,2026-04-24T18:20:19.173+02:00,16,0.7102333,0,0,12.45568,0,0,2026-04-24T18:28:28.837+02:00,798741321.4710808,0,1.97,101.541,1,0.85,0
2026-04-24T18:35:22.803+02:00,1777048513.800981,53.56897219751585,9.882953190205464,38.55946,-1,-1,-1,-1,9.519085617248134,5.63601519283635,-9999,3579.656343291667,-0.081939697265625,0.9894866943359375,-0.2047882080078125,3579.651306291667,-0.7309506343959117,-0.8039033689552515,-1.407850605178688,-0.5248996615409851,-0.09907980263233185,0.01385221071541309,-0.004770331084728241,-0.007667422294616699,-0.03281760215759277,XArbitraryZVertical,-0.6628763054714033,-0.06565509104435809,-0.01425224599377869,0.7457086266375085,-0.07449907064437866,0.980308473110199,-0.182880625128746,0,0,0,-1,-1,3542.123566166667,unknown,2,2026-04-24T18:34:45.265+02:00,2026-04-24T18:20:19.173+02:00,16,0.7102333,0,0,12.45568,0,0,2026-04-24T18:28:28.837+02:00,798741321.4710808,0,1.97,101.541,1,0.85,0
2026-04-24T18:35:22.813+02:00,1777048513.800981,53.56897219751585,9.882953190205464,38.55946,-1,-1,-1,-1,9.519085617248134,5.63601519283635,-9999,3579.666418291667,-0.0797119140625,0.9912261962890625,-0.197174072265625,3579.661381291667,-0.7526982054374165,-0.8263374942342873,-1.411306386008705,-0.4568066000938416,-0.09470129758119583,0.01242182683199644,-0.007430091500282288,0.002545952796936035,-0.03209024667739868,XArbitraryZVertical,-0.6647158896875799,-0.06594097237168339,-0.01404736528925762,0.7440479653573295,-0.07455537468194962,0.9812034964561462,-0.1779927164316177,0,0,0,-1,-1,3542.123566166667,unknown,2,2026-04-24T18:34:45.265+02:00,2026-04-24T18:20:19.173+02:00,16,0.7102333,0,0,12.45568,0,0,2026-04-24T18:28:28.837+02:00,798741321.4710808,0,1.97,101.541,1,0.85,0
2026-04-24T18:35:22.823+02:00,1777048513.800981,53.56897219751585,9.882953190205464,38.55946,-1,-1,-1,-1,9.519085617248134,5.63601519283635,-9999,3579.676492291667,-0.080352783203125,0.991180419921875,-0.185455322265625,3579.671455291667,-0.7729247115412586,-0.8472503227038185,-1.414333839916581,-0.4162693023681641,-0.09025461971759796,0.01199265941977501,-0.005731813609600067,0.00968468189239502,-0.02705560624599457,XArbitraryZVertical,-0.6663581510379191,-0.06622018630333992,-0.01383685059141313,0.7425565752283293,-0.07460569590330124,0.98198401927948,-0.1736126989126205,0,0,0,-1,-1,3542.123566166667,unknown,2,2026-04-24T18:34:45.265+02:00,2026-04-24T18:20:19.173+02:00,16,0.7102333,0,0,12.45568,0,0,2026-04-24T18:28:28.837+02:00,798741321.4710808,0,1.97,101.541,1,0.85,0
2026-04-24T18:35:22.833+02:00,1777048513.800981,53.56897219751585,9.882953190205464,38.55946,-1,-1,-1,-1,9.519085617248134,5.63601519283635,-9999,3579.686567291667,-0.076019287109375,0.9921417236328125,-0.1773834228515625,3579.681530291667,-0.7922887560678001,-0.8672811940188851,-1.41708398146141,-0.3902805745601654,-0.08889720588922501,0.01117240451276302,-0.005681499838829041,0.008261620998382568,-0.0223231166601181,XArbitraryZVertical,-0.6678747861308589,-0.06648535435575979,-0.0136266288495048,0.741172943597002,-0.07464075088500977,0.9826899766921997,-0.169556125998497,0,0,0,-1,-1,3542.123566166667,unknown,2,2026-04-24T18:34:45.265+02:00,2026-04-24T18:20:19.173+02:00,16,0.7102333,0,0,12.45568,0,0,2026-04-24T18:28:28.837+02:00,798741321.4710808,0,1.97,101.541,1,0.85,0
2026-04-24T18:35:22.843+02:00,1777048522.815582,53.56898963022433,9.882980424919118,39.25409,-1,-1,-1,-1,30.01978840862869,11.695014,-9999,3579.696642291667,-0.075836181640625,0.9900054931640625,-0.17169189453125,3579.691604291667,-0.8116055724486523,-0.8872536406250956,-1.419680946165127,-0.3943476676940918,-0.08655256032943726,0.01038317754864693,-0.002983167767524719,0.008939146995544434,-0.01448768377304077,XArbitraryZVertical,-0.6693341873247398,-0.06674392700166518,-0.01341804734878988,0.7398359053077797,-0.07466880232095718,0.9833552837371826,-0.1656422764062881,0,0,0,-1,-1,3542.123566166667,unknown,2,2026-04-24T18:34:45.265+02:00,2026-04-24T18:20:19.173+02:00,16,0.7102333,0,0,12.45568,0,0,2026-04-24T18:28:28.837+02:00,798741321.4710808,0,1.97,101.541,1,0.85,0
2026-04-24T18:35:22.853+02:00,1777048522.815582,53.56898963022433,9.882980424919118,39.25409,-1,-1,-1,-1,30.01978840862869,11.695014,-9999,3579.706716291667,-0.0739898681640625,0.9886016845703125,-0.17047119140625,3579.701679291667,-0.8320279186853732,-0.9082758897088159,-1.422216290725505,-0.3887521028518677,-0.08121398836374283,0.009268376976251602,-0.0007931739091873169,0.006422460079193115,-0.01242302358150482,XArbitraryZVertical,-0.6708080031521166,-0.06699592452504118,-0.01324218783099298,0.7384800258582979,-0.07472255825996399,0.9840102195739746,-0.1616797000169754,0,0,0,-1,-1,3542.123566166667,unknown,2,2026-04-24T18:34:45.265+02:00,2026-04-24T18:20:19.173+02:00,16,0.7102333,0,0,12.45568,0,0,2026-04-24T18:28:28.837+02:00,798741321.4710808,0,1.97,101.541,1,0.85,0
2026-04-24T18:35:22.863+02:00,1777048522.815582,53.56898963022433,9.882980424919118,39.25409,-1,-1,-1,-1,30.01978840862869,11.695014,-9999,3579.716791291667,-0.0720672607421875,0.9834747314453125,-0.1672821044921875,3579.711754291667,-0.8525672716939101,-0.929412079818737,-1.424606275464173,-0.3762336373329163,-0.08315835893154144,0.004128210712224245,-0.001172930002212524,0.006153583526611328,-0.01320426166057587,XArbitraryZVertical,-0.6722350219222682,-0.06724967035040823,-0.01307061699180878,0.7371612671700855,-0.07478530704975128,0.9846301078796387,-0.1578314751386642,0,0,0,-1,-1,3542.123566166667,unknown,2,2026-04-24T18:34:45.265+02:00,2026-04-24T18:20:19.173+02:00,16,0.7102333,0,0,12.45568,0,0,2026-04-24T18:28:28.837+02:00,798741321.4710808,0,1.97,101.541,1,0.85,0
2026-04-24T18:35:22.873+02:00,1777048522.815582,53.56898963022433,9.882980424919118,39.25409,-1,-1,-1,-1,30.01978840862869,11.695014,-9999,3579.726865291667,-0.0727691650390625,0.9902801513671875,-0.1665802001953125,3579.721828291667,-0.8726647034066761,-0.9501425871924606,-1.426782610893207,-0.3400301039218903,-0.08231866359710693,0.001616583555005491,0.001938179135322571,0.0002435445785522461,-0.01479798555374146,XArbitraryZVertical,-0.6735787539721575,-0.06752271975117374,-0.01289323289673874,0.7359118006750115,-0.07487518340349197,0.9851996302604675,-0.1541930437088013,0,0,0,-1,-1,3542.123566166667,unknown,2,2026-04-24T18:34:45.265+02:00,2026-04-24T18:20:19.173+02:00,16,0.7102333,0,0,12.45568,0,0,2026-04-24T18:28:28.837+02:00,798741321.4710808,0,1.97,101.541,1,0.85,0
2026-04-24T18:35:22.883+02:00,1777048522.815582,53.56898963022433,9.882980424919118,39.25409,-1,-1,-1,-1,30.01978840862869,11.695014,-9999,3579.736940291667,-0.073974609375,0.9913330078125,-0.1668243408203125,3579.731903291667,-0.8904330425786569,-0.9685553093293164,-1.428626131425014,-0.2822359800338745,-0.08215328305959702,0.005531097296625376,0.002514123916625977,-8.612871170043945e-05,-0.01539868116378784,XArbitraryZVertical,-0.6747377112211155,-0.06778800734132133,-0.01270077688726739,0.7348283140386644,-0.07494758069515228,0.9856818914413452,-0.1510441303253174,0,0,0,-1,-1,3542.123566166667,unknown,2,2026-04-24T18:34:45.265+02:00,2026-04-24T18:20:19.173+02:00,16,0.7102333,0,0,12.45568,0,0,2026-04-24T18:28:28.837+02:00,798741321.4710808,0,1.97,101.541,1,0.85,0
2026-04-24T18:35:22.893+02:00,1777048522.815582,53.56898963022433,9.882980424919118,39.25409,-1,-1,-1,-1,30.01978840862869,11.695014,-9999,3579.747015291667,-0.073944091796875,0.9880218505859375,-0.1595001220703125,3579.741977291667,-0.9054551523911554,-0.9842387092884881,-1.430116177030809,-0.2318729311227798,-0.07559711486101151,0.006062930449843407,0.0006493702530860901,0.006953597068786621,-0.01952254772186279,XArbitraryZVertical,-0.6756951142055921,-0.06805303276452856,-0.01249679171817523,0.7339269777636599,-0.07502070069313049,0.9860731363296509,-0.1484309285879135,0,0,0,-1,-1,3542.123566166667,unknown,2,2026-04-24T18:34:45.265+02:00,2026-04-24T18:20:19.173+02:00,16,0.7102333,0,0,12.45568,0,0,2026-04-24T18:28:28.837+02:00,798741321.4710808,0,1.97,101.541,1,0.85,0
2026-04-24T18:35:22.903+02:00,1777048522.815582,53.56898963022433,9.882980424919118,39.25409,-1,-1,-1,-1,30.01978840862869,11.695014,-9999,3579.757089291667,-0.078460693359375,0.987823486328125,-0.1555328369140625,3579.752052291667,-0.9161885600585351,-0.9956118058593276,-1.431260280746467,-0.1422258168458939,-0.07149557769298553,0.0177542082965374,0.001603253185749054,0.002134263515472412,-0.01693235337734222,XArbitraryZVertical,-0.6763943310139255,-0.0682691859131163,-0.01225982037012514,0.7332664701975093,-0.07499801367521286,0.9863606095314026,-0.1465197652578354,0,0,0,-1,-1,3542.123566166667,unknown,2,2026-04-24T18:34:45.265+02:00,2026-04-24T18:20:19.173+02:00,16,0.7102333,0,0,12.45568,0,0,2026-04-24T18:28:28.837+02:00,798741321.4710808,0,1.97,101.541,1,0.85,0
2026-04-24T18:35:22.913+02:00,1777048522.815582,53.56898963022433,9.882980424919118,39.25409,-1,-1,-1,-1,30.01978840862869,11.695014,-9999,3579.767164291667,-0.0756072998046875,0.9954681396484375,-0.15594482421875,3579.762127291667,-0.9213069198364385,-1.001422976063896,-1.431970936659255,-0.06130779907107353,-0.07647781819105148,0.02429066970944405,-0.001061156392097473,0.002203881740570068,-0.01102852821350098,XArbitraryZVertical,-0.6767657870495349,-0.06846353610615245,-0.01196448790603338,0.7329104862213147,-0.07489708065986633,0.9865198731422424,-0.1454961001873016,0,0,0,-1,-1,3542.123566166667,unknown,2,2026-04-24T18:34:45.265+02:00,2026-04-24T18:20:19.173+02:00,16,0.7102333,0,0,12.45568,0,0,2026-04-24T18:28:28.837+02:00,798741321.4710808,0,1.97,101.541,1,0.85,0
2026-04-24T18:35:22.924+02:00,1777048522.815582,53.56898963022433,9.882980424919118,39.25409,-1,-1,-1,-1,30.01978840862869,11.695014,-9999,3579.777239291667,-0.07501220703125,1.005569458007812,-0.1540069580078125,3579.772201291667,-0.9224688646989363,-1.003348316572213,-1.432349501644979,-0.01368451397866011,-0.07539151608943939,0.02042402699589729,-0.003558486700057983,0.003007054328918457,-0.01045973598957062,XArbitraryZVertical,-0.6769025884823229,-0.06866662224561516,-0.01162875777217213,0.7327705407845696,-0.07478012889623642,0.9865865707397461,-0.1451035737991333,0,0,0,-1,-1,3542.123566166667,unknown,2,2026-04-24T18:34:45.265+02:00,2026-04-24T18:20:19.173+02:00,16,0.7102333,0,0,12.45568,0,0,2026-04-24T18:28:28.837+02:00,798741321.4710808,0,1.97,101.541,1,0.85,0
2026-04-24T18:35:22.934+02:00,1777048522.815582,53.56898963022433,9.882980424919118,39.25409,-1,-1,-1,-1,30.01978840862869,11.695014,-9999,3579.787313291667,-0.078460693359375,0.9969024658203125,-0.1490936279296875,3579.782276291667,-0.9227434349280813,-1.004315204783649,-1.432629520392474,-0.02593638561666012,-0.06323765218257904,0.01820428296923637,0.0001897141337394714,0.01564449071884155,-0.01101201772689819,XArbitraryZVertical,-0.6769808080264934,-0.06884709210599481,-0.01132070020722118,0.7326861593214971,-0.07466784864664078,0.9866291284561157,-0.1448717266321182,0,0,0,-1,-1,3542.123566166667,unknown,2,2026-04-24T18:34:45.265+02:00,2026-04-24T18:20:19.173+02:00,16,0.7102333,0,0,12.45568,0,0,2026-04-24T18:28:28.837+02:00,798741321.4710808,0,1.97,101.541,1,0.85,0
2026-04-24T18:35:22.944+02:00,1777048522.815582,53.56898963022433,9.882980424919118,39.25409,-1,-1,-1,-1,30.01978840862869,11.695014,-9999,3579.797388291667,-0.078216552734375,0.9876251220703125,-0.1402435302734375,3579.792350291667,-0.9250995546635301,-1.007256670328118,-1.43304330757317,-0.08366972208023071,-0.05632248520851135,0.01201889105141163,-0.002429157495498657,0.01603281497955322,-0.008189156651496887,XArbitraryZVertical,-0.6771717087884375,-0.06900730469654419,-0.01106751006595973,0.732498502291139,-0.07458194345235825,0.9867138862609863,-0.1443376690149307,0,0,0,-1,-1,3542.123566166667,unknown,2,2026-04-24T18:34:45.265+02:00,2026-04-24T18:20:19.173+02:00,16,0.7102333,0,0,12.45568,0,0,2026-04-24T18:28:28.837+02:00,798741321.4710808,0,1.97,101.541,1,0.85,0
2026-04-24T18:35:22.954+02:00,1777048522.815582,53.56898963022433,9.882980424919118,39.25409,-1,-1,-1,-1,30.01978840862869,11.695014,-9999,3579.807462291667,-0.0788726806640625,0.98419189453125,-0.1289825439453125,3579.802425291667,-0.9308987382946874,-1.01346924675808,-1.433670633487679,-0.1094203591346741,-0.03934137150645256,0.01161888428032398,-0.004788316786289215,0.004207015037536621,-0.002380982041358948,XArbitraryZVertical,-0.6775464460768166,-0.06913638946135704,-0.0109039826943265,0.7321422204345756,-0.07454212754964828,0.9868667721748352,-0.1433099061250687,0,0,0,-1,-1,3542.123566166667,unknown,2,2026-04-24T18:34:45.265+02:00,2026-04-24T18:20:19.173+02:00,16,0.7102333,0,0,12.45568,0,0,2026-04-24T18:28:28.837+02:00,798741321.4710808,0,1.97,101.541,1,0.85,0
2026-04-24T18:35:22.964+02:00,1777048522.815582,53.56898963022433,9.882980424919118,39.25409,-1,-1,-1,-1,30.01978840862869,11.695014,-9999,3579.817537291667,-0.0794830322265625,0.985076904296875,-0.1274261474609375,3579.812500291667,-0.9373003063574761,-1.020184400979798,-1.434346004231875,-0.1067788228392601,-0.03325445204973221,0.0101144639775157,-0.003964021801948547,-0.0009174942970275879,0.007860124111175537,XArbitraryZVertical,-0.6779542743299509,-0.06922794488436097,-0.01077314177425292,0.731757828114878,-0.07448140531778336,0.9870320558547974,-0.1421984881162643,0,0,0,-1,-1,3542.123566166667,unknown,2,2026-04-24T18:34:45.265+02:00,2026-04-24T18:20:19.173+02:00,16,0.7102333,0,0,12.45568,0,0,2026-04-24T18:28:28.837+02:00,798741321.4710808,0,1.97,101.541,1,0.85,0
2026-04-24T18:35:22.974+02:00,1777048522.815582,53.56898963022433,9.882980424919118,39.25409,-1,-1,-1,-1,30.01978840862869,11.695014,-9999,3579.827612291667,-0.07989501953125,0.9932708740234375,-0.1327056884765625,3579.822574291667,-0.9415227456038762,-1.024652997741574,-1.434849066844851,-0.04210902005434036,-0.02421994134783745,0.01473611406981945,-0.005288191139698029,-0.0041617751121521,0.01513856649398804,XArbitraryZVertical,-0.6782352074965157,-0.0692840751711086,-0.01065476393408746,0.7314938789723334,-0.07439319044351578,0.9871483445167542,-0.1414355039596558,0,0,0,-1,-1,3542.123566166667,unknown,2,2026-04-24T18:34:45.265+02:00,2026-04-24T18:20:19.173+02:00,16,0.7102333,0,0,12.45568,0,0,2026-04-24T18:28:28.837+02:00,798741321.4710808,0,1.97,101.541,1,0.85,0
2026-04-24T18:35:22.984+02:00,1777048522.815582,53.56898963022433,9.882980424919118,39.25409,-1,-1,-1,-1,30.01978840862869,11.695014,-9999,3579.837686291667,-0.0806732177734375,0.99090576171875,-0.142791748046875,3579.832649291667,-0.9410059004108133,-1.024386022853663,-1.435022080752627,0.03576596453785896,-0.02148168161511421,0.02291368320584297,-0.005709938704967499,0.003068149089813232,0.0121152400970459,XArbitraryZVertical,-0.6782538591356829,-0.06931112561217702,-0.01050534770750798,0.7314761941875095,-0.0742461085319519,0.9871662855148315,-0.1413876712322235,0,0,0,-1,-1,3542.123566166667,unknown,2,2026-04-24T18:34:45.265+02:00,2026-04-24T18:20:19.173+02:00,16,0.7102333,0,0,12.45568,0,0,2026-04-24T18:28:28.837+02:00,798741321.4710808,0,1.97,101.541,1,0.85,0
2026-04-24T18:35:22.994+02:00,1777048522.815582,53.56898963022433,9.882980424919118,39.25409,-1,-1,-1,-1,30.01978840862869,11.695014,-9999,3579.847761291667,-0.0782928466796875,0.9919891357421875,-0.1511688232421875,3579.842724291667,-0.936094902553593,-1.019735163595084,-1.434883817540012,0.07996033132076263,-0.02127768099308014,0.02065905183553696,-0.007003761827945709,0.005522310733795166,0.004933580756187439,XArbitraryZVertical,-0.6780288728920212,-0.06931555348732391,-0.01032670574936037,0.731686913409804,-0.07405092567205429,0.9870926141738892,-0.1420032978057861,0,0,0,-1,-1,3542.123566166667,unknown,2,2026-04-24T18:34:45.265+02:00,2026-04-24T18:20:19.173+02:00,16,0.7102333,0,0,12.45568,0,0,2026-04-24T18:28:28.837+02:00,798741321.4710808,0,1.97,101.541,1,0.85,0
2026-04-24T18:35:23.004+02:00,1777048522.815582,53.56898963022433,9.882980424919118,39.25409,-1,-1,-1,-1,30.01978840862869,11.695014,-9999,3579.857835291667,-0.073944091796875,0.993438720703125,-0.1538238525390625,3579.852798291667,-0.9299428858700326,-1.013853437723264,-1.434600195883414,0.08487327396869659,-0.02144306525588036,0.01861201226711273,-0.005948290228843689,0.003646194934844971,-0.004412353038787842,XArbitraryZVertical,-0.6777226691951919,-0.06933087810596686,-0.01015207023933268,0.7319714860819776,-0.07388568669557571,0.98698490858078,-0.142834946513176,0,0,0,-1,-1,3542.123566166667,unknown,2,2026-04-24T18:34:45.265+02:00,2026-04-24T18:20:19.173+02:00,16,0.7102333,0,0,12.45568,0,0,2026-04-24T18:28:28.837+02:00,798741321.4710808,0,1.97,101.541,1,0.85,0
2026-04-24T18:35:23.014+02:00,1777048522.815582,53.56898963022433,9.882980424919118,39.25409,-1,-1,-1,-1,30.01978840862869,11.695014,-9999,3579.867910291667,-0.0721435546875,0.9809112548828125,-0.14410400390625,3579.862873291667,-0.9249479783517309,-1.00904824843022,-1.434397234852306,0.04093670845031738,-0.007797827012836933,0.01787538081407547,-0.001963026821613312,0.007239639759063721,-0.01044750213623047,XArbitraryZVertical,-0.6774799232658218,-0.06932307605595157,-0.01001095685172548,0.7321988473742855,-0.07372055947780609,0.9869010448455811,-0.1434984058141708,0,0,0,-1,-1,3542.123566166667,unknown,2,2026-04-24T18:34:45.265+02:00,2026-04-24T18:20:19.173+02:00,16,0.7102333,0,0,12.45568,0,0,2026-04-24T18:28:28.837+02:00,798741321.4710808,0,1.97,101.541,1,0.85,0
2026-04-24T18:35:23.024+02:00,1777048522.815582,53.56898963022433,9.882980424919118,39.25409,-1,-1,-1,-1,30.01978840862869,11.695014,-9999,3579.877985291667,-0.07293701171875,0.973358154296875,-0.1329193115234375,3579.872947291667,-0.9232498790222485,-1.007375715806489,-1.43443069553572,0.001224341569468379,0.005615450441837311,0.0133812315762043,0.000895082950592041,0.001562416553497314,-0.006885528564453125,XArbitraryZVertical,-0.6774202050697183,-0.06927630973392596,-0.009946109915349491,0.7322594297405242,-0.07357268780469894,0.986886739730835,-0.143672913312912,0,0,0,-1,-1,3542.123566166667,unknown,2,2026-04-24T18:34:45.265+02:00,2026-04-24T18:20:19.173+02:00,16,0.7102333,0,0,12.45568,0,0,2026-04-24T18:28:28.837+02:00,798741321.4710808,0,1.97,101.541,1,0.85,0
2026-04-24T18:35:23.034+02:00,1777048522.815582,53.56898963022433,9.882980424919118,39.25409,-1,-1,-1,-1,30.01978840862869,11.695014,-9999,3579.888059291667,-0.072662353515625,0.9772186279296875,-0.134857177734375,3579.883022291667,-0.9227051018460209,-1.006774004886717,-1.43455310601685,0.002016099402680993,0.005203725770115852,0.01446673460304737,0.001508347690105438,-0.01146411895751953,0.006620511412620544,XArbitraryZVertical,-0.6774257817303129,-0.0692052833136597,-0.009914981024816206,0.7322614557248861,-0.07342302054166794,0.9868976473808289,-0.1436749249696732,0,0,0,-1,-1,3542.123566166667,unknown,2,2026-04-24T18:34:45.265+02:00,2026-04-24T18:20:19.173+02:00,16,0.7102333,0,0,12.45568,0,0,2026-04-24T18:28:28.837+02:00,798741321.4710808,0,1.97,101.541,1,0.85,0
2026-04-24T18:35:23.045+02:00,1777048522.815582,53.56898963022433,9.882980424919118,39.25409,-1,-1,-1,-1,30.01978840862869,11.695014,-9999,3579.898134291667,-0.0744476318359375,0.992523193359375,-0.1451873779296875,3579.893097291667,-0.9211414373481795,-1.005189297314076,-1.434607575264475,0.03286716714501381,0.005150196142494678,0.01778856292366982,0.0004743859171867371,-0.01339232921600342,0.01291967928409576,XArbitraryZVertical,-0.6773765511439734,-0.06913843410403413,-0.009862790036584175,0.7323138295165232,-0.07325879484415054,0.9868877530097961,-0.1438247561454773,0,0,0,-1,-1,3542.123566166667,unknown,2,2026-04-24T18:34:45.265+02:00,2026-04-24T18:20:19.173+02:00,16,0.7102333,0,0,12.45568,0,0,2026-04-24T18:28:28.837+02:00,798741321.4710808,0,1.97,101.541,1,0.85,0
2026-04-24T18:35:23.054+02:00,1777048522.815582,53.56898963022433,9.882980424919118,39.25409,-1,-1,-1,-1,30.01978840862869,11.695014,-9999,3579.908208291667,-0.0776519775390625,0.9928741455078125,-0.151580810546875,3579.903171291667,-0.9165200317116539,-1.000544182800554,-1.434414577979976,0.08977971971035004,0.008306308649480343,0.01812039315700531,0.0004148930311203003,-0.003258228302001953,0.005035400390625,XArbitraryZVertical,-0.6771502046243626,-0.06905815021608548,-0.009799639323883565,0.7325316440030383,-0.0730772390961647,0.9868093132972717,-0.1444549262523651,0,0,0,-1,-1,3542.123566166667,unknown,2,2026-04-24T18:34:45.265+02:00,2026-04-24T18:20:19.173+02:00,16,0.7102333,0,0,12.45568,0,0,2026-04-24T18:28:28.837+02:00,798741321.4710808,0,1.97,101.541,1,0.85,0
2026-04-24T18:35:23.064+02:00,1777048522.815582,53.56898963022433,9.882980424919118,39.25409,-1,-1,-1,-1,30.01978840862869,11.695014,-9999,3579.918283291667,-0.0743865966796875,0.9849700927734375,-0.1548309326171875,3579.913246291667,-0.9081124650637188,-0.9921425774828341,-1.433895937261629,0.153307244181633,0.007309487089514732,0.01654826104640961,-0.002847805619239807,0.009573161602020264,-0.00375811755657196,XArbitraryZVertical,-0.676701024528286,-0.06897417983093967,-0.009712486794725309,0.7329555842947233,-0.0728815495967865,0.986642599105835,-0.1456864476203918,0,0,0,-1,-1,3542.123566166667,unknown,2,2026-04-24T18:34:45.265+02:00,2026-04-24T18:20:19.173+02:00,16,0.7102333,0,0,12.45568,0,0,2026-04-24T18:28:28.837+02:00,798741321.4710808,0,1.97,101.541,1,0.85,0
2026-04-24T18:35:23.075+02:00,1777048522.815582,53.56898963022433,9.882980424919118,39.25409,-1,-1,-1,-1,30.01978840862869,11.695014,-9999,3579.928358291667,-0.07318115234375,0.993011474609375,-0.1527099609375,3579.923320291667,-0.8961305738075295,-0.9801918015697543,-1.433021621340658,0.2137998789548874,0.0117681510746479,0.02013234421610832,-0.00393269956111908,0.0007833242416381836,-0.006289839744567871,XArbitraryZVertical,-0.6760279181208952,-0.06889396098926315,-0.009612171524702114,0.7335854654074878,-0.07269693166017532,0.9863840937614441,-0.1475187242031097,0,0,0,-1,-1,3542.123566166667,unknown,2,2026-04-24T18:34:45.265+02:00,2026-04-24T18:20:19.173+02:00,16,0.7102333,0,0,12.45568,0,0,2026-04-24T18:28:28.837+02:00,798741321.4710808,0,1.97,101.541,1,0.85,0
2026-04-24T18:35:23.085+02:00,1777048522.815582,53.56898963022433,9.882980424919118,39.25409,-1,-1,-1,-1,30.01978840862869,11.695014,-9999,3579.938432291667,-0.073944091796875,0.9949188232421875,-0.1515350341796875,3579.933395291667,-0.8808717360360999,-0.9649534734990725,-1.431848093944092,0.2583222389221191,0.01745693013072014,0.02152837254106998,0.0003828331828117371,0.00258934497833252,-0.003471732139587402,XArbitraryZVertical,-0.6751541017646386,-0.06878650342531664,-0.009492651201361684,0.7344013354365254,-0.07246534526348114,0.9860429167747498,-0.1498943418264389,0,0,0,-1,-1,3542.123566166667,unknown,2,2026-04-24T18:34:45.265+02:00,2026-04-24T18:20:19.173+02:00,16,0.7102333,0,0,12.45568,0,0,2026-04-24T18:28:28.837+02:00,798741321.4710808,0,1.97,101.541,1,0.85,0
2026-04-24T18:35:23.095+02:00,1777048522.815582,53.56898963022433,9.882980424919118,39.25409,-1,-1,-1,-1,30.01978840862869,11.695014,-9999,3579.948507291667,-0.074127197265625,0.9973602294921875,-0.1505126953125,3579.943470291667,-0.8633999387770234,-0.947436583668686,-1.430416851319488,0.2979594171047211,0.02622352354228497,0.02434226870536804,-0.002153456211090088,0.008811533451080322,0.0002164989709854126,XArbitraryZVertical,-0.6741277856688502,-0.06864194562262249,-0.0093828281289659,0.7353584171734724,-0.07220260798931122,0.9856342673301697,-0.1526823043823242,0,0,0,-1,-1,3542.123566166667,unknown,2,2026-04-24T18:34:45.265+02:00,2026-04-24T18:20:19.173+02:00,16,0.7102333,0,0,12.45568,0,0,2026-04-24T18:28:28.837+02:00,798741321.4710808,0,1.97,101.541,1,0.85,0
2026-04-24T18:35:23.105+02:00,1777048522.815582,53.56898963022433,9.882980424919118,39.25409,-1,-1,-1,-1,30.01978840862869,11.695014,-9999,3579.958582291667,-0.0716094970703125,0.9956207275390625,-0.1510772705078125,3579.953544291667,-0.8438294052234357,-0.9277922319069568,-1.428682970909346,0.3472702503204346,0.0291210412979126,0.01969139091670513,-0.002682901918888092,0.01042503118515015,0.004427537322044373,XArbitraryZVertical,-0.6729396281317186,-0.06848009376906279,-0.009276655949520466,0.7364623600583882,-0.07193256914615631,0.9851500391960144,-0.1559015214443207,0,0,0,-1,-1,3542.123566166667,unknown,2,2026-04-24T18:34:45.265+02:00,2026-04-24T18:20:19.173+02:00,16,0.7102333,0,0,12.45568,0,0,2026-04-24T18:28:28.837+02:00,798741321.4710808,0,1.97,101.541,1,0.85,0
2026-04-24T18:35:23.115+02:00,1777048522.815582,53.56898963022433,9.882980424919118,39.25409,-1,-1,-1,-1,30.01978840862869,11.695014,-9999,3579.968656291667,-0.0704193115234375,0.9968109130859375,-0.153717041015625,3579.963619291667,-0.8212967291519534,-0.9051702701750701,-1.4264903992102,0.4290234446525574,0.03543592989444733,0.0229556281119585,-0.001925617456436157,0.01189237833023071,0.009620189666748047,XArbitraryZVertical,-0.6715134585329906,-0.06830688195296598,-0.009171000821847974,0.7377803289595923,-0.07166750729084015,0.9845523834228516,-0.1597514003515244,0,0,0,-1,-1,3542.123566166667,unknown,2,2026-04-24T18:34:45.265+02:00,2026-04-24T18:20:19.173+02:00,16,0.7102333,0,0,12.45568,0,0,2026-04-24T18:28:28.837+02:00,798741321.4710808,0,1.97,101.541,1,0.85,0
2026-04-24T18:35:23.125+02:00,1777048522.815582,53.56898963022433,9.882980424919118,39.25409,-1,-1,-1,-1,30.01978840862869,11.695014,-9999,3579.978731291667,-0.071044921875,1.005950927734375,-0.1622467041015625,3579.973693291667,-0.7933549025713442,-0.8771513094917399,-1.423519036630909,0.5777029395103455,0.03565883636474609,0.02505326643586159,0.00105845183134079,0.01140868663787842,0.01303595304489136,XArbitraryZVertical,-0.6696641213460971,-0.06811140882113138,-0.009036319389290632,0.7394790989045931,-0.07137094438076019,0.9837543964385986,-0.1647235304117203,0,0,0,-1,-1,3542.123566166667,unknown,2,2026-04-24T18:34:45.265+02:00,2026-04-24T18:20:19.173+02:00,16,0.7102333,0,0,12.45568,0,0,2026-04-24T18:28:28.837+02:00,798741321.4710808,0,1.97,101.541,1,0.85,0
2026-04-24T18:35:23.135+02:00,1777048522.815582,53.56898963022433,9.882980424919118,39.25409,-1,-1,-1,-1,30.01978840862869,11.695014,-9999,3579.988805291667,-0.0703887939453125,1.01165771484375,-0.1732940673828125,3579.983768291667,-0.756842177001412,-0.8406171285583324,-1.419222757287488,0.8069230914115906,0.04468322545289993,0.03521429002285004,0.000554993748664856,0.01807481050491333,0.01352335512638092,XArbitraryZVertical,-0.667109403164957,-0.06788380535291574,-0.008833298451608683,0.7418078456968739,-0.07100480794906616,0.9826118946075439,-0.1715585738420486,0,0,0,-1,-1,3542.123566166667,unknown,2,2026-04-24T18:34:45.265+02:00,2026-04-24T18:20:19.173+02:00,16,0.7102333,0,0,12.45568,0,0,2026-04-24T18:28:28.837+02:00,798741321.4710808,0,1.97,101.541,1,0.85,0
2026-04-24T18:35:23.145+02:00,1777048522.815582,53.56898963022433,9.882980424919118,39.25409,-1,-1,-1,-1,30.01978840862869,11.695014,-9999,3579.998880291667,-0.0709381103515625,1.018753051757812,-0.187591552734375,3579.993843291667,-0.7088096541746727,-0.7926510602014968,-1.412789747003245,1.156431555747986,0.05863232910633087,0.04040519148111343,0.0008988454937934875,0.02792465686798096,0.01405607163906097,XArbitraryZVertical,-0.6634771557368997,-0.06761055672151522,-0.008527985099524397,0.7450867485833796,-0.07053995877504349,0.9809103012084961,-0.1812160760164261,0,0,0,-1,-1,3542.123566166667,unknown,2,2026-04-24T18:34:45.265+02:00,2026-04-24T18:20:19.173+02:00,16,0.7102333,0,0,12.45568,0,0,2026-04-24T18:28:28.837+02:00,798741321.4710808,0,1.97,101.541,1,0.85,0
2026-04-24T18:35:23.155+02:00,1777048522.815582,53.56898963022433,9.882980424919118,39.25409,-1,-1,-1,-1,30.01978840862869,11.695014,-9999,3580.008955291667,-0.072540283203125,1.025711059570312,-0.2008209228515625,3580.003917291667,-0.648713534434694,-0.7327237180023225,-1.403232401380275,1.5247962474823,0.06266568601131439,0.04395731538534164,-0.001008503139019012,0.03610152006149292,0.01407492160797119,XArbitraryZVertical,-0.6583946139852271,-0.06728817947188752,-0.008109798584006671,0.7496153135718018,-0.06999063491821289,0.9783790707588196,-0.1946169137954712,0,0,0,-1,-1,3542.123566166667,unknown,2,2026-04-24T18:34:45.265+02:00,2026-04-24T18:20:19.173+02:00,16,0.7102333,0,0,12.45568,0,0,2026-04-24T18:28:28.837+02:00,798741321.4710808,0,1.97,101.541,1,0.85,0
2026-04-24T18:35:22.863+02:00,1777048522.815582,53.56898963022433,9.882980424919118,39.25409,-1,-1,-1,-1,30.01978840862869,11.695014,-9999,3579.716791291667,-0.0720672607421875,0.9834747314453125,-0.1672821044921875,3579.711754291667,-0.8525672716939101,-0.929412079818737,-1.424606275464173,-0.3762336373329163,-0.08315835893154144,0.004128210712224245,-0.001172930002212524,0.006153583526611328,-0.01320426166057587,XArbitraryZVertical,-0.6722350219222682,-0.06724967035040823,-0.01307061699180878,0.7371612671700855,-0.07478530704975128,0.9846301078796387,-0.1578314751386642,0,0,0,-1,-1,3542.123566166667,unknown,2,2026-04-24T18:34:45.265+02:00,2026-04-24T18:20:19.173+02:00,16,0.7102333,0,0,12.45568,0,0,2026-04-24T18:28:28.837+02:00,798741321.4710808,0,1.97,101.541,1,0.85,0
2026-04-24T18:35:22.873+02:00,1777048522.815582,53.56898963022433,9.882980424919118,39.25409,-1,-1,-1,-1,30.01978840862869,11.695014,-9999,3579.726865291667,-0.0727691650390625,0.9902801513671875,-0.1665802001953125,3579.721828291667,-0.8726647034066761,-0.9501425871924606,-1.426782610893207,-0.3400301039218903,-0.08231866359710693,0.001616583555005491,0.001938179135322571,0.0002435445785522461,-0.01479798555374146,XArbitraryZVertical,-0.6735787539721575,-0.06752271975117374,-0.01289323289673874,0.7359118006750115,-0.07487518340349197,0.9851996302604675,-0.1541930437088013,0,0,0,-1,-1,3542.123566166667,unknown,2,2026-04-24T18:34:45.265+02:00,2026-04-24T18:20:19.173+02:00,16,0.7102333,0,0,12.45568,0,0,2026-04-24T18:28:28.837+02:00,798741321.4710808,0,1.97,101.541,1,0.85,0
2026-04-24T18:35:22.883+02:00,1777048522.815582,53.56898963022433,9.882980424919118,39.25409,-1,-1,-1,-1,30.01978840862869,11.695014,-9999,3579.736940291667,-0.073974609375,0.9913330078125,-0.1668243408203125,3579.731903291667,-0.8904330425786569,-0.9685553093293164,-1.428626131425014,-0.2822359800338745,-0.08215328305959702,0.005531097296625376,0.002514123916625977,-8.612871170043945e-05,-0.01539868116378784,XArbitraryZVertical,-0.6747377112211155,-0.06778800734132133,-0.01270077688726739,0.7348283140386644,-0.07494758069515228,0.9856818914413452,-0.1510441303253174,0,0,0,-1,-1,3542.123566166667,unknown,2,2026-04-24T18:34:45.265+02:00,2026-04-24T18:20:19.173+02:00,16,0.7102333,0,0,12.45568,0,0,2026-04-24T18:28:28.837+02:00,798741321.4710808,0,1.97,101.541,1,0.85,0
2026-04-24T18:35:22.893+02:00,1777048522.815582,53.56898963022433,9.882980424919118,39.25409,-1,-1,-1,-1,30.01978840862869,11.695014,-9999,3579.747015291667,-0.073944091796875,0.9880218505859375,-0.1595001220703125,3579.741977291667,-0.9054551523911554,-0.9842387092884881,-1.430116177030809,-0.2318729311227798,-0.07559711486101151,0.006062930449843407,0.0006493702530860901,0.006953597068786621,-0.01952254772186279,XArbitraryZVertical,-0.6756951142055921,-0.06805303276452856,-0.01249679171817523,0.7339269777636599,-0.07502070069313049,0.9860731363296509,-0.1484309285879135,0,0,0,-1,-1,3542.123566166667,unknown,2,2026-04-24T18:34:45.265+02:00,2026-04-24T18:20:19.173+02:00,16,0.7102333,0,0,12.45568,0,0,2026-04-24T18:28:28.837+02:00,798741321.4710808,0,1.97,101.541,1,0.85,0
2026-04-24T18:35:22.903+02:00,1777048522.815582,53.56898963022433,9.882980424919118,39.25409,-1,-1,-1,-1,30.01978840862869,11.695014,-9999,3579.757089291667,-0.078460693359375,0.987823486328125,-0.1555328369140625,3579.752052291667,-0.9161885600585351,-0.9956118058593276,-1.431260280746467,-0.1422258168458939,-0.07149557769298553,0.0177542082965374,0.001603253185749054,0.002134263515472412,-0.01693235337734222,XArbitraryZVertical,-0.6763943310139255,-0.0682691859131163,-0.01225982037012514,0.7332664701975093,-0.07499801367521286,0.9863606095314026,-0.1465197652578354,0,0,0,-1,-1,3542.123566166667,unknown,2,2026-04-24T18:34:45.265+02:00,2026-04-24T18:20:19.173+02:00,16,0.7102333,0,0,12.45568,0,0,2026-04-24T18:28:28.837+02:00,798741321.4710808,0,1.97,101.541,1,0.85,0
2026-04-24T18:35:22.913+02:00,1777048522.815582,53.56898963022433,9.882980424919118,39.25409,-1,-1,-1,-1,30.01978840862869,11.695014,-9999,3579.767164291667,-0.0756072998046875,0.9954681396484375,-0.15594482421875,3579.762127291667,-0.9213069198364385,-1.001422976063896,-1.431970936659255,-0.06130779907107353,-0.07647781819105148,0.02429066970944405,-0.001061156392097473,0.002203881740570068,-0.01102852821350098,XArbitraryZVertical,-0.6767657870495349,-0.06846353610615245,-0.01196448790603338,0.7329104862213147,-0.07489708065986633,0.9865198731422424,-0.1454961001873016,0,0,0,-1,-1,3542.123566166667,unknown,2,2026-04-24T18:34:45.265+02:00,2026-04-24T18:20:19.173+02:00,16,0.7102333,0,0,12.45568,0,0,2026-04-24T18:28:28.837+02:00,798741321.4710808,0,1.97,101.541,1,0.85,0
2026-04-24T18:35:22.924+02:00,1777048522.815582,53.56898963022433,9.882980424919118,39.25409,-1,-1,-1,-1,30.01978840862869,11.695014,-9999,3579.777239291667,-0.07501220703125,1.005569458007812,-0.1540069580078125,3579.772201291667,-0.9224688646989363,-1.003348316572213,-1.432349501644979,-0.01368451397866011,-0.07539151608943939,0.02042402699589729,-0.003558486700057983,0.003007054328918457,-0.01045973598957062,XArbitraryZVertical,-0.6769025884823229,-0.06866662224561516,-0.01162875777217213,0.7327705407845696,-0.07478012889623642,0.9865865707397461,-0.1451035737991333,0,0,0,-1,-1,3542.123566166667,unknown,2,2026-04-24T18:34:45.265+02:00,2026-04-24T18:20:19.173+02:00,16,0.7102333,0,0,12.45568,0,0,2026-04-24T18:28:28.837+02:00,798741321.4710808,0,1.97,101.541,1,0.85,0
2026-04-24T18:35:22.934+02:00,1777048522.815582,53.56898963022433,9.882980424919118,39.25409,-1,-1,-1,-1,30.01978840862869,11.695014,-9999,3579.787313291667,-0.078460693359375,0.9969024658203125,-0.1490936279296875,3579.782276291667,-0.9227434349280813,-1.004315204783649,-1.432629520392474,-0.02593638561666012,-0.06323765218257904,0.01820428296923637,0.0001897141337394714,0.01564449071884155,-0.01101201772689819,XArbitraryZVertical,-0.6769808080264934,-0.06884709210599481,-0.01132070020722118,0.7326861593214971,-0.07466784864664078,0.9866291284561157,-0.1448717266321182,0,0,0,-1,-1,3542.123566166667,unknown,2,2026-04-24T18:34:45.265+02:00,2026-04-24T18:20:19.173+02:00,16,0.7102333,0,0,12.45568,0,0,2026-04-24T18:28:28.837+02:00,798741321.4710808,0,1.97,101.541,1,0.85,0
2026-04-24T18:35:22.944+02:00,1777048522.815582,53.56898963022433,9.882980424919118,39.25409,-1,-1,-1,-1,30.01978840862869,11.695014,-9999,3579.797388291667,-0.078216552734375,0.9876251220703125,-0.1402435302734375,3579.792350291667,-0.9250995546635301,-1.007256670328118,-1.43304330757317,-0.08366972208023071,-0.05632248520851135,0.01201889105141163,-0.002429157495498657,0.01603281497955322,-0.008189156651496887,XArbitraryZVertical,-0.6771717087884375,-0.06900730469654419,-0.01106751006595973,0.732498502291139,-0.07458194345235825,0.9867138862609863,-0.1443376690149307,0,0,0,-1,-1,3542.123566166667,unknown,2,2026-04-24T18:34:45.265+02:00,2026-04-24T18:20:19.173+02:00,16,0.7102333,0,0,12.45568,0,0,2026-04-24T18:28:28.837+02:00,798741321.4710808,0,1.97,101.541,1,0.85,0
2026-04-24T18:35:22.954+02:00,1777048522.815582,53.56898963022433,9.882980424919118,39.25409,-1,-1,-1,-1,30.01978840862869,11.695014,-9999,3579.807462291667,-0.0788726806640625,0.98419189453125,-0.1289825439453125,3579.802425291667,-0.9308987382946874,-1.01346924675808,-1.433670633487679,-0.1094203591346741,-0.03934137150645256,0.01161888428032398,-0.004788316786289215,0.004207015037536621,-0.002380982041358948,XArbitraryZVertical,-0.6775464460768166,-0.06913638946135704,-0.0109039826943265,0.7321422204345756,-0.07454212754964828,0.9868667721748352,-0.1433099061250687,0,0,0,-1,-1,3542.123566166667,unknown,2,2026-04-24T18:34:45.265+02:00,2026-04-24T18:20:19.173+02:00,16,0.7102333,0,0,12.45568,0,0,2026-04-24T18:28:28.837+02:00,798741321.4710808,0,1.97,101.541,1,0.85,0
2026-04-24T18:35:22.964+02:00,1777048522.815582,53.56898963022433,9.882980424919118,39.25409,-1,-1,-1,-1,30.01978840862869,11.695014,-9999,3579.817537291667,-0.0794830322265625,0.985076904296875,-0.1274261474609375,3579.812500291667,-0.9373003063574761,-1.020184400979798,-1.434346004231875,-0.1067788228392601,-0.03325445204973221,0.0101144639775157,-0.003964021801948547,-0.0009174942970275879,0.007860124111175537,XArbitraryZVertical,-0.6779542743299509,-0.06922794488436097,-0.01077314177425292,0.731757828114878,-0.07448140531778336,0.9870320558547974,-0.1421984881162643,0,0,0,-1,-1,3542.123566166667,unknown,2,2026-04-24T18:34:45.265+02:00,2026-04-24T18:20:19.173+02:00,16,0.7102333,0,0,12.45568,0,0,2026-04-24T18:28:28.837+02:00,798741321.4710808,0,1.97,101.541,1,0.85,0
2026-04-24T18:35:22.974+02:00,1777048522.815582,53.56898963022433,9.882980424919118,39.25409,-1,-1,-1,-1,30.01978840862869,11.695014,-9999,3579.827612291667,-0.07989501953125,0.9932708740234375,-0.1327056884765625,3579.822574291667,-0.9415227456038762,-1.024652997741574,-1.434849066844851,-0.04210902005434036,-0.02421994134783745,0.01473611406981945,-0.005288191139698029,-0.0041617751121521,0.01513856649398804,XArbitraryZVertical,-0.6782352074965157,-0.0692840751711086,-0.01065476393408746,0.7314938789723334,-0.07439319044351578,0.9871483445167542,-0.1414355039596558,0,0,0,-1,-1,3542.123566166667,unknown,2,2026-04-24T18:34:45.265+02:00,2026-04-24T18:20:19.173+02:00,16,0.7102333,0,0,12.45568,0,0,2026-04-24T18:28:28.837+02:00,798741321.4710808,0,1.97,101.541,1,0.85,0
2026-04-24T18:35:22.984+02:00,1777048522.815582,53.56898963022433,9.882980424919118,39.25409,-1,-1,-1,-1,30.01978840862869,11.695014,-9999,3579.837686291667,-0.0806732177734375,0.99090576171875,-0.142791748046875,3579.832649291667,-0.9410059004108133,-1.024386022853663,-1.435022080752627,0.03576596453785896,-0.02148168161511421,0.02291368320584297,-0.005709938704967499,0.003068149089813232,0.0121152400970459,XArbitraryZVertical,-0.6782538591356829,-0.06931112561217702,-0.01050534770750798,0.7314761941875095,-0.0742461085319519,0.9871662855148315,-0.1413876712322235,0,0,0,-1,-1,3542.123566166667,unknown,2,2026-04-24T18:34:45.265+02:00,2026-04-24T18:20:19.173+02:00,16,0.7102333,0,0,12.45568,0,0,2026-04-24T18:28:28.837+02:00,798741321.4710808,0,1.97,101.541,1,0.85,0
2026-04-24T18:35:22.994+02:00,1777048522.815582,53.56898963022433,9.882980424919118,39.25409,-1,-1,-1,-1,30.01978840862869,11.695014,-9999,3579.847761291667,-0.0782928466796875,0.9919891357421875,-0.1511688232421875,3579.842724291667,-0.936094902553593,-1.019735163595084,-1.434883817540012,0.07996033132076263,-0.02127768099308014,0.02065905183553696,-0.007003761827945709,0.005522310733795166,0.004933580756187439,XArbitraryZVertical,-0.6780288728920212,-0.06931555348732391,-0.01032670574936037,0.731686913409804,-0.07405092567205429,0.9870926141738892,-0.1420032978057861,0,0,0,-1,-1,3542.123566166667,unknown,2,2026-04-24T18:34:45.265+02:00,2026-04-24T18:20:19.173+02:00,16,0.7102333,0,0,12.45568,0,0,2026-04-24T18:28:28.837+02:00,798741321.4710808,0,1.97,101.541,1,0.85,0
2026-04-24T18:35:23.004+02:00,1777048522.815582,53.56898963022433,9.882980424919118,39.25409,-1,-1,-1,-1,30.01978840862869,11.695014,-9999,3579.857835291667,-0.073944091796875,0.993438720703125,-0.1538238525390625,3579.852798291667,-0.9299428858700326,-1.013853437723264,-1.434600195883414,0.08487327396869659,-0.02144306525588036,0.01861201226711273,-0.005948290228843689,0.003646194934844971,-0.004412353038787842,XArbitraryZVertical,-0.6777226691951919,-0.06933087810596686,-0.01015207023933268,0.7319714860819776,-0.07388568669557571,0.98698490858078,-0.142834946513176,0,0,0,-1,-1,3542.123566166667,unknown,2,2026-04-24T18:34:45.265+02:00,2026-04-24T18:20:19.173+02:00,16,0.7102333,0,0,12.45568,0,0,2026-04-24T18:28:28.837+02:00,798741321.4710808,0,1.97,101.541,1,0.85,0
2026-04-24T18:35:23.014+02:00,1777048522.815582,53.56898963022433,9.882980424919118,39.25409,-1,-1,-1,-1,30.01978840862869,11.695014,-9999,3579.867910291667,-0.0721435546875,0.9809112548828125,-0.14410400390625,3579.862873291667,-0.9249479783517309,-1.00904824843022,-1.434397234852306,0.04093670845031738,-0.007797827012836933,0.01787538081407547,-0.001963026821613312,0.007239639759063721,-0.01044750213623047,XArbitraryZVertical,-0.6774799232658218,-0.06932307605595157,-0.01001095685172548,0.7321988473742855,-0.07372055947780609,0.9869010448455811,-0.1434984058141708,0,0,0,-1,-1,3542.123566166667,unknown,2,2026-04-24T18:34:45.265+02:00,2026-04-24T18:20:19.173+02:00,16,0.7102333,0,0,12.45568,0,0,2026-04-24T18:28:28.837+02:00,798741321.4710808,0,1.97,101.541,1,0.85,0
2026-04-24T18:35:23.024+02:00,1777048522.815582,53.56898963022433,9.882980424919118,39.25409,-1,-1,-1,-1,30.01978840862869,11.695014,-9999,3579.877985291667,-0.07293701171875,0.973358154296875,-0.1329193115234375,3579.872947291667,-0.9232498790222485,-1.007375715806489,-1.43443069553572,0.001224341569468379,0.005615450441837311,0.0133812315762043,0.000895082950592041,0.001562416553497314,-0.006885528564453125,XArbitraryZVertical,-0.6774202050697183,-0.06927630973392596,-0.009946109915349491,0.7322594297405242,-0.07357268780469894,0.986886739730835,-0.143672913312912,0,0,0,-1,-1,3542.123566166667,unknown,2,2026-04-24T18:34:45.265+02:00,2026-04-24T18:20:19.173+02:00,16,0.7102333,0,0,12.45568,0,0,2026-04-24T18:28:28.837+02:00,798741321.4710808,0,1.97,101.541,1,0.85,0
2026-04-24T18:35:23.034+02:00,1777048522.815582,53.56898963022433,9.882980424919118,39.25409,-1,-1,-1,-1,30.01978840862869,11.695014,-9999,3579.888059291667,-0.072662353515625,0.9772186279296875,-0.134857177734375,3579.883022291667,-0.9227051018460209,-1.006774004886717,-1.43455310601685,0.002016099402680993,0.005203725770115852,0.01446673460304737,0.001508347690105438,-0.01146411895751953,0.006620511412620544,XArbitraryZVertical,-0.6774257817303129,-0.0692052833136597,-0.009914981024816206,0.7322614557248861,-0.07342302054166794,0.9868976473808289,-0.1436749249696732,0,0,0,-1,-1,3542.123566166667,unknown,2,2026-04-24T18:34:45.265+02:00,2026-04-24T18:20:19.173+02:00,16,0.7102333,0,0,12.45568,0,0,2026-04-24T18:28:28.837+02:00,798741321.4710808,0,1.97,101.541,1,0.85,0
2026-04-24T18:35:23.045+02:00,1777048522.815582,53.56898963022433,9.882980424919118,39.25409,-1,-1,-1,-1,30.01978840862869,11.695014,-9999,3579.898134291667,-0.0744476318359375,0.992523193359375,-0.1451873779296875,3579.893097291667,-0.9211414373481795,-1.005189297314076,-1.434607575264475,0.03286716714501381,0.005150196142494678,0.01778856292366982,0.0004743859171867371,-0.01339232921600342,0.01291967928409576,XArbitraryZVertical,-0.6773765511439734,-0.06913843410403413,-0.009862790036584175,0.7323138295165232,-0.07325879484415054,0.9868877530097961,-0.1438247561454773,0,0,0,-1,-1,3542.123566166667,unknown,2,2026-04-24T18:34:45.265+02:00,2026-04-24T18:20:19.173+02:00,16,0.7102333,0,0,12.45568,0,0,2026-04-24T18:28:28.837+02:00,798741321.4710808,0,1.97,101.541,1,0.85,0
2026-04-24T18:35:23.054+02:00,1777048522.815582,53.56898963022433,9.882980424919118,39.25409,-1,-1,-1,-1,30.01978840862869,11.695014,-9999,3579.908208291667,-0.0776519775390625,0.9928741455078125,-0.151580810546875,3579.903171291667,-0.9165200317116539,-1.000544182800554,-1.434414577979976,0.08977971971035004,0.008306308649480343,0.01812039315700531,0.0004148930311203003,-0.003258228302001953,0.005035400390625,XArbitraryZVertical,-0.6771502046243626,-0.06905815021608548,-0.009799639323883565,0.7325316440030383,-0.0730772390961647,0.9868093132972717,-0.1444549262523651,0,0,0,-1,-1,3542.123566166667,unknown,2,2026-04-24T18:34:45.265+02:00,2026-04-24T18:20:19.173+02:00,16,0.7102333,0,0,12.45568,0,0,2026-04-24T18:28:28.837+02:00,798741321.4710808,0,1.97,101.541,1,0.85,0
2026-04-24T18:35:23.064+02:00,1777048522.815582,53.56898963022433,9.882980424919118,39.25409,-1,-1,-1,-1,30.01978840862869,11.695014,-9999,3579.918283291667,-0.0743865966796875,0.9849700927734375,-0.1548309326171875,3579.913246291667,-0.9081124650637188,-0.9921425774828341,-1.433895937261629,0.153307244181633,0.007309487089514732,0.01654826104640961,-0.002847805619239807,0.009573161602020264,-0.00375811755657196,XArbitraryZVertical,-0.676701024528286,-0.06897417983093967,-0.009712486794725309,0.7329555842947233,-0.0728815495967865,0.986642599105835,-0.1456864476203918,0,0,0,-1,-1,3542.123566166667,unknown,2,2026-04-24T18:34:45.265+02:00,2026-04-24T18:20:19.173+02:00,16,0.7102333,0,0,12.45568,0,0,2026-04-24T18:28:28.837+02:00,798741321.4710808,0,1.97,101.541,1,0.85,0
2026-04-24T18:35:23.075+02:00,1777048522.815582,53.56898963022433,9.882980424919118,39.25409,-1,-1,-1,-1,30.01978840862869,11.695014,-9999,3579.928358291667,-0.07318115234375,0.993011474609375,-0.1527099609375,3579.923320291667,-0.8961305738075295,-0.9801918015697543,-1.433021621340658,0.2137998789548874,0.0117681510746479,0.02013234421610832,-0.00393269956111908,0.0007833242416381836,-0.006289839744567871,XArbitraryZVertical,-0.6760279181208952,-0.06889396098926315,-0.009612171524702114,0.7335854654074878,-0.07269693166017532,0.9863840937614441,-0.1475187242031097,0,0,0,-1,-1,3542.123566166667,unknown,2,2026-04-24T18:34:45.265+02:00,2026-04-24T18:20:19.173+02:00,16,0.7102333,0,0,12.45568,0,0,2026-04-24T18:28:28.837+02:00,798741321.4710808,0,1.97,101.541,1,0.85,0
2026-04-24T18:35:23.085+02:00,1777048522.815582,53.56898963022433,9.882980424919118,39.25409,-1,-1,-1,-1,30.01978840862869,11.695014,-9999,3579.938432291667,-0.073944091796875,0.9949188232421875,-0.1515350341796875,3579.933395291667,-0.8808717360360999,-0.9649534734990725,-1.431848093944092,0.2583222389221191,0.01745693013072014,0.02152837254106998,0.0003828331828117371,0.00258934497833252,-0.003471732139587402,XArbitraryZVertical,-0.6751541017646386,-0.06878650342531664,-0.009492651201361684,0.7344013354365254,-0.07246534526348114,0.9860429167747498,-0.1498943418264389,0,0,0,-1,-1,3542.123566166667,unknown,2,2026-04-24T18:34:45.265+02:00,2026-04-24T18:20:19.173+02:00,16,0.7102333,0,0,12.45568,0,0,2026-04-24T18:28:28.837+02:00,798741321.4710808,0,1.97,101.541,1,0.85,0
2026-04-24T18:35:23.095+02:00,1777048522.815582,53.56898963022433,9.882980424919118,39.25409,-1,-1,-1,-1,30.01978840862869,11.695014,-9999,3579.948507291667,-0.074127197265625,0.9973602294921875,-0.1505126953125,3579.943470291667,-0.8633999387770234,-0.947436583668686,-1.430416851319488,0.2979594171047211,0.02622352354228497,0.02434226870536804,-0.002153456211090088,0.008811533451080322,0.0002164989709854126,XArbitraryZVertical,-0.6741277856688502,-0.06864194562262249,-0.0093828281289659,0.7353584171734724,-0.07220260798931122,0.9856342673301697,-0.1526823043823242,0,0,0,-1,-1,3542.123566166667,unknown,2,2026-04-24T18:34:45.265+02:00,2026-04-24T18:20:19.173+02:00,16,0.7102333,0,0,12.45568,0,0,2026-04-24T18:28:28.837+02:00,798741321.4710808,0,1.97,101.541,1,0.85,0
2026-04-24T18:35:23.105+02:00,1777048522.815582,53.56898963022433,9.882980424919118,39.25409,-1,-1,-1,-1,30.01978840862869,11.695014,-9999,3579.958582291667,-0.0716094970703125,0.9956207275390625,-0.1510772705078125,3579.953544291667,-0.8438294052234357,-0.9277922319069568,-1.428682970909346,0.3472702503204346,0.0291210412979126,0.01969139091670513,-0.002682901918888092,0.01042503118515015,0.004427537322044373,XArbitraryZVertical,-0.6729396281317186,-0.06848009376906279,-0.009276655949520466,0.7364623600583882,-0.07193256914615631,0.9851500391960144,-0.1559015214443207,0,0,0,-1,-1,3542.123566166667,unknown,2,2026-04-24T18:34:45.265+02:00,2026-04-24T18:20:19.173+02:00,16,0.7102333,0,0,12.45568,0,0,2026-04-24T18:28:28.837+02:00,798741321.4710808,0,1.97,101.541,1,0.85,0
2026-04-24T18:35:23.115+02:00,1777048522.815582,53.56898963022433,9.882980424919118,39.25409,-1,-1,-1,-1,30.01978840862869,11.695014,-9999,3579.968656291667,-0.0704193115234375,0.9968109130859375,-0.153717041015625,3579.963619291667,-0.8212967291519534,-0.9051702701750701,-1.4264903992102,0.4290234446525574,0.03543592989444733,0.0229556281119585,-0.001925617456436157,0.01189237833023071,0.009620189666748047,XArbitraryZVertical,-0.6715134585329906,-0.06830688195296598,-0.009171000821847974,0.7377803289595923,-0.07166750729084015,0.9845523834228516,-0.1597514003515244,0,0,0,-1,-1,3542.123566166667,unknown,2,2026-04-24T18:34:45.265+02:00,2026-04-24T18:20:19.173+02:00,16,0.7102333,0,0,12.45568,0,0,2026-04-24T18:28:28.837+02:00,798741321.4710808,0,1.97,101.541,1,0.85,0
2026-04-24T18:35:23.125+02:00,1777048522.815582,53.56898963022433,9.882980424919118,39.25409,-1,-1,-1,-1,30.01978840862869,11.695014,-9999,3579.978731291667,-0.071044921875,1.005950927734375,-0.1622467041015625,3579.973693291667,-0.7933549025713442,-0.8771513094917399,-1.423519036630909,0.5777029395103455,0.03565883636474609,0.02505326643586159,0.00105845183134079,0.01140868663787842,0.01303595304489136,XArbitraryZVertical,-0.6696641213460971,-0.06811140882113138,-0.009036319389290632,0.7394790989045931,-0.07137094438076019,0.9837543964385986,-0.1647235304117203,0,0,0,-1,-1,3542.123566166667,unknown,2,2026-04-24T18:34:45.265+02:00,2026-04-24T18:20:19.173+02:00,16,0.7102333,0,0,12.45568,0,0,2026-04-24T18:28:28.837+02:00,798741321.4710808,0,1.97,101.541,1,0.85,0
2026-04-24T18:35:23.135+02:00,1777048522.815582,53.56898963022433,9.882980424919118,39.25409,-1,-1,-1,-1,30.01978840862869,11.695014,-9999,3579.988805291667,-0.0703887939453125,1.01165771484375,-0.1732940673828125,3579.983768291667,-0.756842177001412,-0.8406171285583324,-1.419222757287488,0.8069230914115906,0.04468322545289993,0.03521429002285004,0.000554993748664856,0.01807481050491333,0.01352335512638092,XArbitraryZVertical,-0.667109403164957,-0.06788380535291574,-0.008833298451608683,0.7418078456968739,-0.07100480794906616,0.9826118946075439,-0.1715585738420486,0,0,0,-1,-1,3542.123566166667,unknown,2,2026-04-24T18:34:45.265+02:00,2026-04-24T18:20:19.173+02:00,16,0.7102333,0,0,12.45568,0,0,2026-04-24T18:28:28.837+02:00,798741321.4710808,0,1.97,101.541,1,0.85,0
2026-04-24T18:35:23.145+02:00,1777048522.815582,53.56898963022433,9.882980424919118,39.25409,-1,-1,-1,-1,30.01978840862869,11.695014,-9999,3579.998880291667,-0.0709381103515625,1.018753051757812,-0.187591552734375,3579.993843291667,-0.7088096541746727,-0.7926510602014968,-1.412789747003245,1.156431555747986,0.05863232910633087,0.04040519148111343,0.0008988454937934875,0.02792465686798096,0.01405607163906097,XArbitraryZVertical,-0.6634771557368997,-0.06761055672151522,-0.008527985099524397,0.7450867485833796,-0.07053995877504349,0.9809103012084961,-0.1812160760164261,0,0,0,-1,-1,3542.123566166667,unknown,2,2026-04-24T18:34:45.265+02:00,2026-04-24T18:20:19.173+02:00,16,0.7102333,0,0,12.45568,0,0,2026-04-24T18:28:28.837+02:00,798741321.4710808,0,1.97,101.541,1,0.85,0
2026-04-24T18:35:23.155+02:00,1777048522.815582,53.56898963022433,9.882980424919118,39.25409,-1,-1,-1,-1,30.01978840862869,11.695014,-9999,3580.008955291667,-0.072540283203125,1.025711059570312,-0.2008209228515625,3580.003917291667,-0.648713534434694,-0.7327237180023225,-1.403232401380275,1.5247962474823,0.06266568601131439,0.04395731538534164,-0.001008503139019012,0.03610152006149292,0.01407492160797119,XArbitraryZVertical,-0.6583946139852271,-0.06728817947188752,-0.008109798584006671,0.7496153135718018,-0.06999063491821289,0.9783790707588196,-0.1946169137954712,0,0,0,-1,-1,3542.123566166667,unknown,2,2026-04-24T18:34:45.265+02:00,2026-04-24T18:20:19.173+02:00,16,0.7102333,0,0,12.45568,0,0,2026-04-24T18:28:28.837+02:00,798741321.4710808,0,1.97,101.541,1,0.85,0
2026-04-24T18:35:23.165+02:00,1777048522.815582,53.56898963022433,9.882980424919118,39.25409,-1,-1,-1,-1,30.01978840862869,11.695014,-9999,3580.019029291667,-0.0701446533203125,1.045013427734375,-0.214019775390625,3580.013992291667,-0.58481299647755,-0.6691361952540436,-1.390637351400697,1.800663113594055,0.06842157244682312,0.01804562471807003,-0.003031738102436066,0.04649478197097778,0.01714283227920532,XArbitraryZVertical,-0.652102369875675,-0.06700281350596317,-0.007636668259288542,0.7551257448772462,-0.06953905522823334,0.9750049114227295,-0.2110209614038467,0,0,0,-1,-1,3542.123566166667,unknown,2,2026-04-24T18:34:45.265+02:00,2026-04-24T18:20:19.173+02:00,16,0.7102333,0,0,12.45568,0,0,2026-04-24T18:28:28.837+02:00,798741321.4710808,0,1.97,101.541,1,0.85,0
2026-04-24T18:35:23.175+02:00,1777048522.815582,53.56898963022433,9.882980424919118,39.25409,-1,-1,-1,-1,30.01978840862869,11.695014,-9999,3580.029104291667,-0.0691070556640625,1.042388916015625,-0.2308502197265625,3580.024066291667,-0.5218932417283482,-0.6065443158873005,-1.374929565219156,2.083279609680176,0.08939769864082336,0.0007446643430739641,-0.002001382410526276,0.0638611912727356,0.02283686399459839,XArbitraryZVertical,-0.6446654511701826,-0.06674880624863028,-0.007196092657795639,0.7615112699709342,-0.06927241384983063,0.9706847071647644,-0.2301580309867859,0,0,0,-1,-1,3542.123566166667,unknown,2,2026-04-24T18:34:45.265+02:00,2026-04-24T18:20:19.173+02:00,16,0.7102333,0,0,12.45568,0,0,2026-04-24T18:28:28.837+02:00,798741321.4710808,0,1.97,101.541,1,0.85,0
2026-04-24T18:35:23.186+02:00,1777048522.815582,53.56898963022433,9.882980424919118,39.25409,-1,-1,-1,-1,30.01978840862869,11.695014,-9999,3580.039178291667,-0.072052001953125,1.016632080078125,-0.233245849609375,3580.034141291667,-0.4642009322021511,-0.5489359687659491,-1.356640736568674,2.207878828048706,0.129773885011673,-0.02700620517134666,8.313357830047607e-05,0.08477264642715454,0.02840057015419006,XArbitraryZVertical,-0.636345525272876,-0.06644339320377741,-0.006887705341553289,0.7685066090019191,-0.06914440542459488,0.9654442071914673,-0.2512704432010651,0,0,0,-1,-1,3542.123566166667,unknown,2,2026-04-24T18:34:45.265+02:00,2026-04-24T18:20:19.173+02:00,16,0.7102333,0,0,12.45568,0,0,2026-04-24T18:28:28.837+02:00,798741321.4710808,0,1.97,101.541,1,0.85,0
2026-04-24T18:35:23.195+02:00,1777048522.815582,53.56898963022433,9.882980424919118,39.25409,-1,-1,-1,-1,30.01978840862869,11.695014,-9999,3580.049253291667,-0.0771026611328125,1.012908935546875,-0.23199462890625,3580.044216291667,-0.4145310195115989,-0.4990040995775247,-1.336683678080726,2.319960117340088,0.1660511940717697,-0.04914719611406326,-0.0006506666541099548,0.06760340929031372,0.03874221444129944,XArbitraryZVertical,-0.6275252945732429,-0.06607545448574698,-0.006770352978550165,0.7757577970743665,-0.06915827095508575,0.9594351053237915,-0.2733155190944672,0,0,0,-1,-1,3542.123566166667,unknown,2,2026-04-24T18:34:45.265+02:00,2026-04-24T18:20:19.173+02:00,16,0.7102333,0,0,12.45568,0,0,2026-04-24T18:28:28.837+02:00,798741321.4710808,0,1.97,101.541,1,0.85,0
2026-04-24T18:35:23.207+02:00,1777048522.815582,53.56898963022433,9.882980424919118,39.25409,-1,-1,-1,-1,30.01978840862869,11.695014,-9999,3580.059328291667,-0.0720062255859375,0.9994659423828125,-0.2541656494140625,3580.054290291667,-0.371338833831789,-0.4553453285816644,-1.315189103669659,2.403602123260498,0.178618386387825,-0.06732593476772308,-0.005915604531764984,0.06065535545349121,0.06648734211921692,XArbitraryZVertical,-0.6181861783805227,-0.06565059812802192,-0.006750831111143757,0.7832562212825711,-0.06920339912176132,0.9525892734527588,-0.2962846457958221,0,0,0,-1,-1,3542.123566166667,unknown,2,2026-04-24T18:34:45.265+02:00,2026-04-24T18:20:19.173+02:00,16,0.7102333,0,0,12.45568,0,0,2026-04-24T18:28:28.837+02:00,798741321.4710808,0,1.97,101.541,1,0.85,0
2026-04-24T18:35:23.215+02:00,1777048522.815582,53.56898963022433,9.882980424919118,39.25409,-1,-1,-1,-1,30.01978840862869,11.695014,-9999,3580.069402291667,-0.0694732666015625,0.9937286376953125,-0.2830810546875,3580.064365291667,-0.3348995621007309,-0.4183213463127002,-1.292745089307507,2.446832180023193,0.1875977665185928,-0.09075456112623215,-0.006369590759277344,0.06266885995864868,0.07812458276748657,XArbitraryZVertical,-0.6085529891411521,-0.06523871039185082,-0.006836693647198705,0.7907973635314848,-0.06937503069639206,0.9450215697288513,-0.3195644021034241,0,0,0,-1,-1,3542.123566166667,unknown,2,2026-04-24T18:34:45.265+02:00,2026-04-24T18:20:19.173+02:00,16,0.7102333,0,0,12.45568,0,0,2026-04-24T18:28:28.837+02:00,798741321.4710808,0,1.97,101.541,1,0.85,0
2026-04-24T18:35:23.226+02:00,1777048522.815582,53.56898963022433,9.882980424919118,39.25409,-1,-1,-1,-1,30.01978840862869,11.695014,-9999,3580.079477291667,-0.0728607177734375,0.9869537353515625,-0.31121826171875,3580.074440291667,-0.3034575661065486,-0.386199924236844,-1.269188295244218,2.557653665542603,0.2078377902507782,-0.09752824902534485,0.0004597678780555725,0.05781114101409912,0.07536894083023071,XArbitraryZVertical,-0.5985058298440429,-0.06482340357488214,-0.006996276111214911,0.7984609719551514,-0.06961259245872498,0.9366042017936707,-0.3434048295021057,0,0,0,-1,-1,3542.123566166667,unknown,2,2026-04-24T18:34:45.265+02:00,2026-04-24T18:20:19.173+02:00,16,0.7102333,0,0,12.45568,0,0,2026-04-24T18:28:28.837+02:00,798741321.4710808,0,1.97,101.541,1,0.85,0
2026-04-24T18:35:23.236+02:00,1777048522.815582,53.56898963022433,9.882980424919118,39.25409,-1,-1,-1,-1,30.01978840862869,11.695014,-9999,3580.089551291667,-0.07806396484375,0.9646148681640625,-0.3249359130859375,3580.084514291667,-0.2749720138615399,-0.3568844314511764,-1.243991903378675,2.743237018585205,0.2273102849721909,-0.09138726443052292,-0.001099787652492523,0.06625598669052124,0.06923466920852661,XArbitraryZVertical,-0.5877662972130725,-0.0643061570740691,-0.007172853247816329,0.8064391727452968,-0.06970097869634628,0.9270454049110413,-0.3684137165546417,0,0,0,-1,-1,3542.123566166667,unknown,2,2026-04-24T18:34:45.265+02:00,2026-04-24T18:20:19.173+02:00,16,0.7102333,0,0,12.45568,0,0,2026-04-24T18:28:28.837+02:00,798741321.4710808,0,1.97,101.541,1,0.85,0
2026-04-24T18:35:23.246+02:00,1777048522.815582,53.56898963022433,9.882980424919118,39.25409,-1,-1,-1,-1,30.01978840862869,11.695014,-9999,3580.099626291667,-0.0823974609375,0.9530487060546875,-0.3387451171875,3580.094589291667,-0.2483011110521864,-0.3292663020913362,-1.216367885157089,3.021378755569458,0.2677341401576996,-0.08832049369812012,-0.005365990102291107,0.06013941764831543,0.07580015063285828,XArbitraryZVertical,-0.575969558545889,-0.06366943006071162,-0.007330414352990902,0.8149549195027873,-0.0695851594209671,0.9159042835235596,-0.3953191339969635,0,0,0,-1,-1,3542.123566166667,unknown,2,2026-04-24T18:34:45.265+02:00,2026-04-24T18:20:19.173+02:00,16,0.7102333,0,0,12.45568,0,0,2026-04-24T18:28:28.837+02:00,798741321.4710808,0,1.97,101.541,1,0.85,0
2026-04-24T18:35:23.256+02:00,1777048522.815582,53.56898963022433,9.882980424919118,39.25409,-1,-1,-1,-1,30.01978840862869,11.695014,-9999,3580.109701291667,-0.082672119140625,0.9575347900390625,-0.3688812255859375,3580.104663291667,-0.2229212596975341,-0.3028010045101201,-1.185606208311155,3.36010479927063,0.2864471077919006,-0.07896880805492401,-0.01154695451259613,0.05437284708023071,0.0936531126499176,XArbitraryZVertical,-0.5627836151763848,-0.06288084379420315,-0.007456402508158722,0.8241753312793405,-0.06920254230499268,0.9026889204978943,-0.4246924817562103,0,0,0,-1,-1,3542.123566166667,unknown,2,2026-04-24T18:34:45.265+02:00,2026-04-24T18:20:19.173+02:00,16,0.7102333,0,0,12.45568,0,0,2026-04-24T18:28:28.837+02:00,798741321.4710808,0,1.97,101.541,1,0.85,0
2026-04-24T18:35:23.266+02:00,1777048522.815582,53.56898963022433,9.882980424919118,39.25409,-1,-1,-1,-1,30.01978840862869,11.695014,-9999,3580.119775291667,-0.0787200927734375,0.9706268310546875,-0.4268951416015625,3580.114738291667,-0.1987540953034482,-0.2776070882875876,-1.15103106199474,3.733050584793091,0.302292138338089,-0.0839138925075531,-0.01342581957578659,0.0663377046585083,0.1074158251285553,XArbitraryZVertical,-0.5478889992673086,-0.06201835730377971,-0.007498571316374231,0.8342152609924309,-0.06863593310117722,0.8868330121040344,-0.4569641351699829,0,0,0,-1,-1,3542.123566166667,unknown,2,2026-04-24T18:34:45.265+02:00,2026-04-24T18:20:19.173+02:00,16,0.7102333,0,0,12.45568,0,0,2026-04-24T18:28:28.837+02:00,798741321.4710808,0,1.97,101.541,1,0.85,0
2026-04-24T18:35:23.276+02:00,1777048522.815582,53.56898963022433,9.882980424919118,39.25409,-1,-1,-1,-1,30.01978840862869,11.695014,-9999,3580.129850291667,-0.0725860595703125,0.975372314453125,-0.479339599609375,3580.124813291667,-0.1770372974091386,-0.2549212331222775,-1.113359562748255,3.939004182815552,0.2960355579853058,-0.122384324669838,-0.01311349868774414,0.09644675254821777,0.09614890813827515,XArbitraryZVertical,-0.531572775249868,-0.06116989473294131,-0.007545406159984306,0.8447673034013924,-0.06809376925230026,0.8683817982673645,-0.4911989271640778,0,0,0,-1,-1,3542.123566166667,unknown,2,2026-04-24T18:34:45.265+02:00,2026-04-24T18:20:19.173+02:00,16,0.7102333,0,0,12.45568,0,0,2026-04-24T18:28:28.837+02:00,798741321.4710808,0,1.97,101.541,1,0.85,0
2026-04-24T18:35:23.286+02:00,1777048522.815582,53.56898963022433,9.882980424919118,39.25409,-1,-1,-1,-1,30.01978840862869,11.695014,-9999,3580.139924291667,-0.0660400390625,0.9583282470703125,-0.497802734375,3580.134887291667,-0.1587125440504399,-0.2355906828058713,-1.07398792712642,4.032176971435547,0.3129535615444183,-0.1472878158092499,-0.008080214262008667,0.1266196966171265,0.06827980279922485,XArbitraryZVertical,-0.5144167299044327,-0.0603924686672171,-0.007712953777145556,0.8553763727137339,-0.06774069368839264,0.847821831703186,-0.5259366631507874,0,0,0,-1,-1,3542.123566166667,unknown,2,2026-04-24T18:34:45.265+02:00,2026-04-24T18:20:19.173+02:00,16,0.7102333,0,0,12.45568,0,0,2026-04-24T18:28:28.837+02:00,798741321.4710808,0,1.97,101.541,1,0.85,0
2026-04-24T18:35:23.296+02:00,1777048522.815582,53.56898963022433,9.882980424919118,39.25409,-1,-1,-1,-1,30.01978840862869,11.695014,-9999,3580.149999291667,-0.064361572265625,0.88946533203125,-0.4957122802734375,3580.144962291667,-0.1432075189473955,-0.2188538756809157,-1.03417440327689,3.979005098342896,0.3316406905651093,-0.1506607085466385,-0.002193659543991089,0.1470453143119812,0.06880563497543335,XArbitraryZVertical,-0.4969259235358492,-0.05953223002206378,-0.007968343373277308,0.8657118502870895,-0.06723381578922272,0.8257177472114563,-0.5600622892379761,0,0,0,-1,-1,3542.123566166667,unknown,2,2026-04-24T18:34:45.265+02:00,2026-04-24T18:20:19.173+02:00,16,0.7102333,0,0,12.45568,0,0,2026-04-24T18:28:28.837+02:00,798741321.4710808,0,1.97,101.541,1,0.85,0
2026-04-24T18:35:23.306+02:00,1777048522.815582,53.56898963022433,9.882980424919118,39.25409,-1,-1,-1,-1,30.01978840862869,11.695014,-9999,3580.160074291667,-0.072662353515625,0.8155670166015625,-0.4864501953125,3580.155036291667,-0.1304596791373447,-0.2045815936137977,-0.9956451428690981,3.776441097259521,0.351194441318512,-0.1520992815494537,0.002752497792243958,0.1260702610015869,0.09253722429275513,XArbitraryZVertical,-0.4798554607804072,-0.05856438595940214,-0.008316118977810431,0.8753512247089301,-0.06648843735456467,0.8030983805656433,-0.5921252369880676,0,0,0,-1,-1,3542.123566166667,unknown,2,2026-04-24T18:34:45.265+02:00,2026-04-24T18:20:19.173+02:00,16,0.7102333,0,0,12.45568,0,0,2026-04-24T18:28:28.837+02:00,798741321.4710808,0,1.97,101.541,1,0.85,0
2026-04-24T18:35:23.316+02:00,1777048522.815582,53.56898963022433,9.882980424919118,39.25409,-1,-1,-1,-1,30.01978840862869,11.695014,-9999,3580.170148291667,-0.076171875,0.7553863525390625,-0.503662109375,3580.165111291667,-0.1200614414822786,-0.1923306967316994,-0.9592548817799141,3.521709203720093,0.3593921661376953,-0.1456624120473862,-0.00256955623626709,0.06901639699935913,0.1325433254241943,XArbitraryZVertical,-0.4635997310818347,-0.05747328738999888,-0.008752184667343052,0.8841355801454704,-0.06545411795377731,0.7806540131568909,-0.6215264797210693,0,0,0,-1,-1,3542.123566166667,unknown,2,2026-04-24T18:34:45.265+02:00,2026-04-24T18:20:19.173+02:00,16,0.7102333,0,0,12.45568,0,0,2026-04-24T18:28:28.837+02:00,798741321.4710808,0,1.97,101.541,1,0.85,0
2026-04-24T18:35:23.326+02:00,1777048522.815582,53.56898963022433,9.882980424919118,39.25409,-1,-1,-1,-1,30.01978840862869,11.695014,-9999,3580.180223291667,-0.074066162109375,0.7181854248046875,-0.5387725830078125,3580.175186291667,-0.1116761998954838,-0.1819519231227782,-0.9250798571419484,3.344833850860596,0.3539507985115051,-0.1523891538381577,-0.01153061538934708,0.0260772705078125,0.1576504111289978,XArbitraryZVertical,-0.4482221139145366,-0.05637712259406035,-0.00926187677421794,0.8920946920525592,-0.06433607637882233,0.7586517333984375,-0.6483120322227478,0,0,0,-1,-1,3542.123566166667,unknown,2,2026-04-24T18:34:45.265+02:00,2026-04-24T18:20:19.173+02:00,16,0.7102333,0,0,12.45568,0,0,2026-04-24T18:28:28.837+02:00,798741321.4710808,0,1.97,101.541,1,0.85,0
2026-04-24T18:35:23.336+02:00,1777048522.815582,53.56898963022433,9.882980424919118,39.25409,-1,-1,-1,-1,30.01978840862869,11.695014,-9999,3580.190298291667,-0.072845458984375,0.71240234375,-0.6063079833984375,3580.185260291667,-0.104480761578903,-0.1727667190888309,-0.8919184055200303,3.299346208572388,0.3401934206485748,-0.1437735706567764,-0.01219867914915085,-0.004592776298522949,0.1548154950141907,XArbitraryZVertical,-0.4331933745859448,-0.05529348448884511,-0.009771960050545269,0.8995502719310542,-0.06313395500183105,0.7364653348922729,-0.6735227704048157,0,0,0,-1,-1,3542.123566166667,unknown,2,2026-04-24T18:34:45.265+02:00,2026-04-24T18:20:19.173+02:00,16,0.7102333,0,0,12.45568,0,0,2026-04-24T18:28:28.837+02:00,798741321.4710808,0,1.97,101.541,1,0.85,0
2026-04-24T18:35:23.347+02:00,1777048522.815582,53.56898963022433,9.882980424919118,39.25409,-1,-1,-1,-1,30.01978840862869,11.695014,-9999,3580.200372291667,-0.0675811767578125,0.7251434326171875,-0.6641693115234375,3580.195335291667,-0.09797461866022723,-0.1644443529429369,-0.8587906191832436,3.334465503692627,0.3172870576381683,-0.1450042277574539,-0.01263537630438805,-0.001309990882873535,0.1282601952552795,XArbitraryZVertical,-0.4180734335427677,-0.05426664613492608,-0.01022065621222237,0.9067333441421137,-0.06190379709005356,0.7134987115859985,-0.697916567325592,0,0,0,-1,-1,3542.123566166667,unknown,2,2026-04-24T18:34:45.265+02:00,2026-04-24T18:20:19.173+02:00,16,0.7102333,0,0,12.45568,0,0,2026-04-24T18:28:28.837+02:00,798741321.4710808,0,1.97,101.541,1,0.85,0
2026-04-24T18:35:23.357+02:00,1777048522.815582,53.56898963022433,9.882980424919118,39.25409,-1,-1,-1,-1,30.01978840862869,11.695014,-9999,3580.210447291667,-0.0662078857421875,0.737335205078125,-0.7176513671875,3580.205409291667,-0.09190621903154403,-0.1568217790105972,-0.8245030913492267,3.520620584487915,0.2981357276439667,-0.1487909704446793,-0.009377449750900269,0.02861803770065308,0.08485943078994751,XArbitraryZVertical,-0.4023172682831833,-0.0533431965341024,-0.0106072414998054,0.9138834162171847,-0.06075192987918854,0.6889112591743469,-0.722295343875885,0,0,0,-1,-1,3542.123566166667,unknown,2,2026-04-24T18:34:45.265+02:00,2026-04-24T18:20:19.173+02:00,16,0.7102333,0,0,12.45568,0,0,2026-04-24T18:28:28.837+02:00,798741321.4710808,0,1.97,101.541,1,0.85,0
2026-04-24T18:35:23.367+02:00,1777048522.815582,53.56898963022433,9.882980424919118,39.25409,-1,-1,-1,-1,30.01978840862869,11.695014,-9999,3580.220521291667,-0.0662994384765625,0.7320404052734375,-0.7462615966796875,3580.215484291667,-0.08600519787104539,-0.1496218123030739,-0.788252529777727,3.710985422134399,0.2897662222385406,-0.1466469764709473,-0.006422165781259537,0.07096254825592041,0.05631482601165771,XArbitraryZVertical,-0.3855402201714491,-0.05248531789636082,-0.01090825319197839,0.9211325418718367,-0.05960260704159737,0.6620392203330994,-0.7470954656600952,0,0,0,-1,-1,3542.123566166667,unknown,2,2026-04-24T18:34:45.265+02:00,2026-04-24T18:20:19.173+02:00,16,0.7102333,0,0,12.45568,0,0,2026-04-24T18:28:28.837+02:00,798741321.4710808,0,1.97,101.541,1,0.85,0
2026-04-24T18:35:23.377+02:00,1777048522.815582,53.56898963022433,9.882980424919118,39.25409,-1,-1,-1,-1,30.01978840862869,11.695014,-9999,3580.230596291667,-0.06915283203125,0.71270751953125,-0.74951171875,3580.225559291667,-0.08019670596000313,-0.1426363403392217,-0.7502393133054701,3.872183084487915,0.2982835471630096,-0.1310847997665405,-0.007274921983480453,0.1041346788406372,0.03335326910018921,XArbitraryZVertical,-0.3678166469817614,-0.05159932257506446,-0.01111855354558029,0.9283990660164831,-0.05827682837843895,0.6329258680343628,-0.7720159888267517,0,0,0,-1,-1,3542.123566166667,unknown,2,2026-04-24T18:34:45.265+02:00,2026-04-24T18:20:19.173+02:00,16,0.7102333,0,0,12.45568,0,0,2026-04-24T18:28:28.837+02:00,798741321.4710808,0,1.97,101.541,1,0.85,0
2026-04-24T18:35:23.387+02:00,1777048522.815582,53.56898963022433,9.882980424919118,39.25409,-1,-1,-1,-1,30.01978840862869,11.695014,-9999,3580.240671291667,-0.070831298828125,0.6636810302734375,-0.7562408447265625,3580.235633291667,-0.07446789147328187,-0.1357596423250138,-0.7110417728729017,3.929954290390015,0.3076623976230621,-0.1099809855222702,-0.0108121819794178,0.1227876543998718,0.04841995239257812,XArbitraryZVertical,-0.3494034400926878,-0.05061453933754876,-0.0112240823468751,0.9355369559839845,-0.0566316545009613,0.6019437313079834,-0.7965278029441833,0,0,0,-1,-1,3542.123566166667,unknown,2,2026-04-24T18:34:45.265+02:00,2026-04-24T18:20:19.173+02:00,16,0.7102333,0,0,12.45568,0,0,2026-04-24T18:28:28.837+02:00,798741321.4710808,0,1.97,101.541,1,0.85,0
2026-04-24T18:35:23.397+02:00,1777048522.815582,53.56898963022433,9.882980424919118,39.25409,-1,-1,-1,-1,30.01978840862869,11.695014,-9999,3580.250745291667,-0.0715789794921875,0.5993194580078125,-0.758087158203125,3580.245708291667,-0.06907745409828954,-0.1291780710195287,-0.6721346145887781,3.818215608596802,0.3135325312614441,-0.09707317501306534,-0.01545312628149986,0.1219094395637512,0.06688463687896729,XArbitraryZVertical,-0.3309971750214707,-0.04953305544199815,-0.01125966120498829,0.9422635993017724,-0.05469151586294174,0.5702750086784363,-0.8196312189102173,0,0,0,-1,-1,3542.123566166667,unknown,2,2026-04-24T18:34:45.265+02:00,2026-04-24T18:20:19.173+02:00,16,0.7102333,0,0,12.45568,0,0,2026-04-24T18:28:28.837+02:00,798741321.4710808,0,1.97,101.541,1,0.85,0
2026-04-24T18:35:23.407+02:00,1777048522.815582,53.56898963022433,9.882980424919118,39.25409,-1,-1,-1,-1,30.01978840862869,11.695014,-9999,3580.260820291667,-0.06866455078125,0.53668212890625,-0.7720794677734375,3580.255783291667,-0.06437216075654048,-0.1231171976618709,-0.6349295293762421,3.59188437461853,0.3194159865379333,-0.0966356173157692,-0.01953671872615814,0.09156161546707153,0.08277410268783569,XArbitraryZVertical,-0.3132871462028126,-0.0483888909271452,-0.01132056233472634,0.94835738569652,-0.05257630720734596,0.539190948009491,-0.8405408263206482,0,0,0,-1,-1,3542.123566166667,unknown,2,2026-04-24T18:34:45.265+02:00,2026-04-24T18:20:19.173+02:00,16,0.7102333,0,0,12.45568,0,0,2026-04-24T18:28:28.837+02:00,798741321.4710808,0,1.97,101.541,1,0.85,0
2026-04-24T18:35:23.417+02:00,1777048522.815582,53.56898963022433,9.882980424919118,39.25409,-1,-1,-1,-1,30.01978840862869,11.695014,-9999,3580.270894291667,-0.060211181640625,0.4762725830078125,-0.7912445068359375,3580.265857291667,-0.06041577537021975,-0.1177368918627182,-0.6004097896226525,3.281957864761353,0.293253093957901,-0.09044776111841202,-0.01995660737156868,0.05843967199325562,0.09642624855041504,XArbitraryZVertical,-0.2967665424474927,-0.04726136975091442,-0.01141215114067633,0.9537115320805335,-0.05044743046164513,0.5096908211708069,-0.8588773608207703,0,0,0,-1,-1,3542.123566166667,unknown,2,2026-04-24T18:34:45.265+02:00,2026-04-24T18:20:19.173+02:00,16,0.7102333,0,0,12.45568,0,0,2026-04-24T18:28:28.837+02:00,798741321.4710808,0,1.97,101.541,1,0.85,0
2026-04-24T18:35:23.430+02:00,1777048522.815582,53.56898963022433,9.882980424919118,39.25409,-1,-1,-1,-1,30.01978840862869,11.695014,-9999,3580.280969291667,-0.0465087890625,0.42974853515625,-0.80157470703125,3580.275932291667,-0.05708134916985211,-0.1132610067399292,-0.5688824680526009,3.012097597122192,0.2298983484506607,-0.08105219900608063,-0.01727700605988503,0.02226394414901733,0.09218364953994751,XArbitraryZVertical,-0.2816074977671792,-0.0463086434280293,-0.01146948653552866,0.958342973341467,-0.04859517514705658,0.4822221398353577,-0.874700129032135,0,0,0,-1,-1,3542.123566166667,unknown,2,2026-04-24T18:34:45.265+02:00,2026-04-24T18:20:19.173+02:00,16,0.7102333,0,0,12.45568,0,0,2026-04-24T18:28:28.837+02:00,798741321.4710808,0,1.97,101.541,1,0.85,0
2026-04-24T18:35:23.437+02:00,1777048522.815582,53.56898963022433,9.882980424919118,39.25409,-1,-1,-1,-1,30.01978840862869,11.695014,-9999,3580.291044291667,-0.038787841796875,0.4020233154296875,-0.8241729736328125,3580.286006291667,-0.05420386439700123,-0.1094902897143491,-0.539596202826955,2.825307607650757,0.2170651108026505,-0.07994858175516129,-0.006382785737514496,-0.004971742630004883,0.09295505285263062,XArbitraryZVertical,-0.2674689147849709,-0.04550704341465957,-0.01150023254777516,0.9624226669176901,-0.04699244722723961,0.4562809765338898,-0.8885940909385681,0,0,0,-1,-1,3542.123566166667,unknown,2,2026-04-24T18:34:45.265+02:00,2026-04-24T18:20:19.173+02:00,16,0.7102333,0,0,12.45568,0,0,2026-04-24T18:28:28.837+02:00,798741321.4710808,0,1.97,101.541,1,0.85,0
2026-04-24T18:35:23.447+02:00,1777048522.815582,53.56898963022433,9.882980424919118,39.25409,-1,-1,-1,-1,30.01978840862869,11.695014,-9999,3580.301118291667,-0.03924560546875,0.40399169921875,-0.857452392578125,3580.296081291667,-0.05165044728245224,-0.1060241026829044,-0.5115311065742373,2.788681983947754,0.2154147624969482,-0.08452628552913666,0.003775998950004578,-0.01934665441513062,0.08993184566497803,XArbitraryZVertical,-0.2538702259189565,-0.04472292984861122,-0.01154669168643081,0.966134845055612,-0.04540196433663368,0.4310593008995056,-0.901180624961853,0,0,0,-1,-1,3542.123566166667,unknown,2,2026-04-24T18:34:45.265+02:00,2026-04-24T18:20:19.173+02:00,16,0.7102333,0,0,12.45568,0,0,2026-04-24T18:28:28.837+02:00,798741321.4710808,0,1.97,101.541,1,0.85,0
2026-04-24T18:35:23.457+02:00,1777048522.815582,53.56898963022433,9.882980424919118,39.25409,-1,-1,-1,-1,30.01978840862869,11.695014,-9999,3580.311193291667,-0.045074462890625,0.4145050048828125,-0.9055938720703125,3580.306156291667,-0.04926743120631736,-0.1026631787297564,-0.4830081761038769,2.890759944915771,0.2273867279291153,-0.0900222510099411,0.005684774369001389,-0.005334854125976562,0.07439494132995605,XArbitraryZVertical,-0.240002956811504,-0.04392178358045472,-0.0116173887276872,0.9697085364117896,-0.04375544190406799,0.4050846099853516,-0.9132316112518311,0,0,0,-1,-1,3542.123566166667,unknown,2,2026-04-24T18:34:45.265+02:00,2026-04-24T18:20:19.173+02:00,16,0.7102333,0,0,12.45568,0,0,2026-04-24T18:28:28.837+02:00,798741321.4710808,0,1.97,101.541,1,0.85,0
2026-04-24T18:35:23.468+02:00,1777048522.815582,53.56898963022433,9.882980424919118,39.25409,-1,-1,-1,-1,30.01978840862869,11.695014,-9999,3580.321267291667,-0.0424652099609375,0.4242095947265625,-0.9275970458984375,3580.316230291667,-0.04687088527471865,-0.09924963121291802,-0.4532784921783788,3.02839994430542,0.2330813556909561,-0.08578610420227051,-0.0003454089164733887,0.03246426582336426,0.04332482814788818,XArbitraryZVertical,-0.2254983867562433,-0.04306356999753769,-0.01166267332173047,0.9732215360889069,-0.04195194318890572,0.3776614665985107,-0.9249929189682007,0,0,0,-1,-1,3542.123566166667,unknown,2,2026-04-24T18:34:45.265+02:00,2026-04-24T18:20:19.173+02:00,16,0.7102333,0,0,12.45568,0,0,2026-04-24T18:28:28.837+02:00,798741321.4710808,0,1.97,101.541,1,0.85,0
2026-04-24T18:35:23.478+02:00,1777048522.815582,53.56898963022433,9.882980424919118,39.25409,-1,-1,-1,-1,30.01978840862869,11.695014,-9999,3580.331342291667,-0.038482666015625,0.4189605712890625,-0.942657470703125,3580.326305291667,-0.04439594294735926,-0.09572240582745863,-0.422236476381472,3.13599681854248,0.2525749206542969,-0.07157094776630402,-0.004256654530763626,0.07012248039245605,0.01604527235031128,XArbitraryZVertical,-0.2103002486920161,-0.04212320552295488,-0.01165529791171913,0.9766594500170966,-0.03993278741836548,0.3486702740192413,-0.9363943934440613,0,0,0,-1,-1,3542.123566166667,unknown,2,2026-04-24T18:34:45.265+02:00,2026-04-24T18:20:19.173+02:00,16,0.7102333,0,0,12.45568,0,0,2026-04-24T18:28:28.837+02:00,798741321.4710808,0,1.97,101.541,1,0.85,0
2026-04-24T18:35:23.488+02:00,1777048522.815582,53.56898963022433,9.882980424919118,39.25409,-1,-1,-1,-1,30.01978840862869,11.695014,-9999,3580.341417291667,-0.0381927490234375,0.3735809326171875,-0.950927734375,3580.336379291667,-0.04191044798165613,-0.09220375530170602,-0.3905405782613469,3.163484811782837,0.2583366334438324,-0.06421263515949249,-0.002230163663625717,0.1076400876045227,0.01116710901260376,XArbitraryZVertical,-0.1947302773900676,-0.04113841652806833,-0.01159353726863523,0.9799252328027757,-0.03777836263179779,0.3187209963798523,-0.9470953941345215,0,0,0,-1,-1,3542.123566166667,unknown,2,2026-04-24T18:34:45.265+02:00,2026-04-24T18:20:19.173+02:00,16,0.7102333,0,0,12.45568,0,0,2026-04-24T18:28:28.837+02:00,798741321.4710808,0,1.97,101.541,1,0.85,0
2026-04-24T18:35:23.498+02:00,1777048522.815582,53.56898963022433,9.882980424919118,39.25409,-1,-1,-1,-1,30.01978840862869,11.695014,-9999,3580.351491291667,-0.03851318359375,0.3106842041015625,-0.9549102783203125,3580.346454291667,-0.0394719405348091,-0.08869775019284476,-0.3590387759261602,3.090535402297974,0.2565629780292511,-0.05184011906385422,-0.001930736005306244,0.110960453748703,0.009882092475891113,XArbitraryZVertical,-0.1792072601631879,-0.04009307688418384,-0.01148380115441974,0.9829269908995414,-0.03546854481101036,0.288636714220047,-0.9567815065383911,0,0,0,-1,-1,3542.123566166667,unknown,2,2026-04-24T18:34:45.265+02:00,2026-04-24T18:20:19.173+02:00,16,0.7102333,0,0,12.45568,0,0,2026-04-24T18:28:28.837+02:00,798741321.4710808,0,1.97,101.541,1,0.85,0
2026-04-24T18:35:23.508+02:00,1777048522.815582,53.56898963022433,9.882980424919118,39.25409,-1,-1,-1,-1,30.01978840862869,11.695014,-9999,3580.361566291667,-0.0351104736328125,0.255859375,-0.931915283203125,3580.356529291667,-0.03720644994933712,-0.0854008614161203,-0.3288519486284635,2.900531530380249,0.2432759404182434,-0.04485071823000908,-0.005891010165214539,0.08405712246894836,0.009031414985656738,XArbitraryZVertical,-0.1642919428055692,-0.039062283521754,-0.01134839436709224,0.9855726724692903,-0.03317147865891457,0.2595402896404266,-0.9651623964309692,0,0,0,-1,-1,3542.123566166667,unknown,2,2026-04-24T18:34:45.265+02:00,2026-04-24T18:20:19.173+02:00,16,0.7102333,0,0,12.45568,0,0,2026-04-24T18:28:28.837+02:00,798741321.4710808,0,1.97,101.541,1,0.85,0
2026-04-24T18:35:23.518+02:00,1777048522.815582,53.56898963022433,9.882980424919118,39.25409,-1,-1,-1,-1,30.01978840862869,11.695014,-9999,3580.371641291667,-0.0293426513671875,0.2184600830078125,-0.9166412353515625,3580.366603291667,-0.03519658589576199,-0.08233714906201658,-0.3011305038728825,2.606808662414551,0.2361573129892349,-0.04262538254261017,-0.006168907508254051,0.04764525592327118,0.02710127830505371,XArbitraryZVertical,-0.1505627701055677,-0.03804769490273103,-0.01121109093968381,0.9878044264051338,-0.03090993873775005,0.2326129227876663,-0.9720780849456787,0,0,0,-1,-1,3542.123566166667,unknown,2,2026-04-24T18:34:45.265+02:00,2026-04-24T18:20:19.173+02:00,16,0.7102333,0,0,12.45568,0,0,2026-04-24T18:28:28.837+02:00,798741321.4710808,0,1.97,101.541,1,0.85,0
2026-04-24T18:35:23.528+02:00,1777048522.815582,53.56898963022433,9.882980424919118,39.25409,-1,-1,-1,-1,30.01978840862869,11.695014,-9999,3580.381715291667,-0.02923583984375,0.179412841796875,-0.920074462890625,3580.376678291667,-0.03357639278437555,-0.07951935123744584,-0.2766578042274265,2.247896194458008,0.2334832400083542,-0.03884828463196754,-0.001946846023201942,0.02732482552528381,0.0563855767250061,XArbitraryZVertical,-0.1384206844954636,-0.03705100293793357,-0.01113373830626637,0.9896176607503668,-0.02870805002748966,0.2086981236934662,-0.9775586724281311,0,0,0,-1,-1,3542.123566166667,unknown,2,2026-04-24T18:34:45.265+02:00,2026-04-24T18:20:19.173+02:00,16,0.7102333,0,0,12.45568,0,0,2026-04-24T18:28:28.837+02:00,798741321.4710808,0,1.97,101.541,1,0.85,0
2026-04-24T18:35:23.538+02:00,1777048522.815582,53.56898963022433,9.882980424919118,39.25409,-1,-1,-1,-1,30.01978840862869,11.695014,-9999,3580.391790291667,-0.0272216796875,0.1418609619140625,-0.9234771728515625,3580.386752291667,-0.03217856664143826,-0.07685651351114332,-0.255733619498498,1.930156111717224,0.2190648764371872,-0.01764179952442646,-0.002123605459928513,0.01138919591903687,0.06373721361160278,XArbitraryZVertical,-0.1280210797046184,-0.03605014200761144,-0.01104698415568107,0.9910544756929234,-0.02651712857186794,0.1881500035524368,-0.9817822575569153,0,0,0,-1,-1,3542.123566166667,unknown,2,2026-04-24T18:34:45.265+02:00,2026-04-24T18:20:19.173+02:00,16,0.7102333,0,0,12.45568,0,0,2026-04-24T18:28:28.837+02:00,798741321.4710808,0,1.97,101.541,1,0.85,0
2026-04-24T18:35:23.548+02:00,1777048522.815582,53.56898963022433,9.882980424919118,39.25409,-1,-1,-1,-1,30.01978840862869,11.695014,-9999,3580.401864291667,-0.02142333984375,0.11968994140625,-0.9410552978515625,3580.396827291667,-0.03087321955851295,-0.07444739249334197,-0.2372975791519057,1.751688957214355,0.1976693123579025,-0.009731145575642586,-0.004796996712684631,-0.01079303026199341,0.06450551748275757,XArbitraryZVertical,-0.1188449260530247,-0.03512315370227821,-0.01091220689571655,0.9922314217407094,-0.02448460832238197,0.1699727177619934,-0.9851445555686951,0,0,0,-1,-1,3542.123566166667,unknown,2,2026-04-24T18:34:45.265+02:00,2026-04-24T18:20:19.173+02:00,16,0.7102333,0,0,12.45568,0,0,2026-04-24T18:28:28.837+02:00,798741321.4710808,0,1.97,101.541,1,0.85,0
2026-04-24T18:35:23.558+02:00,1777048522.815582,53.56898963022433,9.882980424919118,39.25409,-1,-1,-1,-1,30.01978840862869,11.695014,-9999,3580.411939291667,-0.0135955810546875,0.1277618408203125,-0.9674530029296875,3580.406902291667,-0.02958630671579931,-0.0723760500806656,-0.2196039486616062,1.8147292137146,0.171947181224823,0.0006706287385895848,-0.001632014289498329,-0.02481596171855927,0.05729079246520996,XArbitraryZVertical,-0.1100297157819816,-0.03433837301217778,-0.01072966559477817,0.9932770318008018,-0.02273625880479813,0.1524709910154343,-0.988046407699585,0,0,0,-1,-1,3542.123566166667,unknown,2,2026-04-24T18:34:45.265+02:00,2026-04-24T18:20:19.173+02:00,16,0.7102333,0,0,12.45568,0,0,2026-04-24T18:28:28.837+02:00,798741321.4710808,0,1.97,101.541,1,0.85,0
2026-04-24T18:35:23.568+02:00,1777048522.815582,53.56898963022433,9.882980424919118,39.25409,-1,-1,-1,-1,30.01978840862869,11.695014,-9999,3580.422014291667,-0.0084381103515625,0.16314697265625,-1.02923583984375,3580.416976291667,-0.02808267539788107,-0.07023184587147414,-0.1997638518552397,2.133525609970093,0.1770047843456268,0.01031719706952572,0.003247015178203583,-0.01359985768795013,0.03953850269317627,XArbitraryZVertical,-0.1001351328668475,-0.03353104293670028,-0.01046173049471937,0.994353650517669,-0.02091667801141739,0.1327862292528152,-0.9909239411354065,0,0,0,-1,-1,3542.123566166667,unknown,2,2026-04-24T18:34:45.265+02:00,2026-04-24T18:20:19.173+02:00,16,0.7102333,0,0,12.45568,0,0,2026-04-24T18:28:28.837+02:00,798741321.4710808,0,1.97,101.541,1,0.85,0
2026-04-24T18:35:23.578+02:00,1777048522.815582,53.56898963022433,9.882980424919118,39.25409,-1,-1,-1,-1,30.01978840862869,11.695014,-9999,3580.432088291667,-0.0074005126953125,0.208343505859375,-1.030715942382812,3580.427051291667,-0.02648292171149577,-0.06807159419034707,-0.1770578810238607,2.374082088470459,0.1947821825742722,-0.008894047699868679,0.00826728530228138,0.03257686644792557,-0.006136119365692139,XArbitraryZVertical,-0.0888032087729248,-0.03272298044773281,-0.01017320724093672,0.9954595972644307,-0.01907049492001534,0.1101996153593063,-0.9937264919281006,0,0,0,-1,-1,3542.123566166667,unknown,2,2026-04-24T18:34:45.265+02:00,2026-04-24T18:20:19.173+02:00,16,0.7102333,0,0,12.45568,0,0,2026-04-24T18:28:28.837+02:00,798741321.4710808,0,1.97,101.541,1,0.85,0
2026-04-24T18:35:23.588+02:00,1777048522.815582,53.56898963022433,9.882980424919118,39.25409,-1,-1,-1,-1,30.01978840862869,11.695014,-9999,3580.442163291667,-0.012237548828125,0.220184326171875,-1.027130126953125,3580.437125291667,-0.02492893051937227,-0.06567851441383764,-0.15274764049498,2.417380571365356,0.2318584471940994,-0.005834075622260571,0.01007096469402313,0.09911224246025085,-0.03903251886367798,XArbitraryZVertical,-0.07666057203758431,-0.0317846016061195,-0.009916130629396627,0.9965012579347579,-0.01695266366004944,0.08596159517765045,-0.9961541891098022,0,0,0,-1,-1,3542.123566166667,unknown,2,2026-04-24T18:34:45.265+02:00,2026-04-24T18:20:19.173+02:00,16,0.7102333,0,0,12.45568,0,0,2026-04-24T18:28:28.837+02:00,798741321.4710808,0,1.97,101.541,1,0.85,0
2026-04-24T18:35:23.599+02:00,1777048522.815582,53.56898963022433,9.882980424919118,39.25409,-1,-1,-1,-1,30.01978840862869,11.695014,-9999,3580.452237291667,-0.0173187255859375,0.1397247314453125,-0.9728546142578125,3580.447200291667,-0.02347856081027703,-0.06308461964562714,-0.1298230272164497,2.104907274246216,0.2385903894901276,-0.004510484635829926,0.005417981185019016,0.1619474291801453,-0.03323978185653687,XArbitraryZVertical,-0.0651986359623805,-0.03070740849538257,-0.009662919640857434,0.9973529786617599,-0.01457324251532555,0.06305865943431854,-0.9979034066200256,0,0,0,-1,-1,3542.123566166667,unknown,2,2026-04-24T18:34:45.265+02:00,2026-04-24T18:20:19.173+02:00,16,0.7102333,0,0,12.45568,0,0,2026-04-24T18:28:28.837+02:00,798741321.4710808,0,1.97,101.541,1,0.85,0
2026-04-24T18:35:23.609+02:00,1777048522.815582,53.56898963022433,9.882980424919118,39.25409,-1,-1,-1,-1,30.01978840862869,11.695014,-9999,3580.462312291667,-0.025360107421875,0.0080413818359375,-0.902069091796875,3580.457275291667,-0.022404768741214,-0.06060526032966748,-0.111500606135445,1.51991856098175,0.2134767770767212,-0.01357355434447527,-0.003363912925124168,0.1460323184728622,-0.008430600166320801,XArbitraryZVertical,-0.05603122279486655,-0.02962510673842828,-0.009491469090766706,0.9979443539472411,-0.01223055552691221,0.04473305121064186,-0.9989240765571594,0,0,0,-1,-1,3542.123566166667,unknown,2,2026-04-24T18:34:45.265+02:00,2026-04-24T18:20:19.173+02:00,16,0.7102333,0,0,12.45568,0,0,2026-04-24T18:28:28.837+02:00,798741321.4710808,0,1.97,101.541,1,0.85,0
2026-04-24T18:35:23.619+02:00,1777048522.815582,53.56898963022433,9.882980424919118,39.25409,-1,-1,-1,-1,30.01978840862869,11.695014,-9999,3580.472387291667,-0.031097412109375,-0.092498779296875,-0.8661041259765625,3580.467349291667,-0.02181546855917996,-0.05846955421455775,-0.09938860158489915,0.9077542424201965,0.1956165581941605,-0.01271015778183937,-0.010679648257792,0.0430980771780014,0.0647239089012146,XArbitraryZVertical,-0.04996810702762398,-0.0286512023008936,-0.009437486406661595,0.9982952192399268,-0.01016384456306696,0.0326160304248333,-0.9994162917137146,0,0,0,-1,-1,3542.123566166667,unknown,2,2026-04-24T18:34:45.265+02:00,2026-04-24T18:20:19.173+02:00,16,0.7102333,0,0,12.45568,0,0,2026-04-24T18:28:28.837+02:00,798741321.4710808,0,1.97,101.541,1,0.85,0
2026-04-24T18:35:23.629+02:00,1777048522.815582,53.56898963022433,9.882980424919118,39.25409,-1,-1,-1,-1,30.01978840862869,11.695014,-9999,3580.482461291667,-0.020233154296875,-0.112884521484375,-0.8860015869140625,3580.477424291667,-0.02155855637467661,-0.0567372703601845,-0.09219340513334491,0.5657048225402832,0.1449533700942993,-0.02000828459858894,-0.02129307761788368,-0.0764147937297821,0.1209484338760376,XArbitraryZVertical,-0.04636457953856548,-0.02783654699057332,-0.009456299914890217,0.9984919681678307,-0.008461547084152699,0.02541991882026196,-0.9996410608291626,0,0,0,-1,-1,3542.123566166667,unknown,2,2026-04-24T18:34:45.265+02:00,2026-04-24T18:20:19.173+02:00,16,0.7102333,0,0,12.45568,0,0,2026-04-24T18:28:28.837+02:00,798741321.4710808,0,1.97,101.541,1,0.85,0
2026-04-24T18:35:23.639+02:00,1777048522.815582,53.56898963022433,9.882980424919118,39.25409,-1,-1,-1,-1,30.01978840862869,11.695014,-9999,3580.492536291667,-0.0029449462890625,-0.046630859375,-0.9664459228515625,3580.487498291667,-0.02137215693366548,-0.0553002725331429,-0.0865230438816053,0.5970616936683655,0.1359675973653793,-0.003013854846358299,-0.02060433477163315,-0.1338844001293182,0.1318755149841309,XArbitraryZVertical,-0.0435241768611829,-0.02715720011753735,-0.009476202327781914,0.9986383369108274,-0.007044577039778233,0.01974865607917309,-0.9997801780700684,0,0,0,-1,-1,3542.123566166667,unknown,2,2026-04-24T18:34:45.265+02:00,2026-04-24T18:20:19.173+02:00,16,0.7102333,0,0,12.45568,0,0,2026-04-24T18:28:28.837+02:00,798741321.4710808,0,1.97,101.541,1,0.85,0
2026-04-24T18:35:23.649+02:00,1777048522.815582,53.56898963022433,9.882980424919118,39.25409,-1,-1,-1,-1,30.01978840862869,11.695014,-9999,3580.502611,0.011199951171875,0.05572509765625,-1.024826049804688,3580.497574,-0.02101185394443248,-0.05398754983804171,-0.07974209905642123,0.7532165050506592,0.1209313869476318,-0.001066218479536474,-0.005361463408917189,-0.1031386703252792,0.07843643426895142,XArbitraryZVertical,-0.04012709552870242,-0.02654894676085942,-0.009417765052971063,0.9987974166032857,-0.005762180779129267,0.01295922044664621,-0.9998994469642639,0,0,0,-1,-1,3542.123566166667,unknown,2,2026-04-24T18:34:45.265+02:00,2026-04-24T18:20:19.173+02:00,16,0.7102333,0,0,12.45568,0,0,2026-04-24T18:28:28.837+02:00,798741321.4710808,0,1.97,101.541,1,0.85,0
2026-04-24T18:35:23.659+02:00,1777048522.815582,53.56898963022433,9.882980424919118,39.25409,-1,-1,-1,-1,30.01978840862869,11.695014,-9999,3580.512686,0.0184783935546875,0.0923004150390625,-1.04840087890625,3580.507649,-0.02052487022234272,-0.05276058273626311,-0.07128873491855739,0.9267627000808716,0.116360068321228,0.01087166741490364,0.008584807626903057,0.002724770456552505,-0.003102779388427734,XArbitraryZVertical,-0.03589306365480614,-0.02599350277146161,-0.009312217121640369,0.9989741009529494,-0.004571732133626938,0.004492628388106823,-0.9999794363975525,0,0,0,-1,-1,3542.123566166667,unknown,2,2026-04-24T18:34:45.265+02:00,2026-04-24T18:20:19.173+02:00,16,0.7102333,0,0,12.45568,0,0,2026-04-24T18:28:28.837+02:00,798741321.4710808,0,1.97,101.541,1,0.85,0
2026-04-24T18:35:23.669+02:00,1777048522.815582,53.56898963022433,9.882980424919118,39.25409,-1,-1,-1,-1,30.01978840862869,11.695014,-9999,3580.522761,0.011474609375,0.0439300537109375,-1.041549682617188,3580.517723,-0.01985997802566174,-0.05154750393433707,-0.06157884015626456,0.9752272963523865,0.117031991481781,0.01516088843345642,0.01979082822799683,0.09173997491598129,-0.03789180517196655,XArbitraryZVertical,-0.03102859451728046,-0.02545183146933132,-0.00912851687198799,0.9991526541007276,-0.003402875270694494,-0.005237906705588102,-0.9999805092811584,0,0,0,-1,-1,3542.123566166667,unknown,2,2026-04-24T18:34:45.265+02:00,2026-04-24T18:20:19.173+02:00,16,0.7102333,0,0,12.45568,0,0,2026-04-24T18:28:28.837+02:00,798741321.4710808,0,1.97,101.541,1,0.85,0
2026-04-24T18:35:23.679+02:00,1777048522.815582,53.56898963022433,9.882980424919118,39.25409,-1,-1,-1,-1,30.01978840862869,11.695014,-9999,3580.532835,-0.00372314453125,-0.0085906982421875,-0.9910888671875,3580.527798,-0.01931574445052221,-0.05034346207798437,-0.05244616955305613,0.8322141766548157,0.1206467002630234,0.002371057169511914,0.0186491496860981,0.08808561414480209,-0.05172640085220337,XArbitraryZVertical,-0.02645354409441504,-0.02490610112765954,-0.008991439245350988,0.9992992429027413,-0.002230679616332054,-0.01438567042350769,-0.9998940229415894,0,0,0,-1,-1,3542.123566166667,unknown,2,2026-04-24T18:34:45.265+02:00,2026-04-24T18:20:19.173+02:00,16,0.7102333,0,0,12.45568,0,0,2026-04-24T18:28:28.837+02:00,798741321.4710808,0,1.97,101.541,1,0.85,0
2026-04-24T18:35:23.689+02:00,1777048522.815582,53.56898963022433,9.882980424919118,39.25409,-1,-1,-1,-1,30.01978840862869,11.695014,-9999,3580.54291,-0.0123443603515625,-0.04547119140625,-0.962860107421875,3580.537873,-0.01896105329307282,-0.04914034029482959,-0.04488933653101372,0.6701412796974182,0.1093583554029465,-0.004629927221685648,0.005698556546121836,0.03643012791872025,-0.01862829923629761,XArbitraryZVertical,-0.02266785285445515,-0.0243477030032927,-0.00892379282229175,0.9994067441416132,-0.001044612261466682,-0.02194954268634319,-0.9997585415840149,0,0,0,-1,-1,3542.123566166667,unknown,2,2026-04-24T18:34:45.265+02:00,2026-04-24T18:20:19.173+02:00,16,0.7102333,0,0,12.45568,0,0,2026-04-24T18:28:28.837+02:00,798741321.4710808,0,1.97,101.541,1,0.85,0
2026-04-24T18:35:23.699+02:00,1777048522.815582,53.56898963022433,9.882980424919118,39.25409,-1,-1,-1,-1,30.01978840862869,11.695014,-9999,3580.552984,-0.0077667236328125,-0.0605316162109375,-0.9524383544921875,3580.547947,-0.0187931007135916,-0.04806340931858964,-0.03901725791373579,0.5035437941551208,0.103368379175663,-0.01406337693333626,-0.01051064673811197,-0.0001330319792032242,0.02710926532745361,XArbitraryZVertical,-0.01972664267751311,-0.02384050924064767,-0.00892318042553268,0.9994814123267414,2.787200901366305e-05,-0.02782107889652252,-0.9996129274368286,0,0,0,-1,-1,3542.123566166667,unknown,2,2026-04-24T18:34:45.265+02:00,2026-04-24T18:20:19.173+02:00,16,0.7102333,0,0,12.45568,0,0,2026-04-24T18:28:28.837+02:00,798741321.4710808,0,1.97,101.541,1,0.85,0
2026-04-24T18:35:23.709+02:00,1777048522.815582,53.56898963022433,9.882980424919118,39.25409,-1,-1,-1,-1,30.01978840862869,11.695014,-9999,3580.563059,-0.0010986328125,-0.0514984130859375,-0.966583251953125,3580.558022,-0.01868807427013579,-0.04699535778165968,-0.03436562871681102,0.431462287902832,0.1028581187129021,-0.009279606863856316,-0.012188202701509,-0.02494858577847481,0.04349368810653687,XArbitraryZVertical,-0.01739598283752658,-0.02333051996797048,-0.008936260991928301,0.9995365134353834,0.001095076906494796,-0.03247024491429329,-0.9994720816612244,0,0,0,-1,-1,3542.123566166667,unknown,2,2026-04-24T18:34:45.265+02:00,2026-04-24T18:20:19.173+02:00,16,0.7102333,0,0,12.45568,0,0,2026-04-24T18:28:28.837+02:00,798741321.4710808,0,1.97,101.541,1,0.85,0
2026-04-24T18:35:23.719+02:00,1777048522.815582,53.56898963022433,9.882980424919118,39.25409,-1,-1,-1,-1,30.01978840862869,11.695014,-9999,3580.573134,0.004180908203125,-0.0391693115234375,-0.984100341796875,3580.568096,-0.01856982778437047,-0.04604910652219917,-0.03017741949666915,0.4006250202655792,0.08753322064876556,-0.005708041600883007,-0.006434120237827301,-0.02079255878925323,0.04476648569107056,XArbitraryZVertical,-0.01529722156487127,-0.02287885166501799,-0.008933910418564147,0.9995813450885797,0.002039602492004633,-0.03665679320693016,-0.9993258118629456,0,0,0,-1,-1,3542.123566166667,unknown,2,2026-04-24T18:34:45.265+02:00,2026-04-24T18:20:19.173+02:00,16,0.7102333,0,0,12.45568,0,0,2026-04-24T18:28:28.837+02:00,798741321.4710808,0,1.97,101.541,1,0.85,0
2026-04-24T18:35:23.740+02:00,1777048522.815582,53.56898963022433,9.882980424919118,39.25409,-1,-1,-1,-1,30.01978840862869,11.695014,-9999,3580.583208,0.0068206787109375,-0.03558349609375,-0.9913787841796875,3580.578171,-0.01845903595199396,-0.04514866505199095,-0.02629020305053227,0.3700732290744781,0.08675903826951981,-0.00896075926721096,-0.001275588991120458,-0.003342349082231522,0.02020013332366943,XArbitraryZVertical,-0.01334912501353197,-0.02244821590574544,-0.008929542311456318,0.9996190459960322,0.002938810735940933,-0.04054193943738937,-0.9991735219955444,0,0,0,-1,-1,3542.123566166667,unknown,2,2026-04-24T18:34:45.265+02:00,2026-04-24T18:20:19.173+02:00,16,0.7102333,0,0,12.45568,0,0,2026-04-24T18:28:28.837+02:00,798741321.4710808,0,1.97,101.541,1,0.85,0
2026-04-24T18:35:23.744+02:00,1777048522.815582,53.56898963022433,9.882980424919118,39.25409,-1,-1,-1,-1,30.01978840862869,11.695014,-9999,3580.593283,0.0036163330078125,-0.038116455078125,-0.99139404296875,3580.588246,-0.01841382799586276,-0.04430251072359498,-0.02277494941325096,0.3255584836006165,0.08257627487182617,-0.01202206313610077,0.001857930328696966,0.008163478225469589,0.01232773065567017,XArbitraryZVertical,-0.011587863353647,-0.0220422531613221,-0.008951717621505935,0.9996498889116991,0.003787835594266653,-0.04405215755105019,-0.9990220665931702,0,0,0,-1,-1,3542.123566166667,unknown,2,2026-04-24T18:34:45.265+02:00,2026-04-24T18:20:19.173+02:00,16,0.7102333,0,0,12.45568,0,0,2026-04-24T18:28:28.837+02:00,798741321.4710808,0,1.97,101.541,1,0.85,0
2026-04-24T18:35:23.764+02:00,1777048522.815582,53.56898963022433,9.882980424919118,39.25409,-1,-1,-1,-1,30.01978840862869,11.695014,-9999,3580.603358,0.0018157958984375,-0.0535430908203125,-0.9805450439453125,3580.59832,-0.01837662742756154,-0.04342083156099916,-0.01963821741810937,0.2975314557552338,0.08935828506946564,-0.01045019924640656,0.0008665737695991993,0.01166131719946861,0.005222976207733154,XArbitraryZVertical,-0.01001567554348065,-0.02161654820773549,-0.008972427653740943,0.9996760032591054,0.00467238062992692,-0.04718378931283951,-0.9988753199577332,0,0,0,-1,-1,3542.123566166667,unknown,2,2026-04-24T18:34:45.265+02:00,2026-04-24T18:20:19.173+02:00,16,0.7102333,0,0,12.45568,0,0,2026-04-24T18:28:28.837+02:00,798741321.4710808,0,1.97,101.541,1,0.85,0
2026-04-24T18:35:23.767+02:00,1777048522.815582,53.56898963022433,9.882980424919118,39.25409,-1,-1,-1,-1,30.01978840862869,11.695014,-9999,3580.613432,-7.62939453125e-05,-0.0677032470703125,-0.974456787109375,3580.608395,-0.01835345122463925,-0.0425368430983993,-0.01674901242605138,0.2891904413700104,0.09595572948455811,-0.008090373128652573,-0.002797932364046574,0.005633726716041565,0.0135771632194519,XArbitraryZVertical,-0.008567312311102268,-0.02118834657471412,-0.008996110486777882,0.9996982793556439,0.005559787154197693,-0.05006733164191246,-0.9987303614616394,0,0,0,-1,-1,3542.123566166667,unknown,2,2026-04-24T18:34:45.265+02:00,2026-04-24T18:20:19.173+02:00,16,0.7102333,0,0,12.45568,0,0,2026-04-24T18:28:28.837+02:00,798741321.4710808,0,1.97,101.541,1,0.85,0
2026-04-24T18:35:23.774+02:00,1777048522.815582,53.56898963022433,9.882980424919118,39.25409,-1,-1,-1,-1,30.01978840862869,11.695014,-9999,3580.623507,0.004119873046875,-0.0525054931640625,-0.9839324951171875,3580.618469,-0.01829694698913775,-0.04150695515190489,-0.01354943394376885,0.3443707823753357,0.1018218770623207,-0.006909993011504412,-0.006637225858867168,-0.0103369764983654,0.02242356538772583,XArbitraryZVertical,-0.006962764235744043,-0.02068867794500725,-0.009005583349915776,0.9997212399990226,0.006591463461518288,-0.05326166749000549,-0.9985588192939758,0,0,0,-1,-1,3542.123566166667,unknown,2,2026-04-24T18:34:45.265+02:00,2026-04-24T18:20:19.173+02:00,16,0.7102333,0,0,12.45568,0,0,2026-04-24T18:28:28.837+02:00,798741321.4710808,0,1.97,101.541,1,0.85,0
2026-04-24T18:35:23.780+02:00,1777048522.815582,53.56898963022433,9.882980424919118,39.25409,-1,-1,-1,-1,30.01978840862869,11.695014,-9999,3580.633581,0.0111236572265625,-0.034423828125,-0.984039306640625,3580.628544,-0.01816529067743567,-0.04052691329259795,-0.009946318078047515,0.3657378554344177,0.09182703495025635,-0.0001397047890350223,-0.007538809441030025,-0.006935529410839081,0.02064651250839233,XArbitraryZVertical,-0.005155940434681003,-0.02021582268971896,-0.008979780932664624,0.9997420965936304,0.007569340523332357,-0.05686147511005402,-0.9983533620834351,0,0,0,-1,-1,3542.123566166667,unknown,2,2026-04-24T18:34:45.265+02:00,2026-04-24T18:20:19.173+02:00,16,0.7102333,0,0,12.45568,0,0,2026-04-24T18:28:28.837+02:00,798741321.4710808,0,1.97,101.541,1,0.85,0
2026-04-24T18:35:23.790+02:00,1777048522.815582,53.56898963022433,9.882980424919118,39.25409,-1,-1,-1,-1,30.01978840862869,11.695014,-9999,3580.643656,0.0141754150390625,-0.0450592041015625,-0.992156982421875,3580.638619,-0.01805656709456358,-0.03964133406423574,-0.006280114676508503,0.3531652987003326,0.08575715869665146,-0.009533405303955078,-0.0002454807981848717,0.01955246925354004,0.01258111000061035,XArbitraryZVertical,-0.003318238986311492,-0.01979012029466124,-0.008964111648771037,0.9997584740834192,0.008454723283648491,-0.06052233278751373,-0.9981310367584229,0,0,0,-1,-1,3542.123566166667,unknown,2,2026-04-24T18:34:45.265+02:00,2026-04-24T18:20:19.173+02:00,16,0.7102333,0,0,12.45568,0,0,2026-04-24T18:28:28.837+02:00,798741321.4710808,0,1.97,101.541,1,0.85,0
2026-04-24T18:35:23.800+02:00,1777048522.815582,53.56898963022433,9.882980424919118,39.25409,-1,-1,-1,-1,30.01978840862869,11.695014,-9999,3580.653731,0.0095367431640625,-0.0690460205078125,-0.99395751953125,3580.648693,-0.01810448958478749,-0.03879663109565385,-0.002995796337330416,0.2924622595310211,0.08021964877843857,-0.02249234914779663,0.003920426592230797,0.02778343856334686,0.01101171970367432,XArbitraryZVertical,-0.001673139165781384,-0.01938272628704152,-0.009021354430791962,0.9997700167400199,0.009308957494795322,-0.06379419565200806,-0.9979196786880493,0,0,0,-1,-1,3542.123566166667,unknown,2,2026-04-24T18:34:45.265+02:00,2026-04-24T18:20:19.173+02:00,16,0.7102333,0,0,12.45568,0,0,2026-04-24T18:28:28.837+02:00,798741321.4710808,0,1.97,101.541,1,0.85,0
2026-04-24T18:35:23.811+02:00,1777048522.815582,53.56898963022433,9.882980424919118,39.25409,-1,-1,-1,-1,30.01978840862869,11.695014,-9999,3580.663805,0.009063720703125,-0.080169677734375,-0.9868927001953125,3580.658768,-0.01820931049997643,-0.03801880136727107,-0.0003406157087866508,0.2386280000209808,0.07757139950990677,-0.01939862035214901,0.002413483336567879,0.008421719074249268,0.001798450946807861,XArbitraryZVertical,-0.0003433312276325522,-0.01900591685081005,-0.009099646985343631,0.9997779329373948,0.01009873766452074,-0.06643564999103546,-0.9977396130561829,0,0,0,-1,-1,3542.123566166667,unknown,2,2026-04-24T18:34:45.265+02:00,2026-04-24T18:20:19.173+02:00,16,0.7102333,0,0,12.45568,0,0,2026-04-24T18:28:28.837+02:00,798741321.4710808,0,1.97,101.541,1,0.85,0
2026-04-24T18:35:23.820+02:00,1777048522.815582,53.56898963022433,9.882980424919118,39.25409,-1,-1,-1,-1,30.01978840862869,11.695014,-9999,3580.67388,0.0070343017578125,-0.0811614990234375,-0.9863739013671875,3580.668842,-0.01828744117420388,-0.03726644644632188,0.001869602473277127,0.2013940811157227,0.06962478905916214,-0.0168015044182539,-0.001552282832562923,-0.006789691746234894,0.007745146751403809,XArbitraryZVertical,0.0007642350911975258,-0.0186399046743936,-0.009159418896380058,0.9997839745279146,0.01086015719920397,-0.06863450258970261,-0.997582733631134,0,0,0,-1,-1,3542.123566166667,unknown,2,2026-04-24T18:34:45.265+02:00,2026-04-24T18:20:19.173+02:00,16,0.7102333,0,0,12.45568,0,0,2026-04-24T18:28:28.837+02:00,798741321.4710808,0,1.97,101.541,1,0.85,0
2026-04-24T18:35:23.830+02:00,1777048522.815582,53.56898963022433,9.882980424919118,39.25409,-1,-1,-1,-1,30.01978840862869,11.695014,-9999,3580.683954,0.0101318359375,-0.0680999755859375,-0.989227294921875,3580.678917,-0.01838098394462015,-0.03659317799688638,0.003807126824795041,0.1870268136262894,0.06545055657625198,-0.01686781831085682,-0.003043820150196552,-0.01147065311670303,0.01108205318450928,XArbitraryZVertical,0.00173502058172761,-0.01831225271051615,-0.009223632380852683,0.9997883282535747,0.01154297962784767,-0.07056061178445816,-0.9974406957626343,0,0,0,-1,-1,3542.123566166667,unknown,2,2026-04-24T18:34:45.265+02:00,2026-04-24T18:20:19.173+02:00,16,0.7102333,0,0,12.45568,0,0,2026-04-24T18:28:28.837+02:00,798741321.4710808,0,1.97,101.541,1,0.85,0
2026-04-24T18:35:23.840+02:00,1777048522.815582,53.56898963022433,9.882980424919118,39.25409,-1,-1,-1,-1,30.01978840862869,11.695014,-9999,3580.694029,0.017303466796875,-0.0606536865234375,-1.0023193359375,3580.688992,-0.01845848512276924,-0.03594161978233237,0.005688860477502065,0.186703234910965,0.06091092899441719,-0.01206347532570362,-0.004558203741908073,-0.002565331757068634,0.01112323999404907,XArbitraryZVertical,0.002678000875997706,-0.01799525111646766,-0.00927869528702505,0.9997914745301273,0.01220287103205919,-0.07243162393569946,-0.9972987174987793,0,0,0,-1,-1,3542.123566166667,unknown,2,2026-04-24T18:34:45.265+02:00,2026-04-24T18:20:19.173+02:00,16,0.7102333,0,0,12.45568,0,0,2026-04-24T18:28:28.837+02:00,798741321.4710808,0,1.97,101.541,1,0.85,0
2026-04-24T18:35:23.850+02:00,1777048522.815582,53.56898963022433,9.882980424919118,39.25409,-1,-1,-1,-1,30.01978840862869,11.695014,-9999,3580.704104,0.016845703125,-0.0678558349609375,-1.010772705078125,3580.699066,-0.01846934809363846,-0.03530498691258777,0.007665269324871143,0.2128157913684845,0.0697142705321312,-0.0003290552413091063,0.001972665078938007,0.01199143379926682,0.001250386238098145,XArbitraryZVertical,0.003668861403723178,-0.01768607978013207,-0.009300684346611772,0.9997936911761521,0.01284363307058811,-0.07439989596605301,-0.9971457719802856,0,0,0,-1,-1,3542.123566166667,unknown,2,2026-04-24T18:34:45.265+02:00,2026-04-24T18:20:19.173+02:00,16,0.7102333,0,0,12.45568,0,0,2026-04-24T18:28:28.837+02:00,798741321.4710808,0,1.97,101.541,1,0.85,0
2026-04-24T18:35:23.860+02:00,1777048522.815582,53.56898963022433,9.882980424919118,39.25409,-1,-1,-1,-1,30.01978840862869,11.695014,-9999,3580.714178,0.014129638671875,-0.0748291015625,-1.0155029296875,3580.709141,-0.01836393268929929,-0.03462840385580937,0.01001355328242638,0.2502228021621704,0.06494508683681488,0.002809213707223535,0.003816603682935238,0.01407594978809357,-0.01056337356567383,XArbitraryZVertical,0.00484682751405743,-0.01735835248645643,-0.009267024997055413,0.9997947458525434,0.01351739466190338,-0.07674381136894226,-0.9969592094421387,0,0,0,-1,-1,3542.123566166667,unknown,2,2026-04-24T18:34:45.265+02:00,2026-04-24T18:20:19.173+02:00,16,0.7102333,0,0,12.45568,0,0,2026-04-24T18:28:28.837+02:00,798741321.4710808,0,1.97,101.541,1,0.85,0
2026-04-24T18:35:23.870+02:00,1777048522.815582,53.56898963022433,9.882980424919118,39.25409,-1,-1,-1,-1,30.01978840862869,11.695014,-9999,3580.724253,0.0165252685546875,-0.073272705078125,-1.007583618164062,3580.719216,-0.01825351461235692,-0.0340301338970919,0.01266574036074888,0.272088348865509,0.05425542220473289,0.0003313420165795833,0.001526756212115288,0.00631578266620636,-0.01799625158309937,XArbitraryZVertical,0.006176367561940323,-0.01707098443084804,-0.009232869901734365,0.9997926160624813,0.01411351561546326,-0.07939013093709946,-0.9967436790466309,0,0,0,-1,-1,3542.123566166667,unknown,2,2026-04-24T18:34:45.265+02:00,2026-04-24T18:20:19.173+02:00,16,0.7102333,0,0,12.45568,0,0,2026-04-24T18:28:28.837+02:00,798741321.4710808,0,1.97,101.541,1,0.85,0
2026-04-24T18:35:23.880+02:00,1777048522.815582,53.56898963022433,9.882980424919118,39.25409,-1,-1,-1,-1,30.01978840862869,11.695014,-9999,3580.734327,0.02227783203125,-0.0720977783203125,-1.003585815429688,3580.72929,-0.01819603267762608,-0.03352869137606185,0.01537723715833137,0.266003280878067,0.04902391135692596,-0.004536650143563747,-0.000227772630751133,0.00715646892786026,-0.01512491703033447,XArbitraryZVertical,0.007534635591751644,-0.01683231051146689,-0.009225225341599615,0.9997873985821325,0.01461682561784983,-0.08209238946437836,-0.996517539024353,0,0,0,-1,-1,3542.123566166667,unknown,2,2026-04-24T18:34:45.265+02:00,2026-04-24T18:20:19.173+02:00,16,0.7102333,0,0,12.45568,0,0,2026-04-24T18:28:28.837+02:00,798741321.4710808,0,1.97,101.541,1,0.85,0
2026-04-24T18:35:23.890+02:00,1777048522.815582,53.56898963022433,9.882980424919118,39.25409,-1,-1,-1,-1,30.01978840862869,11.695014,-9999,3580.744402,0.02056884765625,-0.0836944580078125,-0.9980926513671875,3580.739365,-0.01818332669962346,-0.03306113317709967,0.01792354284270329,0.2379177957773209,0.04228877648711205,-0.01106865145266056,0.004930629394948483,0.01342996954917908,-0.009255766868591309,XArbitraryZVertical,0.008809781681430501,-0.01660993156764166,-0.009238059607745618,0.9997805140260524,0.01508891675621271,-0.08462748676538467,-0.9962984323501587,0,0,0,-1,-1,3542.123566166667,unknown,2,2026-04-24T18:34:45.265+02:00,2026-04-24T18:20:19.173+02:00,16,0.7102333,0,0,12.45568,0,0,2026-04-24T18:28:28.837+02:00,798741321.4710808,0,1.97,101.541,1,0.85,0
2026-04-24T18:35:23.900+02:00,1777048522.815582,53.56898963022433,9.882980424919118,39.25409,-1,-1,-1,-1,30.01978840862869,11.695014,-9999,3580.754477,0.0139923095703125,-0.0972900390625,-0.9850616455078125,3580.749439,-0.01824700582675633,-0.03263582813186566,0.02008349093148391,0.1891896724700928,0.04265709221363068,-0.01362262293696404,0.007182149216532707,0.01075465232133865,-0.005495071411132812,XArbitraryZVertical,0.009890961011378095,-0.0164072880156127,-0.009285544689727324,0.9997734104109889,0.01552294380962849,-0.08677394688129425,-0.9961071014404297,0,0,0,-1,-1,3542.123566166667,unknown,2,2026-04-24T18:34:45.265+02:00,2026-04-24T18:20:19.173+02:00,16,0.7102333,0,0,12.45568,0,0,2026-04-24T18:28:28.837+02:00,798741321.4710808,0,1.97,101.541,1,0.85,0
2026-04-24T18:35:23.911+02:00,1777048522.815582,53.56898963022433,9.882980424919118,39.25409,-1,-1,-1,-1,30.01978840862869,11.695014,-9999,3580.764551,0.01434326171875,-0.0986480712890625,-0.982757568359375,3580.759514,-0.01834341236212163,-0.03223490708099259,0.02184342803878644,0.162294402718544,0.04094840586185455,-0.01676495373249054,0.001018833369016647,-0.002635583281517029,0.003957808017730713,XArbitraryZVertical,0.01077181223919789,-0.01621527169987195,-0.009345851513447061,0.999766776172511,0.0159336943179369,-0.08852043002843857,-0.9959468841552734,0,0,0,-1,-1,3542.123566166667,unknown,2,2026-04-24T18:34:45.265+02:00,2026-04-24T18:20:19.173+02:00,16,0.7102333,0,0,12.45568,0,0,2026-04-24T18:28:28.837+02:00,798741321.4710808,0,1.97,101.541,1,0.85,0
2026-04-24T18:35:23.921+02:00,1777048522.815582,53.56898963022433,9.882980424919118,39.25409,-1,-1,-1,-1,30.01978840862869,11.695014,-9999,3580.774626,0.02008056640625,-0.096832275390625,-0.989044189453125,3580.769589,-0.01844298483070073,-0.03186681641887364,0.02336535130752273,0.1384402066469193,0.0309144165366888,-0.01290576718747616,-0.00314292311668396,-0.009030327200889587,0.01457381248474121,XArbitraryZVertical,0.01153351821662656,-0.01603868247340384,-0.009405686251185062,0.9997606666947395,0.01631127297878265,-0.09002974629402161,-0.9958055019378662,0,0,0,-1,-1,3542.123566166667,unknown,2,2026-04-24T18:34:45.265+02:00,2026-04-24T18:20:19.173+02:00,16,0.7102333,0,0,12.45568,0,0,2026-04-24T18:28:28.837+02:00,798741321.4710808,0,1.97,101.541,1,0.85,0
2026-04-24T18:35:23.931+02:00,1777048522.815582,53.56898963022433,9.882980424919118,39.25409,-1,-1,-1,-1,30.01978840862869,11.695014,-9999,3580.7847,0.0233001708984375,-0.0990142822265625,-0.989288330078125,3580.779663,-0.01853846551868926,-0.03154357892831577,0.0247001650648388,0.1352251768112183,0.03782505169510841,-0.01486805081367493,0.0007211808115243912,-0.006486445665359497,0.008893609046936035,XArbitraryZVertical,0.01220152871338865,-0.01588371193916365,-0.009462001639281117,0.9997546500198382,0.0166433360427618,-0.0913529247045517,-0.995679497718811,0,0,0,-1,-1,3542.123566166667,unknown,2,2026-04-24T18:34:45.265+02:00,2026-04-24T18:20:19.173+02:00,16,0.7102333,0,0,12.45568,0,0,2026-04-24T18:28:28.837+02:00,798741321.4710808,0,1.97,101.541,1,0.85,0
2026-04-24T18:35:23.941+02:00,1777048522.815582,53.56898963022433,9.882980424919118,39.25409,-1,-1,-1,-1,30.01978840862869,11.695014,-9999,3580.794775,0.017974853515625,-0.10626220703125,-0.9995574951171875,3580.789738,-0.01859258860696056,-0.03116147878429514,0.02622071616361607,0.1609185487031937,0.03615791350603104,-0.007815999910235405,0.005764883011579514,-0.003939114511013031,0.006687402725219727,XArbitraryZVertical,0.0129630010555879,-0.01569995329174897,-0.00949847856756709,0.99974767592604,0.01703176274895668,-0.09286265075206757,-0.9955332279205322,0,0,0,-1,-1,3542.123566166667,unknown,2,2026-04-24T18:34:45.265+02:00,2026-04-24T18:20:19.173+02:00,16,0.7102333,0,0,12.45568,0,0,2026-04-24T18:28:28.837+02:00,798741321.4710808,0,1.97,101.541,1,0.85,0
2026-04-24T18:35:23.951+02:00,1777048522.815582,53.56898963022433,9.882980424919118,39.25409,-1,-1,-1,-1,30.01978840862869,11.695014,-9999,3580.80485,0.0185699462890625,-0.099334716796875,-0.988250732421875,3580.799812,-0.01861784002898317,-0.0308171865870735,0.02784279976789749,0.1659678667783737,0.03484870120882988,-0.006352127064019442,0.003355825319886208,-0.00905638188123703,0.0004262328147888184,XArbitraryZVertical,0.01377527742949281,-0.01553539308502169,-0.009521262028806945,0.999739190816671,0.01738088205456734,-0.09447451680898666,-0.9953755140304565,0,0,0,-1,-1,3542.123566166667,unknown,2,2026-04-24T18:34:45.265+02:00,2026-04-24T18:20:19.173+02:00,16,0.7102333,0,0,12.45568,0,0,2026-04-24T18:28:28.837+02:00,798741321.4710808,0,1.97,101.541,1,0.85,0
2026-04-24T18:35:23.961+02:00,1777048522.815582,53.56898963022433,9.882980424919118,39.25409,-1,-1,-1,-1,30.01978840862869,11.695014,-9999,3580.814924,0.019927978515625,-0.091400146484375,-0.9909210205078125,3580.809887,-0.01865088297510882,-0.03045719168166782,0.02959147352405954,0.1737855672836304,0.03301538154482841,-0.008501032367348671,0.0002283789217472076,-0.008875682950019836,0.0002076029777526855,XArbitraryZVertical,0.01465084703337994,-0.01536363123877241,-0.009548495443307884,0.9997290895711924,0.01774648763239384,-0.09621159732341766,-0.9952026605606079,0,0,0,-1,-1,3542.123566166667,unknown,2,2026-04-24T18:34:45.265+02:00,2026-04-24T18:20:19.173+02:00,16,0.7102333,0,0,12.45568,0,0,2026-04-24T18:28:28.837+02:00,798741321.4710808,0,1.97,101.541,1,0.85,0
2026-04-24T18:35:23.971+02:00,1777048522.815582,53.56898963022433,9.882980424919118,39.25409,-1,-1,-1,-1,30.01978840862869,11.695014,-9999,3580.824999,0.01678466796875,-0.0927886962890625,-0.9891357421875,3580.819962,-0.01870520310256312,-0.030158662781176,0.03120194299551626,0.1446607112884521,0.02727014571428299,-0.007263194303959608,0.001174174249172211,0.003373332321643829,0.007172107696533203,XArbitraryZVertical,0.01545687596498605,-0.0152221501382863,-0.00958548709478564,0.9997187345878675,0.01805191487073898,-0.09780999273061752,-0.9950413703918457,0,0,0,-1,-1,3542.123566166667,unknown,2,2026-04-24T18:34:45.265+02:00,2026-04-24T18:20:19.173+02:00,16,0.7102333,0,0,12.45568,0,0,2026-04-24T18:28:28.837+02:00,798741321.4710808,0,1.97,101.541,1,0.85,0
2026-04-24T18:35:23.981+02:00,1777048522.815582,53.56898963022433,9.882980424919118,39.25409,-1,-1,-1,-1,30.01978840862869,11.695014,-9999,3580.835074,0.018524169921875,-0.1010589599609375,-0.9873809814453125,3580.830036,-0.01876288814198114,-0.02994862166864819,0.03253587801323317,0.1145909503102303,0.01389894634485245,-0.01357488706707954,0.0007437746971845627,0.007198907434940338,0.003298819065093994,XArbitraryZVertical,0.01612422718360796,-0.01512370174100579,-0.009622584107342489,0.9997093021186337,0.01826868951320648,-0.09913311898708344,-0.994906485080719,0,0,0,-1,-1,3542.123566166667,unknown,2,2026-04-24T18:34:45.265+02:00,2026-04-24T18:20:19.173+02:00,16,0.7102333,0,0,12.45568,0,0,2026-04-24T18:28:28.837+02:00,798741321.4710808,0,1.97,101.541,1,0.85,0
2026-04-24T18:35:23.991+02:00,1777048522.815582,53.56898963022433,9.882980424919118,39.25409,-1,-1,-1,-1,30.01978840862869,11.695014,-9999,3580.845148,0.02001953125,-0.1054229736328125,-0.985076904296875,3580.840111,-0.01890214332113169,-0.02986092577872419,0.03350883201068129,0.07435458153486252,0.004653783049434423,-0.02054171450436115,-0.001156197860836983,0.00399356335401535,0.007610619068145752,XArbitraryZVertical,0.01660993339717984,-0.01508546434172153,-0.0096986693166551,0.9997012888411159,0.01836812496185303,-0.1000934317708015,-0.9948084950447083,0,0,0,-1,-1,3542.123566166667,unknown,2,2026-04-24T18:34:45.265+02:00,2026-04-24T18:20:19.173+02:00,16,0.7102333,0,0,12.45568,0,0,2026-04-24T18:28:28.837+02:00,798741321.4710808,0,1.97,101.541,1,0.85,0
2026-04-24T18:35:24.001+02:00,1777048522.815582,53.56898963022433,9.882980424919118,39.25409,-1,-1,-1,-1,30.01978840862869,11.695014,-9999,3580.855223,0.0192413330078125,-0.100494384765625,-0.98583984375,3580.850185,-0.01906716619164334,-0.02981600570189584,0.0341420242929461,0.05511431023478508,0.00408945931121707,-0.01405026018619537,0.001044522970914841,-0.004235208034515381,0.007287442684173584,XArbitraryZVertical,0.01692541072788813,-0.01506731952369278,-0.009785450979250428,0.9996954014980753,0.01842570677399635,-0.1007147580385208,-0.9947447180747986,0,0,0,-1,-1,3542.123566166667,unknown,2,2026-04-24T18:34:45.265+02:00,2026-04-24T18:20:19.173+02:00,16,0.7102333,0,0,12.45568,0,0,2026-04-24T18:28:28.837+02:00,798741321.4710808,0,1.97,101.541,1,0.85,0
2026-04-24T18:35:24.011+02:00,1777048522.815582,53.56898963022433,9.882980424919118,39.25409,-1,-1,-1,-1,30.01978840862869,11.695014,-9999,3580.865297,0.01898193359375,-0.1068267822265625,-0.995147705078125,3580.86026,-0.01912880705012949,-0.02975539253824201,0.03470175256126876,0.0578610934317112,0.004242857452481985,-0.005059428513050079,0.0004443787038326263,-0.0009658858180046082,0.01113629341125488,XArbitraryZVertical,0.0172050229381248,-0.01504014773776419,-0.009819865491386826,0.9996907281030605,0.01849179342389107,-0.1012680158019066,-0.9946873188018799,0,0,0,-1,-1,3542.123566166667,unknown,2,2026-04-24T18:34:45.265+02:00,2026-04-24T18:20:19.173+02:00,16,0.7102333,0,0,12.45568,0,0,2026-04-24T18:28:28.837+02:00,798741321.4710808,0,1.97,101.541,1,0.85,0
2026-04-24T18:35:24.021+02:00,1777048522.815582,53.56898963022433,9.882980424919118,39.25409,-1,-1,-1,-1,30.01978840862869,11.695014,-9999,3580.875372,0.0185394287109375,-0.1131439208984375,-0.9892578125,3580.870335,-0.01916440911547648,-0.02972318698315527,0.03527671312228106,0.05459392815828323,0.00209688232280314,-0.006550000049173832,0.0005455724895000458,0.0003666579723358154,0.003142893314361572,XArbitraryZVertical,0.01749230705164265,-0.01502703664832729,-0.009841608032266264,0.9996856447090189,0.01852792873978615,-0.1018376126885414,-0.9946284890174866,0,0,0,-1,-1,3542.123566166667,unknown,2,2026-04-24T18:34:45.265+02:00,2026-04-24T18:20:19.173+02:00,16,0.7102333,0,0,12.45568,0,0,2026-04-24T18:28:28.837+02:00,798741321.4710808,0,1.97,101.541,1,0.85,0
2026-04-24T18:35:24.031+02:00,1777048522.815582,53.56898963022433,9.882980424919118,39.25409,-1,-1,-1,-1,30.01978840862869,11.695014,-9999,3580.885447,0.02099609375,-0.106597900390625,-0.9848785400390625,3580.880409,-0.0192217931480433,-0.02966534294993718,0.03586599116402218,0.06034395843744278,0.006240760907530785,-0.007249346002936363,-0.0004330966621637344,-0.00840422511100769,0.0001827478408813477,XArbitraryZVertical,0.01778670892002073,-0.01500137920161645,-0.009874104243515791,0.9996804909019426,0.01859106868505478,-0.1024203673005104,-0.9945674538612366,0,0,0,-1,-1,3542.123566166667,unknown,2,2026-04-24T18:34:45.265+02:00,2026-04-24T18:20:19.173+02:00,16,0.7102333,0,0,12.45568,0,0,2026-04-24T18:28:28.837+02:00,798741321.4710808,0,1.97,101.541,1,0.85,0
2026-04-24T18:35:24.044+02:00,1777048522.815582,53.56898963022433,9.882980424919118,39.25409,-1,-1,-1,-1,30.01978840862869,11.695014,-9999,3580.895521,0.0176849365234375,-0.1055755615234375,-0.9875640869140625,3580.890484,-0.01928334868359514,-0.02955706399131122,0.03641080272637138,0.04441506043076515,0.009956136345863342,-0.004139306489378214,0.001482874155044556,-0.008140541613101959,0.008593618869781494,XArbitraryZVertical,0.01805910230786403,-0.01495035677544342,-0.009907886110295529,0.9996760783084425,0.01870451867580414,-0.1029587090015411,-0.994509756565094,0,0,0,-1,-1,3542.123566166667,unknown,2,2026-04-24T18:34:45.265+02:00,2026-04-24T18:20:19.173+02:00,16,0.7102333,0,0,12.45568,0,0,2026-04-24T18:28:28.837+02:00,798741321.4710808,0,1.97,101.541,1,0.85,0
2026-04-24T18:35:24.052+02:00,1777048522.815582,53.56898963022433,9.882980424919118,39.25409,-1,-1,-1,-1,30.01978840862869,11.695014,-9999,3580.905596,0.0145263671875,-0.114501953125,-0.986846923828125,3580.900558,-0.01933759005628107,-0.02945668380180113,0.0368028940720696,0.0334060862660408,0.01222594920545816,-0.008437382057309151,0.0006610769778490067,-0.000887162983417511,0.008063197135925293,XArbitraryZVertical,0.01825517894200659,-0.01490251532178741,-0.009936943975222412,0.9996729110635189,0.01880915090441704,-0.1033456400036812,-0.9944676160812378,0,0,0,-1,-1,3542.123566166667,unknown,2,2026-04-24T18:34:45.265+02:00,2026-04-24T18:20:19.173+02:00,16,0.7102333,0,0,12.45568,0,0,2026-04-24T18:28:28.837+02:00,798741321.4710808,0,1.97,101.541,1,0.85,0
2026-04-24T18:35:24.062+02:00,1777048522.815582,53.56898963022433,9.882980424919118,39.25409,-1,-1,-1,-1,30.01978840862869,11.695014,-9999,3580.91567,0.0168304443359375,-0.1120452880859375,-0.990325927734375,3580.910633,-0.01940475395733146,-0.02934126548897708,0.03710130846412774,0.02808855287730694,0.0118238115683198,-0.005573218688368797,-0.003685764968395233,-0.005903981626033783,0.007130146026611328,XArbitraryZVertical,0.018404413367143,-0.01484684528037625,-0.009971623404670834,0.9996706309992615,0.01892931014299393,-0.1036388799548149,-0.9944348335266113,0,0,0,-1,-1,3542.123566166667,unknown,2,2026-04-24T18:34:45.265+02:00,2026-04-24T18:20:19.173+02:00,16,0.7102333,0,0,12.45568,0,0,2026-04-24T18:28:28.837+02:00,798741324.0493344,0,1.94,101.5415,1,0.85,0
2026-04-24T18:35:24.072+02:00,1777048522.815582,53.56898963022433,9.882980424919118,39.25409,-1,-1,-1,-1,30.01978840862869,11.695014,-9999,3580.925745,0.02020263671875,-0.09979248046875,-0.9942474365234375,3580.920708,-0.01944479987006872,-0.0292121063418466,0.03742098006916152,0.03333700075745583,0.01066427119076252,-0.004753298126161098,-0.004153536632657051,-0.01141718775033951,0.005721449851989746,XArbitraryZVertical,0.01856454544582424,-0.01478416571147104,-0.009992756384129267,0.9996683742608365,0.0190613865852356,-0.1039545238018036,-0.99439936876297,0,0,0,-1,-1,3542.123566166667,unknown,2,2026-04-24T18:34:45.265+02:00,2026-04-24T18:20:19.173+02:00,16,0.7102333,0,0,12.45568,0,0,2026-04-24T18:28:28.837+02:00,798741324.0493344,0,1.94,101.5415,1,0.85,0
2026-04-24T18:35:24.082+02:00,1777048522.815582,53.56898963022433,9.882980424919118,39.25409,-1,-1,-1,-1,30.01978840862869,11.695014,-9999,3580.93582,0.0209808349609375,-0.0948028564453125,-0.9970550537109375,3580.930782,-0.01945499083246543,-0.02911677501812395,0.03775760548609464,0.0331772118806839,0.008091923780739307,2.201591269113123e-05,-0.001274576410651207,-0.001561775803565979,0.002785444259643555,XArbitraryZVertical,0.01873320290668166,-0.01473820002878352,-0.009999383447265741,0.9996659152964853,0.01915789023041725,-0.1042884439229965,-0.9943625330924988,0,0,0,-1,-1,3542.123566166667,unknown,2,2026-04-24T18:34:45.265+02:00,2026-04-24T18:20:19.173+02:00,16,0.7102333,0,0,12.45568,0,0,2026-04-24T18:28:28.837+02:00,798741324.0493344,0,1.94,101.5415,1,0.85,0
2026-04-24T18:35:24.092+02:00,1777048522.815582,53.56898963022433,9.882980424919118,39.25409,-1,-1,-1,-1,30.01978840862869,11.695014,-9999,3580.945894,0.020599365234375,-0.0979156494140625,-0.9982147216796875,3580.940857,-0.01946752434271789,-0.02903439085736089,0.03811859519354621,0.03513596579432487,0.01259000319987535,-0.00340720359236002,0.001647558063268661,0.00863812118768692,-0.001709401607513428,XArbitraryZVertical,0.01891395815886572,-0.01469884591406167,-0.01000746281746517,0.9996630005231573,0.01924173906445503,-0.1046464368700981,-0.9943233132362366,0,0,0,-1,-1,3542.123566166667,unknown,2,2026-04-24T18:34:45.265+02:00,2026-04-24T18:20:19.173+02:00,16,0.7102333,0,0,12.45568,0,0,2026-04-24T18:28:28.837+02:00,798741324.0493344,0,1.94,101.5415,1,0.85,0
2026-04-24T18:35:24.102+02:00,1777048522.815582,53.56898963022433,9.882980424919118,39.25409,-1,-1,-1,-1,30.01978840862869,11.695014,-9999,3580.955969,0.0218963623046875,-0.10137939453125,-0.9974212646484375,3580.950932,-0.01948783843011173,-0.02894017275158881,0.03846767791885426,0.03647473827004433,0.006544893607497215,-0.001543789752759039,0.001597240567207336,0.009105980396270752,-0.003853380680084229,XArbitraryZVertical,0.01908876463191005,-0.01465359715654245,-0.01001921814521567,0.9996601931576129,0.01933783106505871,-0.1049922108650208,-0.994284987449646,0,0,0,-1,-1,3542.123566166667,unknown,2,2026-04-24T18:34:45.265+02:00,2026-04-24T18:20:19.173+02:00,16,0.7102333,0,0,12.45568,0,0,2026-04-24T18:28:28.837+02:00,798741324.0493344,0,1.94,101.5415,1,0.85,0
2026-04-24T18:35:24.115+02:00,1777048522.815582,53.56898963022433,9.882980424919118,39.25409,-1,-1,-1,-1,30.01978840862869,11.695014,-9999,3580.966043,0.021087646484375,-0.1028289794921875,-0.9929046630859375,3580.961006,-0.01949333705170465,-0.02886100143847687,0.03888276480656673,0.04788792878389359,0.01026266627013683,-0.001148243667557836,0.001715259626507759,0.005581237375736237,-0.003776490688323975,XArbitraryZVertical,0.01929659487049761,-0.01461604180641319,-0.01002416595279768,0.9996566994963013,0.01941817626357079,-0.1054042428731918,-0.994239866733551,0,0,0,-1,-1,3542.123566166667,unknown,2,2026-04-24T18:34:45.265+02:00,2026-04-24T18:20:19.173+02:00,16,0.7102333,0,0,12.45568,0,0,2026-04-24T18:28:28.837+02:00,798741324.0493344,0,1.94,101.5415,1,0.85,0
2026-04-24T18:35:24.122+02:00,1777048522.815582,53.56898963022433,9.882980424919118,39.25409,-1,-1,-1,-1,30.01978840862869,11.695014,-9999,3580.976118,0.0198516845703125,-0.102203369140625,-0.993499755859375,3580.971081,-0.01950061449718235,-0.02877335541602715,0.03943407090653469,0.05670565739274025,0.006026908755302429,-0.003027103841304779,0.00278562493622303,0.003244549036026001,-0.0008609294891357422,XArbitraryZVertical,0.01957254015101957,-0.01457491302501015,-0.01003086964119344,0.9996518846136981,0.01950748078525066,-0.1059514731168747,-0.9941799640655518,0,0,0,-1,-1,3542.123566166667,unknown,2,2026-04-24T18:34:45.265+02:00,2026-04-24T18:20:19.173+02:00,16,0.7102333,0,0,12.45568,0,0,2026-04-24T18:28:28.837+02:00,798741324.0493344,0,1.94,101.5415,1,0.85,0
2026-04-24T18:35:24.132+02:00,1777048522.815582,53.56898963022433,9.882980424919118,39.25409,-1,-1,-1,-1,30.01978840862869,11.695014,-9999,3580.986193,0.02069091796875,-0.1003570556640625,-0.9897308349609375,3580.981155,-0.01951711681675856,-0.02871371722429718,0.04004482175004952,0.06668628007173538,0.005315045826137066,-0.001655975123867393,0.001090683043003082,0.003835074603557587,0.0007973313331604004,XArbitraryZVertical,0.01987798980415855,-0.01454815822368189,-0.01004285841092486,0.999646097242836,0.01956973224878311,-0.1065572649240494,-0.9941139817237854,0,0,0,-1,-1,3542.123566166667,unknown,2,2026-04-24T18:34:45.265+02:00,2026-04-24T18:20:19.173+02:00,16,0.7102333,0,0,12.45568,0,0,2026-04-24T18:28:28.837+02:00,798741324.0493344,0,1.94,101.5415,1,0.85,0
2026-04-24T18:35:24.144+02:00,1777048522.815582,53.56898963022433,9.882980424919118,39.25409,-1,-1,-1,-1,30.01978840862869,11.695014,-9999,3580.996267,0.0209808349609375,-0.10369873046875,-0.9931793212890625,3580.99123,-0.01952841441875647,-0.0286745558784446,0.04072489758505754,0.06499144434928894,-0.0004174085333943367,-0.003252007532864809,0.0006216615438461304,0.00609685480594635,0.002585530281066895,XArbitraryZVertical,0.02021802148163697,-0.01453191648370235,-0.01005292208237129,0.9996394788000312,0.01961150579154491,-0.1072321161627769,-0.9940405488014221,0,0,0,-1,-1,3542.123566166667,unknown,2,2026-04-24T18:34:45.265+02:00,2026-04-24T18:20:19.173+02:00,16,0.7102333,0,0,12.45568,0,0,2026-04-24T18:28:28.837+02:00,798741324.0493344,0,1.94,101.5415,1,0.85,0
2026-04-24T18:35:24.152+02:00,1777048522.815582,53.56898963022433,9.882980424919118,39.25409,-1,-1,-1,-1,30.01978840862869,11.695014,-9999,3581.006342,0.01739501953125,-0.1076202392578125,-0.987091064453125,3581.001305,-0.01954421344764546,-0.02864525005494257,0.04130829914063559,0.04646159335970879,0.001803135732188821,-0.002698736265301704,0.002191850915551186,0.006416037678718567,0.002964794635772705,XArbitraryZVertical,0.02050964944248601,-0.01452019169206404,-0.01006464017507913,0.9996336440672552,0.01964349113404751,-0.1078107059001923,-0.9939773678779602,0,0,0,-1,-1,3542.123566166667,unknown,2,2026-04-24T18:34:45.265+02:00,2026-04-24T18:20:19.173+02:00,16,0.7102333,0,0,12.45568,0,0,2026-04-24T18:28:28.837+02:00,798741324.0493344,0,1.94,101.5415,1,0.85,0
2026-04-24T18:35:24.162+02:00,1777048522.815582,53.56898963022433,9.882980424919118,39.25409,-1,-1,-1,-1,30.01978840862869,11.695014,-9999,3581.016416,0.0147247314453125,-0.1044464111328125,-0.9839019775390625,3581.011379,-0.01954629023468704,-0.02865802077505288,0.04166733366763769,0.0285132210701704,-0.002184415236115456,0.001967920921742916,-0.0006806086748838425,0.002042219042778015,0.002819478511810303,XArbitraryZVertical,0.0206890238071247,-0.01452829766593822,-0.01006834512064659,0.9996297158301469,0.01963203959167004,-0.1081671118736267,-0.9939388632774353,0,0,0,-1,-1,3542.123566166667,unknown,2,2026-04-24T18:34:45.265+02:00,2026-04-24T18:20:19.173+02:00,16,0.7102333,0,0,12.45568,0,0,2026-04-24T18:28:28.837+02:00,798741324.0493344,0,1.94,101.5415,1,0.85,0
2026-04-24T18:35:24.173+02:00,1777048522.815582,53.56898963022433,9.882980424919118,39.25409,-1,-1,-1,-1,30.01978840862869,11.695014,-9999,3581.026491,0.0169830322265625,-0.112091064453125,-0.9839630126953125,3581.021454,-0.01953052080860245,-0.02873457876610969,0.0417511584978293,0.004613320343196392,-0.01155421603471041,0.002360338112339377,-0.004204798489809036,0.002446644008159637,0.009663045406341553,XArbitraryZVertical,0.02073065046453482,-0.01456679603441362,-0.01006184879838786,0.9996283524233454,0.01955515518784523,-0.1082511022686958,-0.9939312338829041,0,0,0,-1,-1,3542.123566166667,unknown,2,2026-04-24T18:34:45.265+02:00,2026-04-24T18:20:19.173+02:00,16,0.7102333,0,0,12.45568,0,0,2026-04-24T18:28:28.837+02:00,798741324.0493344,0,1.94,101.5415,1,0.85,0
2026-04-24T18:35:24.183+02:00,1777048522.815582,53.56898963022433,9.882980424919118,39.25409,-1,-1,-1,-1,30.01978840862869,11.695014,-9999,3581.036566,0.0152740478515625,-0.1185760498046875,-0.9857635498046875,3581.031528,-0.01950844844802666,-0.02881730369565945,0.04167032993163014,-0.003006782382726669,-0.006910993717610836,0.00359178357757628,-0.003647826611995697,0.00172656774520874,0.01000899076461792,XArbitraryZVertical,0.02068999694462315,-0.01460753310105582,-0.01005110076818319,0.9996286613190809,0.01947120390832424,-0.1081718951463699,-0.9939414858818054,0,0,0,-1,-1,3542.123566166667,unknown,2,2026-04-24T18:34:45.265+02:00,2026-04-24T18:20:19.173+02:00,16,0.7102333,0,0,12.45568,0,0,2026-04-24T18:28:28.837+02:00,798741324.0493344,0,1.94,101.5415,1,0.85,0
2026-04-24T18:35:24.193+02:00,1777048522.815582,53.56898963022433,9.882980424919118,39.25409,-1,-1,-1,-1,30.01978840862869,11.695014,-9999,3581.04664,0.012603759765625,-0.1103973388671875,-0.989837646484375,3581.041603,-0.01944593369381328,-0.02882864428336385,0.04162461175241656,0.007283778395503759,0.005802404601126909,0.008114097639918327,-0.002701468765735626,-0.009790420532226562,0.01044118404388428,XArbitraryZVertical,0.0206675438649044,-0.01461233769879984,-0.0100196464455937,0.9996294743774702,0.01945563405752182,-0.1081295162439346,-0.9939464330673218,0,0,0,-1,-1,3542.123566166667,unknown,2,2026-04-24T18:34:45.265+02:00,2026-04-24T18:20:19.173+02:00,16,0.7102333,0,0,12.45568,0,0,2026-04-24T18:28:28.837+02:00,798741324.0493344,0,1.94,101.5415,1,0.85,0
2026-04-24T18:35:24.203+02:00,1777048522.815582,53.56898963022433,9.882980424919118,39.25409,-1,-1,-1,-1,30.01978840862869,11.695014,-9999,3581.056715,0.01593017578125,-0.105072021484375,-0.988922119140625,3581.051678,-0.0193191559338478,-0.02874855314610715,0.0417719646189833,0.02547982521355152,0.006997630931437016,0.01319114770740271,-0.006023209542036057,-0.007013499736785889,0.005525112152099609,XArbitraryZVertical,0.02074251834900354,-0.01457168617869006,-0.009956497245005275,0.9996291460764639,0.0195272509008646,-0.1082819253206253,-0.9939284324645996,0,0,0,-1,-1,3542.123566166667,unknown,2,2026-04-24T18:34:45.265+02:00,2026-04-24T18:20:19.173+02:00,16,0.7102333,0,0,12.45568,0,0,2026-04-24T18:28:28.837+02:00,798741324.0493344,0,1.94,101.5415,1,0.85,0
2026-04-24T18:35:24.213+02:00,1777048522.815582,53.56898963022433,9.882980424919118,39.25409,-1,-1,-1,-1,30.01978840862869,11.695014,-9999,3581.06679,0.0184173583984375,-0.1033172607421875,-0.98553466796875,3581.061752,-0.01918229481850149,-0.02866195657644475,0.04200097447029131,0.02777371369302273,0.008239462971687317,0.01035015285015106,-0.006070354953408241,0.00191798061132431,0.004185795783996582,XArbitraryZVertical,0.02085840626026391,-0.01452804765370397,-0.009888811148807495,0.9996280621925719,0.01960491575300694,-0.1085158959031105,-0.9939013719558716,0,0,0,-1,-1,3542.123566166667,unknown,2,2026-04-24T18:34:45.265+02:00,2026-04-24T18:20:19.173+02:00,16,0.7102333,0,0,12.45568,0,0,2026-04-24T18:28:28.837+02:00,798741324.0493344,0,1.94,101.5415,1,0.85,0
2026-04-24T18:35:24.223+02:00,1777048522.815582,53.56898963022433,9.882980424919118,39.25409,-1,-1,-1,-1,30.01978840862869,11.695014,-9999,3581.076864,0.0212554931640625,-0.1024627685546875,-0.9887237548828125,3581.071827,-0.01910737108475263,-0.02858428721847606,0.04225891248804605,0.03150666505098343,0.006278045009821653,0.005401734262704849,-0.002176070585846901,0.005183666944503784,0.006124377250671387,XArbitraryZVertical,0.02098825526352406,-0.01448963925133666,-0.009852370152236839,0.9996262370124808,0.01967791654169559,-0.1087756007909775,-0.9938715696334839,0,0,0,-1,-1,3542.123566166667,unknown,2,2026-04-24T18:34:45.265+02:00,2026-04-24T18:20:19.173+02:00,16,0.7102333,0,0,12.45568,0,0,2026-04-24T18:28:28.837+02:00,798741324.0493344,0,1.94,101.5415,1,0.85,0
2026-04-24T18:35:24.233+02:00,1777048522.815582,53.56898963022433,9.882980424919118,39.25409,-1,-1,-1,-1,30.01978840862869,11.695014,-9999,3581.086939,0.0208892822265625,-0.1036224365234375,-0.9873504638671875,3581.081901,-0.0190612448361932,-0.0285113572172321,0.04251116170154457,0.02555151842534542,0.007296437863260508,0.003426467766985297,0.0001798905432224274,0.006367117166519165,0.006888747215270996,XArbitraryZVertical,0.02111502707402807,-0.01445386814977486,-0.009830322833558039,0.9996242480862176,0.01974810287356377,-0.1090282648801804,-0.9938424825668335,0,0,0,-1,-1,3542.123566166667,unknown,2,2026-04-24T18:34:45.265+02:00,2026-04-24T18:20:19.173+02:00,16,0.7102333,0,0,12.45568,0,0,2026-04-24T18:28:28.837+02:00,798741324.0493344,0,1.94,101.5415,1,0.85,0
2026-04-24T18:35:24.243+02:00,1777048522.815582,53.56898963022433,9.882980424919118,39.25409,-1,-1,-1,-1,30.01978840862869,11.695014,-9999,3581.097013,0.020050048828125,-0.1062774658203125,-0.98834228515625,3581.091976,-0.01902899944266028,-0.02849141782565652,0.04271742005747056,0.01835699006915092,-0.0004360503517091274,0.003702105022966862,0.001489095389842987,0.006146207451820374,0.005522966384887695,XArbitraryZVertical,0.0212184486112377,-0.01444451115661103,-0.009815443339314252,0.9996223527882311,0.01976641267538071,-0.1092346012592316,-0.9938194751739502,0,0,0,-1,-1,3542.123566166667,unknown,2,2026-04-24T18:34:45.265+02:00,2026-04-24T18:20:19.173+02:00,16,0.7102333,0,0,12.45568,0,0,2026-04-24T18:28:28.837+02:00,798741324.0493344,0,1.94,101.5415,1,0.85,0
2026-04-24T18:35:24.273+02:00,1777048522.815582,53.56898963022433,9.882980424919118,39.25409,-1,-1,-1,-1,30.01978840862869,11.695014,-9999,3581.107088,0.0192718505859375,-0.1093597412109375,-0.99053955078125,3581.102051,-0.01900636364259029,-0.02851303746861115,0.04287456169620634,0.01309900358319283,-0.0009111585095524788,0.002021384192630649,0.001114869490265846,0.004823222756385803,0.006620049476623535,XArbitraryZVertical,0.021297047703786,-0.01445579924263518,-0.009805462942192936,0.9996206129411012,0.0197439081966877,-0.1093917116522789,-0.9938026070594788,0,0,0,-1,-1,3542.123566166667,unknown,2,2026-04-24T18:34:45.265+02:00,2026-04-24T18:20:19.173+02:00,16,0.7102333,0,0,12.45568,0,0,2026-04-24T18:28:28.837+02:00,798741324.0493344,0,1.94,101.5415,1,0.85,0
2026-04-24T18:35:24.276+02:00,1777048522.815582,53.56898963022433,9.882980424919118,39.25409,-1,-1,-1,-1,30.01978840862869,11.695014,-9999,3581.117163,0.0230560302734375,-0.1102294921875,-0.98858642578125,3581.112125,-0.01901699777679711,-0.02856652313213461,0.04294404604005489,0.002819202141836286,-0.003063524607568979,-0.00272143934853375,-0.0004198160022497177,0.001153290271759033,0.003897428512573242,XArbitraryZVertical,0.0213314372635775,-0.01448296448616207,-0.009811836340429404,0.9996194412764566,0.01969168148934841,-0.1094601899385452,-0.9937961101531982,0,0,0,-1,-1,3542.123566166667,unknown,2,2026-04-24T18:34:45.265+02:00,2026-04-24T18:20:19.173+02:00,16,0.7102333,0,0,12.45568,0,0,2026-04-24T18:28:28.837+02:00,798741324.0493344,0,1.94,101.5415,1,0.85,0
2026-04-24T18:35:24.277+02:00,1777048522.815582,53.56898963022433,9.882980424919118,39.25409,-1,-1,-1,-1,30.01978840862869,11.695014,-9999,3581.127237,0.023468017578125,-0.1136016845703125,-0.9878387451171875,3581.1222,-0.01902139535562538,-0.02864027692492472,0.04305313835715984,0.004068277776241302,-0.006315511185675859,-8.397811325266957e-05,0.001773819327354431,-0.0001271665096282959,0.003123998641967773,XArbitraryZVertical,0.02138556961006826,-0.01452037636702515,-0.009815590866477814,0.9996176830504245,0.01961901783943176,-0.1095682829618454,-0.9937856197357178,0,0,0,-1,-1,3542.123566166667,unknown,2,2026-04-24T18:34:45.265+02:00,2026-04-24T18:20:19.173+02:00,16,0.7102333,0,0,12.45568,0,0,2026-04-24T18:28:28.837+02:00,798741324.0493344,0,1.94,101.5415,1,0.85,0
2026-04-24T18:35:24.283+02:00,1777048522.815582,53.56898963022433,9.882980424919118,39.25409,-1,-1,-1,-1,30.01978840862869,11.695014,-9999,3581.137312,0.0222625732421875,-0.1142425537109375,-0.988189697265625,3581.132274,-0.0190041358883471,-0.02873243947637491,0.04314527779364556,0.003275987459346652,-0.004219603259116411,0.002956020180135965,0.00305645540356636,-0.002308420836925507,0.006091117858886719,XArbitraryZVertical,0.02143129543855874,-0.01456667890109668,-0.009808602179650516,0.9996160921588461,0.01952656731009483,-0.1096605882048607,-0.9937772750854492,0,0,0,-1,-1,3542.123566166667,unknown,2,2026-04-24T18:34:45.265+02:00,2026-04-24T18:20:19.173+02:00,16,0.7102333,0,0,12.45568,0,0,2026-04-24T18:28:28.837+02:00,798741324.0493344,0,1.94,101.5415,1,0.85,0
2026-04-24T18:35:24.293+02:00,1777048522.815582,53.56898963022433,9.882980424919118,39.25409,-1,-1,-1,-1,30.01978840862869,11.695014,-9999,3581.147386,0.0228424072265625,-0.1104278564453125,-0.9854888916015625,3581.142349,-0.01897565137862097,-0.02883060483680921,0.04318166866105571,0.005982717964798212,-0.005163426976650953,0.001214446150697768,0.003537259995937347,-0.004483439028263092,0.006653547286987305,XArbitraryZVertical,0.02144921044644398,-0.01461560424306985,-0.009795675666278586,0.9996151315606149,0.0194272305816412,-0.109698086977005,-0.9937750697135925,0,0,0,-1,-1,3542.123566166667,unknown,2,2026-04-24T18:34:45.265+02:00,2026-04-24T18:20:19.173+02:00,16,0.7102333,0,0,12.45568,0,0,2026-04-24T18:28:28.837+02:00,798741324.0493344,0,1.94,101.5415,1,0.85,0
2026-04-24T18:35:24.304+02:00,1777048522.815582,53.56898963022433,9.882980424919118,39.25409,-1,-1,-1,-1,30.01978840862869,11.695014,-9999,3581.157461,0.0243988037109375,-0.1080780029296875,-0.989959716796875,3581.152424,-0.01896291135132999,-0.028852524080023,0.04326642188847376,0.02197499945759773,0.001209250651299953,0.00246373494155705,0.001926934346556664,-0.001942023634910583,0.006064772605895996,XArbitraryZVertical,0.02149155629339279,-0.01462681110337851,-0.009790145399989838,0.9996141356059888,0.01940486952662468,-0.1097828447818756,-0.993766188621521,0,0,0,-1,-1,3542.123566166667,unknown,2,2026-04-24T18:34:45.265+02:00,2026-04-24T18:20:19.173+02:00,16,0.7102333,0,0,12.45568,0,0,2026-04-24T18:28:28.837+02:00,798741324.0493344,0,1.94,101.5415,1,0.85,0
2026-04-24T18:35:24.314+02:00,1777048522.815582,53.56898963022433,9.882980424919118,39.25409,-1,-1,-1,-1,30.01978840862869,11.695014,-9999,3581.167536,0.0187835693359375,-0.1045684814453125,-0.990966796875,3581.162498,-0.01892417753804669,-0.02885305494012118,0.04346629719019771,0.02889101766049862,0.0003687571734189987,0.003021600656211376,0.004675993695855141,0.0006081163883209229,0.007187068462371826,XArbitraryZVertical,0.02159173744651349,-0.01462757486161961,-0.009772212907033865,0.9996120990302677,0.0194023884832859,-0.1099831312894821,-0.9937440752983093,0,0,0,-1,-1,3542.123566166667,unknown,2,2026-04-24T18:34:45.265+02:00,2026-04-24T18:20:19.173+02:00,16,0.7102333,0,0,12.45568,0,0,2026-04-24T18:28:28.837+02:00,798741324.0493344,0,1.94,101.5415,1,0.85,0
2026-04-24T18:35:24.324+02:00,1777048522.815582,53.56898963022433,9.882980424919118,39.25409,-1,-1,-1,-1,30.01978840862869,11.695014,-9999,3581.17761,0.01715087890625,-0.0997314453125,-0.990264892578125,3581.172573,-0.01889610328846124,-0.02882361773370041,0.04373850997065563,0.03623468056321144,0.002539233304560184,0.0009198339539580047,0.001412883400917053,0.003824658691883087,0.001266539096832275,XArbitraryZVertical,0.02172813996367066,-0.01461380112572165,-0.009759795981192998,0.9996094978649627,0.01943063735961914,-0.1102547198534012,-0.9937134385108948,0,0,0,-1,-1,3542.123566166667,unknown,2,2026-04-24T18:34:45.265+02:00,2026-04-24T18:20:19.173+02:00,16,0.7102333,0,0,12.45568,0,0,2026-04-24T18:28:28.837+02:00,798741324.0493344,0,1.94,101.5415,1,0.85,0
2026-04-24T18:35:24.334+02:00,1777048522.815582,53.56898963022433,9.882980424919118,39.25409,-1,-1,-1,-1,30.01978840862869,11.695014,-9999,3581.187685,0.019866943359375,-0.098724365234375,-0.993072509765625,3581.182648,-0.01891377436004246,-0.02882200976949188,0.04405392809846412,0.03440887480974197,-0.006216973997652531,-0.001007695565931499,-0.001993607729673386,0.008241549134254456,0.004634499549865723,XArbitraryZVertical,0.02188566693796403,-0.01461463054533139,-0.009770849944350421,0.9996059357324281,0.01943441666662693,-0.1105669960379601,-0.9936786293983459,0,0,0,-1,-1,3542.123566166667,unknown,2,2026-04-24T18:34:45.265+02:00,2026-04-24T18:20:19.173+02:00,16,0.7102333,0,0,12.45568,0,0,2026-04-24T18:28:28.837+02:00,798741324.0493344,0,1.94,101.5415,1,0.85,0
2026-04-24T18:35:24.344+02:00,1777048522.815582,53.56898963022433,9.882980424919118,39.25409,-1,-1,-1,-1,30.01978840862869,11.695014,-9999,3581.197759,0.019287109375,-0.10479736328125,-0.98974609375,3581.192722,-0.0189560591613036,-0.02886691045880494,0.04435886271583361,0.0263725183904171,-0.004240375943481922,-0.007311397697776556,-0.001281395554542542,0.01249425113201141,0.001504242420196533,XArbitraryZVertical,0.02203754572469257,-0.01463893055229854,-0.009794643237384352,0.9996020187501314,0.01939359307289124,-0.1108676716685295,-0.993645966053009,0,0,0,-1,-1,3542.123566166667,unknown,2,2026-04-24T18:34:45.265+02:00,2026-04-24T18:20:19.173+02:00,16,0.7102333,0,0,12.45568,0,0,2026-04-24T18:28:28.837+02:00,798741324.0493344,0,1.94,101.5415,1,0.85,0
2026-04-24T18:35:24.354+02:00,1777048522.815582,53.56898963022433,9.882980424919118,39.25409,-1,-1,-1,-1,30.01978840862869,11.695014,-9999,3581.207834,0.01593017578125,-0.109344482421875,-0.9872283935546875,3581.202797,-0.01903191276856067,-0.02891935100054932,0.04458750898453034,0.01760214380919933,-0.006539748981595039,-0.01204296946525574,0.001435209065675735,0.01000151038169861,0.001998960971832275,XArbitraryZVertical,0.02215101041517074,-0.01466702666808831,-0.009834760924854151,0.9995987215023789,0.01934727653861046,-0.1110910028219223,-0.9936218857765198,0,0,0,-1,-1,3542.123566166667,unknown,2,2026-04-24T18:34:45.265+02:00,2026-04-24T18:20:19.173+02:00,16,0.7102333,0,0,12.45568,0,0,2026-04-24T18:28:28.837+02:00,798741324.0493344,0,1.94,101.5415,1,0.85,0
2026-04-24T18:35:24.364+02:00,1777048522.815582,53.56898963022433,9.882980424919118,39.25409,-1,-1,-1,-1,30.01978840862869,11.695014,-9999,3581.217909,0.01678466796875,-0.111968994140625,-0.981781005859375,3581.212871,-0.0191022292112184,-0.02897050751983132,0.04474295165579304,0.008598527871072292,-0.008205556310713291,-0.005849522072821856,-0.001387797296047211,0.002996049821376801,0.005111038684844971,XArbitraryZVertical,0.02222793350710774,-0.01469409085014093,-0.009871580816863847,0.9995962198359277,0.0193016305565834,-0.111241914331913,-0.99360591173172,0,0,0,-1,-1,3542.123566166667,unknown,2,2026-04-24T18:34:45.265+02:00,2026-04-24T18:20:19.173+02:00,16,0.7102333,0,0,12.45568,0,0,2026-04-24T18:28:28.837+02:00,798741324.0493344,0,1.94,101.5415,1,0.85,0
2026-04-24T18:35:24.374+02:00,1777048522.815582,53.56898963022433,9.882980424919118,39.25409,-1,-1,-1,-1,30.01978840862869,11.695014,-9999,3581.227983,0.0191192626953125,-0.1148529052734375,-0.98370361328125,3581.222946,-0.01912162438620205,-0.02897562019347074,0.04484158725770002,0.00745086558163166,-0.002945813350379467,0.0008501255651935935,-0.003917286172509193,0.0004227384924888611,0.009113311767578125,XArbitraryZVertical,0.02227706390404828,-0.01469731705342761,-0.009882035020552229,0.9995949754776217,0.01929816044867039,-0.1113388910889626,-0.9935951232910156,0,0,0,-1,-1,3542.123566166667,unknown,2,2026-04-24T18:34:45.265+02:00,2026-04-24T18:20:19.173+02:00,16,0.7102333,0,0,12.45568,0,0,2026-04-24T18:28:28.837+02:00,798741324.0493344,0,1.94,101.5415,1,0.85,0
2026-04-24T18:35:24.384+02:00,1777048522.815582,53.56898963022433,9.882980424919118,39.25409,-1,-1,-1,-1,30.01978840862869,11.695014,-9999,3581.238058,0.018463134765625,-0.116912841796875,-0.98760986328125,3581.233021,-0.01909470053974036,-0.02897908172201406,0.04497895422477276,0.01654982194304466,-0.002195600885897875,0.005806001834571362,-0.00124221108853817,-0.001636877655982971,0.01118838787078857,XArbitraryZVertical,0.02234590012549047,-0.01469937997451916,-0.009869596962629302,0.9995935584368247,0.01929337345063686,-0.1114765405654907,-0.9935797452926636,0,0,0,-1,-1,3542.123566166667,unknown,2,2026-04-24T18:34:45.265+02:00,2026-04-24T18:20:19.173+02:00,16,0.7102333,0,0,12.45568,0,0,2026-04-24T18:28:28.837+02:00,798741324.0493344,0,1.94,101.5415,1,0.85,0
2026-04-24T18:35:24.394+02:00,1777048522.815582,53.56898963022433,9.882980424919118,39.25409,-1,-1,-1,-1,30.01978840862869,11.695014,-9999,3581.248132,0.017852783203125,-0.118408203125,-0.9874267578125,3581.243095,-0.01902799153141369,-0.02892831026249456,0.04516772666348291,0.02050269767642021,0.003628998529165983,0.005454664584249258,0.0003438722342252731,-0.00484900176525116,0.007031023502349854,XArbitraryZVertical,0.02244098904976721,-0.01467412647785907,-0.009837033520279443,0.999592095192952,0.01933997869491577,-0.1116671189665794,-0.9935574531555176,0,0,0,-1,-1,3542.123566166667,unknown,2,2026-04-24T18:34:45.265+02:00,2026-04-24T18:20:19.173+02:00,16,0.7102333,0,0,12.45568,0,0,2026-04-24T18:28:28.837+02:00,798741324.0493344,0,1.94,101.5415,1,0.85,0
2026-04-24T18:35:24.405+02:00,1777048522.815582,53.56898963022433,9.882980424919118,39.25409,-1,-1,-1,-1,30.01978840862869,11.695014,-9999,3581.258207,0.018951416015625,-0.11529541015625,-0.9885101318359375,3581.25317,-0.01897332478726574,-0.02892818348269491,0.04531958312833834,0.0132418554276228,-0.003831048030406237,0.007778805214911699,-0.0009500980377197266,-0.00669456273317337,0.006235599517822266,XArbitraryZVertical,0.02251728832429031,-0.01467414483712909,-0.009810791391336945,0.9995906421772346,0.01933695375919342,-0.1118204742670059,-0.9935402870178223,0,0,0,-1,-1,3542.123566166667,unknown,2,2026-04-24T18:34:45.265+02:00,2026-04-24T18:20:19.173+02:00,16,0.7102333,0,0,12.45568,0,0,2026-04-24T18:28:28.837+02:00,798741324.0493344,0,1.94,101.5415,1,0.85,0
2026-04-24T18:35:24.414+02:00,1777048522.815582,53.56898963022433,9.882980424919118,39.25409,-1,-1,-1,-1,30.01978840862869,11.695014,-9999,3581.268282,0.018829345703125,-0.11114501953125,-0.9907073974609375,3581.263244,-0.01889401870629462,-0.02894624316333892,0.0453606570040479,0.00699178921058774,0.0009224284440279007,0.00665222154930234,-0.0006981194019317627,-0.005505576729774475,0.005407035350799561,XArbitraryZVertical,0.02253831083825141,-0.01468246545329327,-0.009771650755473461,0.9995904191471954,0.01931385695934296,-0.1118650436401367,-0.9935356974601746,0,0,0,-1,-1,3542.123566166667,unknown,2,2026-04-24T18:34:45.265+02:00,2026-04-24T18:20:19.173+02:00,16,0.7102333,0,0,12.45568,0,0,2026-04-24T18:28:28.837+02:00,798741324.0493344,0,1.94,101.5415,1,0.85,0
2026-04-24T18:35:24.425+02:00,1777048522.815582,53.56898963022433,9.882980424919118,39.25409,-1,-1,-1,-1,30.01978840862869,11.695014,-9999,3581.278356,0.01806640625,-0.11175537109375,-0.992919921875,3581.273319,-0.01883742151565795,-0.02895851117752732,0.04530399693508386,-0.003832628484815359,-0.001399581786245108,0.003225265769287944,-0.0004378333687782288,-0.001607067883014679,0.003948509693145752,XArbitraryZVertical,0.02251034801284816,-0.01468770175670874,-0.009743098023052571,0.9995912476099192,0.01929771155118942,-0.111811526119709,-0.9935420155525208,0,0,0,-1,-1,3542.123566166667,unknown,2,2026-04-24T18:34:45.265+02:00,2026-04-24T18:20:19.173+02:00,16,0.7102333,0,0,12.45568,0,0,2026-04-24T18:28:28.837+02:00,798741324.0493344,0,1.94,101.5415,1,0.85,0
2026-04-24T18:35:24.435+02:00,1777048522.815582,53.56898963022433,9.882980424919118,39.25409,-1,-1,-1,-1,30.01978840862869,11.695014,-9999,3581.288431,0.019012451171875,-0.1104888916015625,-0.990570068359375,3581.283394,-0.01882647315639198,-0.02899877910954325,0.04523741237915076,0.00218052277341485,-0.008278260007500648,-0.0001900382339954376,-0.0003968793898820877,0.0004483461380004883,0.001179635524749756,XArbitraryZVertical,0.0224769540723176,-0.01470740232576307,-0.009737604119184604,0.999591736047025,0.01925675570964813,-0.1117459535598755,-0.993550181388855,0,0,0,-1,-1,3542.123566166667,unknown,2,2026-04-24T18:34:45.265+02:00,2026-04-24T18:20:19.173+02:00,16,0.7102333,0,0,12.45568,0,0,2026-04-24T18:28:28.837+02:00,798741324.0493344,0,1.94,101.5415,1,0.85,0
2026-04-24T18:35:24.445+02:00,1777048522.815582,53.56898963022433,9.882980424919118,39.25409,-1,-1,-1,-1,30.01978840862869,11.695014,-9999,3581.298505,0.0214996337890625,-0.104705810546875,-0.99383544921875,3581.293468,-0.018843085900344,-0.02908309873720749,0.04522448438580276,-0.001587583683431149,-0.008453231304883957,-0.003374113701283932,-0.001122886314988136,-0.0003282278776168823,0.002617061138153076,XArbitraryZVertical,0.02246995888610875,-0.01474967236763069,-0.009746761784272756,0.9995912137131391,0.01917404867708683,-0.1117323338985443,-0.9935533404350281,0,0,0,-1,-1,3542.123566166667,unknown,2,2026-04-24T18:34:45.265+02:00,2026-04-24T18:20:19.173+02:00,16,0.7102333,0,0,12.45568,0,0,2026-04-24T18:28:28.837+02:00,798741324.0493344,0,1.94,101.5415,1,0.85,0
2026-04-24T18:35:24.455+02:00,1777048522.815582,53.56898963022433,9.882980424919118,39.25409,-1,-1,-1,-1,30.01978840862869,11.695014,-9999,3581.30858,0.019012451171875,-0.1045379638671875,-0.993255615234375,3581.303543,-0.01887391086118563,-0.02919531661906454,0.04522149647071618,-0.001642657909542322,-0.009576285257935524,-0.00204945751465857,0.001305900514125824,0.003970295190811157,0.001612603664398193,XArbitraryZVertical,0.02246769078482341,-0.01480609130445922,-0.009763407389175355,0.9995902516957152,0.01906459778547287,-0.1117278859019279,-0.9935559630393982,0,0,0,-1,-1,3542.123566166667,unknown,2,2026-04-24T18:34:45.265+02:00,2026-04-24T18:20:19.173+02:00,16,0.7102333,0,0,12.45568,0,0,2026-04-24T18:28:28.837+02:00,798741324.0493344,0,1.94,101.5415,1,0.85,0
2026-04-24T18:35:24.465+02:00,1777048522.815582,53.56898963022433,9.882980424919118,39.25409,-1,-1,-1,-1,30.01978840862869,11.695014,-9999,3581.318655,0.01898193359375,-0.11212158203125,-0.986358642578125,3581.313617,-0.01891417253376839,-0.02929424887335702,0.04523370660430431,0.0002591053489595652,-0.01005645282566547,-0.006731294561177492,0.001615094020962715,0.008451320230960846,-0.0005992650985717773,XArbitraryZVertical,0.02247301103644855,-0.01485604490984982,-0.009784729281992291,0.9995891960175641,0.01896902732551098,-0.1117380708456039,-0.9935566186904907,0,0,0,-1,-1,3542.123566166667,unknown,2,2026-04-24T18:34:45.265+02:00,2026-04-24T18:20:19.173+02:00,16,0.7102333,0,0,12.45568,0,0,2026-04-24T18:28:28.837+02:00,798741324.0493344,0,1.94,101.5415,1,0.85,0
2026-04-24T18:35:24.475+02:00,1777048522.815582,53.56898963022433,9.882980424919118,39.25409,-1,-1,-1,-1,30.01978840862869,11.695014,-9999,3581.328729,0.01898193359375,-0.1112518310546875,-0.983428955078125,3581.323692,-0.01895427581703617,-0.0293421587939703,0.04529846412980704,0.01026960834860802,0.002097414573654532,-0.002665845910087228,-0.0004459060728549957,0.003798708319664001,0.002537906169891357,XArbitraryZVertical,0.0225048430977035,-0.01488073607772482,-0.009805778564074146,0.9995879423472303,0.01892431452870369,-0.1118004247546196,-0.9935504794120789,0,0,0,-1,-1,3542.123566166667,unknown,2,2026-04-24T18:34:45.265+02:00,2026-04-24T18:20:19.173+02:00,16,0.7102333,0,0,12.45568,0,0,2026-04-24T18:28:28.837+02:00,798741324.0493344,0,1.94,101.5415,1,0.85,0
2026-04-24T18:35:24.485+02:00,1777048522.815582,53.56898963022433,9.882980424919118,39.25409,-1,-1,-1,-1,30.01978840862869,11.695014,-9999,3581.338804,0.0168609619140625,-0.10772705078125,-0.987274169921875,3581.333767,-0.01895529753704327,-0.02932928811460074,0.04551665897892881,0.02424720861017704,0.0003061727620661259,0.000984549056738615,-0.0001390427350997925,-0.0006997361779212952,0.009364485740661621,XArbitraryZVertical,0.02261395204365571,-0.01487531245231152,-0.009807720447224758,0.9995855227154915,0.01893788389861584,-0.1120169460773468,-0.9935258030891418,0,0,0,-1,-1,3542.123566166667,unknown,2,2026-04-24T18:34:45.265+02:00,2026-04-24T18:20:19.173+02:00,16,0.7102333,0,0,12.45568,0,0,2026-04-24T18:28:28.837+02:00,798741324.0493344,0,1.94,101.5415,1,0.85,0
2026-04-24T18:35:24.495+02:00,1777048522.815582,53.56898963022433,9.882980424919118,39.25409,-1,-1,-1,-1,30.01978840862869,11.695014,-9999,3581.348879,0.0156707763671875,-0.110595703125,-0.98297119140625,3581.343841,-0.01893630899807587,-0.02929802558153945,0.04579290075186954,0.0239026490598917,0.004107568878680468,0.0006429983768612146,-0.001176824793219566,0.003908842802047729,0.007806956768035889,XArbitraryZVertical,0.02275231064625092,-0.01486073395252902,-0.009799869371121183,0.9995826818079061,0.01896858587861061,-0.1122920364141464,-0.9934942126274109,0,0,0,-1,-1,3542.123566166667,unknown,2,2026-04-24T18:34:45.265+02:00,2026-04-24T18:20:19.173+02:00,16,0.7102333,0,0,12.45568,0,0,2026-04-24T18:28:28.837+02:00,798741324.0493344,0,1.94,101.5415,1,0.85,0
2026-04-24T18:35:24.505+02:00,1777048522.815582,53.56898963022433,9.882980424919118,39.25409,-1,-1,-1,-1,30.01978840862869,11.695014,-9999,3581.358953,0.01898193359375,-0.1119384765625,-0.985076904296875,3581.353916,-0.01892872285031112,-0.02927775610056276,0.0459936691163767,0.01345959585160017,6.275996565818787e-05,0.0009588493267074227,-0.002860318869352341,0.00366596132516861,0.007768690586090088,XArbitraryZVertical,0.02285281037694926,-0.01485143398505123,-0.009797295085544879,0.999580496796275,0.01898887380957603,-0.1124916523694992,-0.9934712052345276,0,0,0,-1,-1,3542.123566166667,unknown,2,2026-04-24T18:34:45.265+02:00,2026-04-24T18:20:19.173+02:00,16,0.7102333,0,0,12.45568,0,0,2026-04-24T18:28:28.837+02:00,798741324.0493344,0,1.94,101.5415,1,0.85,0
2026-04-24T18:35:24.515+02:00,1777048522.815582,53.56898963022433,9.882980424919118,39.25409,-1,-1,-1,-1,30.01978840862869,11.695014,-9999,3581.369028,0.01678466796875,-0.1148681640625,-0.9850616455078125,3581.36399,-0.01893625064624938,-0.02928783297442654,0.04605365519882533,0.001417473889887333,0.002311000367626548,-0.0005646119825541973,-0.002088069915771484,0.0003834590315818787,0.00950169563293457,XArbitraryZVertical,0.02288268541474329,-0.01485682987112756,-0.009801604929747821,0.999579704961942,0.01897956430912018,-0.1125508323311806,-0.9934647083282471,0,0,0,-1,-1,3542.123566166667,unknown,2,2026-04-24T18:34:45.265+02:00,2026-04-24T18:20:19.173+02:00,16,0.7102333,0,0,12.45568,0,0,2026-04-24T18:28:28.837+02:00,798741324.0493344,0,1.94,101.5415,1,0.85,0
2026-04-24T18:35:24.525+02:00,1777048522.815582,53.56898963022433,9.882980424919118,39.25409,-1,-1,-1,-1,30.01978840862869,11.695014,-9999,3581.379102,0.0148773193359375,-0.1118621826171875,-0.9883880615234375,3581.374065,-0.01891856857973629,-0.0292587250362681,0.04607816814292946,0.004165856167674065,0.003364813048392534,0.005207523237913847,-0.0008341483771800995,-0.0005069002509117126,0.008445441722869873,XArbitraryZVertical,0.02289521147881181,-0.01484219200818543,-0.009792611514767119,0.999579688667355,0.01900738105177879,-0.1125760078430176,-0.9934613108634949,0,0,0,-1,-1,3542.123566166667,unknown,2,2026-04-24T18:34:45.265+02:00,2026-04-24T18:20:19.173+02:00,16,0.7102333,0,0,12.45568,0,0,2026-04-24T18:28:28.837+02:00,798741324.0493344,0,1.94,101.5415,1,0.85,0
2026-04-24T18:35:24.536+02:00,1777048522.815582,53.56898963022433,9.882980424919118,39.25409,-1,-1,-1,-1,30.01978840862869,11.695014,-9999,3581.389177,0.017333984375,-0.11083984375,-0.9918975830078125,3581.38414,-0.01886360942607959,-0.02919690005840066,0.04605454601659367,0.0026089190505445,0.001410585595294833,0.00411609373986721,-0.004157219082117081,-0.00202304869890213,0.007256507873535156,XArbitraryZVertical,0.02288411256534977,-0.01481055431304485,-0.009764264796341992,0.9995807969267627,0.01906507089734077,-0.1125552132725716,-0.9934625625610352,0,0,0,-1,-1,3542.123566166667,unknown,2,2026-04-24T18:34:45.265+02:00,2026-04-24T18:20:19.173+02:00,16,0.7102333,0,0,12.45568,0,0,2026-04-24T18:28:28.837+02:00,798741324.0493344,0,1.94,101.5415,1,0.85,0
2026-04-24T18:35:24.546+02:00,1777048522.815582,53.56898963022433,9.882980424919118,39.25409,-1,-1,-1,-1,30.01978840862869,11.695014,-9999,3581.399252,0.0186614990234375,-0.1106109619140625,-0.9907684326171875,3581.394214,-0.01883724587012854,-0.02917364449113672,0.04598087935971697,0.00821833498775959,-0.001684274058789015,0.001993021462112665,-0.003415385261178017,0.002009719610214233,0.003083348274230957,XArbitraryZVertical,0.02284760266872439,-0.01479829507771308,-0.009750293167368421,0.999581966180265,0.01908617652952671,-0.1124833673238754,-0.993470311164856,0,0,0,-1,-1,3542.123566166667,unknown,2,2026-04-24T18:34:45.265+02:00,2026-04-24T18:20:19.173+02:00,16,0.7102333,0,0,12.45568,0,0,2026-04-24T18:28:28.837+02:00,798741324.0493344,0,1.94,101.5415,1,0.85,0
2026-04-24T18:35:24.556+02:00,1777048522.815582,53.56898963022433,9.882980424919118,39.25409,-1,-1,-1,-1,30.01978840862869,11.695014,-9999,3581.409326,0.0206756591796875,-0.1080474853515625,-0.9918060302734375,3581.404289,-0.01881119927572597,-0.02920742816692208,0.04601343305814917,0.01113401725888252,-0.002882430329918861,0.00288611208088696,-0.001274479553103447,0.001402407884597778,0.002042591571807861,XArbitraryZVertical,0.02286390149615833,-0.01481503017171535,-0.009737895563720149,0.9995814465095644,0.01905098184943199,-0.112516924738884,-0.9934671521186829,0,0,0,-1,-1,3542.123566166667,unknown,2,2026-04-24T18:34:45.265+02:00,2026-04-24T18:20:19.173+02:00,16,0.7102333,0,0,12.45568,0,0,2026-04-24T18:28:28.837+02:00,798741324.0493344,0,1.94,101.5415,1,0.85,0
2026-04-24T18:35:24.566+02:00,1777048522.815582,53.56898963022433,9.882980424919118,39.25409,-1,-1,-1,-1,30.01978840862869,11.695014,-9999,3581.419401,0.0206451416015625,-0.1062469482421875,-0.9886322021484375,3581.414364,-0.01879333631071269,-0.02922681661135227,0.04615651450764493,0.01420783717185259,0.000988740473985672,0.001312716631218791,0.0007749218493700027,0.004032455384731293,0.003232240676879883,XArbitraryZVertical,0.02293545038912751,-0.01482516384198615,-0.009730218950248995,0.9995797438461581,0.01903100125491619,-0.11265978962183,-0.9934513568878174,0,0,0,-1,-1,3542.123566166667,unknown,2,2026-04-24T18:34:45.265+02:00,2026-04-24T18:20:19.173+02:00,16,0.7102333,0,0,12.45568,0,0,2026-04-24T18:28:28.837+02:00,798741324.0493344,0,1.94,101.5415,1,0.85,0
2026-04-24T18:35:24.576+02:00,1777048522.815582,53.56898963022433,9.882980424919118,39.25409,-1,-1,-1,-1,30.01978840862869,11.695014,-9999,3581.429475,0.0205230712890625,-0.1075592041015625,-0.9864044189453125,3581.424438,-0.01876043408739492,-0.02923420235594474,0.04627647108070131,0.02211923711001873,0.001577832037582994,0.003564952174201608,0.001821655780076981,0.005953624844551086,0.002364277839660645,XArbitraryZVertical,0.0229956125820754,-0.01482902049367655,-0.009714723207277134,0.9995784215663263,0.01902186311781406,-0.1127804145216942,-0.9934378266334534,0,0,0,-1,-1,3542.123566166667,unknown,2,2026-04-24T18:34:45.265+02:00,2026-04-24T18:20:19.173+02:00,16,0.7102333,0,0,12.45568,0,0,2026-04-24T18:28:28.837+02:00,798741324.0493344,0,1.94,101.5415,1,0.85,0
2026-04-24T18:35:24.586+02:00,1777048522.815582,53.56898963022433,9.882980424919118,39.25409,-1,-1,-1,-1,30.01978840862869,11.695014,-9999,3581.43955,0.0191802978515625,-0.109893798828125,-0.9857025146484375,3581.434513,-0.01872001144819251,-0.0292682966273741,0.04646899300681301,0.02818139083683491,0.002547755371779203,0.000331874645780772,0.001704998314380646,0.005658343434333801,0.00629502534866333,XArbitraryZVertical,0.02309196829244553,-0.01484646392824593,-0.009696299922010567,0.9995761027440628,0.0189859326928854,-0.1129734218120575,-0.9934166073799133,0,0,0,-1,-1,3542.123566166667,unknown,2,2026-04-24T18:34:45.265+02:00,2026-04-24T18:20:19.173+02:00,16,0.7102333,0,0,12.45568,0,0,2026-04-24T18:28:28.837+02:00,798741324.0493344,0,1.94,101.5415,1,0.85,0
2026-04-24T18:35:24.596+02:00,1777048522.815582,53.56898963022433,9.882980424919118,39.25409,-1,-1,-1,-1,30.01978840862869,11.695014,-9999,3581.449625,0.0189056396484375,-0.1107177734375,-0.988250732421875,3581.444587,-0.01869438271610259,-0.02926728156153569,0.046809113394506,0.0345429889857769,0.005279093515127897,0.004051378462463617,0.00126207061111927,0.004593305289745331,0.006286978721618652,XArbitraryZVertical,0.02326215318701063,-0.01484719221501624,-0.009685930325212824,0.9995722085658794,0.01898635551333427,-0.1133121848106384,-0.9933779835700989,0,0,0,-1,-1,3542.123566166667,unknown,2,2026-04-24T18:34:45.265+02:00,2026-04-24T18:20:19.173+02:00,16,0.7102333,0,0,12.45568,0,0,2026-04-24T18:28:28.837+02:00,798741324.0493344,0,1.94,101.5415,1,0.85,0
2026-04-24T18:35:24.606+02:00,1777048522.815582,53.56898963022433,9.882980424919118,39.25409,-1,-1,-1,-1,30.01978840862869,11.695014,-9999,3581.459699,0.018524169921875,-0.11090087890625,-0.9878997802734375,3581.454662,-0.01866899901580821,-0.02922966380933005,0.04716824584772098,0.03292085975408554,0.004678817000240088,-0.001076538115739822,-0.0009720697999000549,0.003714963793754578,0.00751185417175293,XArbitraryZVertical,0.02344201184759514,-0.01482970868938711,-0.009675389508523719,0.99956845332538,0.01902323216199875,-0.1136698126792908,-0.9933364391326904,0,0,0,-1,-1,3542.123566166667,unknown,2,2026-04-24T18:34:45.265+02:00,2026-04-24T18:20:19.173+02:00,16,0.7102333,0,0,12.45568,0,0,2026-04-24T18:28:28.837+02:00,798741324.0493344,0,1.94,101.5415,1,0.85,0
2026-04-24T18:35:24.616+02:00,1777048522.815582,53.56898963022433,9.882980424919118,39.25409,-1,-1,-1,-1,30.01978840862869,11.695014,-9999,3581.469774,0.0173797607421875,-0.1107025146484375,-0.9870758056640625,3581.464737,-0.01864700925978104,-0.02927221912404691,0.0475133024749733,0.03082676231861115,0.001900607021525502,-0.0004861154593527317,0.0004895888268947601,0.003203935921192169,0.004696190357208252,XArbitraryZVertical,0.02361442448542908,-0.01485226801875108,-0.009667384635350813,0.9995641087158016,0.01898064091801643,-0.1140132769942284,-0.9932978749275208,0,0,0,-1,-1,3542.123566166667,unknown,2,2026-04-24T18:34:45.265+02:00,2026-04-24T18:20:19.173+02:00,16,0.7102333,0,0,12.45568,0,0,2026-04-24T18:28:28.837+02:00,798741324.0493344,0,1.94,101.5415,1,0.85,0
2026-04-24T18:35:24.626+02:00,1777048522.815582,53.56898963022433,9.882980424919118,39.25409,-1,-1,-1,-1,30.01978840862869,11.695014,-9999,3581.479848,0.0183258056640625,-0.1090240478515625,-0.98822021484375,3581.474811,-0.01862899391365883,-0.02934125090801344,0.04769735753265484,0.03066856972873211,0.007730000652372837,-0.0007497684564441442,-0.001287572085857391,0.003265373408794403,0.006324410438537598,XArbitraryZVertical,0.02370621221103983,-0.01488738050352637,-0.009660524934840322,0.9995615030629958,0.01891148835420609,-0.1141967847943306,-0.9932781457901001,0,0,0,-1,-1,3542.123566166667,unknown,2,2026-04-24T18:34:45.265+02:00,2026-04-24T18:20:19.173+02:00,16,0.7102333,0,0,12.45568,0,0,2026-04-24T18:28:28.837+02:00,798741324.0493344,0,1.94,101.5415,1,0.85,0
2026-04-24T18:35:24.636+02:00,1777048522.815582,53.56898963022433,9.882980424919118,39.25409,-1,-1,-1,-1,30.01978840862869,11.695014,-9999,3581.489923,0.019622802734375,-0.1107940673828125,-0.991180419921875,3581.484886,-0.01862675577955566,-0.02933433175132415,0.04793496763167587,0.04255447164177895,0.002039091428741813,-0.001430672127753496,-0.001752857118844986,0.004676185548305511,0.005808830261230469,XArbitraryZVertical,0.02382501587242136,-0.01488496030701808,-0.009661039808777933,0.9995587080256977,0.01891900971531868,-0.1144326627254486,-0.993250846862793,0,0,0,-1,-1,3542.123566166667,unknown,2,2026-04-24T18:34:45.265+02:00,2026-04-24T18:20:19.173+02:00,16,0.7102333,0,0,12.45568,0,0,2026-04-24T18:28:28.837+02:00,798741324.0493344,0,1.94,101.5415,1,0.85,0
2026-04-24T18:35:24.646+02:00,1777048522.815582,53.56898963022433,9.882980424919118,39.25409,-1,-1,-1,-1,30.01978840862869,11.695014,-9999,3581.499997875,0.019622802734375,-0.1104888916015625,-0.9879608154296875,3581.49496,-0.01864846612526358,-0.02927105638663414,0.04815595797896147,0.04310121759772301,0.001358121167868376,-0.003732974641025066,-0.0004446059465408325,0.004665546119213104,0.001830399036407471,XArbitraryZVertical,0.02393560634161633,-0.01485458561427523,-0.0096727278202685,0.9995564448831276,0.01898404955863953,-0.1146509051322937,-0.9932244420051575,0,0,0,-1,-1,3542.123566166667,unknown,2,2026-04-24T18:34:45.265+02:00,2026-04-24T18:20:19.173+02:00,16,0.7102333,0,0,12.45568,0,0,2026-04-24T18:28:28.837+02:00,798741324.0493344,0,1.94,101.5415,1,0.85,0
2026-04-24T18:35:24.657+02:00,1777048522.815582,53.56898963022433,9.882980424919118,39.25409,-1,-1,-1,-1,30.01978840862869,11.695014,-9999,3581.510071875,0.0201263427734375,-0.110137939453125,-0.9888916015625,3581.505034875,-0.01870924509923866,-0.02919669384942149,0.04829483489783637,0.04012220725417137,0.000326146837323904,-0.004182649776339531,0.0009266100823879242,0.003533944487571716,0.003262937068939209,XArbitraryZVertical,0.02400492580433357,-0.01481877443236187,-0.009703212434376397,0.9995549310431828,0.01906241662800312,-0.1147857755422592,-0.9932073354721069,0,0,0,-1,-1,3542.123566166667,unknown,2,2026-04-24T18:34:45.265+02:00,2026-04-24T18:20:19.173+02:00,16,0.7102333,0,0,12.45568,0,0,2026-04-24T18:28:28.837+02:00,798741324.0493344,0,1.94,101.5415,1,0.85,0
2026-04-24T18:35:24.666+02:00,1777048522.815582,53.56898963022433,9.882980424919118,39.25409,-1,-1,-1,-1,30.01978840862869,11.695014,-9999,3581.520146875,0.0193634033203125,-0.115478515625,-0.988861083984375,3581.515109875,-0.01877854407402135,-0.02914659406999245,0.04837334257301788,0.03004320710897446,-0.003530377056449652,-0.005925155710428953,0.0008872281759977341,0.00516490638256073,0.00538945198059082,XArbitraryZVertical,0.02404389251048753,-0.01479492181274941,-0.009737807969144949,0.999554026028774,0.01911705918610096,-0.1148603484034538,-0.9931976795196533,0,0,0,-1,-1,3542.123566166667,unknown,2,2026-04-24T18:34:45.265+02:00,2026-04-24T18:20:19.173+02:00,16,0.7102333,0,0,12.45568,0,0,2026-04-24T18:28:28.837+02:00,798741324.0493344,0,1.94,101.5415,1,0.85,0
2026-04-24T18:35:24.677+02:00,1777048522.815582,53.56898963022433,9.882980424919118,39.25409,-1,-1,-1,-1,30.01978840862869,11.695014,-9999,3581.530221875,0.017120361328125,-0.124237060546875,-0.98736572265625,3581.525183875,-0.01885658689403896,-0.02911632152026022,0.04828039469941556,0.01762504689395428,-0.005660639610141516,-0.004312744829803705,0.001096410676836967,0.003222621977329254,0.004041850566864014,XArbitraryZVertical,0.02399700943010957,-0.01478030874261409,-0.009775782216567712,0.9995550062420839,0.01915201731026173,-0.1147643849253654,-0.993208110332489,0,0,0,-1,-1,3542.123566166667,unknown,2,2026-04-24T18:34:45.265+02:00,2026-04-24T18:20:19.173+02:00,16,0.7102333,0,0,12.45568,0,0,2026-04-24T18:28:28.837+02:00,798741324.0493344,0,1.94,101.5415,1,0.85,0
2026-04-24T18:35:24.686+02:00,1777048522.815582,53.56898963022433,9.882980424919118,39.25409,-1,-1,-1,-1,30.01978840862869,11.695014,-9999,3581.540295875,0.0191497802734375,-0.1240081787109375,-0.985687255859375,3581.535258875,-0.01887042479598666,-0.02916688915144688,0.04833591917188926,0.004829622339457273,-0.005072347354143858,-0.001014153589494526,-0.00111277773976326,-0.006274938583374023,0.005974411964416504,XArbitraryZVertical,0.02402440925879056,-0.01480599900502024,-0.009783702946999581,0.9995539155100288,0.0191029030829668,-0.114818811416626,-0.9932027459144592,0,0,0,-1,-1,3542.123566166667,unknown,2,2026-04-24T18:34:45.265+02:00,2026-04-24T18:20:19.173+02:00,16,0.7102333,0,0,12.45568,0,0,2026-04-24T18:28:28.837+02:00,798741324.0493344,0,1.94,101.5415,1,0.85,0
2026-04-24T18:35:24.697+02:00,1777048522.815582,53.56898963022433,9.882980424919118,39.25409,-1,-1,-1,-1,30.01978840862869,11.695014,-9999,3581.550370875,0.0196380615234375,-0.121734619140625,-0.986572265625,3581.545332875,-0.01886220953344376,-0.02920535662577312,0.04832462741176533,-0.003688711207360029,-0.003565264865756035,0.005121636670082808,-0.001379156485199928,-0.01064977794885635,0.006403625011444092,XArbitraryZVertical,0.02401863964409805,-0.01482507492845839,-0.009779978570803262,0.9995537628979684,0.01906410790979862,-0.1148080006241798,-0.9932047724723816,0,0,0,-1,-1,3542.123566166667,unknown,2,2026-04-24T18:34:45.265+02:00,2026-04-24T18:20:19.173+02:00,16,0.7102333,0,0,12.45568,0,0,2026-04-24T18:28:28.837+02:00,798741324.0493344,0,1.94,101.5415,1,0.85,0
2026-04-24T18:35:24.707+02:00,1777048522.815582,53.56898963022433,9.882980424919118,39.25409,-1,-1,-1,-1,30.01978840862869,11.695014,-9999,3581.560444875,0.01824951171875,-0.12542724609375,-0.990631103515625,3581.555407875,-0.01881476383750117,-0.02923564437787092,0.04823497407327177,-0.01466652750968933,-0.003462200053036213,0.005389017984271049,0.001141570508480072,-0.006799690425395966,0.008291125297546387,XArbitraryZVertical,0.02397403648335597,-0.01483923646960279,-0.009755985150577134,0.9995548626862604,0.01903056353330612,-0.1147213205695152,-0.9932154417037964,0,0,0,-1,-1,3542.123566166667,unknown,2,2026-04-24T18:34:45.265+02:00,2026-04-24T18:20:19.173+02:00,16,0.7102333,0,0,12.45568,0,0,2026-04-24T18:28:28.837+02:00,798741324.0493344,0,1.94,101.5415,1,0.85,0
2026-04-24T18:35:24.717+02:00,1777048522.815582,53.56898963022433,9.882980424919118,39.25409,-1,-1,-1,-1,30.01978840862869,11.695014,-9999,3581.570519875,0.017364501953125,-0.1238555908203125,-0.98504638671875,3581.565482875,-0.01875762051457075,-0.02927624172419963,0.04803277337332477,-0.02054353803396225,-0.004163676407188177,0.004331276752054691,-9.535998106002808e-05,-0.008294574916362762,0.003981292247772217,XArbitraryZVertical,0.02387320630821783,-0.01485792856208958,-0.009726456048842607,0.9995573097448244,0.01898575574159622,-0.1145234331488609,-0.9932391047477722,0,0,0,-1,-1,3542.123566166667,unknown,2,2026-04-24T18:34:45.265+02:00,2026-04-24T18:20:19.173+02:00,16,0.7102333,0,0,12.45568,0,0,2026-04-24T18:28:28.837+02:00,798741324.0493344,0,1.94,101.5415,1,0.85,0
2026-04-24T18:35:24.727+02:00,1777048522.815582,53.56898963022433,9.882980424919118,39.25409,-1,-1,-1,-1,30.01978840862869,11.695014,-9999,3581.580594875,0.0210418701171875,-0.11517333984375,-0.9855499267578125,3581.575556875,-0.01872899235337306,-0.02932637347483651,0.0477969385690151,-0.02358433604240417,-0.005339462775737047,0.001362651120871305,-0.0019959956407547,-0.01171629130840302,0.005245029926300049,XArbitraryZVertical,0.02375530881942292,-0.01488157884632066,-0.009711044478866599,0.9995599425604753,0.01893326640129089,-0.1142907962203026,-0.9932668805122375,0,0,0,-1,-1,3542.123566166667,unknown,2,2026-04-24T18:34:45.265+02:00,2026-04-24T18:20:19.173+02:00,16,0.7102333,0,0,12.45568,0,0,2026-04-24T18:28:28.837+02:00,798741324.0493344,0,1.94,101.5415,1,0.85,0
2026-04-24T18:35:24.737+02:00,1777048522.815582,53.56898963022433,9.882980424919118,39.25409,-1,-1,-1,-1,30.01978840862869,11.695014,-9999,3581.590668875,0.0211029052734375,-0.108673095703125,-0.9882659912109375,3581.585631875,-0.01872536656865828,-0.02939290781345505,0.047560709638341,-0.01851681806147099,-0.007165325805544853,-0.001044447300955653,0.0005125291645526886,-0.005923308432102203,0.008859097957611084,XArbitraryZVertical,0.02363694899534743,-0.01491372396722096,-0.009708313583536713,0.9995623145515568,0.01886614784598351,-0.1140565648674965,-0.9932951331138611,0,0,0,-1,-1,3542.123566166667,unknown,2,2026-04-24T18:34:45.265+02:00,2026-04-24T18:20:19.173+02:00,16,0.7102333,0,0,12.45568,0,0,2026-04-24T18:28:28.837+02:00,798741324.0493344,0,1.94,101.5415,1,0.85,0
2026-04-24T18:35:24.747+02:00,1777048522.815582,53.56898963022433,9.882980424919118,39.25409,-1,-1,-1,-1,30.01978840862869,11.695014,-9999,3581.600743875,0.0192413330078125,-0.10858154296875,-0.99114990234375,3581.595706875,-0.01874226333054252,-0.02943009561335502,0.04742209607237153,-0.002447039121761918,0.0006201593205332756,0.0008051181212067604,0.002883410081267357,0.003246180713176727,0.006312191486358643,XArbitraryZVertical,0.02356736747634307,-0.0149318857781489,-0.009716194627844914,0.9995635206927718,0.01882986165583134,-0.1139181926846504,-0.9933117032051086,0,0,0,-1,-1,3542.123566166667,unknown,2,2026-04-24T18:34:45.265+02:00,2026-04-24T18:20:19.173+02:00,16,0.7102333,0,0,12.45568,0,0,2026-04-24T18:28:28.837+02:00,798741324.0493344,0,1.94,101.5415,1,0.85,0
2026-04-24T18:35:24.770+02:00,1777048522.815582,53.56898963022433,9.882980424919118,39.25409,-1,-1,-1,-1,30.01978840862869,11.695014,-9999,3581.610817875,0.0152130126953125,-0.106658935546875,-0.992034912109375,3581.605780875,-0.01873491490272412,-0.0294279074385823,0.04749081634603124,0.01536599360406399,0.0002292073331773281,0.000182471310836263,0.001630272716283798,0.005069494247436523,0.003847599029541016,XArbitraryZVertical,0.0236017777833497,-0.01493101496781922,-0.009712993749842542,0.9995627757611987,0.0188317783176899,-0.1139867380261421,-0.9933037757873535,0,0,0,-1,-1,3542.123566166667,unknown,2,2026-04-24T18:34:45.265+02:00,2026-04-24T18:20:19.173+02:00,16,0.7102333,0,0,12.45568,0,0,2026-04-24T18:28:28.837+02:00,798741324.0493344,0,1.94,101.5415,1,0.85,0
2026-04-24T18:35:24.772+02:00,1777048522.815582,53.56898963022433,9.882980424919118,39.25409,-1,-1,-1,-1,30.01978840862869,11.695014,-9999,3581.620892875,0.0163726806640625,-0.1025238037109375,-0.9865570068359375,3581.615855875,-0.01871615147724524,-0.02944567696482967,0.04772452216523585,0.02422899380326271,-0.001363895833492279,-9.808922186493874e-06,-0.002059495076537132,0.005775317549705505,0.0002201199531555176,XArbitraryZVertical,0.02371863460228006,-0.01494072690839687,-0.009705519836505217,0.9995599138234299,0.01881366036832333,-0.1142195463180542,-0.993277370929718,0,0,0,-1,-1,3542.123566166667,unknown,2,2026-04-24T18:34:45.265+02:00,2026-04-24T18:20:19.173+02:00,16,0.7102333,0,0,12.45568,0,0,2026-04-24T18:28:28.837+02:00,798741324.0493344,0,1.94,101.5415,1,0.85,0
2026-04-24T18:35:24.777+02:00,1777048522.815582,53.56898963022433,9.882980424919118,39.25409,-1,-1,-1,-1,30.01978840862869,11.695014,-9999,3581.630967875,0.020538330078125,-0.105194091796875,-0.9893341064453125,3581.625929875,-0.01873637160329812,-0.02949259557582502,0.04799465263500756,0.02113226987421513,-0.006475833710283041,-0.004040103871375322,-0.003647841513156891,0.009307779371738434,0.004951000213623047,XArbitraryZVertical,0.02385326220615681,-0.01496563294174035,-0.009718142655838343,0.999556207295614,0.01876931451261044,-0.1144866198301315,-0.9932474493980408,0,0,0,-1,-1,3542.123566166667,unknown,2,2026-04-24T18:34:45.265+02:00,2026-04-24T18:20:19.173+02:00,16,0.7102333,0,0,12.45568,0,0,2026-04-24T18:28:28.837+02:00,798741324.0493344,0,1.94,101.5415,1,0.85,0
2026-04-24T18:35:24.787+02:00,1777048522.815582,53.56898963022433,9.882980424919118,39.25409,-1,-1,-1,-1,30.01978840862869,11.695014,-9999,3581.641041875,0.0153656005859375,-0.1158905029296875,-0.9855804443359375,3581.636004875,-0.01877909776879897,-0.02955260352188251,0.04819829532056168,0.013011759147048,-0.005620958749204874,-0.003356470260769129,0.0005586147308349609,0.01292575895786285,0.005371451377868652,XArbitraryZVertical,0.0239544263376718,-0.0149970522837781,-0.009741692687865665,0.9995531114507094,0.01871325075626373,-0.1146866381168365,-0.9932254552841187,0,0,0,-1,-1,3542.123566166667,unknown,2,2026-04-24T18:34:45.265+02:00,2026-04-24T18:20:19.173+02:00,16,0.7102333,0,0,12.45568,0,0,2026-04-24T18:28:28.837+02:00,798741324.0493344,0,1.94,101.5415,1,0.85,0
2026-04-24T18:35:24.797+02:00,1777048522.815582,53.56898963022433,9.882980424919118,39.25409,-1,-1,-1,-1,30.01978840862869,11.695014,-9999,3581.651116875,0.015472412109375,-0.1167755126953125,-0.9852447509765625,3581.646079875,-0.01879784448216907,-0.02957949294686485,0.04836278560738703,0.01453183777630329,-0.001823557075113058,-0.0001762565807439387,6.471574306488037e-05,0.00448211282491684,0.005368411540985107,XArbitraryZVertical,0.02403636402842498,-0.01501145920240369,-0.009752581424265615,0.9995507994311171,0.01868834905326366,-0.1148489490151405,-0.9932071566581726,0,0,0,-1,-1,3542.123566166667,unknown,2,2026-04-24T18:34:45.265+02:00,2026-04-24T18:20:19.173+02:00,16,0.7102333,0,0,12.45568,0,0,2026-04-24T18:28:28.837+02:00,798741324.0493344,0,1.94,101.5415,1,0.85,0
2026-04-24T18:35:24.807+02:00,1777048522.815582,53.56898963022433,9.882980424919118,39.25409,-1,-1,-1,-1,30.01978840862869,11.695014,-9999,3581.661190875,0.019775390625,-0.11273193359375,-0.98931884765625,3581.656153875,-0.01879037930156289,-0.02959580368436069,0.04854675320693608,0.01462611369788647,-0.002472036518156528,-0.0009011690272018313,-0.004512105137109756,-0.003315344452857971,0.008475601673126221,XArbitraryZVertical,0.02412828381825546,-0.01502035224114677,-0.009750386382454184,0.9995484610477163,0.01867227628827095,-0.1150318384170532,-0.9931862950325012,0,0,0,-1,-1,3542.123566166667,unknown,2,2026-04-24T18:34:45.265+02:00,2026-04-24T18:20:19.173+02:00,16,0.7102333,0,0,12.45568,0,0,2026-04-24T18:28:28.837+02:00,798741324.0493344,0,1.94,101.5415,1,0.85,0
2026-04-24T18:35:24.817+02:00,1777048522.815582,53.56898963022433,9.882980424919118,39.25409,-1,-1,-1,-1,30.01978840862869,11.695014,-9999,3581.671265875,0.0200042724609375,-0.1174774169921875,-0.987701416015625,3581.666228875,-0.01879508331295416,-0.02962543170931949,0.0487231363679818,0.01657890342175961,-0.000289576593786478,-0.001023208140395582,-0.0008825268596410751,0.001452349126338959,0.005526244640350342,XArbitraryZVertical,0.02421625525954572,-0.01503601234527356,-0.009754380043124598,0.9995461006120574,0.01864377036690712,-0.1152066215872765,-0.9931665658950806,0,0,0,-1,-1,3542.123566166667,unknown,2,2026-04-24T18:34:45.265+02:00,2026-04-24T18:20:19.173+02:00,16,0.7102333,0,0,12.45568,0,0,2026-04-24T18:28:28.837+02:00,798741324.0493344,0,1.94,101.5415,1,0.85,0
2026-04-24T18:35:24.827+02:00,1777048522.815582,53.56898963022433,9.882980424919118,39.25409,-1,-1,-1,-1,30.01978840862869,11.695014,-9999,3581.681340875,0.0186767578125,-0.1226806640625,-0.9879608154296875,3581.676302875,-0.01880380632698584,-0.02959010115508061,0.0488453531081382,0.008520443923771381,0.001256921095773578,-0.0002572829835116863,0.002133144065737724,0.0006118789315223694,0.00393986701965332,XArbitraryZVertical,0.02427744315805942,-0.01501901300032337,-0.009759201566207789,0.9995448215097862,0.01867985725402832,-0.115327462553978,-0.993151843547821,0,0,0,-1,-1,3542.123566166667,unknown,2,2026-04-24T18:34:45.265+02:00,2026-04-24T18:20:19.173+02:00,16,0.7102333,0,0,12.45568,0,0,2026-04-24T18:28:28.837+02:00,798741324.0493344,0,1.94,101.5415,1,0.85,0
2026-04-24T18:35:24.838+02:00,1777048522.815582,53.56898963022433,9.882980424919118,39.25409,-1,-1,-1,-1,30.01978840862869,11.695014,-9999,3581.691414875,0.017730712890625,-0.119781494140625,-0.989349365234375,3581.686377875,-0.01879835796582633,-0.02955796758720501,0.0488806451678611,0.001367992488667369,-0.000230986624956131,0.0002506481832824647,-0.000217856839299202,-0.005975164473056793,0.006239235401153564,XArbitraryZVertical,0.0242952796491813,-0.01500304726508952,-0.009756345512242571,0.9995446263398498,0.0187115240842104,-0.1153627336025238,-0.9931471943855286,0,0,0,-1,-1,3542.123566166667,unknown,2,2026-04-24T18:34:45.265+02:00,2026-04-24T18:20:19.173+02:00,16,0.7102333,0,0,12.45568,0,0,2026-04-24T18:28:28.837+02:00,798741324.0493344,0,1.94,101.5415,1,0.85,0
2026-04-24T18:35:24.848+02:00,1777048522.815582,53.56898963022433,9.882980424919118,39.25409,-1,-1,-1,-1,30.01978840862869,11.695014,-9999,3581.701489875,0.017791748046875,-0.11767578125,-0.9909820556640625,3581.696452875,-0.01881065162953242,-0.0295775784953995,0.04885119334096594,-0.005856630858033895,-0.003754615318030119,0.0009175037266686559,-0.0003822091966867447,-0.005943939089775085,0.003740608692169189,XArbitraryZVertical,0.02428037164131883,-0.01501286398321033,-0.009762513128567431,0.9995448122994033,0.01869276911020279,-0.1153329312801361,-0.9931510090827942,0,0,0,-1,-1,3542.123566166667,unknown,2,2026-04-24T18:34:45.265+02:00,2026-04-24T18:20:19.173+02:00,16,0.7102333,0,0,12.45568,0,0,2026-04-24T18:28:28.837+02:00,798741324.0493344,0,1.94,101.5415,1,0.85,0
2026-04-24T18:35:24.858+02:00,1777048522.815582,53.56898963022433,9.882980424919118,39.25409,-1,-1,-1,-1,30.01978840862869,11.695014,-9999,3581.711564875,0.0199432373046875,-0.1163482666015625,-0.986541748046875,3581.706526875,-0.01880824372751224,-0.02962451679611179,0.0487548423819411,-0.004406326916068792,-0.001404908485710621,0.004902258515357971,-0.001555807888507843,-0.003552235662937164,0.003325343132019043,XArbitraryZVertical,0.0242320060365851,-0.01503585731550649,-0.009761176993507367,0.9995456824813999,0.01864566653966904,-0.1152374520897865,-0.993162989616394,0,0,0,-1,-1,3542.123566166667,unknown,2,2026-04-24T18:34:45.265+02:00,2026-04-24T18:20:19.173+02:00,16,0.7102333,0,0,12.45568,0,0,2026-04-24T18:28:28.837+02:00,798741324.0493344,0,1.94,101.5415,1,0.85,0
2026-04-24T18:35:24.868+02:00,1777048522.815582,53.56898963022433,9.882980424919118,39.25409,-1,-1,-1,-1,30.01978840862869,11.695014,-9999,3581.721638875,0.017822265625,-0.1162872314453125,-0.988739013671875,3581.716601875,-0.01875479756049906,-0.0296500241999605,0.04867499061956476,-0.001651286613196135,-0.002366309519857168,0.005268975626677275,0.0003959666937589645,-0.002377673983573914,0.004235029220581055,XArbitraryZVertical,0.02419237562524267,-0.01504759782004481,-0.009734192530880042,0.9995467299651043,0.01861649751663208,-0.1151607930660248,-0.9931724071502686,0,0,0,-1,-1,3542.123566166667,unknown,2,2026-04-24T18:34:45.265+02:00,2026-04-24T18:20:19.173+02:00,16,0.7102333,0,0,12.45568,0,0,2026-04-24T18:28:28.837+02:00,798741324.0493344,0,1.94,101.5415,1,0.85,0
2026-04-24T18:35:24.878+02:00,1777048522.815582,53.56898963022433,9.882980424919118,39.25409,-1,-1,-1,-1,30.01978840862869,11.695014,-9999,3581.731713875,0.0171966552734375,-0.1136474609375,-0.9856719970703125,3581.726675875,-0.01872885972172379,-0.02965535729095818,0.04868273971849731,0.007312114350497723,-0.001591862179338932,0.002719731535762548,0.0006013289093971252,-0.0006597563624382019,0.005698978900909424,XArbitraryZVertical,0.02419641704571305,-0.01504998387076269,-0.009721350274129219,0.999546747348214,0.01860950142145157,-0.1151697263121605,-0.9931715130805969,0,0,0,-1,-1,3542.123566166667,unknown,2,2026-04-24T18:34:45.265+02:00,2026-04-24T18:20:19.173+02:00,16,0.7102333,0,0,12.45568,0,0,2026-04-24T18:28:28.837+02:00,798741324.0493344,0,1.94,101.5415,1,0.85,0
2026-04-24T18:35:24.888+02:00,1777048522.815582,53.56898963022433,9.882980424919118,39.25409,-1,-1,-1,-1,30.01978840862869,11.695014,-9999,3581.741787875,0.0170745849609375,-0.106536865234375,-0.9847259521484375,3581.736750875,-0.01871726272598538,-0.02972653576958965,0.04874392291780576,0.003515778575092554,-0.007120584603399038,-0.002124558435752988,-0.001692524179816246,-0.0007968619465827942,0.005342245101928711,XArbitraryZVertical,0.02422673736894275,-0.01508569236854393,-0.009716863487990425,0.9995454793716634,0.01853824220597744,-0.1152309849858284,-0.9931657314300537,0,0,0,-1,-1,3542.123566166667,unknown,2,2026-04-24T18:34:45.265+02:00,2026-04-24T18:20:19.173+02:00,16,0.7102333,0,0,12.45568,0,0,2026-04-24T18:28:28.837+02:00,798741324.0493344,0,1.94,101.5415,1,0.85,0
2026-04-24T18:35:24.898+02:00,1777048522.815582,53.56898963022433,9.882980424919118,39.25409,-1,-1,-1,-1,30.01978840862869,11.695014,-9999,3581.751862875,0.01806640625,-0.109893798828125,-0.984130859375,3581.746825875,-0.01872955511423898,-0.02981555084089753,0.04873740596668622,-0.003144787158817053,-0.01032729633152485,-0.001148976269178092,-0.001437067985534668,0.005360633134841919,0.008655846118927002,XArbitraryZVertical,0.02422295477362187,-0.01513029917760468,-0.009724037292177884,0.999544830819573,0.01845063269138336,-0.1152239292860031,-0.9931681752204895,0,0,0,-1,-1,3542.123566166667,unknown,2,2026-04-24T18:34:45.265+02:00,2026-04-24T18:20:19.173+02:00,16,0.7102333,0,0,12.45568,0,0,2026-04-24T18:28:28.837+02:00,798741324.0493344,0,1.94,101.5415,1,0.85,0
2026-04-24T18:35:24.908+02:00,1777048522.815582,53.56898963022433,9.882980424919118,39.25409,-1,-1,-1,-1,30.01978840862869,11.695014,-9999,3581.761937875,0.01837158203125,-0.1176910400390625,-0.979400634765625,3581.756899875,-0.01873354178457283,-0.02990313799601425,0.04864038204876128,-0.01257743779569864,-0.009686540812253952,-0.001521552447229624,-0.0005565546452999115,0.008743181824684143,0.007966756820678711,XArbitraryZVertical,0.02417400814363174,-0.01517368432965039,-0.009726376386808915,0.9995453483423317,0.01836357638239861,-0.1151274740695953,-0.9931809902191162,0,0,0,-1,-1,3542.123566166667,unknown,2,2026-04-24T18:34:45.265+02:00,2026-04-24T18:20:19.173+02:00,16,0.7102333,0,0,12.45568,0,0,2026-04-24T18:28:28.837+02:00,798741324.0493344,0,1.94,101.5415,1,0.85,0
2026-04-24T18:35:24.918+02:00,1777048522.815582,53.56898963022433,9.882980424919118,39.25409,-1,-1,-1,-1,30.01978840862869,11.695014,-9999,3581.772011875,0.0172576904296875,-0.1165924072265625,-0.977294921875,3581.766974875,-0.01878835601731627,-0.03000020693680749,0.04848463579322389,-0.01387152075767517,-0.008276397362351418,-0.006563981529325247,0.0004370082169771194,-0.0002335608005523682,0.01120626926422119,XArbitraryZVertical,0.02409528139405363,-0.01522215686364416,-0.009753794717857006,0.999546211877431,0.01827028207480907,-0.1149703040719032,-0.9932008981704712,0,0,0,-1,-1,3542.123566166667,unknown,2,2026-04-24T18:34:45.265+02:00,2026-04-24T18:20:19.173+02:00,16,0.7102333,0,0,12.45568,0,0,2026-04-24T18:28:28.837+02:00,798741324.0493344,0,1.94,101.5415,1,0.85,0
2026-04-24T18:35:24.928+02:00,1777048522.815582,53.56898963022433,9.882980424919118,39.25409,-1,-1,-1,-1,30.01978840862869,11.695014,-9999,3581.782086875,0.0183868408203125,-0.1142730712890625,-0.9844207763671875,3581.777049875,-0.01881634049041726,-0.03002308037975356,0.04849021378188025,0.01142291724681854,0.003831132780760527,0.001068904530256987,-0.0004729460924863815,-0.003021731972694397,0.01476144790649414,XArbitraryZVertical,0.02409774394281777,-0.01523395042758478,-0.009768097170141895,0.9995458537661371,0.01824945025146008,-0.1149744987487793,-0.9932007789611816,0,0,0,-1,-1,3542.123566166667,unknown,2,2026-04-24T18:34:45.265+02:00,2026-04-24T18:20:19.173+02:00,16,0.7102333,0,0,12.45568,0,0,2026-04-24T18:28:28.837+02:00,798741324.0493344,0,1.94,101.5415,1,0.85,0
2026-04-24T18:35:24.939+02:00,1777048522.815582,53.56898963022433,9.882980424919118,39.25409,-1,-1,-1,-1,30.01978840862869,11.695014,-9999,3581.792160875,0.02069091796875,-0.1150665283203125,-0.9948883056640625,3581.787123875,-0.01884684713791372,-0.03002598720469426,0.04870132304387105,0.02444774471223354,-0.001065355259925127,-0.007925190031528473,-0.001037394627928734,-0.0001129359006881714,0.01382184028625488,XArbitraryZVertical,0.02420300524548219,-0.01523672693543343,-0.009784938798224849,0.9995430767555175,0.01824932359158993,-0.1151824966073036,-0.9931766986846924,0,0,0,-1,-1,3542.123566166667,unknown,2,2026-04-24T18:34:45.265+02:00,2026-04-24T18:20:19.173+02:00,16,0.7102333,0,0,12.45568,0,0,2026-04-24T18:28:28.837+02:00,798741324.0493344,0,1.94,101.5415,1,0.85,0
2026-04-24T18:35:24.949+02:00,1777048522.815582,53.56898963022433,9.882980424919118,39.25409,-1,-1,-1,-1,30.01978840862869,11.695014,-9999,3581.802235875,0.0196533203125,-0.1117401123046875,-0.9922943115234375,3581.797198875,-0.01893459501718126,-0.0300269545232845,0.04901205508901398,0.03441596031188965,-0.00351919187232852,-0.0122821219265461,0.002298317849636078,0.0003895163536071777,0.001701474189758301,XArbitraryZVertical,0.02435762815145311,-0.01523968582544689,-0.009831100350325762,0.999538804420807,0.01825528405606747,-0.1154865771532059,-0.9931412935256958,0,0,0,-1,-1,3542.123566166667,unknown,2,2026-04-24T18:34:45.265+02:00,2026-04-24T18:20:19.173+02:00,16,0.7102333,0,0,12.45568,0,0,2026-04-24T18:28:28.837+02:00,798741324.0493344,0,1.94,101.5415,1,0.85,0
2026-04-24T18:35:24.959+02:00,1777048522.815582,53.56898963022433,9.882980424919118,39.25409,-1,-1,-1,-1,30.01978840862869,11.695014,-9999,3581.812310875,0.0203704833984375,-0.111480712890625,-0.9910736083984375,3581.807272875,-0.01905434968409524,-0.0300562608703289,0.04931061277579308,0.01894400268793106,-0.002449666149914265,-0.01007349416613579,0.002379437908530235,0.001137740910053253,-0.001032769680023193,XArbitraryZVertical,0.02450578020907223,-0.01525715641953252,-0.009893514036849566,0.9995343461575221,0.01823520101606846,-0.1157770380377769,-0.9931078553199768,0,0,0,-1,-1,3542.123566166667,unknown,2,2026-04-24T18:34:45.265+02:00,2026-04-24T18:20:19.173+02:00,16,0.7102333,0,0,12.45568,0,0,2026-04-24T18:28:28.837+02:00,798741324.0493344,0,1.94,101.5415,1,0.85,0
2026-04-24T18:35:24.969+02:00,1777048522.815582,53.56898963022433,9.882980424919118,39.25409,-1,-1,-1,-1,30.01978840862869,11.695014,-9999,3581.822384875,0.0143585205078125,-0.1224212646484375,-0.992401123046875,3581.817347875,-0.0191292232626802,-0.03011131644013621,0.04941753949891242,0.001416941289789975,-0.004939455538988113,-0.005072078667581081,0.002474527806043625,0.005909420549869537,0.001977384090423584,XArbitraryZVertical,0.02455837451921348,-0.01528608012922686,-0.009932400005052208,0.9995322224065323,0.01818588562309742,-0.1158795282244682,-0.9930967688560486,0,0,0,-1,-1,3542.123566166667,unknown,2,2026-04-24T18:34:45.265+02:00,2026-04-24T18:20:19.173+02:00,16,0.7102333,0,0,12.45568,0,0,2026-04-24T18:28:28.837+02:00,798741324.0493344,0,1.94,101.5415,1,0.85,0
2026-04-24T18:35:24.979+02:00,1777048522.815582,53.56898963022433,9.882980424919118,39.25409,-1,-1,-1,-1,30.01978840862869,11.695014,-9999,3581.832459875,0.0139312744140625,-0.1285400390625,-0.99090576171875,3581.827422875,-0.01917805768917276,-0.03015604104230859,0.04933870984589815,-0.008373957127332687,-0.003214525990188122,-0.003162991488352418,0.0001050755381584167,0.0001983791589736938,0.001377224922180176,XArbitraryZVertical,0.02451838145689554,-0.01530866816868383,-0.009956770010269735,0.9995326360975044,0.01814445108175278,-0.1157989799976349,-0.9931069612503052,0,0,0,-1,-1,3542.123566166667,unknown,2,2026-04-24T18:34:45.265+02:00,2026-04-24T18:20:19.173+02:00,16,0.7102333,0,0,12.45568,0,0,2026-04-24T18:28:28.837+02:00,798741324.0493344,0,1.94,101.5415,1,0.85,0
2026-04-24T18:35:24.989+02:00,1777048522.815582,53.56898963022433,9.882980424919118,39.25409,-1,-1,-1,-1,30.01978840862869,11.695014,-9999,3581.842533875,0.016998291015625,-0.12042236328125,-0.991363525390625,3581.837496875,-0.01919181630687429,-0.0301776450125187,0.04920683081721768,-0.008592869155108929,-0.0047706114128232,0.002416330855339766,-0.004543112590909004,-0.01169764995574951,0.001194536685943604,XArbitraryZVertical,0.02445225971591576,-0.01531902606309217,-0.009962932145598173,0.9995340193097919,0.0181234497576952,-0.1156674772500992,-0.9931226372718811,0,0,0,-1,-1,3542.123566166667,unknown,2,2026-04-24T18:34:45.265+02:00,2026-04-24T18:20:19.173+02:00,16,0.7102333,0,0,12.45568,0,0,2026-04-24T18:28:28.837+02:00,798741324.0493344,0,1.94,101.5415,1,0.85,0
2026-04-24T18:35:24.999+02:00,1777048522.815582,53.56898963022433,9.882980424919118,39.25409,-1,-1,-1,-1,30.01978840862869,11.695014,-9999,3581.852608875,0.0184478759765625,-0.1193695068359375,-0.99505615234375,3581.847571875,-0.0191649096218052,-0.03020508113852657,0.04905044155055453,-0.0188932828605175,-0.0006339233368635178,0.005116243846714497,-0.00346066989004612,-0.009089678525924683,0.002540528774261475,XArbitraryZVertical,0.02437417067294078,-0.01533168890890678,-0.009948658507456517,0.9995358675303181,0.01809386350214481,-0.1155136078596115,-0.9931411147117615,0,0,0,-1,-1,3542.123566166667,unknown,2,2026-04-24T18:34:45.265+02:00,2026-04-24T18:20:19.173+02:00,16,0.7102333,0,0,12.45568,0,0,2026-04-24T18:28:28.837+02:00,798741324.0493344,0,1.94,101.5415,1,0.85,0
2026-04-24T18:35:25.009+02:00,1777048522.815582,53.56898963022433,9.882980424919118,39.25409,-1,-1,-1,-1,30.01978840862869,11.695014,-9999,3581.862683875,0.0172576904296875,-0.125732421875,-0.9913177490234375,3581.857645875,-0.01912408427477426,-0.03020558172379794,0.04883417907596065,-0.0235612727701664,-0.001524217892438173,0.002543630078434944,0.0004495531320571899,-0.002649456262588501,-0.0001660585403442383,XArbitraryZVertical,0.02426639960547344,-0.01533044826897055,-0.009926654439477111,0.9995387095454399,0.0180898904800415,-0.1153009980916977,-0.9931658506393433,0,0,0,-1,-1,3542.123566166667,unknown,2,2026-04-24T18:34:45.265+02:00,2026-04-24T18:20:19.173+02:00,16,0.7102333,0,0,12.45568,0,0,2026-04-24T18:28:28.837+02:00,798741324.0493344,0,1.94,101.5415,1,0.85,0
2026-04-24T18:35:25.019+02:00,1777048522.815582,53.56898963022433,9.882980424919118,39.25409,-1,-1,-1,-1,30.01978840862869,11.695014,-9999,3581.872757875,0.0171661376953125,-0.123809814453125,-0.9869384765625,3581.867720875,-0.01908878282200019,-0.03022814453055334,0.04860499072354622,-0.01911198347806931,-0.001807577908039093,0.004253245890140533,-0.0001352373510599136,-0.006720371544361115,-0.001207470893859863,XArbitraryZVertical,0.02415201724298446,-0.01534024580105714,-0.009907581423242665,0.9995414722312137,0.01806432753801346,-0.1150752902030945,-0.9931924939155579,0,0,0,-1,-1,3542.123566166667,unknown,2,2026-04-24T18:34:45.265+02:00,2026-04-24T18:20:19.173+02:00,16,0.7102333,0,0,12.45568,0,0,2026-04-24T18:28:28.837+02:00,798741324.0493344,0,1.94,101.5415,1,0.85,0
2026-04-24T18:35:25.029+02:00,1777048522.815582,53.56898963022433,9.882980424919118,39.25409,-1,-1,-1,-1,30.01978840862869,11.695014,-9999,3581.882832875,0.0175323486328125,-0.1123809814453125,-0.98681640625,3581.877795875,-0.01906880489955843,-0.03025657199227582,0.04843611691532458,-0.01222291775047779,-0.004245435819029808,0.0003903310571331531,-0.0005628503859043121,-0.01216651499271393,0.004671692848205566,XArbitraryZVertical,0.02406763025740932,-0.01535343758186718,-0.009896682654636226,0.999543441505061,0.01803417690098286,-0.1149086952209473,-0.9932123422622681,0,0,0,-1,-1,3542.123566166667,unknown,2,2026-04-24T18:34:45.265+02:00,2026-04-24T18:20:19.173+02:00,16,0.7102333,0,0,12.45568,0,0,2026-04-24T18:28:28.837+02:00,798741324.0493344,0,1.94,101.5415,1,0.85,0
2026-04-24T18:35:25.040+02:00,1777048522.815582,53.56898963022433,9.882980424919118,39.25409,-1,-1,-1,-1,30.01978840862869,11.695014,-9999,3581.892907875,0.018402099609375,-0.1045074462890625,-0.987060546875,3581.887869875,-0.01907923140741429,-0.03031337930378831,0.04833155019778689,-0.008005269803106785,-0.005847593769431114,-0.0009665495017543435,0.0001035872846841812,-0.003634274005889893,0.007019400596618652,XArbitraryZVertical,0.02401500812375246,-0.01538147369839912,-0.009901796614181843,0.9995442664333445,0.01797809079289436,-0.1148044541478157,-0.9932253956794739,0,0,0,-1,-1,3542.123566166667,unknown,2,2026-04-24T18:34:45.265+02:00,2026-04-24T18:20:19.173+02:00,16,0.7102333,0,0,12.45568,0,0,2026-04-24T18:28:28.837+02:00,798741324.0493344,0,1.94,101.5415,1,0.85,0
2026-04-24T18:35:25.049+02:00,1777048522.815582,53.56898963022433,9.882980424919118,39.25409,-1,-1,-1,-1,30.01978840862869,11.695014,-9999,3581.902981875,0.018890380859375,-0.104248046875,-0.98541259765625,3581.897944875,-0.01909947793989028,-0.03038114359907145,0.04828185618736622,0.0004241680726408958,-0.009772826917469501,-0.001321016228757799,0.0004901550710201263,0.008049450814723969,0.005988776683807373,XArbitraryZVertical,0.02398968095390152,-0.01541535559097258,-0.009912357472929139,0.9995442379324485,0.01791195943951607,-0.1147541701793671,-0.9932324290275574,0,0,0,-1,-1,3542.123566166667,unknown,2,2026-04-24T18:34:45.265+02:00,2026-04-24T18:20:19.173+02:00,16,0.7102333,0,0,12.45568,0,0,2026-04-24T18:28:28.837+02:00,798741324.0493344,0,1.94,101.5415,1,0.85,0
2026-04-24T18:35:25.059+02:00,1777048522.815582,53.56898963022433,9.882980424919118,39.25409,-1,-1,-1,-1,30.01978840862869,11.695014,-9999,3581.913056875,0.01336669921875,-0.107452392578125,-0.9837493896484375,3581.908018875,-0.0191068190494356,-0.030482877317828,0.04829785226722687,0.003754557343199849,-0.008382922038435936,-0.0005465023568831384,0.001948684453964233,0.01146768033504486,0.006202459335327148,XArbitraryZVertical,0.02399711428612191,-0.01546636066333735,-0.009917366584975416,0.9995432260922147,0.01781146042048931,-0.1147696897387505,-0.9932324290275574,0,0,0,-1,-1,3542.123566166667,unknown,2,2026-04-24T18:34:45.265+02:00,2026-04-24T18:20:19.173+02:00,16,0.7102333,0,0,12.45568,0,0,2026-04-24T18:28:28.837+02:00,798741324.0493344,0,1.94,101.5415,1,0.85,0
2026-04-24T18:35:25.069+02:00,1777048522.815582,53.56898963022433,9.882980424919118,39.25409,-1,-1,-1,-1,30.01978840862869,11.695014,-9999,3581.923130875,0.014190673828125,-0.109344482421875,-0.9815673828125,3581.918093875,-0.01910528879637553,-0.03059088702450104,0.04835469517314553,-0.003262073034420609,-0.01054407842457294,0.0002476522931829095,-0.00124002993106842,0.009769387543201447,0.008227229118347168,XArbitraryZVertical,0.02402499928305553,-0.01552058341585267,-0.00991832579903427,0.9995417017219204,0.01770427823066711,-0.1148261651396751,-0.9932278394699097,0,0,0,-1,-1,3542.123566166667,unknown,2,2026-04-24T18:34:45.265+02:00,2026-04-24T18:20:19.173+02:00,16,0.7102333,0,0,12.45568,0,0,2026-04-24T18:28:28.837+02:00,798741324.0493344,0,1.94,101.5415,1,0.85,0
2026-04-24T18:35:25.080+02:00,1777048522.815582,53.56898963022433,9.882980424919118,39.25409,-1,-1,-1,-1,30.01978840862869,11.695014,-9999,3581.933205875,0.0170440673828125,-0.1124114990234375,-0.982269287109375,3581.928168875,-0.01909963764495346,-0.03069552992149133,0.04831080982273758,-0.0114786708727479,-0.009634608402848244,-0.0004620804102160037,-0.005316471680998802,0.005941934883594513,0.01081281900405884,XArbitraryZVertical,0.02400259196207597,-0.01557261193346151,-0.009916427133868153,0.9995414322754681,0.0175998117774725,-0.1147828847169876,-0.9932346940040588,0,0,0,-1,-1,3542.123566166667,unknown,2,2026-04-24T18:34:45.265+02:00,2026-04-24T18:20:19.173+02:00,16,0.7102333,0,0,12.45568,0,0,2026-04-24T18:28:28.837+02:00,798741324.0493344,0,1.94,101.5415,1,0.85,0
2026-04-24T18:35:25.090+02:00,1777048522.815582,53.56898963022433,9.882980424919118,39.25409,-1,-1,-1,-1,30.01978840862869,11.695014,-9999,3581.943280875,0.015380859375,-0.1169281005859375,-0.98675537109375,3581.938242875,-0.01910416393382358,-0.0307636588551772,0.0481726316066951,-0.01564225554466248,-0.008033249527215958,0.003955304622650146,-0.001113489270210266,0.00350053608417511,0.0113486647605896,XArbitraryZVertical,0.02393316018988751,-0.01560608057271135,-0.009918460147167601,0.9995425849462296,0.01753195933997631,-0.1146455705165863,-0.9932517409324646,0,0,0,-1,-1,3542.123566166667,unknown,2,2026-04-24T18:34:45.265+02:00,2026-04-24T18:20:19.173+02:00,16,0.7102333,0,0,12.45568,0,0,2026-04-24T18:28:28.837+02:00,798741324.0493344,0,1.94,101.5415,1,0.85,0
2026-04-24T18:35:25.100+02:00,1777048522.815582,53.56898963022433,9.882980424919118,39.25409,-1,-1,-1,-1,30.01978840862869,11.695014,-9999,3581.953354875,0.01580810546875,-0.1205291748046875,-0.9922637939453125,3581.948317875,-0.01905207757065891,-0.03083221778911228,0.04811229092477532,-0.001982583664357662,-0.007769064512103796,0.006033502984791994,-0.0005534235388040543,-5.319714546203613e-06,0.009571313858032227,XArbitraryZVertical,0.0239030719301074,-0.01563944577887639,-0.00989279181955882,0.9995429873651241,0.0174601748585701,-0.1145881935954094,-0.993259608745575,0,0,0,-1,-1,3542.123566166667,unknown,2,2026-04-24T18:34:45.265+02:00,2026-04-24T18:20:19.173+02:00,16,0.7102333,0,0,12.45568,0,0,2026-04-24T18:28:28.837+02:00,798741324.0493344,0,1.94,101.5415,1,0.85,0
2026-04-24T18:35:25.110+02:00,1777048522.815582,53.56898963022433,9.882980424919118,39.25409,-1,-1,-1,-1,30.01978840862869,11.695014,-9999,3581.963429875,0.01873779296875,-0.118011474609375,-0.9902496337890625,3581.958392875,-0.01896699345750484,-0.0309232300525303,0.04819855531533137,0.007768047973513603,-0.01084927655756474,0.008148319087922573,-0.002868549898266792,-0.004584841430187225,0.00231468677520752,XArbitraryZVertical,0.02394640165158513,-0.0156843069840259,-0.009852013717728704,0.9995416530851259,0.01736441254615784,-0.114677868783474,-0.9932509660720825,0,0,0,-1,-1,3542.123566166667,unknown,2,2026-04-24T18:34:45.265+02:00,2026-04-24T18:20:19.173+02:00,16,0.7102333,0,0,12.45568,0,0,2026-04-24T18:28:28.837+02:00,798741324.0493344,0,1.94,101.5415,1,0.85,0
2026-04-24T18:35:25.120+02:00,1777048522.815582,53.56898963022433,9.882980424919118,39.25409,-1,-1,-1,-1,30.01978840862869,11.695014,-9999,3581.973503875,0.0194091796875,-0.11328125,-0.989013671875,3581.968466875,-0.0188966450203664,-0.03104796608278127,0.04828534997772178,0.005638584028929472,-0.01448182854801416,0.005876575596630573,0.0006471704691648483,-0.005899138748645782,0.001680970191955566,XArbitraryZVertical,0.02398971747462908,-0.0157461968616205,-0.009819012126406838,0.9995400183111688,0.01723614521324635,-0.1147673800587654,-0.9932428598403931,0,0,0,-1,-1,3542.123566166667,unknown,2,2026-04-24T18:34:45.265+02:00,2026-04-24T18:20:19.173+02:00,16,0.7102333,0,0,12.45568,0,0,2026-04-24T18:28:28.837+02:00,798741324.0493344,0,1.94,101.5415,1,0.85,0
2026-04-24T18:35:25.130+02:00,1777048522.815582,53.56898963022433,9.882980424919118,39.25409,-1,-1,-1,-1,30.01978840862869,11.695014,-9999,3581.983578875,0.019134521484375,-0.1136932373046875,-0.9895782470703125,3581.978541875,-0.01883082894052096,-0.03121160810005816,0.04824419466675216,-0.007313167210668325,-0.01842969655990601,0.007072601467370987,0.002141751348972321,-1.639127731323242e-05,0.004389047622680664,XArbitraryZVertical,0.02396886634475952,-0.01582700469309862,-0.009787765676745988,0.9995395565007358,0.01706907525658607,-0.1147297024726868,-0.9932500720024109,0,0,0,-1,-1,3542.123566166667,unknown,2,2026-04-24T18:34:45.265+02:00,2026-04-24T18:20:19.173+02:00,16,0.7102333,0,0,12.45568,0,0,2026-04-24T18:28:28.837+02:00,798741324.0493344,0,1.94,101.5415,1,0.85,0
2026-04-24T18:35:25.140+02:00,1777048522.815582,53.56898963022433,9.882980424919118,39.25409,-1,-1,-1,-1,30.01978840862869,11.695014,-9999,3581.993653875,0.0178985595703125,-0.1185455322265625,-0.9889678955078125,3581.988615875,-0.01877039911850536,-0.03140454291942792,0.04809019922610371,-0.01397389359772205,-0.02119246125221252,0.005268842913210392,0.002444781363010406,0.0009933561086654663,0.004058718681335449,XArbitraryZVertical,0.02389144068158393,-0.01592201040515993,-0.009758685847038063,0.9995401722698581,0.01687286049127579,-0.1145797967910767,-0.9932707548141479,0,0,0,-1,-1,3542.123566166667,unknown,2,2026-04-24T18:34:45.265+02:00,2026-04-24T18:20:19.173+02:00,16,0.7102333,0,0,12.45568,0,0,2026-04-24T18:28:28.837+02:00,798741324.0493344,0,1.94,101.5415,1,0.85,0
2026-04-24T18:35:25.150+02:00,1777048522.815582,53.56898963022433,9.882980424919118,39.25409,-1,-1,-1,-1,30.01978840862869,11.695014,-9999,3582.003727875,0.0170440673828125,-0.118560791015625,-0.987030029296875,3581.998690875,-0.01873093727076748,-0.03164014324652281,0.04781905354658836,-0.03492444753646851,-0.02263589389622211,0.005614520981907845,0.001675331965088844,-0.001852534711360931,0.003788352012634277,XArbitraryZVertical,0.02375509683609437,-0.01603806775987082,-0.009739665231848313,0.9995417152240992,0.01663522981107235,-0.1143126413226128,-0.9933055639266968,0,0,0,-1,-1,3542.123566166667,unknown,2,2026-04-24T18:34:45.265+02:00,2026-04-24T18:20:19.173+02:00,16,0.7102333,0,0,12.45568,0,0,2026-04-24T18:28:28.837+02:00,798741324.0493344,0,1.94,101.5415,1,0.85,0
2026-04-24T18:35:25.160+02:00,1777048522.815582,53.56898963022433,9.882980424919118,39.25409,-1,-1,-1,-1,30.01978840862869,11.695014,-9999,3582.013802875,0.0172119140625,-0.11492919921875,-0.9879302978515625,3582.008765875,-0.01868386184209091,-0.03190611870535962,0.04736609615756189,-0.04503130167722702,-0.02488120645284653,0.004300783388316631,0.001318693161010742,-0.005382008850574493,0.005186975002288818,XArbitraryZVertical,0.02352780367520454,-0.01616840522771979,-0.009715735308279948,0.9995452945401648,0.01636625453829765,-0.1138654351234436,-0.9933613538742065,0,0,0,-1,-1,3542.123566166667,unknown,2,2026-04-24T18:34:45.265+02:00,2026-04-24T18:20:19.173+02:00,16,0.7102333,0,0,12.45568,0,0,2026-04-24T18:28:28.837+02:00,798741324.0493344,0,1.94,101.5415,1,0.85,0
2026-04-24T18:35:25.170+02:00,1777048522.815582,53.56898963022433,9.882980424919118,39.25409,-1,-1,-1,-1,30.01978840862869,11.695014,-9999,3582.023877875,0.019744873046875,-0.116729736328125,-0.987152099609375,3582.018839875,-0.01865444268262403,-0.03216066488125913,0.04687564153735258,-0.04901858791708946,-0.02575206011533737,0.003358557354658842,0.0006750449538230896,-0.003258064389228821,0.006391048431396484,XArbitraryZVertical,0.0232816907651952,-0.01629308215089034,-0.009700139653987064,0.9995491028910883,0.0161096379160881,-0.1133801266551018,-0.9934210777282715,0,0,0,-1,-1,3542.123566166667,unknown,2,2026-04-24T18:34:45.265+02:00,2026-04-24T18:20:19.173+02:00,16,0.7102333,0,0,12.45568,0,0,2026-04-24T18:28:28.837+02:00,798741324.0493344,0,1.94,101.5415,1,0.85,0
2026-04-24T18:35:25.180+02:00,1777048522.815582,53.56898963022433,9.882980424919118,39.25409,-1,-1,-1,-1,30.01978840862869,11.695014,-9999,3582.033951875,0.0194549560546875,-0.1126708984375,-0.985595703125,3582.028914875,-0.01863698153898951,-0.03242314380459727,0.0464142658979599,-0.04128924384713173,-0.02097541280090809,0.003446241840720177,0.002571340650320053,-0.002738535404205322,0.004875719547271729,XArbitraryZVertical,0.02304997546059433,-0.01642199757641534,-0.009690780140841128,0.9995524489106341,0.01584602892398834,-0.1129230856895447,-0.9934773445129395,0,0,0,-1,-1,3542.123566166667,unknown,2,2026-04-24T18:34:45.265+02:00,2026-04-24T18:20:19.173+02:00,16,0.7102333,0,0,12.45568,0,0,2026-04-24T18:28:28.837+02:00,798741324.0493344,0,1.94,101.5415,1,0.85,0
2026-04-24T18:35:25.190+02:00,1777048522.815582,53.56898963022433,9.882980424919118,39.25409,-1,-1,-1,-1,30.01978840862869,11.695014,-9999,3582.044026875,0.01824951171875,-0.112091064453125,-0.9882659912109375,3582.038988875,-0.01861385266783761,-0.03265807346781981,0.0461203645512502,-0.02138743922114372,-0.02342072688043118,0.00484759733080864,0.004012809135019779,-0.002678163349628448,0.007872641086578369,XArbitraryZVertical,0.02290214251117351,-0.01653783172922204,-0.00967956140658884,0.9995540374962461,0.01561000663787127,-0.1126325130462646,-0.9935140609741211,0,0,0,-1,-1,3542.123566166667,unknown,2,2026-04-24T18:34:45.265+02:00,2026-04-24T18:20:19.173+02:00,16,0.7102333,0,0,12.45568,0,0,2026-04-24T18:28:28.837+02:00,798741324.0493344,0,1.94,101.5415,1,0.85,0
2026-04-24T18:35:25.200+02:00,1777048522.815582,53.56898963022433,9.882980424919118,39.25409,-1,-1,-1,-1,30.01978840862869,11.695014,-9999,3582.054100875,0.01849365234375,-0.111114501953125,-0.9867401123046875,3582.049063875,-0.01858284460151164,-0.03286244303674837,0.04603231270176802,-0.001997817074880004,-0.02121856063604355,0.002149947918951511,0.003516335971653461,0.0006691664457321167,0.006664872169494629,XArbitraryZVertical,0.02285740313109042,-0.01663922236669215,-0.009665690057919821,0.9995535834076252,0.01540457643568516,-0.1125466227531433,-0.9935270547866821,0,0,0,-1,-1,3542.123566166667,unknown,2,2026-04-24T18:34:45.265+02:00,2026-04-24T18:20:19.173+02:00,16,0.7102333,0,0,12.45568,0,0,2026-04-24T18:28:28.837+02:00,798741324.0493344,0,1.94,101.5415,1,0.85,0
2026-04-24T18:35:25.210+02:00,1777048522.815582,53.56898963022433,9.882980424919118,39.25409,-1,-1,-1,-1,30.01978840862869,11.695014,-9999,3582.064175875,0.0162353515625,-0.1107940673828125,-0.9842987060546875,3582.059138875,-0.01855346610846391,-0.03304778129176159,0.04603032225857596,-0.00199968134984374,-0.02308064140379429,0.002811743412166834,0.002847944386303425,0.0005923137068748474,0.006133735179901123,XArbitraryZVertical,0.02285575740189325,-0.0167315047512551,-0.009653108877792341,0.9995522426627721,0.01521847583353519,-0.1125460639595985,-0.9935299754142761,0,0,0,-1,-1,3542.123566166667,unknown,2,2026-04-24T18:34:45.265+02:00,2026-04-24T18:20:19.173+02:00,16,0.7102333,0,0,12.45568,0,0,2026-04-24T18:28:28.837+02:00,798741324.0493344,0,1.94,101.5415,1,0.85,0
2026-04-24T18:35:25.220+02:00,1777048522.815582,53.56898963022433,9.882980424919118,39.25409,-1,-1,-1,-1,30.01978840862869,11.695014,-9999,3582.074250875,0.0135955810546875,-0.1128387451171875,-0.9834136962890625,3582.069212875,-0.01851587449317803,-0.03322195220338388,0.04601393242665615,-0.006389849353581667,-0.02015595883131027,0.006565336138010025,0.002581058070063591,0.001371301710605621,0.007496118545532227,XArbitraryZVertical,0.02284704362855478,-0.01681805048464317,-0.009636178537073561,0.9995510579446339,0.01504285633563995,-0.1125315874814987,-0.9935342669487,0,0,0,-1,-1,3542.123566166667,unknown,2,2026-04-24T18:34:45.265+02:00,2026-04-24T18:20:19.173+02:00,16,0.7102333,0,0,12.45568,0,0,2026-04-24T18:28:28.837+02:00,798741324.0493344,0,1.94,101.5415,1,0.85,0
2026-04-24T18:35:25.231+02:00,1777048522.815582,53.56898963022433,9.882980424919118,39.25409,-1,-1,-1,-1,30.01978840862869,11.695014,-9999,3582.084324875,0.0126190185546875,-0.11273193359375,-0.9845733642578125,3582.079287875,-0.01842565214166866,-0.0333998988861698,0.04593344929485654,-0.02086412906646729,-0.02307930961251259,0.01125489640980959,0.0002464726567268372,0.0007921978831291199,0.009475767612457275,XArbitraryZVertical,0.02280672541650417,-0.01690559829539702,-0.009592457288954082,0.9995509076619049,0.01485974248498678,-0.1124560311436653,-0.9935455918312073,0,0,0,-1,-1,3542.123566166667,unknown,2,2026-04-24T18:34:45.265+02:00,2026-04-24T18:20:19.173+02:00,16,0.7102333,0,0,12.45568,0,0,2026-04-24T18:28:28.837+02:00,798741324.0493344,0,1.94,101.5415,1,0.85,0
2026-04-24T18:35:25.241+02:00,1777048522.815582,53.56898963022433,9.882980424919118,39.25409,-1,-1,-1,-1,30.01978840862869,11.695014,-9999,3582.094399875,0.009613037109375,-0.1177825927734375,-0.9838104248046875,3582.089361875,-0.0183199225257196,-0.03355650230805644,0.04578930911265695,-0.03538165986537933,-0.01726829260587692,0.01112979464232922,-0.001635024324059486,-0.0005969926714897156,0.009036064147949219,XArbitraryZVertical,0.02273483323740378,-0.01698202651985538,-0.009540208134552195,0.9995517760161809,0.01469656173139811,-0.1123180463910103,-0.9935635924339294,0,0,0,-1,-1,3542.123566166667,unknown,2,2026-04-24T18:34:45.265+02:00,2026-04-24T18:20:19.173+02:00,16,0.7102333,0,0,12.45568,0,0,2026-04-24T18:28:28.837+02:00,798741324.0493344,0,1.94,101.5415,1,0.85,0
2026-04-24T18:35:25.251+02:00,1777048522.815582,53.56898963022433,9.882980424919118,39.25409,-1,-1,-1,-1,30.01978840862869,11.695014,-9999,3582.104473875,0.0109100341796875,-0.1177978515625,-0.9846038818359375,3582.099436875,-0.01822614283621773,-0.03369613086080285,0.04544670964269491,-0.05542514100670815,-0.01835299842059612,0.009564388543367386,-0.00385386124253273,-0.003068774938583374,0.009396493434906006,XArbitraryZVertical,0.02256374200456268,-0.01704924859799302,-0.00949207694026827,0.9995549805506068,0.01455028727650642,-0.1119825094938278,-0.9936036467552185,0,0,0,-1,-1,3542.123566166667,unknown,2,2026-04-24T18:34:45.265+02:00,2026-04-24T18:20:19.173+02:00,16,0.7102333,0,0,12.45568,0,0,2026-04-24T18:28:28.837+02:00,798741324.0493344,0,1.94,101.5415,1,0.85,0
2026-04-24T18:35:25.263+02:00,1777048522.815582,53.56898963022433,9.882980424919118,39.25409,-1,-1,-1,-1,30.01978840862869,11.695014,-9999,3582.114548875,0.0126190185546875,-0.1163482666015625,-0.9872589111328125,3582.109511875,-0.01814273895103918,-0.033802011759911,0.04493527644495725,-0.05503120645880699,-0.01286848448216915,0.01024089753627777,-0.005175494588911533,-0.006654687225818634,0.009637892246246338,XArbitraryZVertical,0.02230834714315381,-0.01709900315612217,-0.009447319983196208,0.9995603016973771,0.01443759351968765,-0.1114788725972176,-0.9936619400978088,0,0,0,-1,-1,3542.123566166667,unknown,2,2026-04-24T18:34:45.265+02:00,2026-04-24T18:20:19.173+02:00,16,0.7102333,0,0,12.45568,0,0,2026-04-24T18:28:28.837+02:00,798741324.0493344,0,1.94,101.5415,1,0.85,0
2026-04-24T18:35:25.271+02:00,1777048522.815582,53.56898963022433,9.882980424919118,39.25409,-1,-1,-1,-1,30.01978840862869,11.695014,-9999,3582.124623875,0.01165771484375,-0.1140594482421875,-0.9919891357421875,3582.119585875,-0.01806321430453155,-0.033870204628291,0.04451718932115907,-0.04144109785556793,-0.01186660304665565,0.008346058428287506,-0.002659451216459274,-0.005799390375614166,0.009105205535888672,XArbitraryZVertical,0.02209975258434365,-0.0171303893547992,-0.009404838957231107,0.999564805597661,0.01436295639723539,-0.1110676825046539,-0.9937090277671814,0,0,0,-1,-1,3542.123566166667,unknown,2,2026-04-24T18:34:45.265+02:00,2026-04-24T18:20:19.173+02:00,16,0.7102333,0,0,12.45568,0,0,2026-04-24T18:28:28.837+02:00,798741324.0493344,0,1.94,101.5415,1,0.85,0
2026-04-24T18:35:25.281+02:00,1777048522.815582,53.56898963022433,9.882980424919118,39.25409,-1,-1,-1,-1,30.01978840862869,11.695014,-9999,3582.134697875,0.0140228271484375,-0.109100341796875,-0.9901580810546875,3582.129660875,-0.01800014314258453,-0.03395068273259422,0.04418548587607556,-0.02749199233949184,-0.01331243291497231,0.008048051036894321,-0.002223069779574871,-0.004401400685310364,0.003939568996429443,XArbitraryZVertical,0.02193413530290151,-0.01716848478518393,-0.009371425311208674,0.9995680861498842,0.01427752804011106,-0.1107414364814758,-0.9937466979026794,0,0,0,-1,-1,3542.123566166667,unknown,2,2026-04-24T18:34:45.265+02:00,2026-04-24T18:20:19.173+02:00,16,0.7102333,0,0,12.45568,0,0,2026-04-24T18:28:28.837+02:00,798741324.0493344,0,1.94,101.5415,1,0.85,0
2026-04-24T18:35:25.291+02:00,1777048522.815582,53.56898963022433,9.882980424919118,39.25409,-1,-1,-1,-1,30.01978840862869,11.695014,-9999,3582.144772875,0.014678955078125,-0.1042327880859375,-0.990997314453125,3582.139735875,-0.01796517363820489,-0.03403218704777094,0.04398362400970452,-0.016538942232728,-0.01356490142643452,0.002268991433084011,-0.001574409194290638,-0.001945078372955322,0.002711713314056396,XArbitraryZVertical,0.02183316633786167,-0.01720796752167948,-0.00935314514100655,0.9995697825743008,0.01419344078749418,-0.1105427220463753,-0.9937700033187866,0,0,0,-1,-1,3542.123566166667,unknown,2,2026-04-24T18:34:45.265+02:00,2026-04-24T18:20:19.173+02:00,16,0.7102333,0,0,12.45568,0,0,2026-04-24T18:28:28.837+02:00,798741324.0493344,0,1.94,101.5415,1,0.85,0
2026-04-24T18:35:25.301+02:00,1777048522.815582,53.56898963022433,9.882980424919118,39.25409,-1,-1,-1,-1,30.01978840862869,11.695014,-9999,3582.154846875,0.0133819580078125,-0.104095458984375,-0.992706298828125,3582.149809875,-0.01798568028337938,-0.03410229303665459,0.04384451202134938,-0.01737512089312077,-0.01232413575053215,-0.00310100638307631,0.001485141925513744,0.004309259355068207,0.002895951271057129,XArbitraryZVertical,0.02176313533541585,-0.01724263023320624,-0.009362987567797335,0.9995706106608299,0.01412461418658495,-0.1104036346077919,-0.9937864542007446,0,0,0,-1,-1,3542.123566166667,unknown,2,2026-04-24T18:34:45.265+02:00,2026-04-24T18:20:19.173+02:00,16,0.7102333,0,0,12.45568,0,0,2026-04-24T18:28:28.837+02:00,798741324.0493344,0,1.94,101.5415,1,0.85,0
2026-04-24T18:35:25.311+02:00,1777048522.815582,53.56898963022433,9.882980424919118,39.25409,-1,-1,-1,-1,30.01978840862869,11.695014,-9999,3582.164921875,0.0115814208984375,-0.1065521240234375,-0.9927978515625,3582.159884875,-0.01799978874269203,-0.03422130305160045,0.04365022740679035,-0.02822883427143097,-0.01146606355905533,0.0001038415357470512,0.0005503464490175247,0.006694450974464417,0.003224313259124756,XArbitraryZVertical,0.02166535424494359,-0.01730142510291731,-0.009369690968801116,0.9995716845128326,0.01400655321776867,-0.1102100908756256,-0.9938096404075623,0,0,0,-1,-1,3542.123566166667,unknown,2,2026-04-24T18:34:45.265+02:00,2026-04-24T18:20:19.173+02:00,16,0.7102333,0,0,12.45568,0,0,2026-04-24T18:28:28.837+02:00,798741324.0493344,0,1.94,101.5415,1,0.85,0
2026-04-24T18:35:25.321+02:00,1777048522.815582,53.56898963022433,9.882980424919118,39.25409,-1,-1,-1,-1,30.01978840862869,11.695014,-9999,3582.174996875,0.0120391845703125,-0.11126708984375,-0.9871368408203125,3582.169958875,-0.0180203740271902,-0.03435620342100761,0.04334390204052108,-0.04079107195138931,-0.01227539777755737,0.0001648279721848667,-0.001894539222121239,0.005016058683395386,8.612871170043945e-05,XArbitraryZVertical,0.02151144531018881,-0.01736774710847643,-0.0093788403394264,0.9995737707804142,0.01387270260602236,-0.1099049970507622,-0.9938452839851379,0,0,0,-1,-1,3542.123566166667,unknown,2,2026-04-24T18:34:45.265+02:00,2026-04-24T18:20:19.173+02:00,16,0.7102333,0,0,12.45568,0,0,2026-04-24T18:28:28.837+02:00,798741324.0493344,0,1.94,101.5415,1,0.85,0
2026-04-24T18:35:25.331+02:00,1777048522.815582,53.56898963022433,9.882980424919118,39.25409,-1,-1,-1,-1,30.01978840862869,11.695014,-9999,3582.185070875,0.0108795166015625,-0.115234375,-0.9864349365234375,3582.180033875,-0.01803186465128366,-0.03448153489117401,0.0428788555204658,-0.05215105414390564,-0.009000776335597038,-0.001301242155022919,-0.001555365510284901,-6.96033239364624e-05,0.00334322452545166,XArbitraryZVertical,0.02127833100095457,-0.01742850017513492,-0.009381968619041784,0.9995776914820529,0.01374715194106102,-0.1094427406787872,-0.9938980340957642,0,0,0,-1,-1,3542.123566166667,unknown,2,2026-04-24T18:34:45.265+02:00,2026-04-24T18:20:19.173+02:00,16,0.7102333,0,0,12.45568,0,0,2026-04-24T18:28:28.837+02:00,798741324.0493344,0,1.94,101.5415,1,0.85,0
2026-04-24T18:35:25.341+02:00,1777048522.815582,53.56898963022433,9.882980424919118,39.25409,-1,-1,-1,-1,30.01978840862869,11.695014,-9999,3582.195145875,0.012847900390625,-0.1189422607421875,-0.9903106689453125,3582.190108875,-0.01803972827900808,-0.03462872438822939,0.04244432015219016,-0.04493804275989532,-0.01286129467189312,0.0003804771404247731,-0.002750730141997337,-0.003858335316181183,0.008229732513427734,XArbitraryZVertical,0.02106039336161267,-0.01750026809307923,-0.009383745498423673,0.9995810715035179,0.01359974406659603,-0.1090109422802925,-0.9939475059509277,0,0,0,-1,-1,3542.123566166667,unknown,2,2026-04-24T18:34:45.265+02:00,2026-04-24T18:20:19.173+02:00,16,0.7102333,0,0,12.45568,0,0,2026-04-24T18:28:28.837+02:00,798741324.0493344,0,1.94,101.5415,1,0.85,0
2026-04-24T18:35:25.351+02:00,1777048522.815582,53.56898963022433,9.882980424919118,39.25409,-1,-1,-1,-1,30.01978840862869,11.695014,-9999,3582.205220875,0.0156097412109375,-0.1168060302734375,-0.9893798828125,3582.200182875,-0.01801777027942986,-0.0347857496723902,0.04200524223546526,-0.05306015163660049,-0.01558917015790939,0.002928589703515172,-0.002210052683949471,-0.008458904922008514,0.005578696727752686,XArbitraryZVertical,0.02084040267345815,-0.01757662166815265,-0.009370649989762983,0.9995843797854319,0.01344053633511066,-0.1085760146379471,-0.9939972758293152,0,0,0,-1,-1,3542.123566166667,unknown,2,2026-04-24T18:34:45.265+02:00,2026-04-24T18:20:19.173+02:00,16,0.7102333,0,0,12.45568,0,0,2026-04-24T18:28:28.837+02:00,798741324.0493344,0,1.94,101.5415,1,0.85,0
2026-04-24T18:35:25.361+02:00,1777048522.815582,53.56898963022433,9.882980424919118,39.25409,-1,-1,-1,-1,30.01978840862869,11.695014,-9999,3582.215294875,0.015777587890625,-0.1131591796875,-0.9857025146484375,3582.210257875,-0.01801034089557871,-0.03494269106748878,0.04149267270088755,-0.05654548108577728,-0.01505201030522585,0.002384905470535159,0.001183238811790943,-0.01124105602502823,0.003179609775543213,XArbitraryZVertical,0.02058355129609071,-0.01765276758360837,-0.009364143443685587,0.9995884849405304,0.01328210718929768,-0.1080674231052399,-0.9940548539161682,0,0,0,-1,-1,3542.123566166667,unknown,2,2026-04-24T18:34:45.265+02:00,2026-04-24T18:20:19.173+02:00,16,0.7102333,0,0,12.45568,0,0,2026-04-24T18:28:28.837+02:00,798741324.0493344,0,1.94,101.5415,1,0.85,0
2026-04-24T18:35:25.372+02:00,1777048522.815582,53.56898963022433,9.882980424919118,39.25409,-1,-1,-1,-1,30.01978840862869,11.695014,-9999,3582.225369875,0.01171875,-0.1148529052734375,-0.985931396484375,3582.220331875,-0.01799471583830746,-0.03508061118887377,0.04090486774424176,-0.06202946230769157,-0.01088602747768164,0.004968171939253807,0.00313939806073904,-0.007383696734905243,0.007074654102325439,XArbitraryZVertical,0.02028925998847571,-0.01771900125242312,-0.009352654452861658,0.9995934368621114,0.0131417429074645,-0.1074844747781754,-0.9941198825836182,0,0,0,-1,-1,3542.123566166667,unknown,2,2026-04-24T18:34:45.265+02:00,2026-04-24T18:20:19.173+02:00,16,0.7102333,0,0,12.45568,0,0,2026-04-24T18:28:28.837+02:00,798741324.0493344,0,1.94,101.5415,1,0.85,0
2026-04-24T18:35:25.382+02:00,1777048522.815582,53.56898963022433,9.882980424919118,39.25409,-1,-1,-1,-1,30.01978840862869,11.695014,-9999,3582.235443875,0.0110626220703125,-0.118560791015625,-0.9882049560546875,3582.230406875,-0.01797428027132996,-0.03519278022531064,0.04026397574859819,-0.06443850696086884,-0.01117178425192833,0.005145404953509569,0.0007980205118656158,-0.00698157399892807,0.008640050888061523,XArbitraryZVertical,0.01996859841199419,-0.01777209109445374,-0.00933800007966528,0.9995990952059847,0.01302645541727543,-0.1068489998579025,-0.9941899180412292,0,0,0,-1,-1,3542.123566166667,unknown,2,2026-04-24T18:34:45.265+02:00,2026-04-24T18:20:19.173+02:00,16,0.7102333,0,0,12.45568,0,0,2026-04-24T18:28:28.837+02:00,798741324.0493344,0,1.94,101.5415,1,0.85,0
2026-04-24T18:35:25.392+02:00,1777048522.815582,53.56898963022433,9.882980424919118,39.25409,-1,-1,-1,-1,30.01978840862869,11.695014,-9999,3582.245518875,0.013702392578125,-0.112701416015625,-0.988372802734375,3582.240481875,-0.0179590721754812,-0.03532241695341021,0.03960228193111737,-0.06495142728090286,-0.01172412373125553,0.004700124263763428,-0.002640150487422943,-0.01120856404304504,0.006880998611450195,XArbitraryZVertical,0.01963741109914963,-0.01783387794991284,-0.009325910961657928,0.9996046979810106,0.01289407070726156,-0.1061925664544106,-0.9942619800567627,0,0,0,-1,-1,3542.123566166667,unknown,2,2026-04-24T18:34:45.265+02:00,2026-04-24T18:20:19.173+02:00,16,0.7102333,0,0,12.45568,0,0,2026-04-24T18:28:28.837+02:00,798741324.0493344,0,1.94,101.5415,1,0.85,0
2026-04-24T18:35:25.402+02:00,1777048522.815582,53.56898963022433,9.882980424919118,39.25409,-1,-1,-1,-1,30.01978840862869,11.695014,-9999,3582.255593875,0.01202392578125,-0.10296630859375,-0.9882965087890625,3582.250555875,-0.01795481247052034,-0.03545471840945252,0.03892085164017391,-0.06998378783464432,-0.01169855706393719,0.002811410930007696,0.0003781486302614212,-0.01170207560062408,0.005688309669494629,XArbitraryZVertical,0.01929625006643154,-0.01789702261350572,-0.009319103307713397,0.9996102200320632,0.0127596827223897,-0.1055159494280815,-0.9943357706069946,0,0,0,-1,-1,3542.123566166667,unknown,2,2026-04-24T18:34:45.265+02:00,2026-04-24T18:20:19.173+02:00,16,0.7102333,0,0,12.45568,0,0,2026-04-24T18:28:28.837+02:00,798741324.0493344,0,1.94,101.5415,1,0.85,0
2026-04-24T18:35:25.412+02:00,1777048522.815582,53.56898963022433,9.882980424919118,39.25409,-1,-1,-1,-1,30.01978840862869,11.695014,-9999,3582.265667875,0.0102996826171875,-0.0995025634765625,-0.989959716796875,3582.260630875,-0.01795002150432084,-0.0355606730158072,0.03821518119208416,-0.07411115616559982,-0.007330707740038633,0.002286768052726984,-9.337626397609711e-05,-0.00277448445558548,0.005794286727905273,XArbitraryZVertical,0.01894309782571176,-0.0179468876328681,-0.009311519861761763,0.999616193793466,0.01265137363225222,-0.1048152521252632,-0.9944112300872803,0,0,0,-1,-1,3542.123566166667,unknown,2,2026-04-24T18:34:45.265+02:00,2026-04-24T18:20:19.173+02:00,16,0.7102333,0,0,12.45568,0,0,2026-04-24T18:28:28.837+02:00,798741324.0493344,0,1.94,101.5415,1,0.85,0
2026-04-24T18:35:25.422+02:00,1777048522.815582,53.56898963022433,9.882980424919118,39.25409,-1,-1,-1,-1,30.01978840862869,11.695014,-9999,3582.275742875,0.007659912109375,-0.1038665771484375,-0.9917144775390625,3582.270704875,-0.01794193853722836,-0.03562000467693444,0.03749356726342272,-0.06894830614328384,-0.004562885034829378,0.003692650469020009,-0.0009009037166833878,0.003695957362651825,0.005122661590576172,XArbitraryZVertical,0.01858222252667186,-0.01797335142660618,-0.009301678897708497,0.999622585508803,0.01258915103971958,-0.104098804295063,-0.9944872856140137,0,0,0,-1,-1,3542.123566166667,unknown,2,2026-04-24T18:34:45.265+02:00,2026-04-24T18:20:19.173+02:00,16,0.7102333,0,0,12.45568,0,0,2026-04-24T18:28:28.837+02:00,798741324.0493344,0,1.94,101.5415,1,0.85,0
2026-04-24T18:35:25.432+02:00,1777048522.815582,53.56898963022433,9.882980424919118,39.25409,-1,-1,-1,-1,30.01978840862869,11.695014,-9999,3582.285816875,0.0107421875,-0.101470947265625,-0.990814208984375,3582.280779875,-0.01792564873437874,-0.0356683017353706,0.03686673197441258,-0.05190247297286987,-0.005391127895563841,-0.0002568173222243786,-0.003962261602282524,0.001700736582279205,0.004394769668579102,XArbitraryZVertical,0.01826884220501953,-0.01799463492709761,-0.00928844979531245,0.9996281190935816,0.01253771502524614,-0.1034768670797348,-0.9945528507232666,0,0,0,-1,-1,3542.123566166667,unknown,2,2026-04-24T18:34:45.265+02:00,2026-04-24T18:20:19.173+02:00,16,0.7102333,0,0,12.45568,0,0,2026-04-24T18:28:28.837+02:00,798741324.0493344,0,1.94,101.5415,1,0.85,0
2026-04-24T18:35:25.442+02:00,1777048522.815582,53.56898963022433,9.882980424919118,39.25409,-1,-1,-1,-1,30.01978840862869,11.695014,-9999,3582.295891875,0.0132904052734375,-0.0944366455078125,-0.9891204833984375,3582.290854875,-0.01794633034825262,-0.03571111156713668,0.0364215497885659,-0.03757461160421371,-0.004766882862895727,-0.0008486383594572544,-0.004407694563269615,-0.0005278438329696655,0.003571569919586182,XArbitraryZVertical,0.01804594907590392,-0.01801429891883042,-0.00929524200824158,0.9996316419640725,0.01249486673623323,-0.103033572435379,-0.9945994019508362,0,0,0,-1,-1,3542.123566166667,unknown,2,2026-04-24T18:34:45.265+02:00,2026-04-24T18:20:19.173+02:00,16,0.7102333,0,0,12.45568,0,0,2026-04-24T18:28:28.837+02:00,798741324.0493344,0,1.94,101.5415,1,0.85,0
2026-04-24T18:35:25.452+02:00,1777048522.815582,53.56898963022433,9.882980424919118,39.25409,-1,-1,-1,-1,30.01978840862869,11.695014,-9999,3582.305966875,0.01263427734375,-0.090545654296875,-0.98834228515625,3582.300928875,-0.01799316410509453,-0.03576255657722633,0.03614396226669764,-0.02374881319701672,-0.005230006296187639,-0.003486765781417489,-0.0001166881993412971,0.005267120897769928,0.004379153251647949,XArbitraryZVertical,0.01790654341589763,-0.01803923067223477,-0.009316655579613984,0.9996335331153706,0.01244580373167992,-0.1027555391192436,-0.9946287870407104,0,0,0,-1,-1,3542.123566166667,unknown,2,2026-04-24T18:34:45.265+02:00,2026-04-24T18:20:19.173+02:00,16,0.7102333,0,0,12.45568,0,0,2026-04-24T18:28:28.837+02:00,798741324.0493344,0,1.94,101.5415,1,0.85,0
2026-04-24T18:35:25.462+02:00,1777048522.815582,53.56898963022433,9.882980424919118,39.25409,-1,-1,-1,-1,30.01978840862869,11.695014,-9999,3582.316040875,0.0113067626953125,-0.0932464599609375,-0.9895172119140625,3582.311003875,-0.01801985486001338,-0.03581238918805784,0.03594408140574006,-0.01697532832622528,-0.001864303834736347,-0.001201373641379178,0.0005269218236207962,0.01036205142736435,0.006841778755187988,XArbitraryZVertical,0.01780616523529233,-0.01806350831957839,-0.009328669037736209,0.9996348071789216,0.0123972874134779,-0.1025556698441505,-0.9946500062942505,0,0,0,-1,-1,3542.123566166667,unknown,2,2026-04-24T18:34:45.265+02:00,2026-04-24T18:20:19.173+02:00,16,0.7102333,0,0,12.45568,0,0,2026-04-24T18:28:28.837+02:00,798741324.0493344,0,1.94,101.5415,1,0.85,0
2026-04-24T18:35:25.472+02:00,1777048522.815582,53.56898963022433,9.882980424919118,39.25409,-1,-1,-1,-1,30.01978840862869,11.695014,-9999,3582.326115875,0.00982666015625,-0.100189208984375,-0.995758056640625,3582.321078875,-0.01802732583518652,-0.03579850358586058,0.03586093178153957,-0.001047761063091457,0.002255872823297977,0.002428781241178513,-0.0001889877021312714,0.01111830770969391,0.005629479885101318,XArbitraryZVertical,0.01776460262093817,-0.01805627326108337,-0.009331542267205548,0.9996356532112025,0.01241129171103239,-0.1024726927280426,-0.9946584105491638,0,0,0,-1,-1,3542.123566166667,unknown,2,2026-04-24T18:34:45.265+02:00,2026-04-24T18:20:19.173+02:00,16,0.7102333,0,0,12.45568,0,0,2026-04-24T18:28:28.837+02:00,798741324.0493344,0,1.94,101.5415,1,0.85,0
2026-04-24T18:35:25.482+02:00,1777048522.815582,53.56898963022433,9.882980424919118,39.25409,-1,-1,-1,-1,30.01978840862869,11.695014,-9999,3582.336189875,0.0095062255859375,-0.1039581298828125,-0.9932098388671875,3582.331152875,-0.01801476450137941,-0.0357896001494201,0.03588713820396593,0.002454508794471622,-0.001730080228298903,-0.001283332821913064,-0.001310991123318672,0.006140068173408508,0.0022849440574646,XArbitraryZVertical,0.01777785648243156,-0.01805182582640295,-0.009325417355198647,0.9996355303240475,0.01241940353065729,-0.1024993360042572,-0.9946555495262146,0,0,0,-1,-1,3542.123566166667,unknown,2,2026-04-24T18:34:45.265+02:00,2026-04-24T18:20:19.173+02:00,16,0.7102333,0,0,12.45568,0,0,2026-04-24T18:28:28.837+02:00,798741324.0493344,0,1.94,101.5415,1,0.85,0
2026-04-24T18:35:25.493+02:00,1777048522.815582,53.56898963022433,9.882980424919118,39.25409,-1,-1,-1,-1,30.01978840862869,11.695014,-9999,3582.346264875,0.0110626220703125,-0.0947723388671875,-0.993743896484375,3582.341227875,-0.01802927239236262,-0.03579739407155759,0.03595058173371659,0.003765583038330078,-0.001178273465484381,-0.002605059649795294,-0.003257559612393379,-0.00038938969373703,-0.001139342784881592,XArbitraryZVertical,0.01780940053144031,-0.0180561270397627,-0.009333301001223475,0.9996347606765356,0.01241284608840942,-0.1025616675615311,-0.9946491718292236,0,0,0,-1,-1,3542.123566166667,unknown,2,2026-04-24T18:34:45.265+02:00,2026-04-24T18:20:19.173+02:00,16,0.7102333,0,0,12.45568,0,0,2026-04-24T18:28:28.837+02:00,798741324.0493344,0,1.94,101.5415,1,0.85,0
2026-04-24T18:35:25.503+02:00,1777048522.815582,53.56898963022433,9.882980424919118,39.25409,-1,-1,-1,-1,30.01978840862869,11.695014,-9999,3582.356339875,0.0134124755859375,-0.0891571044921875,-0.992462158203125,3582.351301875,-0.01804854109652782,-0.03583970503309877,0.03594881028418039,-0.003718432271853089,-0.005479545332491398,0.000446922960691154,-0.002545368857681751,0.00134742259979248,0.001455426216125488,XArbitraryZVertical,0.01780814296493986,-0.01807743809386417,-0.009343292560885813,0.9996343356137369,0.01237204298377037,-0.1025589853525162,-0.9946500062942505,0,0,0,-1,-1,3542.123566166667,unknown,2,2026-04-24T18:34:45.265+02:00,2026-04-24T18:20:19.173+02:00,16,0.7102333,0,0,12.45568,0,0,2026-04-24T18:28:28.837+02:00,798741324.0493344,0,1.94,101.5415,1,0.85,0
2026-04-24T18:35:25.513+02:00,1777048522.815582,53.56898963022433,9.882980424919118,39.25409,-1,-1,-1,-1,30.01978840862869,11.695014,-9999,3582.366413875,0.0111083984375,-0.1020965576171875,-0.98699951171875,3582.361376875,-0.0180535850861416,-0.03591649160292661,0.03586702904070375,-0.01030283141881227,-0.003573254682123661,-0.0005688066594302654,0.0008573886007070541,0.01341192424297333,0.001556277275085449,XArbitraryZVertical,0.01776686284577052,-0.01811550663638686,-0.009345769938307389,0.9996343467136999,0.01229570154100657,-0.1024774834513664,-0.9946593046188354,0,0,0,-1,-1,3542.123566166667,unknown,2,2026-04-24T18:34:45.265+02:00,2026-04-24T18:20:19.173+02:00,16,0.7102333,0,0,12.45568,0,0,2026-04-24T18:28:28.837+02:00,798741324.0493344,0,1.94,101.5415,1,0.85,0
2026-04-24T18:35:25.523+02:00,1777048522.815582,53.56898963022433,9.882980424919118,39.25409,-1,-1,-1,-1,30.01978840862869,11.695014,-9999,3582.376488875,0.01141357421875,-0.109161376953125,-0.9849700927734375,3582.371451875,-0.01808758403751461,-0.03598252426363054,0.03575869990928932,-0.01375434175133705,-0.008300896733999252,-0.004000156186521053,-4.010088741779327e-05,0.00802312046289444,0.004467546939849854,XArbitraryZVertical,0.01771210121093403,-0.01814834121112339,-0.009362384604642298,0.9996345377324438,0.01223188638687134,-0.1023682206869125,-0.9946713447570801,0,0,0,-1,-1,3542.123566166667,unknown,2,2026-04-24T18:34:45.265+02:00,2026-04-24T18:20:19.173+02:00,16,0.7102333,0,0,12.45568,0,0,2026-04-24T18:28:28.837+02:00,798741324.0493344,0,1.94,101.5415,1,0.85,0
2026-04-24T18:35:25.533+02:00,1777048522.815582,53.56898963022433,9.882980424919118,39.25409,-1,-1,-1,-1,30.01978840862869,11.695014,-9999,3582.386563875,0.01336669921875,-0.1041717529296875,-0.98602294921875,3582.381525875,-0.01811211038267079,-0.03604821546053046,0.03559593795319527,-0.01751792058348656,-0.004729598294943571,0.001884630764834583,-0.001150721684098244,-0.0056132972240448,0.009398400783538818,XArbitraryZVertical,0.01763021890359225,-0.01818068130238809,-0.009373771682448007,0.9996352970842739,0.01216758135706186,-0.1022053211927414,-0.9946889281272888,0,0,0,-1,-1,3542.123566166667,unknown,2,2026-04-24T18:34:45.265+02:00,2026-04-24T18:20:19.173+02:00,16,0.7102333,0,0,12.45568,0,0,2026-04-24T18:28:28.837+02:00,798741324.0493344,0,1.94,101.5415,1,0.85,0
2026-04-24T18:35:25.543+02:00,1777048522.815582,53.56898963022433,9.882980424919118,39.25409,-1,-1,-1,-1,30.01978840862869,11.695014,-9999,3582.396637875,0.0117034912109375,-0.1065521240234375,-0.98779296875,3582.391600875,-0.01811352296428747,-0.03612340338264005,0.03538635844321068,-0.02306001260876656,-0.009803187102079391,0.001039143768139184,0.0002217423170804977,-0.005043402314186096,0.008764564990997314,XArbitraryZVertical,0.0175251013314001,-0.01821735870882967,-0.009373265064212167,0.9996364893804179,0.01209211442619562,-0.101997010409832,-0.9947112202644348,0,0,0,-1,-1,3542.123566166667,unknown,2,2026-04-24T18:34:45.265+02:00,2026-04-24T18:20:19.173+02:00,16,0.7102333,0,0,12.45568,0,0,2026-04-24T18:28:28.837+02:00,798741324.0493344,0,1.94,101.5415,1,0.85,0
2026-04-24T18:35:25.553+02:00,1777048522.815582,53.56898963022433,9.882980424919118,39.25409,-1,-1,-1,-1,30.01978840862869,11.695014,-9999,3582.406712875,0.011871337890625,-0.1106414794921875,-0.986328125,3582.401674875,-0.01810691705296362,-0.03621052080672287,0.03504880762237706,-0.03626156970858574,-0.008423136547207832,0.002215195680037141,0.0009967312216758728,-0.003257513046264648,0.007472455501556396,XArbitraryZVertical,0.01735603860482419,-0.01825937045776525,-0.009367698866426489,0.9996386996936747,0.01200377009809017,-0.1016619205474854,-0.9947465658187866,0,0,0,-1,-1,3542.123566166667,unknown,2,2026-04-24T18:34:45.265+02:00,2026-04-24T18:20:19.173+02:00,16,0.7102333,0,0,12.45568,0,0,2026-04-24T18:28:28.837+02:00,798741324.0493344,0,1.94,101.5415,1,0.85,0
2026-04-24T18:35:25.563+02:00,1777048522.815582,53.56898963022433,9.882980424919118,39.25409,-1,-1,-1,-1,30.01978840862869,11.695014,-9999,3582.416786875,0.0114288330078125,-0.1101837158203125,-0.9827880859375,3582.411749875,-0.01810241223575244,-0.03630880070347513,0.03461412441505372,-0.04704470559954643,-0.01281016133725643,0.003288782201707363,-0.0007651792839169502,-0.007763341069221497,0.007227718830108643,XArbitraryZVertical,0.01713835421646108,-0.01830655490491149,-0.009362389235499724,0.9996416846823089,0.01190410926938057,-0.1012302041053772,-0.9947918057441711,0,0,0,-1,-1,3542.123566166667,unknown,2,2026-04-24T18:34:45.265+02:00,2026-04-24T18:20:19.173+02:00,16,0.7102333,0,0,12.45568,0,0,2026-04-24T18:28:28.837+02:00,798741324.0493344,0,1.94,101.5415,1,0.85,0
2026-04-24T18:35:25.573+02:00,1777048522.815582,53.56898963022433,9.882980424919118,39.25409,-1,-1,-1,-1,30.01978840862869,11.695014,-9999,3582.426861875,0.01153564453125,-0.1060028076171875,-0.9876251220703125,3582.421824875,-0.0180649800601822,-0.03643384465109707,0.03405004098264645,-0.06703013181686401,-0.01381763629615307,0.005890424363315105,0.0001419838517904282,-0.0106566846370697,0.0108870267868042,XArbitraryZVertical,0.01685617038890379,-0.01836627565185581,-0.009339658679604373,0.999645573756498,0.01177514437586069,-0.1006714552640915,-0.9948500394821167,0,0,0,-1,-1,3542.123566166667,unknown,2,2026-04-24T18:34:45.265+02:00,2026-04-24T18:20:19.173+02:00,16,0.7102333,0,0,12.45568,0,0,2026-04-24T18:28:28.837+02:00,798741324.0493344,0,1.94,101.5415,1,0.85,0
2026-04-24T18:35:25.583+02:00,1777048522.815582,53.56898963022433,9.882980424919118,39.25409,-1,-1,-1,-1,30.01978840862869,11.695014,-9999,3582.436936875,0.01165771484375,-0.1056060791015625,-0.9887237548828125,3582.431898875,-0.01800825955315199,-0.0365960964095774,0.03324796372013212,-0.09072049707174301,-0.01765258610248566,0.008322223089635372,-0.0005138590931892395,-0.007972046732902527,0.01009935140609741,XArbitraryZVertical,0.01645503464242747,-0.01844340648663446,-0.009305399259922357,0.9996512531920251,0.01160701271146536,-0.09987708181142807,-0.9949320554733276,0,0,0,-1,-1,3542.123566166667,unknown,2,2026-04-24T18:34:45.265+02:00,2026-04-24T18:20:19.173+02:00,16,0.7102333,0,0,12.45568,0,0,2026-04-24T18:28:28.837+02:00,798741324.0493344,0,1.94,101.5415,1,0.85,0
2026-04-24T18:35:25.593+02:00,1777048522.815582,53.56898963022433,9.882980424919118,39.25409,-1,-1,-1,-1,30.01978840862869,11.695014,-9999,3582.447010875,0.0100555419921875,-0.1064300537109375,-0.9866180419921875,3582.441973875,-0.01795350079698082,-0.03677929349547968,0.03212506803709264,-0.1288005113601685,-0.02053758874535561,0.01322164013981819,0.0001491885632276535,-0.005957417190074921,0.00574183464050293,XArbitraryZVertical,0.01589343343343558,-0.01852965347488186,-0.009269296942751113,0.9996590452251871,0.01141698751598597,-0.09876365959644318,-0.9950454235076904,0,0,0,-1,-1,3542.123566166667,unknown,2,2026-04-24T18:34:45.265+02:00,2026-04-24T18:20:19.173+02:00,16,0.7102333,0,0,12.45568,0,0,2026-04-24T18:28:28.837+02:00,798741324.0493344,0,1.94,101.5415,1,0.85,0
2026-04-24T18:35:25.603+02:00,1777048522.815582,53.56898963022433,9.882980424919118,39.25409,-1,-1,-1,-1,30.01978840862869,11.695014,-9999,3582.457085875,0.01165771484375,-0.112335205078125,-0.9839630126953125,3582.452048875,-0.0178581095178427,-0.03702443107214855,0.0305073194764897,-0.1902159303426743,-0.02653928846120834,0.01505149900913239,-0.0006475169211626053,-0.007789820432662964,0.006970703601837158,XArbitraryZVertical,0.01508458038917578,-0.0186444364036251,-0.009208707896430694,0.999670007551091,0.0111608374863863,-0.09716014564037323,-0.9952061772346497,0,0,0,-1,-1,3542.123566166667,unknown,2,2026-04-24T18:34:45.265+02:00,2026-04-24T18:20:19.173+02:00,16,0.7102333,0,0,12.45568,0,0,2026-04-24T18:28:28.837+02:00,798741324.0493344,0,1.94,101.5415,1,0.85,0
2026-04-24T18:35:25.613+02:00,1777048522.815582,53.56898963022433,9.882980424919118,39.25409,-1,-1,-1,-1,30.01978840862869,11.695014,-9999,3582.467159875,0.011260986328125,-0.1190032958984375,-0.9740142822265625,3582.462122875,-0.01778314663484054,-0.03732771488436928,0.02822070553179665,-0.2745044529438019,-0.03557459637522697,0.01580144464969635,-0.0006529344245791435,-0.01367595046758652,0.01003128290176392,XArbitraryZVertical,0.01394094515478458,-0.01878561176182358,-0.009152340661069663,0.9996845575304505,0.01084581948816776,-0.09489034861326218,-0.9954286217689514,0,0,0,-1,-1,3542.123566166667,unknown,2,2026-04-24T18:34:45.265+02:00,2026-04-24T18:20:19.173+02:00,16,0.7102333,0,0,12.45568,0,0,2026-04-24T18:28:28.837+02:00,798741324.0493344,0,1.94,101.5415,1,0.85,0
2026-04-24T18:35:25.624+02:00,1777048522.815582,53.56898963022433,9.882980424919118,39.25409,-1,-1,-1,-1,30.01978840862869,11.695014,-9999,3582.477234875,0.009033203125,-0.1260986328125,-0.9632568359375,3582.472197875,-0.01774140966055123,-0.03777256867986673,0.02488786552508092,-0.3887384533882141,-0.05332483351230621,0.01673881150782108,0.001772801391780376,-0.02449575066566467,0.01596164703369141,XArbitraryZVertical,0.01227339361406373,-0.0189933193019006,-0.009103310385735669,0.9997028097113199,0.01038846746087074,-0.09157786518335342,-0.9957437515258789,0,0,0,-1,-1,3542.123566166667,unknown,2,2026-04-24T18:34:45.265+02:00,2026-04-24T18:20:19.173+02:00,16,0.7102333,0,0,12.45568,0,0,2026-04-24T18:28:28.837+02:00,798741324.0493344,0,1.94,101.5415,1,0.85,0
2026-04-24T18:35:25.634+02:00,1777048522.815582,53.56898963022433,9.882980424919118,39.25409,-1,-1,-1,-1,30.01978840862869,11.695014,-9999,3582.487309875,0.01129150390625,-0.129302978515625,-0.9610443115234375,3582.482271875,-0.01773050002183554,-0.03831671466562223,0.02031834526360642,-0.5155254006385803,-0.05155409872531891,0.01813830249011517,-0.0006444705650210381,-0.03593817353248596,0.02794104814529419,XArbitraryZVertical,0.009986912318083777,-0.0192454886833827,-0.009057659917057825,0.9997238612099701,0.009830275550484657,-0.08703241497278214,-0.9961569905281067,0,0,0,-1,-1,3542.123566166667,unknown,2,2026-04-24T18:34:45.265+02:00,2026-04-24T18:20:19.173+02:00,16,0.7102333,0,0,12.45568,0,0,2026-04-24T18:28:28.837+02:00,798741324.0493344,0,1.94,101.5415,1,0.85,0
2026-04-24T18:35:25.644+02:00,1777048522.815582,53.56898963022433,9.882980424919118,39.25409,-1,-1,-1,-1,30.01978840862869,11.695014,-9999,3582.497383875,0.0114898681640625,-0.1263885498046875,-0.96282958984375,3582.492346875,-0.01771892173130392,-0.03883935610290805,0.01462965711317073,-0.6095721125602722,-0.05687935277819633,0.02678984776139259,0.0001701852306723595,-0.04780983179807663,0.03599303960800171,XArbitraryZVertical,0.007141066449948589,-0.01948196652362702,-0.008999472802686601,0.9997442613420944,0.009290277026593685,-0.08137108385562897,-0.9966405630111694,0,0,0,-1,-1,3542.123566166667,unknown,2,2026-04-24T18:34:45.265+02:00,2026-04-24T18:20:19.173+02:00,16,0.7102333,0,0,12.45568,0,0,2026-04-24T18:28:28.837+02:00,798741324.0493344,0,1.94,101.5415,1,0.85,0
2026-04-24T18:35:25.654+02:00,1777048522.815582,53.56898963022433,9.882980424919118,39.25409,-1,-1,-1,-1,30.01978840862869,11.695014,-9999,3582.507458375,0.009002685546875,-0.1206817626953125,-0.958251953125,3582.502421375,-0.01768132143446021,-0.03941638089792519,0.007979276926169626,-0.7179784774780273,-0.06191618740558624,0.0319603718817234,0.00278240442276001,-0.05319447070360184,0.03402960300445557,XArbitraryZVertical,0.003814478659363943,-0.01974125097080715,-0.008917378390216413,0.9997580961947079,0.008692218922078609,-0.07475049048662186,-0.9971643686294556,0,0,0,-1,-1,3542.123566166667,unknown,2,2026-04-24T18:34:45.265+02:00,2026-04-24T18:20:19.173+02:00,16,0.7102333,0,0,12.45568,0,0,2026-04-24T18:28:28.837+02:00,798741324.0493344,0,1.94,101.5415,1,0.85,0
2026-04-24T18:35:25.664+02:00,1777048522.815582,53.56898963022433,9.882980424919118,39.25409,-1,-1,-1,-1,30.01978840862869,11.695014,-9999,3582.517532375,0.0061798095703125,-0.1092681884765625,-0.9597930908203125,3582.512495375,-0.01762729807254239,-0.04008997171311698,9.144646605431502e-05,-0.8364301323890686,-0.06556684523820877,0.04026903957128525,0.002534030005335808,-0.05769382417201996,0.03749245405197144,XArbitraryZVertical,-0.0001309430351377183,-0.02004326605468738,-0.008812679937527252,0.9997603579415132,0.007994548417627811,-0.06689419597387314,-0.9977280497550964,0,0,0,-1,-1,3542.123566166667,unknown,2,2026-04-24T18:34:45.265+02:00,2026-04-24T18:20:19.173+02:00,16,0.7102333,0,0,12.45568,0,0,2026-04-24T18:28:28.837+02:00,798741324.0493344,0,1.94,101.5415,1,0.85,0
2026-04-24T18:35:25.674+02:00,1777048522.815582,53.56898963022433,9.882980424919118,39.25409,-1,-1,-1,-1,30.01978840862869,11.695014,-9999,3582.527607375,0.007232666015625,-0.1052093505859375,-0.9690093994140625,3582.522570375,-0.01752315659900033,-0.0407369193226419,-0.008833236842150942,-0.9476557374000549,-0.06580999493598938,0.04944416135549545,0.0008593094535171986,-0.05697274208068848,0.04006820917129517,XArbitraryZVertical,-0.004593961624196491,-0.02032738176230225,-0.008669613098861235,0.9997452954481059,0.007319415919482708,-0.05800224840641022,-0.9982896447181702,0,0,0,-1,-1,3542.123566166667,unknown,2,2026-04-24T18:34:45.265+02:00,2026-04-24T18:20:19.173+02:00,16,0.7102333,0,0,12.45568,0,0,2026-04-24T18:28:28.837+02:00,798741324.0493344,0,1.94,101.5415,1,0.85,0
2026-04-24T18:35:25.684+02:00,1777048522.815582,53.56898963022433,9.882980424919118,39.25409,-1,-1,-1,-1,30.01978840862869,11.695014,-9999,3582.537682375,0.007659912109375,-0.0964508056640625,-0.9638824462890625,3582.532644375,-0.01741949176668704,-0.04140731919828609,-0.01925407326036663,-1.123065590858459,-0.06566964089870453,0.05716539919376373,-0.0005932277999818325,-0.05916802585124969,0.0341070294380188,XArbitraryZVertical,-0.009804758605168837,-0.02061660493941244,-0.0085080747042249,0.9997032899488072,0.006620462983846664,-0.0476129874587059,-0.9988439083099365,0,0,0,-1,-1,3542.123566166667,unknown,2,2026-04-24T18:34:45.265+02:00,2026-04-24T18:20:19.173+02:00,16,0.7102333,0,0,12.45568,0,0,2026-04-24T18:28:28.837+02:00,798741324.0493344,0,1.94,101.5415,1,0.85,0
2026-04-24T18:35:25.694+02:00,1777048522.815582,53.56898963022433,9.882980424919118,39.25409,-1,-1,-1,-1,30.01978840862869,11.695014,-9999,3582.547756375,0.00537109375,-0.0925445556640625,-0.9586181640625,3582.542719375,-0.01725654207572985,-0.04204265963685644,-0.03156721241487076,-1.324956893920898,-0.06085305288434029,0.07649914175271988,0.001340219751000404,-0.06685562431812286,0.03036373853683472,XArbitraryZVertical,-0.01596021587424346,-0.02088023321669986,-0.008293441328168045,0.9996201861002332,0.005953495390713215,-0.03533249720931053,-0.9993578791618347,0,0,0,-1,-1,3542.123566166667,unknown,2,2026-04-24T18:34:45.265+02:00,2026-04-24T18:20:19.173+02:00,16,0.7102333,0,0,12.45568,0,0,2026-04-24T18:28:28.837+02:00,798741324.0493344,0,1.94,101.5415,1,0.85,0
2026-04-24T18:35:25.704+02:00,1777048522.815582,53.56898963022433,9.882980424919118,39.25409,-1,-1,-1,-1,30.01978840862869,11.695014,-9999,3582.557831375,0.0003662109375,-0.091094970703125,-0.9540863037109375,3582.552794375,-0.01705808626440159,-0.04262979986479554,-0.04628328476622148,-1.595628619194031,-0.0553661435842514,0.08731291443109512,0.001759437378495932,-0.07235356420278549,0.04048299789428711,XArbitraryZVertical,-0.02331520949028808,-0.02110949231136979,-0.008031556471640777,0.9994730367549634,0.005335913505405188,-0.0206487663090229,-0.9997725486755371,0,0,0,-1,-1,3542.123566166667,unknown,2,2026-04-24T18:34:45.265+02:00,2026-04-24T18:20:19.173+02:00,16,0.7102333,0,0,12.45568,0,0,2026-04-24T18:28:28.837+02:00,798741324.0493344,0,1.94,101.5415,1,0.85,0
2026-04-24T18:35:25.714+02:00,1777048522.815582,53.56898963022433,9.882980424919118,39.25409,-1,-1,-1,-1,30.01978840862869,11.695014,-9999,3582.567906375,-4.57763671875e-05,-0.0823974609375,-0.9476776123046875,3582.562868375,-0.01682519927588111,-0.04316019938245114,-0.06369935089531813,-1.849316596984863,-0.05611981824040413,0.1063372045755386,-0.001042657066136599,-0.08909612894058228,0.04194492101669312,XArbitraryZVertical,-0.03201718418384467,-0.02129888887285203,-0.00771915044117041,0.9992306021720032,0.004781074356287718,-0.00326533243060112,-0.9999832510948181,0,0,0,-1,-1,3542.123566166667,unknown,2,2026-04-24T18:34:45.265+02:00,2026-04-24T18:20:19.173+02:00,16,0.7102333,0,0,12.45568,0,0,2026-04-24T18:28:28.837+02:00,798741324.0493344,0,1.94,101.5415,1,0.85,0
2026-04-24T18:35:25.724+02:00,1777048522.815582,53.56898963022433,9.882980424919118,39.25409,-1,-1,-1,-1,30.01978840862869,11.695014,-9999,3582.577980375,0.00201416015625,-0.0668182373046875,-0.9610748291015625,3582.572943375,-0.01648676215403135,-0.04363564070878819,-0.0832981836802118,-2.026473045349121,-0.04451855644583702,0.1288164108991623,-0.004685265012085438,-0.1034217923879623,0.05170744657516479,XArbitraryZVertical,-0.04180540784287984,-0.02145328529176078,-0.007325852124739349,0.9988685671687439,0.00428855000063777,0.01629409939050674,-0.999858021736145,0,0,0,-1,-1,3542.123566166667,unknown,2,2026-04-24T18:34:45.265+02:00,2026-04-24T18:20:19.173+02:00,16,0.7102333,0,0,12.45568,0,0,2026-04-24T18:28:28.837+02:00,798741324.0493344,0,1.94,101.5415,1,0.85,0
2026-04-24T18:35:25.734+02:00,1777048522.815582,53.56898963022433,9.882980424919118,39.25409,-1,-1,-1,-1,30.01978840862869,11.695014,-9999,3582.588055375,0.0028533935546875,-0.0335693359375,-0.9802703857421875,3582.583017375,-0.0160446198233188,-0.04406529660842871,-0.1044500627266138,-2.154546737670898,-0.04807573929429054,0.1419268846511841,-0.00304562202654779,-0.1135492250323296,0.04604619741439819,XArbitraryZVertical,-0.05236343593861417,-0.02158144978661127,-0.006859338686390769,0.9983713974485129,0.003854351118206978,0.03739260137081146,-0.9992932081222534,0,0,0,-1,-1,3542.123566166667,unknown,2,2026-04-24T18:34:45.265+02:00,2026-04-24T18:20:19.173+02:00,16,0.7102333,0,0,12.45568,0,0,2026-04-24T18:28:28.837+02:00,798741324.0493344,0,1.94,101.5415,1,0.85,0
2026-04-24T18:35:25.744+02:00,1777048522.815582,53.56898963022433,9.882980424919118,39.25409,-1,-1,-1,-1,30.01978840862869,11.695014,-9999,3582.598129375,0.0066070556640625,0.0055389404296875,-1.003936767578125,3582.593092375,-0.01547891552151994,-0.0444670175108904,-0.1264656502385725,-2.202550888061523,-0.05085235089063644,0.1566813290119171,-0.001005623256787658,-0.1120489686727524,0.02823126316070557,XArbitraryZVertical,-0.06334489483857882,-0.02169764393300129,-0.006317210732182382,0.9977358965062243,0.00346230180002749,0.05932984128594398,-0.9982324242591858,0,0,0,-1,-1,3542.123566166667,unknown,2,2026-04-24T18:34:45.265+02:00,2026-04-24T18:20:19.173+02:00,16,0.7102333,0,0,12.45568,0,0,2026-04-24T18:28:28.837+02:00,798741324.0493344,0,1.94,101.5415,1,0.85,0
2026-04-24T18:35:25.769+02:00,1777048522.815582,53.56898963022433,9.882980424919118,39.25409,-1,-1,-1,-1,30.01978840862869,11.695014,-9999,3582.608204375,0.010101318359375,0.0457305908203125,-1.024673461914062,3582.603167375,-0.01482415095295128,-0.04483335358961033,-0.1488336765020755,-2.227945327758789,-0.04183116182684898,0.1659912168979645,0.0009813494980335236,-0.09502816200256348,0.006015121936798096,XArbitraryZVertical,-0.07449312629122881,-0.02180121723123065,-0.005723182962906718,0.9969668092666631,0.003123278496786952,0.08158516138792038,-0.9966614842414856,0,0,0,-1,-1,3542.123566166667,unknown,2,2026-04-24T18:34:45.265+02:00,2026-04-24T18:20:19.173+02:00,16,0.7102333,0,0,12.45568,0,0,2026-04-24T18:28:28.837+02:00,798741324.0493344,0,1.94,101.5415,1,0.85,0
2026-04-24T18:35:25.772+02:00,1777048522.815582,53.56898963022433,9.882980424919118,39.25409,-1,-1,-1,-1,30.01978840862869,11.695014,-9999,3582.618279375,0.00897216796875,0.0738372802734375,-1.021682739257812,3582.613241375,-0.01412265745306956,-0.0451524971306915,-0.1713821385274465,-2.237002849578857,-0.04475424438714981,0.1727456450462341,0.006379110738635063,-0.07829641550779343,-0.0221937894821167,XArbitraryZVertical,-0.08572111053731263,-0.02188674572386863,-0.005101563882071767,0.9960656943732024,0.002852470614016056,0.1039769574999809,-0.9945756196975708,0,0,0,-1,-1,3542.123566166667,unknown,2,2026-04-24T18:34:45.265+02:00,2026-04-24T18:20:19.173+02:00,16,0.7102333,0,0,12.45568,0,0,2026-04-24T18:28:28.837+02:00,798741324.0493344,0,1.94,101.5415,1,0.85,0
2026-04-24T18:35:25.775+02:00,1777048522.815582,53.56898963022433,9.882980424919118,39.25409,-1,-1,-1,-1,30.01978840862869,11.695014,-9999,3582.628353375,0.0079498291015625,0.08477783203125,-1.0111083984375,3582.623316375,-0.01341903473993862,-0.04545431527867036,-0.1941678034213342,-2.283883810043335,-0.04560992121696472,0.16830775141716,0.007171881385147572,-0.06370015442371368,-0.03349500894546509,XArbitraryZVertical,-0.09705600274188288,-0.02196748867855105,-0.004473410480632283,0.9950264650182379,0.002624274464324117,0.12655109167099,-0.9919565916061401,0,0,0,-1,-1,3542.123566166667,unknown,2,2026-04-24T18:34:45.265+02:00,2026-04-24T18:20:19.173+02:00,16,0.7102333,0,0,12.45568,0,0,2026-04-24T18:28:28.837+02:00,798741324.0493344,0,1.94,101.5415,1,0.85,0
2026-04-24T18:35:25.785+02:00,1777048522.815582,53.56898963022433,9.882980424919118,39.25409,-1,-1,-1,-1,30.01978840862869,11.695014,-9999,3582.638428375,0.006317138671875,0.109588623046875,-0.995086669921875,3582.633391375,-0.01277734905236109,-0.04581006802307303,-0.2177544761929339,-2.387731552124023,-0.04957270249724388,0.1707141995429993,0.006487954407930374,-0.07079806923866272,-0.0282319188117981,XArbitraryZVertical,-0.1087769863369631,-0.02207293013560409,-0.003860492131901927,0.993813607988089,0.002377416007220745,0.149853840470314,-0.9887052774429321,0,0,0,-1,-1,3542.123566166667,unknown,2,2026-04-24T18:34:45.265+02:00,2026-04-24T18:20:19.173+02:00,16,0.7102333,0,0,12.45568,0,0,2026-04-24T18:28:28.837+02:00,798741324.0493344,0,1.94,101.5415,1,0.85,0
2026-04-24T18:35:25.795+02:00,1777048522.815582,53.56898963022433,9.882980424919118,39.25409,-1,-1,-1,-1,30.01978840862869,11.695014,-9999,3582.648502375,0.0105743408203125,0.13580322265625,-0.985626220703125,3582.643465375,-0.01211659594706829,-0.04616139314227118,-0.2422087917633866,-2.454691410064697,-0.04515904560685158,0.1770250797271729,0.004118470475077629,-0.07831458747386932,-0.01820391416549683,XArbitraryZVertical,-0.1209129838445707,-0.02217749928914031,-0.003224239765584166,0.9924101269913996,0.002168164355680346,0.1739261597394943,-0.9847562909126282,0,0,0,-1,-1,3542.123566166667,unknown,2,2026-04-24T18:34:45.265+02:00,2026-04-24T18:20:19.173+02:00,16,0.7102333,0,0,12.45568,0,0,2026-04-24T18:28:28.837+02:00,798741324.0493344,0,1.94,101.5415,1,0.85,0
2026-04-24T18:35:25.805+02:00,1777048522.815582,53.56898963022433,9.882980424919118,39.25409,-1,-1,-1,-1,30.01978840862869,11.695014,-9999,3582.658577375,0.00482177734375,0.152252197265625,-0.9867095947265625,3582.653540375,-0.01149752354382957,-0.04647136110357607,-0.2674881426246817,-2.557783365249634,-0.05526813864707947,0.1725417822599411,0.007039095275104046,-0.07407070696353912,-0.008223891258239746,XArbitraryZVertical,-0.133439881153899,-0.02225936283456084,-0.002597805329888582,0.9908034668336859,0.00203989795409143,0.1987044811248779,-0.9800572991371155,0,0,0,-1,-1,3542.123566166667,unknown,2,2026-04-24T18:34:45.265+02:00,2026-04-24T18:20:19.173+02:00,16,0.7102333,0,0,12.45568,0,0,2026-04-24T18:28:28.837+02:00,798741324.0493344,0,1.94,101.5415,1,0.85,0
2026-04-24T18:35:25.815+02:00,1777048522.815582,53.56898963022433,9.882980424919118,39.25409,-1,-1,-1,-1,30.01978840862869,11.695014,-9999,3582.668652375,0.000701904296875,0.1770477294921875,-0.97821044921875,3582.663614375,-0.01097105687692034,-0.04698461080407116,-0.2939302971511631,-2.687466144561768,-0.07778037339448929,0.1723412424325943,0.006780863273888826,-0.0806020051240921,-0.01141136884689331,XArbitraryZVertical,-0.14652153345609,-0.02243351557097958,-0.001985103217367313,0.9889510737838418,0.001764071872457862,0.2244923859834671,-0.9744742512702942,0,0,0,-1,-1,3542.123566166667,unknown,2,2026-04-24T18:34:45.265+02:00,2026-04-24T18:20:19.173+02:00,16,0.7102333,0,0,12.45568,0,0,2026-04-24T18:28:28.837+02:00,798741324.0493344,0,1.94,101.5415,1,0.85,0
2026-04-24T18:35:25.825+02:00,1777048522.815582,53.56898963022433,9.882980424919118,39.25409,-1,-1,-1,-1,30.01978840862869,11.695014,-9999,3582.678726375,0.00897216796875,0.20648193359375,-0.969024658203125,3582.673689375,-0.01053245310557895,-0.04779038116825356,-0.3218603282491385,-2.840594530105591,-0.1068865954875946,0.167613610625267,9.127089288085699e-05,-0.08785474300384521,-0.01546764373779297,XArbitraryZVertical,-0.1603126553003312,-0.0227402648070459,-0.001368209512667925,0.9868033532108199,0.00126677518710494,0.2515662610530853,-0.967839241027832,0,0,0,-1,-1,3542.123566166667,unknown,2,2026-04-24T18:34:45.265+02:00,2026-04-24T18:20:19.173+02:00,16,0.7102333,0,0,12.45568,0,0,2026-04-24T18:28:28.837+02:00,798741324.0493344,0,1.94,101.5415,1,0.85,0
2026-04-24T18:35:25.835+02:00,1777048522.815582,53.56898963022433,9.882980424919118,39.25409,-1,-1,-1,-1,30.01978840862869,11.695014,-9999,3582.688801375,0.01220703125,0.2275238037109375,-0.9676361083984375,3582.683764375,-0.01029684162373642,-0.04892660266535162,-0.3511216710126167,-2.949073314666748,-0.141881063580513,0.1560746729373932,0.004427810199558735,-0.08765259385108948,-0.01358479261398315,XArbitraryZVertical,-0.1747297949459282,-0.02318559469361237,-0.0007954575839280161,0.9843431255944907,0.0005313096335157752,0.2797302007675171,-0.9600784778594971,0,0,0,-1,-1,3542.123566166667,unknown,2,2026-04-24T18:34:45.265+02:00,2026-04-24T18:20:19.173+02:00,16,0.7102333,0,0,12.45568,0,0,2026-04-24T18:28:28.837+02:00,798741324.0493344,0,1.94,101.5415,1,0.85,0
2026-04-24T18:35:25.845+02:00,1777048522.815582,53.56898963022433,9.882980424919118,39.25409,-1,-1,-1,-1,30.01978840862869,11.695014,-9999,3582.698875375,0.009002685546875,0.25311279296875,-0.959625244140625,3582.693838375,-0.0102452274838639,-0.05050859472573638,-0.3811077687908095,-2.988001108169556,-0.1781096309423447,0.1503084599971771,0.01256979163736105,-0.09060871601104736,-0.01657742261886597,XArbitraryZVertical,-0.1894669173222191,-0.02382429686279365,-0.0002456027615539865,0.9815979887106208,-0.0005458526429720223,0.3083516657352448,-0.9512723088264465,0,0,0,-1,-1,3542.123566166667,unknown,2,2026-04-24T18:34:45.265+02:00,2026-04-24T18:20:19.173+02:00,16,0.7102333,0,0,12.45568,0,0,2026-04-24T18:28:28.837+02:00,798741324.0493344,0,1.94,101.5415,1,0.85,0
2026-04-24T18:35:25.855+02:00,1777048522.815582,53.56898963022433,9.882980424919118,39.25409,-1,-1,-1,-1,30.01978840862869,11.695014,-9999,3582.708950375,0.00958251953125,0.2930755615234375,-0.9474334716796875,3582.703913375,-0.01025817143138548,-0.05246736840519155,-0.4115127261054243,-3.046838521957397,-0.212246835231781,0.1576143056154251,0.01265111844986677,-0.09800261259078979,-0.02363353967666626,XArbitraryZVertical,-0.2043663284830533,-0.02462949916467373,0.0003399088282392955,0.9785845921623214,-0.001893658773042262,0.3370925784111023,-0.9414696097373962,0,0,0,-1,-1,3542.123566166667,unknown,2,2026-04-24T18:34:45.265+02:00,2026-04-24T18:20:19.173+02:00,16,0.7102333,0,0,12.45568,0,0,2026-04-24T18:28:28.837+02:00,798741324.0493344,0,1.94,101.5415,1,0.85,0
2026-04-24T18:35:25.865+02:00,1777048522.815582,53.56898963022433,9.882980424919118,39.25409,-1,-1,-1,-1,30.01978840862869,11.695014,-9999,3582.719025375,0.010833740234375,0.341522216796875,-0.9411468505859375,3582.713987375,-0.01047777124345496,-0.05482559896749427,-0.442370488447568,-3.055603504180908,-0.2329113632440567,0.1312293708324432,0.01162213459610939,-0.09414681792259216,-0.02359634637832642,XArbitraryZVertical,-0.2194408073228133,-0.02559235347301799,0.000903839970878139,0.975289674101097,-0.003504446009173989,0.3659516572952271,-0.9306272864341736,0,0,0,-1,-1,3542.123566166667,unknown,2,2026-04-24T18:34:45.265+02:00,2026-04-24T18:20:19.173+02:00,16,0.7102333,0,0,12.45568,0,0,2026-04-24T18:28:28.837+02:00,798741324.0493344,0,1.94,101.5415,1,0.85,0
2026-04-24T18:35:25.876+02:00,1777048522.815582,53.56898963022433,9.882980424919118,39.25409,-1,-1,-1,-1,30.01978840862869,11.695014,-9999,3582.729099375,0.001312255859375,0.3757781982421875,-0.941253662109375,3582.724062375,-0.0110006928060096,-0.05739163826857444,-0.4730833048483709,-3.042056798934937,-0.2327454537153244,0.1173548325896263,0.01673793792724609,-0.07726418972015381,-0.0229453444480896,XArbitraryZVertical,-0.2343953648771583,-0.02660408425532582,0.001378652757174278,0.9717763611893543,-0.005187020637094975,0.3943418264389038,-0.9189491868019104,0,0,0,-1,-1,3542.123566166667,unknown,2,2026-04-24T18:34:45.265+02:00,2026-04-24T18:20:19.173+02:00,16,0.7102333,0,0,12.45568,0,0,2026-04-24T18:28:28.837+02:00,798741324.0493344,0,1.94,101.5415,1,0.85,0
2026-04-24T18:35:25.886+02:00,1777048522.815582,53.56898963022433,9.882980424919118,39.25409,-1,-1,-1,-1,30.01978840862869,11.695014,-9999,3582.739174375,-0.004791259765625,0.4043121337890625,-0.9161224365234375,3582.734137375,-0.01176852836294366,-0.06015124835068224,-0.5039503342176888,-3.085980176925659,-0.2449880093336105,0.1101405993103981,0.01310763880610466,-0.06128785014152527,-0.03797310590744019,XArbitraryZVertical,-0.2493715118183031,-0.02765461865233745,0.001801269862044672,0.9680113475707344,-0.006912557408213615,0.4225091934204102,-0.9063323140144348,0,0,0,-1,-1,3542.123566166667,unknown,2,2026-04-24T18:34:45.265+02:00,2026-04-24T18:20:19.173+02:00,16,0.7102333,0,0,12.45568,0,0,2026-04-24T18:28:28.837+02:00,798741324.0493344,0,1.94,101.5415,1,0.85,0
2026-04-24T18:35:25.896+02:00,1777048522.815582,53.56898963022433,9.882980424919118,39.25409,-1,-1,-1,-1,30.01978840862869,11.695014,-9999,3582.749249375,-0.003997802734375,0.430877685546875,-0.89501953125,3582.744211375,-0.01282506017346638,-0.06321171186153819,-0.5353402848841446,-3.142944097518921,-0.2491811513900757,0.09345722198486328,0.005711686797440052,-0.06110253930091858,-0.03759938478469849,XArbitraryZVertical,-0.2645431458090535,-0.02877949908430708,0.002176671242537342,0.9639419266370564,-0.008748171851038933,0.4507509768009186,-0.8926069140434265,0,0,0,-1,-1,3542.123566166667,unknown,2,2026-04-24T18:34:45.265+02:00,2026-04-24T18:20:19.173+02:00,16,0.7102333,0,0,12.45568,0,0,2026-04-24T18:28:28.837+02:00,798741324.0493344,0,1.94,101.5415,1,0.85,0
2026-04-24T18:35:25.906+02:00,1777048522.815582,53.56898963022433,9.882980424919118,39.25409,-1,-1,-1,-1,30.01978840862869,11.695014,-9999,3582.759323375,-0.005279541015625,0.446624755859375,-0.8775482177734375,3582.754286375,-0.01429333092888276,-0.0665386288135945,-0.5675018293550962,-3.248476505279541,-0.2652961909770966,0.07700414955615997,0.005434749647974968,-0.0598980188369751,-0.02611267566680908,XArbitraryZVertical,-0.2800246813323276,-0.02993259151738546,0.002455042429013892,0.9595228902969226,-0.01062272395938635,0.4792400598526001,-0.8776195645332336,0,0,0,-1,-1,3542.123566166667,unknown,2,2026-04-24T18:34:45.265+02:00,2026-04-24T18:20:19.173+02:00,16,0.7102333,0,0,12.45568,0,0,2026-04-24T18:28:28.837+02:00,798741324.0493344,0,1.94,101.5415,1,0.85,0
2026-04-24T18:35:25.916+02:00,1777048522.815582,53.56898963022433,9.882980424919118,39.25409,-1,-1,-1,-1,30.01978840862869,11.695014,-9999,3582.769398375,-0.0073089599609375,0.4688568115234375,-0.8532867431640625,3582.764360375,-0.0162022941861074,-0.070283108128053,-0.6008962866327741,-3.384935617446899,-0.271722137928009,0.06151387095451355,0.00798116996884346,-0.0691763162612915,-0.02581959962844849,XArbitraryZVertical,-0.2960277441937844,-0.03116332648092386,0.002664215230155527,0.9546671608423586,-0.01261982880532742,0.5083090662956238,-0.8610822558403015,0,0,0,-1,-1,3542.123566166667,unknown,2,2026-04-24T18:34:45.265+02:00,2026-04-24T18:20:19.173+02:00,16,0.7102333,0,0,12.45568,0,0,2026-04-24T18:28:28.837+02:00,798741324.0493344,0,1.94,101.5415,1,0.85,0
2026-04-24T18:35:25.926+02:00,1777048522.815582,53.56898963022433,9.882980424919118,39.25409,-1,-1,-1,-1,30.01978840862869,11.695014,-9999,3582.779472375,-0.009307861328125,0.4945220947265625,-0.8348846435546875,3582.774435375,-0.01859880921288041,-0.07447908769891186,-0.6355079544364295,-3.495516538619995,-0.2867479920387268,0.04689065739512444,0.007808629423379898,-0.08095788955688477,-0.02227765321731567,XArbitraryZVertical,-0.3125325206880951,-0.03246221707714513,0.002804077034978706,0.9493481240474432,-0.01472084689885378,0.5378517508506775,-0.8429108858108521,0,0,0,-1,-1,3542.123566166667,unknown,2,2026-04-24T18:34:45.265+02:00,2026-04-24T18:20:19.173+02:00,16,0.7102333,0,0,12.45568,0,0,2026-04-24T18:28:28.837+02:00,798741324.0493344,0,1.94,101.5415,1,0.85,0
2026-04-24T18:35:25.936+02:00,1777048522.815582,53.56898963022433,9.882980424919118,39.25409,-1,-1,-1,-1,30.01978840862869,11.695014,-9999,3582.789547375,-0.01104736328125,0.5266571044921875,-0.80938720703125,3582.784510375,-0.02148069307143236,-0.07904573774780739,-0.6710704474660154,-3.573461294174194,-0.2812080681324005,0.04081545397639275,0.008488215506076813,-0.08648204803466797,-0.02071738243103027,XArbitraryZVertical,-0.32939918547539,-0.03377328471426071,0.00287645051464039,0.9435821399346535,-0.01681950129568577,0.5675458908081055,-0.8231699466705322,0,0,0,-1,-1,3542.123566166667,unknown,2,2026-04-24T18:34:45.265+02:00,2026-04-24T18:20:19.173+02:00,16,0.7102333,0,0,12.45568,0,0,2026-04-24T18:28:28.837+02:00,798741324.0493344,0,1.94,101.5415,1,0.85,0
2026-04-24T18:35:25.946+02:00,1777048522.815582,53.56898963022433,9.882980424919118,39.25409,-1,-1,-1,-1,30.01978840862869,11.695014,-9999,3582.799622375,-0.0125732421875,0.567047119140625,-0.7830047607421875,3582.794584375,-0.02478708163869869,-0.08405868996244675,-0.7069745055595609,-3.563467264175415,-0.3015530109405518,0.0362912081182003,0.008998895063996315,-0.08795571327209473,-0.0203481912612915,XArbitraryZVertical,-0.3463278140271213,-0.03512969493843525,0.002927265669328961,0.9374509891595548,-0.01896287314593792,0.5968058705329895,-0.8021615743637085,0,0,0,-1,-1,3542.123566166667,unknown,2,2026-04-24T18:34:45.265+02:00,2026-04-24T18:20:19.173+02:00,16,0.7102333,0,0,12.45568,0,0,2026-04-24T18:28:28.837+02:00,798741324.0493344,0,1.94,101.5415,1,0.85,0
2026-04-24T18:35:25.956+02:00,1777048522.815582,53.56898963022433,9.882980424919118,39.25409,-1,-1,-1,-1,30.01978840862869,11.695014,-9999,3582.809696375,-0.008514404296875,0.6046142578125,-0.7701568603515625,3582.804659375,-0.0282976270664534,-0.08954545424162565,-0.7420658392268051,-3.401561975479126,-0.3261978924274445,0.04530014842748642,0.00908946618437767,-0.07784980535507202,-0.01478904485702515,XArbitraryZVertical,-0.3627688196392705,-0.03658323823682612,0.003054190717474152,0.9311557775720503,-0.02120493352413177,0.624663770198822,-0.7806058526039124,0,0,0,-1,-1,3542.123566166667,unknown,2,2026-04-24T18:34:45.265+02:00,2026-04-24T18:20:19.173+02:00,16,0.7102333,0,0,12.45568,0,0,2026-04-24T18:28:28.837+02:00,798741324.0493344,0,1.94,101.5415,1,0.85,0
2026-04-24T18:35:25.966+02:00,1777048522.815582,53.56898963022433,9.882980424919118,39.25409,-1,-1,-1,-1,30.01978840862869,11.695014,-9999,3582.819771375,-0.0009765625,0.6553497314453125,-0.7734375,3582.814734375,-0.032052102653488,-0.09553755502258983,-0.7752031301968811,-3.190266370773315,-0.3504332005977631,0.02239536494016647,0.01208694465458393,-0.06438159942626953,-0.01579779386520386,XArbitraryZVertical,-0.3781978198825701,-0.03815253084441875,0.003226282619628153,0.92493261848789,-0.02360731922090054,0.6502733826637268,-0.7593334317207336,0,0,0,-1,-1,3542.123566166667,unknown,2,2026-04-24T18:34:45.265+02:00,2026-04-24T18:20:19.173+02:00,16,0.7102333,0,0,12.45568,0,0,2026-04-24T18:28:28.837+02:00,798741324.0493344,0,1.94,101.5415,1,0.85,0
2026-04-24T18:35:25.976+02:00,1777048522.815582,53.56898963022433,9.882980424919118,39.25409,-1,-1,-1,-1,30.01978840862869,11.695014,-9999,3582.829845375,-0.011444091796875,0.7141571044921875,-0.77496337890625,3582.824808375,-0.03634593443186383,-0.1020174111642259,-0.8059052887677671,-2.923916101455688,-0.3213813006877899,-0.01428834721446037,0.02234578505158424,-0.0463252067565918,-0.03135848045349121,XArbitraryZVertical,-0.3924138081215396,-0.03977856483735957,0.003295604462956531,0.9189223335086325,-0.0261604692786932,0.6733851432800293,-0.7388288378715515,0,0,0,-1,-1,3542.123566166667,unknown,2,2026-04-24T18:34:45.265+02:00,2026-04-24T18:20:19.173+02:00,16,0.7102333,0,0,12.45568,0,0,2026-04-24T18:28:28.837+02:00,798741324.0493344,0,1.94,101.5415,1,0.85,0
2026-04-24T18:35:25.986+02:00,1777048522.815582,53.56898963022433,9.882980424919118,39.25409,-1,-1,-1,-1,30.01978840862869,11.695014,-9999,3582.839920375,-0.030181884765625,0.7370758056640625,-0.75994873046875,3582.834883375,-0.04103792323634345,-0.1084231191452579,-0.8340101508464874,-2.704736709594727,-0.2707878947257996,-0.02736693061888218,0.02491750940680504,-0.007236123085021973,-0.05619668960571289,XArbitraryZVertical,-0.4053603128045573,-0.04123337297924803,0.003209873349944354,0.9132209701054058,-0.02848805487155914,0.6940037608146667,-0.7194075584411621,0,0,0,-1,-1,3542.123566166667,unknown,2,2026-04-24T18:34:45.265+02:00,2026-04-24T18:20:19.173+02:00,16,0.7102333,0,0,12.45568,0,0,2026-04-24T18:28:28.837+02:00,798741324.0493344,0,1.94,101.5415,1,0.85,0
2026-04-24T18:35:25.996+02:00,1777048522.815582,53.56898963022433,9.882980424919118,39.25409,-1,-1,-1,-1,30.01978840862869,11.695014,-9999,3582.849995375,-0.042938232421875,0.7351226806640625,-0.7125701904296875,3582.844957375,-0.04610481502691705,-0.1147537556592055,-0.8612319390072664,-2.777181148529053,-0.2352504283189774,-0.03195342794060707,0.01050762832164764,0.01671808958053589,-0.07073599100112915,XArbitraryZVertical,-0.4178341447599822,-0.04249033145334022,0.003019766851063079,0.9075241199194262,-0.03049663081765175,0.7134607434272766,-0.7000312209129333,0,0,0,-1,-1,3542.123566166667,unknown,2,2026-04-24T18:34:45.265+02:00,2026-04-24T18:20:19.173+02:00,16,0.7102333,0,0,12.45568,0,0,2026-04-24T18:28:28.837+02:00,798741324.0493344,0,1.94,101.5415,1,0.85,0
2026-04-24T18:35:26.006+02:00,1777048522.815582,53.56898963022433,9.882980424919118,39.25409,-1,-1,-1,-1,30.01978840862869,11.695014,-9999,3582.860069375,-0.0411834716796875,0.71661376953125,-0.6625823974609375,3582.855032375,-0.05177223898378736,-0.1212925441284955,-0.8895333411195844,-2.900173664093018,-0.2075215876102448,-0.01720490865409374,-0.006142530590295792,0.00397491455078125,-0.06016242504119873,XArbitraryZVertical,-0.4307285190611072,-0.04357846219371648,0.002746038692641578,0.9014246463412408,-0.03220279142260551,0.7331314086914062,-0.679324209690094,0,0,0,-1,-1,3542.123566166667,unknown,2,2026-04-24T18:34:45.265+02:00,2026-04-24T18:20:19.173+02:00,16,0.7102333,0,0,12.45568,0,0,2026-04-24T18:28:28.837+02:00,798741324.0493344,0,1.94,101.5415,1,0.85,0
2026-04-24T18:35:26.017+02:00,1777048522.815582,53.56898963022433,9.882980424919118,39.25409,-1,-1,-1,-1,30.01978840862869,11.695014,-9999,3582.870144375,-0.02960205078125,0.6772003173828125,-0.6164398193359375,3582.865107375,-0.05794997246843134,-0.1282978556821858,-0.9192952706955775,-3.039598703384399,-0.2205377817153931,-0.004157282877713442,-0.009069029241800308,-0.02426576614379883,-0.02854830026626587,XArbitraryZVertical,-0.4441984742239332,-0.04460129530890376,0.002516487760784375,0.8948139763990909,-0.033701341599226,0.7531780600547791,-0.6569527983665466,0,0,0,-1,-1,3542.123566166667,unknown,2,2026-04-24T18:34:45.265+02:00,2026-04-24T18:20:19.173+02:00,16,0.7102333,0,0,12.45568,0,0,2026-04-24T18:28:28.837+02:00,798741324.0493344,0,1.94,101.5415,1,0.85,0
2026-04-24T18:35:26.027+02:00,1777048522.815582,53.56898963022433,9.882980424919118,39.25409,-1,-1,-1,-1,30.01978840862869,11.695014,-9999,3582.880219375,-0.016815185546875,0.685760498046875,-0.5877532958984375,3582.875181375,-0.06476033590825821,-0.1362357493654383,-0.9497817883383433,-3.035731315612793,-0.2698028087615967,0.004769633058458567,-0.002026543021202087,-0.07751065492630005,-0.006723523139953613,XArbitraryZVertical,-0.4579016186781203,-0.04573292235009926,0.00238065833107388,0.8878225947452821,-0.03528118506073952,0.7730215787887573,-0.6333979368209839,0,0,0,-1,-1,3542.123566166667,unknown,2,2026-04-24T18:34:45.265+02:00,2026-04-24T18:20:19.173+02:00,16,0.7102333,0,0,12.45568,0,0,2026-04-24T18:28:28.837+02:00,798741324.0493344,0,1.94,101.5415,1,0.85,0
2026-04-24T18:35:26.036+02:00,1777048522.815582,53.56898963022433,9.882980424919118,39.25409,-1,-1,-1,-1,30.01978840862869,11.695014,-9999,3582.890293375,-0.0133819580078125,0.7536163330078125,-0.594757080078125,3582.885256375,-0.07201543110814042,-0.1450614378701856,-0.9790738663213026,-2.835696458816528,-0.2944807112216949,-0.01001676917076111,0.01454515755176544,-0.1196639537811279,0.01329004764556885,XArbitraryZVertical,-0.4709793518908939,-0.04703118484145215,0.002364975955781756,0.8808864746223221,-0.03705186024308205,0.7914168834686279,-0.6101528406143188,0,0,0,-1,-1,3542.123566166667,unknown,2,2026-04-24T18:34:45.265+02:00,2026-04-24T18:20:19.173+02:00,16,0.7102333,0,0,12.45568,0,0,2026-04-24T18:28:28.837+02:00,798741324.0493344,0,1.94,101.5415,1,0.85,0
2026-04-24T18:35:26.047+02:00,1777048522.815582,53.56898963022433,9.882980424919118,39.25409,-1,-1,-1,-1,30.01978840862869,11.695014,-9999,3582.900368375,-0.0308074951171875,0.8435821533203125,-0.6304168701171875,3582.895330375,-0.08002781222913428,-0.1546995077529101,-1.005991983056797,-2.560672760009766,-0.2852973341941833,-0.04366660863161087,0.02553555369377136,-0.09267354011535645,0.002252101898193359,XArbitraryZVertical,-0.4829348573235648,-0.04842163703366658,0.002275939177589973,0.8743135016100859,-0.03905482962727547,0.8077461719512939,-0.5882353782653809,0,0,0,-1,-1,3542.123566166667,unknown,2,2026-04-24T18:34:45.265+02:00,2026-04-24T18:20:19.173+02:00,16,0.7102333,0,0,12.45568,0,0,2026-04-24T18:28:28.837+02:00,798741324.0493344,0,1.94,101.5415,1,0.85,0
2026-04-24T18:35:26.057+02:00,1777048522.815582,53.56898963022433,9.882980424919118,39.25409,-1,-1,-1,-1,30.01978840862869,11.695014,-9999,3582.910442375,-0.0597381591796875,0.8965911865234375,-0.6313629150390625,3582.905405375,-0.08817673161301354,-0.1642120402693681,-1.030049349682528,-2.304153919219971,-0.2261234968900681,-0.03792589902877808,0.02224347367882729,-0.02432650327682495,-0.04342389106750488,XArbitraryZVertical,-0.4935657812871434,-0.04966982331473462,0.002129561700602578,0.8682863327246787,-0.04087444394826889,0.8218576908111572,-0.5682246088981628,0,0,0,-1,-1,3542.123566166667,unknown,2,2026-04-24T18:34:45.265+02:00,2026-04-24T18:20:19.173+02:00,16,0.7102333,0,0,12.45568,0,0,2026-04-24T18:28:28.837+02:00,798741324.0493344,0,1.94,101.5415,1,0.85,0
2026-04-24T18:35:26.067+02:00,1777048522.815582,53.56898963022433,9.882980424919118,39.25409,-1,-1,-1,-1,30.01978840862869,11.695014,-9999,3582.920517375,-0.07220458984375,0.8819732666015625,-0.5836029052734375,3582.915480375,-0.09638402673702706,-0.1732466412395083,-1.052125045855988,-2.16732120513916,-0.1715327054262161,-0.03313107788562775,-0.003754995763301849,0.04501575231552124,-0.08940213918685913,XArbitraryZVertical,-0.5032728293756349,-0.05063185078013367,0.001887856919174995,0.862640903172096,-0.04228075593709946,0.8343940377235413,-0.5495443344116211,0,0,0,-1,-1,3542.123566166667,unknown,2,2026-04-24T18:34:45.265+02:00,2026-04-24T18:20:19.173+02:00,16,0.7102333,0,0,12.45568,0,0,2026-04-24T18:28:28.837+02:00,798741324.0493344,0,1.94,101.5415,1,0.85,0
2026-04-24T18:35:26.077+02:00,1777048522.815582,53.56898963022433,9.882980424919118,39.25409,-1,-1,-1,-1,30.01978840862869,11.695014,-9999,3582.930592375,-0.0622100830078125,0.8565216064453125,-0.535369873046875,3582.925554375,-0.1047046563317502,-0.1822077854390932,-1.07301613743546,-2.05762767791748,-0.1638577431440353,-0.02770914696156979,-0.02397274225950241,0.04799109697341919,-0.07904648780822754,XArbitraryZVertical,-0.512412479670072,-0.05145216735173191,0.001648844718892305,0.857195125356773,-0.04344057664275169,0.8458840250968933,-0.5315949320793152,0,0,0,-1,-1,3542.123566166667,unknown,2,2026-04-24T18:34:45.265+02:00,2026-04-24T18:20:19.173+02:00,16,0.7102333,0,0,12.45568,0,0,2026-04-24T18:28:28.837+02:00,798741324.0493344,0,1.94,101.5415,1,0.85,0
2026-04-24T18:35:26.087+02:00,1777048522.815582,53.56898963022433,9.882980424919118,39.25409,-1,-1,-1,-1,30.01978840862869,11.695014,-9999,3582.940666375,-0.0423126220703125,0.8426971435546875,-0.5164947509765625,3582.935629375,-0.1135032418062604,-0.191649807830699,-1.092915009512547,-1.968930721282959,-0.1729553639888763,-0.03856772184371948,-0.02575851231813431,0.01147222518920898,-0.04230779409408569,XArbitraryZVertical,-0.5210836592687084,-0.05227244512639801,0.001401933225005944,0.8519022944595833,-0.0446150116622448,0.8564935326576233,-0.5142260193824768,0,0,0,-1,-1,3542.123566166667,unknown,2,2026-04-24T18:34:45.265+02:00,2026-04-24T18:20:19.173+02:00,16,0.7102333,0,0,12.45568,0,0,2026-04-24T18:28:28.837+02:00,798741324.0493344,0,1.94,101.5415,1,0.85,0
2026-04-24T18:35:26.097+02:00,1777048522.815582,53.56898963022433,9.882980424919118,39.25409,-1,-1,-1,-1,30.01978840862869,11.695014,-9999,3582.950741375,-0.0404052734375,0.854736328125,-0.5096282958984375,3582.945703375,-0.1227452362846117,-0.2016346696874771,-1.111678139441627,-1.841741323471069,-0.1706919372081757,-0.04539766162633896,-0.005010530352592468,-0.0190742015838623,-0.02512556314468384,XArbitraryZVertical,-0.5292322166562078,-0.05313514290656125,0.001170636134892506,0.846810904648048,-0.04586226120591164,0.8661964535713196,-0.4975947439670563,0,0,0,-1,-1,3542.123566166667,unknown,2,2026-04-24T18:34:45.265+02:00,2026-04-24T18:20:19.173+02:00,16,0.7102333,0,0,12.45568,0,0,2026-04-24T18:28:28.837+02:00,798741324.0493344,0,1.94,101.5415,1,0.85,0
2026-04-24T18:35:26.107+02:00,1777048522.815582,53.56898963022433,9.882980424919118,39.25409,-1,-1,-1,-1,30.01978840862869,11.695014,-9999,3582.960815375,-0.0484466552734375,0.8735198974609375,-0.5022125244140625,3582.955778375,-0.1323168909551663,-0.2119018819296498,-1.129301505346728,-1.76149845123291,-0.154322013258934,-0.03904149681329727,0.006939195096492767,-0.02779555320739746,-0.03125888109207153,XArbitraryZVertical,-0.536861967948153,-0.053963400934804,0.0009316042024052736,0.8419421174239339,-0.04706980660557747,0.8750399947166443,-0.4817568957805634,0,0,0,-1,-1,3542.123566166667,unknown,2,2026-04-24T18:34:45.265+02:00,2026-04-24T18:20:19.173+02:00,16,0.7102333,0,0,12.45568,0,0,2026-04-24T18:28:28.837+02:00,798741324.0493344,0,1.94,101.5415,1,0.85,0
2026-04-24T18:35:26.117+02:00,1777048522.815582,53.56898963022433,9.882980424919118,39.25409,-1,-1,-1,-1,30.01978840862869,11.695014,-9999,3582.970890375,-0.0614471435546875,0.8894500732421875,-0.4736785888671875,3582.965853375,-0.142116661272517,-0.2222405615511138,-1.146439446032668,-1.729182600975037,-0.1264491081237793,-0.02612543292343616,0.005451086908578873,-0.01998859643936157,-0.04068636894226074,XArbitraryZVertical,-0.5442494285401872,-0.05466373776619254,0.0007070352300455112,0.8371404449850082,-0.04803835600614548,0.8833767175674438,-0.4661953151226044,0,0,0,-1,-1,3542.123566166667,unknown,2,2026-04-24T18:34:45.265+02:00,2026-04-24T18:20:19.173+02:00,16,0.7102333,0,0,12.45568,0,0,2026-04-24T18:28:28.837+02:00,798741324.0493344,0,1.94,101.5415,1,0.85,0
2026-04-24T18:35:26.127+02:00,1777048522.815582,53.56898963022433,9.882980424919118,39.25409,-1,-1,-1,-1,30.01978840862869,11.695014,-9999,3582.980965375,-0.06097412109375,0.8822021484375,-0.44573974609375,3582.975927375,-0.1522252039412796,-0.2327081027661941,-1.163184539695845,-1.707558155059814,-0.1162159144878387,-0.0163722038269043,-0.007114499807357788,-0.008167147636413574,-0.03998664021492004,XArbitraryZVertical,-0.5514371149305839,-0.05523404888849675,0.000483070707920078,0.8323857622809813,-0.04877842962741852,0.8912695646286011,-0.4508427679538727,0,0,0,-1,-1,3542.123566166667,unknown,2,2026-04-24T18:34:45.265+02:00,2026-04-24T18:20:19.173+02:00,16,0.7102333,0,0,12.45568,0,0,2026-04-24T18:28:28.837+02:00,798741324.0493344,0,1.94,101.5415,1,0.85,0
2026-04-24T18:35:26.138+02:00,1777048522.815582,53.56898963022433,9.882980424919118,39.25409,-1,-1,-1,-1,30.01978840862869,11.695014,-9999,3582.991039375,-0.05255126953125,0.88140869140625,-0.42816162109375,3582.986002375,-0.1633548430316561,-0.2440960561583348,-1.180108974029482,-1.747732758522034,-0.1136859059333801,-0.02783364988863468,-0.01356895640492439,-0.01085954904556274,-0.02265769243240356,XArbitraryZVertical,-0.5586794257454839,-0.05576452125180578,0.0002270618928253343,0.8275069308321961,-0.04946509003639221,0.89899742603302,-0.4351517558097839,0,0,0,-1,-1,3542.123566166667,unknown,2,2026-04-24T18:34:45.265+02:00,2026-04-24T18:20:19.173+02:00,16,0.7102333,0,0,12.45568,0,0,2026-04-24T18:28:28.837+02:00,798741324.0493344,0,1.94,101.5415,1,0.85,0
2026-04-24T18:35:26.155+02:00,1777048522.815582,53.56898963022433,9.882980424919118,39.25409,-1,-1,-1,-1,30.01978840862869,11.695014,-9999,3583.001114375,-0.0491943359375,0.8919830322265625,-0.4156036376953125,3582.996077375,-0.1755037969685631,-0.256536427181328,-1.196997072348309,-1.728574156761169,-0.1146800667047501,-0.01495034247636795,-0.006108202040195465,-0.02776432037353516,-0.01701533794403076,XArbitraryZVertical,-0.565886116955384,-0.0563053705220684,-1.991278202960323e-05,0.8225586081886946,-0.05015094205737114,0.9064570069313049,-0.4193097352981567,0,0,0,-1,-1,3542.123566166667,unknown,2,2026-04-24T18:34:45.265+02:00,2026-04-24T18:20:19.173+02:00,16,0.7102333,0,0,12.45568,0,0,2026-04-24T18:28:28.837+02:00,798741324.0493344,0,1.94,101.5415,1,0.85,0
2026-04-24T18:35:26.157+02:00,1777048522.815582,53.56898963022433,9.882980424919118,39.25409,-1,-1,-1,-1,30.01978840862869,11.695014,-9999,3583.011188375,-0.0502166748046875,0.8975982666015625,-0.404296875,3583.006151375,-0.1889211410920592,-0.2702138131641041,-1.213951103015223,-1.761018991470337,-0.1115764230489731,-0.0272312443703413,-1.006573438644409e-05,-0.02617931365966797,-0.01720649003982544,XArbitraryZVertical,-0.5731033890040974,-0.05683455102828111,-0.0002800876321145741,0.8175098648788437,-0.05081694945693016,0.9136915802955627,-0.4032188951969147,0,0,0,-1,-1,3542.123566166667,unknown,2,2026-04-24T18:34:45.265+02:00,2026-04-24T18:20:19.173+02:00,16,0.7102333,0,0,12.45568,0,0,2026-04-24T18:28:28.837+02:00,798741324.0493344,0,1.94,101.5415,1,0.85,0
2026-04-24T18:35:26.167+02:00,1777048522.815582,53.56898963022433,9.882980424919118,39.25409,-1,-1,-1,-1,30.01978840862869,11.695014,-9999,3583.021263375,-0.05279541015625,0.911468505859375,-0.3957061767578125,3583.016226375,-0.2038260633224663,-0.2853572435061285,-1.23082152632882,-1.730591416358948,-0.1120973378419876,-0.01971533708274364,0.003444820642471313,-0.02691686153411865,-0.02275839447975159,XArbitraryZVertical,-0.580275304699385,-0.05736978425335709,-0.0005652109204520449,0.8123970754656444,-0.05150999501347542,0.9206393957138062,-0.387001097202301,0,0,0,-1,-1,3542.123566166667,unknown,2,2026-04-24T18:34:45.265+02:00,2026-04-24T18:20:19.173+02:00,16,0.7102333,0,0,12.45568,0,0,2026-04-24T18:28:28.837+02:00,798741324.0493344,0,1.94,101.5415,1,0.85,0
2026-04-24T18:35:26.177+02:00,1777048522.815582,53.56898963022433,9.882980424919118,39.25409,-1,-1,-1,-1,30.01978840862869,11.695014,-9999,3583.031338375,-0.050537109375,0.9139251708984375,-0.380126953125,3583.026300375,-0.2194835139658454,-0.3012637224955638,-1.247047907648998,-1.645167350769043,-0.1056290492415428,-0.02060856111347675,-0.001239053905010223,-0.02204817533493042,-0.0292205810546875,XArbitraryZVertical,-0.5871573818771406,-0.05786659780166954,-0.0008111679498909498,0.8074015018557417,-0.05210566148161888,0.9270775318145752,-0.3712310492992401,0,0,0,-1,-1,3542.123566166667,unknown,2,2026-04-24T18:34:45.265+02:00,2026-04-24T18:20:19.173+02:00,16,0.7102333,0,0,12.45568,0,0,2026-04-24T18:28:28.837+02:00,798741324.0493344,0,1.94,101.5415,1,0.85,0
2026-04-24T18:35:26.187+02:00,1777048522.815582,53.56898963022433,9.882980424919118,39.25409,-1,-1,-1,-1,30.01978840862869,11.695014,-9999,3583.041412375,-0.053375244140625,0.9331817626953125,-0.3755950927734375,3583.036375375,-0.2356325185146003,-0.3176807897839315,-1.262003257293671,-1.468655109405518,-0.1045747026801109,-0.02022326737642288,0.001407928764820099,-0.01956671476364136,-0.03070122003555298,XArbitraryZVertical,-0.5935007470608091,-0.05835714981468559,-0.001046513955186643,0.8027144098869496,-0.0527079664170742,0.9328052997589111,-0.356505811214447,0,0,0,-1,-1,3542.123566166667,unknown,2,2026-04-24T18:34:45.265+02:00,2026-04-24T18:20:19.173+02:00,16,0.7102333,0,0,12.45568,0,0,2026-04-24T18:28:28.837+02:00,798741324.0493344,0,1.94,101.5415,1,0.85,0
2026-04-24T18:35:26.198+02:00,1777048522.815582,53.56898963022433,9.882980424919118,39.25409,-1,-1,-1,-1,30.01978840862869,11.695014,-9999,3583.051487375,-0.05438232421875,0.9630889892578125,-0.376434326171875,3583.046450375,-0.2510652327650291,-0.3335047371654236,-1.274865641649113,-1.264925837516785,-0.1137274578213692,-0.02947855181992054,0.001663133502006531,-0.01810944080352783,-0.03277331590652466,XArbitraryZVertical,-0.5989615255304506,-0.05885765930317947,-0.001217428546511882,0.7986109373747533,-0.05331412330269814,0.9375736117362976,-0.3436762392520905,0,0,0,-1,-1,3542.123566166667,unknown,2,2026-04-24T18:34:45.265+02:00,2026-04-24T18:20:19.173+02:00,16,0.7102333,0,0,12.45568,0,0,2026-04-24T18:28:28.837+02:00,798741324.0493344,0,1.94,101.5415,1,0.85,0
2026-04-24T18:35:26.208+02:00,1777048522.815582,53.56898963022433,9.882980424919118,39.25409,-1,-1,-1,-1,30.01978840862869,11.695014,-9999,3583.061562375,-0.0621185302734375,0.9810333251953125,-0.3767852783203125,3583.056524375,-0.2661746410914032,-0.3490854203007832,-1.286043600282978,-1.119387984275818,-0.1099167391657829,-0.03040493279695511,0.0002144798636436462,0.007628679275512695,-0.04173958301544189,XArbitraryZVertical,-0.6037253718524769,-0.0593901606257178,-0.001373236054353371,0.7949759147738437,-0.05400170385837555,0.9416053891181946,-0.3323601186275482,0,0,0,-1,-1,3542.123566166667,unknown,2,2026-04-24T18:34:45.265+02:00,2026-04-24T18:20:19.173+02:00,16,0.7102333,0,0,12.45568,0,0,2026-04-24T18:28:28.837+02:00,798741324.0493344,0,1.94,101.5415,1,0.85,0
2026-04-24T18:35:26.218+02:00,1777048522.815582,53.56898963022433,9.882980424919118,39.25409,-1,-1,-1,-1,30.01978840862869,11.695014,-9999,3583.071636375,-0.0651702880859375,0.9625244140625,-0.3595733642578125,3583.066599375,-0.281026993010889,-0.3643772918989541,-1.296283593138644,-1.093825340270996,-0.09432846307754517,-0.03138231486082077,-0.003597166389226913,0.02977758646011353,-0.05698832869529724,XArbitraryZVertical,-0.6080917064898699,-0.05986573624221945,-0.001499416761314821,0.7916050458791187,-0.05458459258079529,0.945198118686676,-0.3219026625156403,0,0,0,-1,-1,3542.123566166667,unknown,2,2026-04-24T18:34:45.265+02:00,2026-04-24T18:20:19.173+02:00,16,0.7102333,0,0,12.45568,0,0,2026-04-24T18:28:28.837+02:00,798741324.0493344,0,1.94,101.5415,1,0.85,0
2026-04-24T18:35:26.228+02:00,1777048522.815582,53.56898963022433,9.882980424919118,39.25409,-1,-1,-1,-1,30.01978840862869,11.695014,-9999,3583.081711375,-0.062042236328125,0.9349822998046875,-0.3283233642578125,3583.076673375,-0.297629929202025,-0.381306721807285,-1.30679742910212,-1.17171323299408,-0.08794086426496506,-0.01786097697913647,-0.01011631265282631,0.02830606698989868,-0.05886298418045044,XArbitraryZVertical,-0.6125861976267537,-0.06030827633040923,-0.001671703260633374,0.7880979477048354,-0.0551455169916153,0.9487904906272888,-0.3110558092594147,0,0,0,-1,-1,3542.123566166667,unknown,2,2026-04-24T18:34:45.265+02:00,2026-04-24T18:20:19.173+02:00,16,0.7102333,0,0,12.45568,0,0,2026-04-24T18:28:28.837+02:00,798741324.0493344,0,1.94,101.5415,1,0.85,0
2026-04-24T18:35:26.238+02:00,1777048522.815582,53.56898963022433,9.882980424919118,39.25409,-1,-1,-1,-1,30.01978840862869,11.695014,-9999,3583.091785375,-0.0541534423828125,0.9188079833984375,-0.298797607421875,3583.086748375,-0.316249258677408,-0.4001285995347461,-1.317965940968921,-1.235575914382935,-0.07855562120676041,-0.01220628805458546,-0.008887689560651779,-0.006061434745788574,-0.04603379964828491,XArbitraryZVertical,-0.6173542710377831,-0.06066507501033227,-0.001843986332245428,0.7843405881679928,-0.05553491041064262,0.9524878859519958,-0.2994709312915802,0,0,0,-1,-1,3542.123566166667,unknown,2,2026-04-24T18:34:45.265+02:00,2026-04-24T18:20:19.173+02:00,16,0.7102333,0,0,12.45568,0,0,2026-04-24T18:28:28.837+02:00,798741324.0493344,0,1.94,101.5415,1,0.85,0
2026-04-24T18:35:26.248+02:00,1777048522.815582,53.56898963022433,9.882980424919118,39.25409,-1,-1,-1,-1,30.01978840862869,11.695014,-9999,3583.101860375,-0.055450439453125,0.91619873046875,-0.28643798828125,3583.096823375,-0.3369631536563785,-0.421000531239184,-1.329360592970435,-1.222144722938538,-0.07879343628883362,-0.009315026924014091,-0.001650560647249222,-0.02958273887634277,-0.02346211671829224,XArbitraryZVertical,-0.6222300479314784,-0.06099139707890069,-0.00201784752265174,0.7804523761360039,-0.05585980415344238,0.956142246723175,-0.2875272631645203,0,0,0,-1,-1,3542.123566166667,unknown,2,2026-04-24T18:34:45.265+02:00,2026-04-24T18:20:19.173+02:00,16,0.7102333,0,0,12.45568,0,0,2026-04-24T18:28:28.837+02:00,798741324.0493344,0,1.94,101.5415,1,0.85,0
2026-04-24T18:35:26.266+02:00,1777048522.815582,53.56898963022433,9.882980424919118,39.25409,-1,-1,-1,-1,30.01978840862869,11.695014,-9999,3583.111935375,-0.0580291748046875,0.949951171875,-0.2913360595703125,3583.106897375,-0.3585886303822942,-0.4428882290830192,-1.340083254238671,-1.125391244888306,-0.09140989929437637,-0.01430099736899137,0.002598844468593597,-0.04671180248260498,-0.01537948846817017,XArbitraryZVertical,-0.6268426730821387,-0.06134718632157423,-0.002152113571616084,0.7767241103728607,-0.0562029592692852,0.9594773650169373,-0.2761244177818298,0,0,0,-1,-1,3542.123566166667,unknown,2,2026-04-24T18:34:45.265+02:00,2026-04-24T18:20:19.173+02:00,16,0.7102333,0,0,12.45568,0,0,2026-04-24T18:28:28.837+02:00,798741324.0493344,0,1.94,101.5415,1,0.85,0
2026-04-24T18:35:26.268+02:00,1777048522.815582,53.56898963022433,9.882980424919118,39.25409,-1,-1,-1,-1,30.01978840862869,11.695014,-9999,3583.122009375,-0.0620574951171875,0.984375,-0.299652099609375,3583.116972375,-0.3799446426148571,-0.4646496053074115,-1.349516584343555,-0.9744617938995361,-0.09432926028966904,-0.01591207645833492,0.0003449320793151855,-0.032112717628479,-0.0208505392074585,XArbitraryZVertical,-0.630937230577241,-0.06175517310864818,-0.00224374135518964,0.7733689268419007,-0.05661933496594429,0.9623342752456665,-0.265907883644104,0,0,0,-1,-1,3542.123566166667,unknown,2,2026-04-24T18:34:45.265+02:00,2026-04-24T18:20:19.173+02:00,16,0.7102333,0,0,12.45568,0,0,2026-04-24T18:28:28.837+02:00,798741324.0493344,0,1.94,101.5415,1,0.85,0
2026-04-24T18:35:26.278+02:00,1777048522.815582,53.56898963022433,9.882980424919118,39.25409,-1,-1,-1,-1,30.01978840862869,11.695014,-9999,3583.132084375,-0.0623016357421875,0.9937591552734375,-0.2990264892578125,3583.127047375,-0.3996908994716005,-0.4849547596067499,-1.357515958924396,-0.8345680832862854,-0.1058048158884048,-0.009525815024971962,-0.002818401902914047,0.005015015602111816,-0.03937318921089172,XArbitraryZVertical,-0.634431170045948,-0.06218067463940118,-0.002250690480143974,0.770471072084612,-0.05701129510998726,0.9646963477134705,-0.257120281457901,0,0,0,-1,-1,3542.123566166667,unknown,2,2026-04-24T18:34:45.265+02:00,2026-04-24T18:20:19.173+02:00,16,0.7102333,0,0,12.45568,0,0,2026-04-24T18:28:28.837+02:00,798741324.0493344,0,1.94,101.5415,1,0.85,0
2026-04-24T18:35:26.288+02:00,1777048522.815582,53.56898963022433,9.882980424919118,39.25409,-1,-1,-1,-1,30.01978840862869,11.695014,-9999,3583.142158375,-0.0641937255859375,0.985137939453125,-0.285491943359375,3583.137121375,-0.4184995285885408,-0.5043884136591511,-1.364476293303354,-0.7544316649436951,-0.09618867188692093,-0.0140133760869503,-0.00620143860578537,0.02559936046600342,-0.05100446939468384,XArbitraryZVertical,-0.6374989297551162,-0.06261627145229626,-0.00222512148530093,0.767899386219809,-0.05741244181990623,0.9667102694511414,-0.2493495047092438,0,0,0,-1,-1,3542.123566166667,unknown,2,2026-04-24T18:34:45.265+02:00,2026-04-24T18:20:19.173+02:00,16,0.7102333,0,0,12.45568,0,0,2026-04-24T18:28:28.837+02:00,798741324.0493344,0,1.94,101.5415,1,0.85,0
2026-04-24T18:35:26.298+02:00,1777048522.815582,53.56898963022433,9.882980424919118,39.25409,-1,-1,-1,-1,30.01978840862869,11.695014,-9999,3583.152233375,-0.0634002685546875,0.97412109375,-0.2642974853515625,3583.147196375,-0.4366083642049031,-0.5230861126477491,-1.370723625859033,-0.6844829320907593,-0.09355533868074417,-0.006663583684712648,-0.004696395248174667,0.0220416784286499,-0.05221754312515259,XArbitraryZVertical,-0.6402705965433992,-0.06301281988521279,-0.002188528054227476,0.7655575218865167,-0.05775781720876694,0.9684826731681824,-0.2422922849655151,0,0,0,-1,-1,3542.123566166667,unknown,2,2026-04-24T18:34:45.265+02:00,2026-04-24T18:20:19.173+02:00,16,0.7102333,0,0,12.45568,0,0,2026-04-24T18:28:28.837+02:00,798741324.0493344,0,1.94,101.5415,1,0.85,0
2026-04-24T18:35:26.308+02:00,1777048522.815582,53.56898963022433,9.882980424919118,39.25409,-1,-1,-1,-1,30.01978840862869,11.695014,-9999,3583.162308375,-0.061492919921875,0.9660186767578125,-0.254241943359375,3583.157270375,-0.4543246727297434,-0.5413824354181141,-1.376470299605352,-0.6488282084465027,-0.0863160714507103,-0.006335016340017319,-0.006722427904605865,0.01003515720367432,-0.03860548138618469,XArbitraryZVertical,-0.6428350579563737,-0.06338250824353243,-0.002133128969338138,0.7633750167186634,-0.05805113166570663,0.9700828194618225,-0.2357322722673416,0,0,0,-1,-1,3542.123566166667,unknown,2,2026-04-24T18:34:45.265+02:00,2026-04-24T18:20:19.173+02:00,16,0.7102333,0,0,12.45568,0,0,2026-04-24T18:28:28.837+02:00,798741324.0493344,0,1.94,101.5415,1,0.85,0
2026-04-24T18:35:26.319+02:00,1777048522.815582,53.56898963022433,9.882980424919118,39.25409,-1,-1,-1,-1,30.01978840862869,11.695014,-9999,3583.172382375,-0.0637664794921875,0.9682159423828125,-0.2432861328125,3583.167345375,-0.4719303735345294,-0.5595131250806517,-1.381791515721828,-0.6067166924476624,-0.0815972164273262,-0.008405091241002083,-0.003248021006584167,-0.003035664558410645,-0.02889141440391541,XArbitraryZVertical,-0.6452308859526101,-0.06372303062981036,-0.002088769207002164,0.7613227496357029,-0.05832118913531303,0.971541702747345,-0.2295772284269333,0,0,0,-1,-1,3542.123566166667,unknown,2,2026-04-24T18:34:45.265+02:00,2026-04-24T18:20:19.173+02:00,16,0.7102333,0,0,12.45568,0,0,2026-04-24T18:28:28.837+02:00,798741324.0493344,0,1.94,101.5415,1,0.85,0
2026-04-24T18:35:26.329+02:00,1777048522.815582,53.56898963022433,9.882980424919118,39.25409,-1,-1,-1,-1,30.01978840862869,11.695014,-9999,3583.182457375,-0.0638427734375,0.9741973876953125,-0.234375,3583.177420375,-0.4901715541136166,-0.5782312028007055,-1.386898807816217,-0.6118730902671814,-0.07657955586910248,-0.01149469055235386,-0.004056762903928757,-0.006630182266235352,-0.02567577362060547,XArbitraryZVertical,-0.6475568473089389,-0.0640496977632115,-0.002065238818018418,0.7593178967377909,-0.05859581381082535,0.9729235768318176,-0.2235765010118484,0,0,0,-1,-1,3542.123566166667,unknown,2,2026-04-24T18:34:45.265+02:00,2026-04-24T18:20:19.173+02:00,16,0.7102333,0,0,12.45568,0,0,2026-04-24T18:28:28.837+02:00,798741324.0493344,0,1.94,101.5415,1,0.85,0
2026-04-24T18:35:26.339+02:00,1777048522.815582,53.56898963022433,9.882980424919118,39.25409,-1,-1,-1,-1,30.01978840862869,11.695014,-9999,3583.192532375,-0.0623626708984375,0.9755706787109375,-0.2284393310546875,3583.187494375,-0.509271450560138,-0.59777150730941,-1.391900860026174,-0.5951516032218933,-0.07233341038227081,-0.009941535070538521,-0.005082361400127411,-0.004744827747344971,-0.02038726210594177,XArbitraryZVertical,-0.6498574048619794,-0.06435917548070402,-0.00205073291361905,0.7573236807908863,-0.05885196477174759,0.9742578864097595,-0.2176193296909332,0,0,0,-1,-1,3542.123566166667,unknown,2,2026-04-24T18:34:45.265+02:00,2026-04-24T18:20:19.173+02:00,16,0.7102333,0,0,12.45568,0,0,2026-04-24T18:28:28.837+02:00,798741324.0493344,0,1.94,101.5415,1,0.85,0
2026-04-24T18:35:26.349+02:00,1777048522.815582,53.56898963022433,9.882980424919118,39.25409,-1,-1,-1,-1,30.01978840862869,11.695014,-9999,3583.202606375,-0.0609588623046875,0.9695281982421875,-0.2204742431640625,3583.197569375,-0.5287300356007617,-0.6176147732188602,-1.396631512837593,-0.5741657018661499,-0.0607081763446331,-0.01026184763759375,-0.003322180360555649,0.001820862293243408,-0.01856246590614319,XArbitraryZVertical,-0.6520611771427114,-0.06464705422437572,-0.002054875983536139,0.7554025036489566,-0.05910152196884155,0.9755047559738159,-0.2118910104036331,0,0,0,-1,-1,3542.123566166667,unknown,2,2026-04-24T18:34:45.265+02:00,2026-04-24T18:20:19.173+02:00,16,0.7102333,0,0,12.45568,0,0,2026-04-24T18:28:28.837+02:00,798741324.0493344,0,1.94,101.5415,1,0.85,0
2026-04-24T18:35:26.359+02:00,1777048522.815582,53.56898963022433,9.882980424919118,39.25409,-1,-1,-1,-1,30.01978840862869,11.695014,-9999,3583.212681375,-0.0631561279296875,0.9779510498046875,-0.2117462158203125,3583.207643375,-0.5486562270683982,-0.6378464886484013,-1.401130663558022,-0.5352827310562134,-0.06235028430819511,-0.01062696613371372,-0.002045627683401108,-0.004616737365722656,-0.01853710412979126,XArbitraryZVertical,-0.6541869692171631,-0.0649052785132628,-0.002085896948370661,0.7535399614632936,-0.0593404695391655,0.9766779541969299,-0.2063468992710114,0,0,0,-1,-1,3542.123566166667,unknown,2,2026-04-24T18:34:45.265+02:00,2026-04-24T18:20:19.173+02:00,16,0.7102333,0,0,12.45568,0,0,2026-04-24T18:28:28.837+02:00,798741324.0493344,0,1.94,101.5415,1,0.85,0
2026-04-24T18:35:26.369+02:00,1777048522.815582,53.56898963022433,9.882980424919118,39.25409,-1,-1,-1,-1,30.01978840862869,11.695014,-9999,3583.222755375,-0.0625762939453125,0.9840087890625,-0.212432861328125,3583.217718375,-0.5670872516990004,-0.6566826943042707,-1.405027551186263,-0.4560565650463104,-0.06954322010278702,-0.01289411634206772,-0.002692986279726028,-0.006507694721221924,-0.01411920785903931,XArbitraryZVertical,-0.656052402676404,-0.0651842232906925,-0.002069319799180812,0.7518923493470595,-0.05957812070846558,0.9776838421821594,-0.2014569491147995,0,0,0,-1,-1,3542.123566166667,unknown,2,2026-04-24T18:34:45.265+02:00,2026-04-24T18:20:19.173+02:00,16,0.7102333,0,0,12.45568,0,0,2026-04-24T18:28:28.837+02:00,798741324.0493344,0,1.94,101.5415,1,0.85,0
2026-04-24T18:35:26.379+02:00,1777048522.815582,53.56898963022433,9.882980424919118,39.25409,-1,-1,-1,-1,30.01978840862869,11.695014,-9999,3583.232830375,-0.06390380859375,0.98809814453125,-0.213226318359375,3583.227793375,-0.5837404743276388,-0.6738136777060941,-1.408267583241832,-0.3798017501831055,-0.06914933770895004,-0.01550667732954025,-0.004078850150108337,0.004422008991241455,-0.01274386048316956,XArbitraryZVertical,-0.6576371494630402,-0.06548958252552073,-0.002029835515132394,0.7504800477372687,-0.05985545739531517,0.978518545627594,-0.1972780227661133,0,0,0,-1,-1,3542.123566166667,unknown,2,2026-04-24T18:34:45.265+02:00,2026-04-24T18:20:19.173+02:00,16,0.7102333,0,0,12.45568,0,0,2026-04-24T18:28:28.837+02:00,798741324.0493344,0,1.94,101.5415,1,0.85,0
2026-04-24T18:35:26.389+02:00,1777048522.815582,53.56898963022433,9.882980424919118,39.25409,-1,-1,-1,-1,30.01978840862869,11.695014,-9999,3583.242905375,-0.0667877197265625,0.9863739013671875,-0.2096099853515625,3583.237867375,-0.5981985647108498,-0.6887684647106704,-1.410883380769222,-0.3164829611778259,-0.06446803361177444,-0.01323772966861725,-0.001412399113178253,0.005609869956970215,-0.02052246034145355,XArbitraryZVertical,-0.6589424788592504,-0.06579381192424665,-0.001977641632244754,0.7493077269738586,-0.06014154478907585,0.9791923761367798,-0.193817675113678,0,0,0,-1,-1,3542.123566166667,unknown,2,2026-04-24T18:34:45.265+02:00,2026-04-24T18:20:19.173+02:00,16,0.7102333,0,0,12.45568,0,0,2026-04-24T18:28:28.837+02:00,798741324.0493344,0,1.94,101.5415,1,0.85,0
2026-04-24T18:35:26.399+02:00,1777048522.815582,53.56898963022433,9.882980424919118,39.25409,-1,-1,-1,-1,30.01978840862869,11.695014,-9999,3583.252979375,-0.064239501953125,0.980194091796875,-0.1982269287109375,3583.247942375,-0.6106004591079379,-0.7016371411824656,-1.413036521583865,-0.2633611559867859,-0.05932999402284622,-0.01107257977128029,-0.005180347710847855,0.009544074535369873,-0.02110525965690613,XArbitraryZVertical,-0.6600280358135946,-0.0660663465230921,-0.001916070534004745,0.7483279737124053,-0.06038666516542435,0.9797444343566895,-0.1909308433532715,0,0,0,-1,-1,3542.123566166667,unknown,2,2026-04-24T18:34:45.265+02:00,2026-04-24T18:20:19.173+02:00,16,0.7102333,0,0,12.45568,0,0,2026-04-24T18:28:28.837+02:00,798741324.0493344,0,1.94,101.5415,1,0.85,0
2026-04-24T18:35:26.409+02:00,1777048522.815582,53.56898963022433,9.882980424919118,39.25409,-1,-1,-1,-1,30.01978840862869,11.695014,-9999,3583.263054375,-0.062408447265625,0.98419189453125,-0.1870269775390625,3583.258017375,-0.6211762893101068,-0.7126409389526938,-1.414834712443232,-0.2325275391340256,-0.05128138884902,-0.006966518238186836,-0.005828585475683212,0.002128124237060547,-0.0165734589099884,XArbitraryZVertical,-0.6609386647851254,-0.06630137874119067,-0.001845108250811464,0.7475030127288858,-0.0605776458978653,0.9802021384239197,-0.1885045915842056,0,0,0,-1,-1,3542.123566166667,unknown,2,2026-04-24T18:34:45.265+02:00,2026-04-24T18:20:19.173+02:00,16,0.7102333,0,0,12.45568,0,0,2026-04-24T18:28:28.837+02:00,798741324.0493344,0,1.94,101.5415,1,0.85,0
2026-04-24T18:35:26.419+02:00,1777048522.815582,53.56898963022433,9.882980424919118,39.25409,-1,-1,-1,-1,30.01978840862869,11.695014,-9999,3583.273128375,-0.06414794921875,0.9854583740234375,-0.1811370849609375,3583.268091375,-0.6312161759014845,-0.7230077839935409,-1.416511582104057,-0.2183137238025665,-0.03841805458068848,-0.001912903739139438,-0.002415034919977188,0.0003462433815002441,-0.00521300733089447,XArbitraryZVertical,-0.6617897956053527,-0.06648815906420572,-0.001797435616088324,0.7467331183976792,-0.06072581931948662,0.9806260466575623,-0.1862389892339706,0,0,0,-1,-1,3542.123566166667,unknown,2,2026-04-24T18:34:45.265+02:00,2026-04-24T18:20:19.173+02:00,16,0.7102333,0,0,12.45568,0,0,2026-04-24T18:28:28.837+02:00,798741324.0493344,0,1.94,101.5415,1,0.85,0
2026-04-24T18:35:26.429+02:00,1777048522.815582,53.56898963022433,9.882980424919118,39.25409,-1,-1,-1,-1,30.01978840862869,11.695014,-9999,3583.283203375,-0.064910888671875,0.9799957275390625,-0.177520751953125,3583.278166375,-0.6399518826879564,-0.7319642841007757,-1.418024903270217,-0.1842128485441208,-0.02868127077817917,0.003316412679851055,-0.001981880515813828,0.004732608795166016,-0.0002237409353256226,XArbitraryZVertical,-0.6625436034859186,-0.06660431957389293,-0.001754343216473842,0.7460541565213462,-0.06077750399708748,0.9810004234313965,-0.1842397153377533,0,0,0,-1,-1,3542.123566166667,unknown,2,2026-04-24T18:34:45.265+02:00,2026-04-24T18:20:19.173+02:00,16,0.7102333,0,0,12.45568,0,0,2026-04-24T18:28:28.837+02:00,798741324.0493344,0,1.94,101.5415,1,0.85,0
2026-04-24T18:35:26.439+02:00,1777048522.815582,53.56898963022433,9.882980424919118,39.25409,-1,-1,-1,-1,30.01978840862869,11.695014,-9999,3583.293278375,-0.0643157958984375,0.9835357666015625,-0.17999267578125,3583.288240375,-0.6468997456873332,-0.7390982159958366,-1.419274764286392,-0.1454577296972275,-0.02350621484220028,0.005725241731852293,-0.004369970411062241,0.001789748668670654,0.004078149795532227,XArbitraryZVertical,-0.6631547137095024,-0.06668310615447534,-0.001699001655024983,0.7455041206530261,-0.06076978892087936,0.9813035726547241,-0.1826212257146835,0,0,0,-1,-1,3542.123566166667,unknown,2,2026-04-24T18:34:45.265+02:00,2026-04-24T18:20:19.173+02:00,16,0.7102333,0,0,12.45568,0,0,2026-04-24T18:28:28.837+02:00,798741324.0493344,0,1.94,101.5415,1,0.85,0
2026-04-24T18:35:26.450+02:00,1777048522.815582,53.56898963022433,9.882980424919118,39.25409,-1,-1,-1,-1,30.01978840862869,11.695014,-9999,3583.303352375,-0.06524658203125,0.9915924072265625,-0.1842041015625,3583.298315375,-0.6526949005939719,-0.7450474282273851,-1.420324541482643,-0.1265719681978226,-0.02158181555569172,0.007131523918360472,-0.003647442907094955,-0.002612531185150146,0.002941414713859558,XArbitraryZVertical,-0.6636647605277587,-0.0667418992677118,-0.001646744719402114,0.7450450421200668,-0.06074464321136475,0.9815555810928345,-0.1812708675861359,0,0,0,-1,-1,3542.123566166667,unknown,2,2026-04-24T18:34:45.265+02:00,2026-04-24T18:20:19.173+02:00,16,0.7102333,0,0,12.45568,0,0,2026-04-24T18:28:28.837+02:00,798741324.0493344,0,1.94,101.5415,1,0.85,0
2026-04-24T18:35:26.460+02:00,1777048522.815582,53.56898963022433,9.882980424919118,39.25409,-1,-1,-1,-1,30.01978840862869,11.695014,-9999,3583.313427375,-0.0621795654296875,0.9861602783203125,-0.1857147216796875,3583.308390375,-0.6575187449170182,-0.7500123586243044,-1.421231720309825,-0.1026245653629303,-0.01862730458378792,0.009064446203410625,-0.004965119063854218,0.007106781005859375,-0.001683786511421204,XArbitraryZVertical,-0.6640982089246976,-0.06678444806949244,-0.001587688541003743,0.7446550081919405,-0.06069345027208328,0.9817696809768677,-0.1801246553659439,0,0,0,-1,-1,3542.123566166667,unknown,2,2026-04-24T18:34:45.265+02:00,2026-04-24T18:20:19.173+02:00,16,0.7102333,0,0,12.45568,0,0,2026-04-24T18:28:28.837+02:00,798741324.0493344,0,1.94,101.5415,1,0.85,0
2026-04-24T18:35:26.470+02:00,1777048522.815582,53.56898963022433,9.882980424919118,39.25409,-1,-1,-1,-1,30.01978840862869,11.695014,-9999,3583.323501375,-0.060211181640625,0.98193359375,-0.1855316162109375,3583.318464375,-0.661541519062271,-0.7541598252682525,-1.421991436377653,-0.08861377835273743,-0.01750131882727146,0.005572709254920483,-0.003856193274259567,0.007874667644500732,-0.005447804927825928,XArbitraryZVertical,-0.6644597977257222,-0.06681929664514114,-0.001532829544399256,0.7443293147930506,-0.06064270064234734,0.9819477200508118,-0.1791682541370392,0,0,0,-1,-1,3542.123566166667,unknown,2,2026-04-24T18:34:45.265+02:00,2026-04-24T18:20:19.173+02:00,16,0.7102333,0,0,12.45568,0,0,2026-04-24T18:28:28.837+02:00,798741324.0493344,0,1.94,101.5415,1,0.85,0
2026-04-24T18:35:26.480+02:00,1777048522.815582,53.56898963022433,9.882980424919118,39.25409,-1,-1,-1,-1,30.01978840862869,11.695014,-9999,3583.333576375,-0.0614013671875,0.9857635498046875,-0.1831512451171875,3583.328539375,-0.6643963370307611,-0.757145026576954,-1.42254411452466,-0.04986691102385521,-0.01358567364513874,0.007457694970071316,-0.0001434087753295898,0.001063406467437744,-0.007967725396156311,XArbitraryZVertical,-0.6647196053241391,-0.06685535111914646,-0.001475732401333375,0.7440942519221557,-0.06060182675719261,0.9820758104324341,-0.17847940325737,0,0,0,-1,-1,3542.123566166667,unknown,2,2026-04-24T18:34:45.265+02:00,2026-04-24T18:20:19.173+02:00,16,0.7102333,0,0,12.45568,0,0,2026-04-24T18:28:28.837+02:00,798741324.0493344,0,1.94,101.5415,1,0.85,0
2026-04-24T18:35:26.490+02:00,1777048522.815582,53.56898963022433,9.882980424919118,39.25409,-1,-1,-1,-1,30.01978840862869,11.695014,-9999,3583.343651375,-0.0623321533203125,0.9858551025390625,-0.1827850341796875,3583.338613375,-0.6653440536760333,-0.758220553544099,-1.42279798835006,-0.008104232139885426,-0.01317314989864826,0.006710811052471399,-6.82435929775238e-05,0.001771867275238037,-0.005901768803596497,XArbitraryZVertical,-0.6648265035480305,-0.06688234269615119,-0.001412078295692043,0.7439964429831061,-0.06055492535233498,0.982130229473114,-0.178195521235466,0,0,0,-1,-1,3542.123566166667,unknown,2,2026-04-24T18:34:45.265+02:00,2026-04-24T18:20:19.173+02:00,16,0.7102333,0,0,12.45568,0,0,2026-04-24T18:28:28.837+02:00,798741324.0493344,0,1.94,101.5415,1,0.85,0
2026-04-24T18:35:26.500+02:00,1777048522.815582,53.56898963022433,9.882980424919118,39.25409,-1,-1,-1,-1,30.01978840862869,11.695014,-9999,3583.353725375,-0.063507080078125,0.9898681640625,-0.178680419921875,3583.348688375,-0.6645818642431688,-0.7575788021873199,-1.42273827705368,0.02799811027944088,-0.009828753769397736,0.003188247792422771,-0.0009121447801589966,0.003698289394378662,-0.004981353878974915,XArbitraryZVertical,-0.6647830756544268,-0.06691062271969306,-0.001355662896640776,0.7440328036971607,-0.0605349987745285,0.9821112155914307,-0.1783071756362915,0,0,0,-1,-1,3542.123566166667,unknown,2,2026-04-24T18:34:45.265+02:00,2026-04-24T18:20:19.173+02:00,16,0.7102333,0,0,12.45568,0,0,2026-04-24T18:28:28.837+02:00,798741324.0493344,0,1.94,101.5415,1,0.85,0
2026-04-24T18:35:26.510+02:00,1777048522.815582,53.56898963022433,9.882980424919118,39.25409,-1,-1,-1,-1,30.01978840862869,11.695014,-9999,3583.363800375,-0.064453125,0.98773193359375,-0.1779327392578125,3583.358763375,-0.6626879889479464,-0.7557851087170756,-1.42247332591571,0.04204942658543587,-0.003629713319242001,0.0003436591068748385,-0.001895874738693237,0.005779743194580078,-0.001404419541358948,XArbitraryZVertical,-0.6646408798170498,-0.06693321513581245,-0.001308308413412711,0.7441578329575758,-0.06052782759070396,0.9820438623428345,-0.1786797791719437,0,0,0,-1,-1,3542.123566166667,unknown,2,2026-04-24T18:34:45.265+02:00,2026-04-24T18:20:19.173+02:00,16,0.7102333,0,0,12.45568,0,0,2026-04-24T18:28:28.837+02:00,798741324.0493344,0,1.94,101.5415,1,0.85,0
2026-04-24T18:35:26.520+02:00,1777048522.815582,53.56898963022433,9.882980424919118,39.25409,-1,-1,-1,-1,30.01978840862869,11.695014,-9999,3583.373875375,-0.060699462890625,0.9829864501953125,-0.1773223876953125,3583.368837375,-0.6605236501833502,-0.753622071093943,-1.422140188898336,0.05063332989811897,0.004401315469294786,0.00138415617402643,-0.003980264067649841,0.008074522018432617,0.001629173755645752,XArbitraryZVertical,-0.6644691987844368,-0.06692339545597639,-0.001298367368687416,0.744311996245165,-0.06051862612366676,0.9819614887237549,-0.1791346222162247,0,0,0,-1,-1,3542.123566166667,unknown,2,2026-04-24T18:34:45.265+02:00,2026-04-24T18:20:19.173+02:00,16,0.7102333,0,0,12.45568,0,0,2026-04-24T18:28:28.837+02:00,798741324.0493344,0,1.94,101.5415,1,0.85,0
2026-04-24T18:35:26.530+02:00,1777048522.815582,53.56898963022433,9.882980424919118,39.25409,-1,-1,-1,-1,30.01978840862869,11.695014,-9999,3583.383949375,-0.06085205078125,0.9811553955078125,-0.180328369140625,3583.378912375,-0.6579647585661755,-0.7510136684850601,-1.421760915937484,0.05345585197210312,0.009149199351668358,0.002645762171596289,-0.001982014626264572,0.003225922584533691,0.002023443579673767,XArbitraryZVertical,-0.6642700041676778,-0.0668889516271494,-0.001299755204810291,0.7444929295632768,-0.06048746407032013,0.9818663597106934,-0.1796662509441376,0,0,0,-1,-1,3542.123566166667,unknown,2,2026-04-24T18:34:45.265+02:00,2026-04-24T18:20:19.173+02:00,16,0.7102333,0,0,12.45568,0,0,2026-04-24T18:28:28.837+02:00,798741324.0493344,0,1.94,101.5415,1,0.85,0
2026-04-24T18:35:26.540+02:00,1777048522.815582,53.56898963022433,9.882980424919118,39.25409,-1,-1,-1,-1,30.01978840862869,11.695014,-9999,3583.394024375,-0.0636444091796875,0.979766845703125,-0.1845703125,3583.388986375,-0.6549854294517302,-0.7479512492788675,-1.421356566841946,0.06470371782779694,0.009769449010491371,0.007764357607811689,-0.0003578998148441315,0.0003091096878051758,0.001899376511573792,XArbitraryZVertical,-0.6640493564881866,-0.06682963044104881,-0.001299888657776203,0.7446949360612825,-0.06041784211993217,0.9817618131637573,-0.1802593171596527,0,0,0,-1,-1,3542.123566166667,unknown,2,2026-04-24T18:34:45.265+02:00,2026-04-24T18:20:19.173+02:00,16,0.7102333,0,0,12.45568,0,0,2026-04-24T18:28:28.837+02:00,798741324.0493344,0,1.94,101.5415,1,0.85,0
2026-04-24T18:35:26.550+02:00,1777048522.815582,53.56898963022433,9.882980424919118,39.25409,-1,-1,-1,-1,30.01978840862869,11.695014,-9999,3583.404098375,-0.0635833740234375,0.9797821044921875,-0.187530517578125,3583.399061375,-0.6511781772485731,-0.7440793581135098,-1.420874160491137,0.08128669112920761,0.01183659490197897,0.01171169430017471,-0.002188928425312042,-0.001988768577575684,-0.001502692699432373,XArbitraryZVertical,-0.6637766199487084,-0.06676060422477441,-0.001277615722705119,0.7449443572860848,-0.06031106039881706,0.9816336035728455,-0.1809924095869064,0,0,0,-1,-1,3542.123566166667,unknown,2,2026-04-24T18:34:45.265+02:00,2026-04-24T18:20:19.173+02:00,16,0.7102333,0,0,12.45568,0,0,2026-04-24T18:28:28.837+02:00,798741324.0493344,0,1.94,101.5415,1,0.85,0
2026-04-24T18:35:26.560+02:00,1777048522.815582,53.56898963022433,9.882980424919118,39.25409,-1,-1,-1,-1,30.01978840862869,11.695014,-9999,3583.414173375,-0.0635833740234375,0.9815521240234375,-0.1895904541015625,3583.409136375,-0.6462447174587209,-0.739083904747518,-1.42025056320396,0.1124475374817848,0.01164644584059715,0.01560789905488491,-0.003094203770160675,-0.001486539840698242,-0.003926873207092285,XArbitraryZVertical,-0.6634235309640595,-0.06667650596326326,-0.00123871945195734,0.7452664200232272,-0.06016872823238373,0.981467068195343,-0.1819404065608978,0,0,0,-1,-1,3542.123566166667,unknown,2,2026-04-24T18:34:45.265+02:00,2026-04-24T18:20:19.173+02:00,16,0.7102333,0,0,12.45568,0,0,2026-04-24T18:28:28.837+02:00,798741324.0493344,0,1.94,101.5415,1,0.85,0
2026-04-24T18:35:26.570+02:00,1777048522.815582,53.56898963022433,9.882980424919118,39.25409,-1,-1,-1,-1,30.01978840862869,11.695014,-9999,3583.424248375,-0.0622100830078125,0.982086181640625,-0.189422607421875,3583.419210375,-0.63908591792478,-0.7318866025754073,-1.419301396772363,0.1706975251436234,0.01106454432010651,0.01740047335624695,-0.004144471138715744,-0.0009152889251708984,-0.005403578281402588,XArbitraryZVertical,-0.662897070135704,-0.06657904457379664,-0.00117073893251706,0.7457435788371,-0.05998820811510086,0.9812162518501282,-0.1833476126194,0,0,0,-1,-1,3542.123566166667,unknown,2,2026-04-24T18:34:45.265+02:00,2026-04-24T18:20:19.173+02:00,16,0.7102333,0,0,12.45568,0,0,2026-04-24T18:28:28.837+02:00,798741324.0493344,0,1.94,101.5415,1,0.85,0
2026-04-24T18:35:26.580+02:00,1777048522.815582,53.56898963022433,9.882980424919118,39.25409,-1,-1,-1,-1,30.01978840862869,11.695014,-9999,3583.434322375,-0.0630340576171875,0.9843902587890625,-0.1867523193359375,3583.429285375,-0.6294799110985391,-0.7222657325242193,-1.417918456796871,0.2165869772434235,0.0132635161280632,0.01598100923001766,-0.002945359796285629,0.001045584678649902,-0.004822134971618652,XArbitraryZVertical,-0.6621563966670541,-0.06647710538175124,-0.001082662196377262,0.746410417478183,-0.05979877337813377,0.9808574914932251,-0.1853176355361938,0,0,0,-1,-1,3542.123566166667,unknown,2,2026-04-24T18:34:45.265+02:00,2026-04-24T18:20:19.173+02:00,16,0.7102333,0,0,12.45568,0,0,2026-04-24T18:28:28.837+02:00,798741324.0493344,0,1.94,101.5415,1,0.85,0
2026-04-24T18:35:26.590+02:00,1777048522.815582,53.56898963022433,9.882980424919118,39.25409,-1,-1,-1,-1,30.01978840862869,11.695014,-9999,3583.444397375,-0.062225341796875,0.9866485595703125,-0.185394287109375,3583.439360375,-0.6191603978013693,-0.7118816059996824,-1.416335715903548,0.2283765226602554,0.02450152486562729,0.01505236513912678,-0.001983314752578735,0.002352714538574219,-0.0004107654094696045,XArbitraryZVertical,-0.6613283288803712,-0.06635893105732767,-0.001013962437470323,0.7471547684854619,-0.05961640179157257,0.9804505705833435,-0.1875164210796356,0,0,0,-1,-1,3542.123566166667,unknown,2,2026-04-24T18:34:45.265+02:00,2026-04-24T18:20:19.173+02:00,16,0.7102333,0,0,12.45568,0,0,2026-04-24T18:28:28.837+02:00,798741324.0493344,0,1.94,101.5415,1,0.85,0
2026-04-24T18:35:26.601+02:00,1777048522.815582,53.56898963022433,9.882980424919118,39.25409,-1,-1,-1,-1,30.01978840862869,11.695014,-9999,3583.454471375,-0.0596771240234375,0.982177734375,-0.1822509765625,3583.449434375,-0.6081654673127526,-0.7007412472866039,-1.41459391413909,0.2505556046962738,0.03055515512824059,0.01694320887327194,-0.003950048238039017,0.005578696727752686,0.003437310457229614,XArbitraryZVertical,-0.6604252755575168,-0.06620248486583359,-0.0009644266088955735,0.7479671958679643,-0.05940444022417068,0.9800018668174744,-0.1899149715900421,0,0,0,-1,-1,3542.123566166667,unknown,2,2026-04-24T18:34:45.265+02:00,2026-04-24T18:20:19.173+02:00,16,0.7102333,0,0,12.45568,0,0,2026-04-24T18:28:28.837+02:00,798741324.0493344,0,1.94,101.5415,1,0.85,0
2026-04-24T18:35:26.610+02:00,1777048522.815582,53.56898963022433,9.882980424919118,39.25409,-1,-1,-1,-1,30.01978840862869,11.695014,-9999,3583.464546375,-0.0590057373046875,0.98419189453125,-0.181427001953125,3583.459509375,-0.5973434980690222,-0.6896987406560348,-1.41275465277673,0.2451808154582977,0.03789349272847176,0.009328432381153107,-0.002046979963779449,0.006353974342346191,0.008041113615036011,XArbitraryZVertical,-0.6594947511516511,-0.06603094474528455,-0.0009529020137826983,0.7488029491118328,-0.05921705439686775,0.9795318245887756,-0.1923825442790985,0,0,0,-1,-1,3542.123566166667,unknown,2,2026-04-24T18:34:45.265+02:00,2026-04-24T18:20:19.173+02:00,16,0.7102333,0,0,12.45568,0,0,2026-04-24T18:28:28.837+02:00,798741324.0493344,0,1.94,101.5415,1,0.85,0
2026-04-24T18:35:26.621+02:00,1777048522.815582,53.56898963022433,9.882980424919118,39.25409,-1,-1,-1,-1,30.01978840862869,11.695014,-9999,3583.474621375,-0.0603790283203125,0.99249267578125,-0.186370849609375,3583.469583375,-0.5870591168696763,-0.6791327467481725,-1.410887165452256,0.2480796575546265,0.04209782555699348,0.007508161477744579,0.0007544271647930145,0.000648796558380127,0.01309952139854431,XArbitraryZVertical,-0.6585696402221201,-0.06585143003564013,-0.0009765054879615551,0.7496324608792162,-0.05905826017260551,0.9790571928024292,-0.1948317140340805,0,0,0,-1,-1,3542.123566166667,unknown,2,2026-04-24T18:34:45.265+02:00,2026-04-24T18:20:19.173+02:00,16,0.7102333,0,0,12.45568,0,0,2026-04-24T18:28:28.837+02:00,798741324.0493344,0,1.94,101.5415,1,0.85,0
2026-04-24T18:35:26.631+02:00,1777048522.815582,53.56898963022433,9.882980424919118,39.25409,-1,-1,-1,-1,30.01978840862869,11.695014,-9999,3583.484695375,-0.059722900390625,0.9820709228515625,-0.1960906982421875,3583.479658375,-0.5765596609008169,-0.6683266690570341,-1.408926645312381,0.2630937695503235,0.04633251950144768,0.008723894134163857,-0.0009784847497940063,0.01154071092605591,0.0142328292131424,XArbitraryZVertical,-0.6576045014259968,-0.06565669201095874,-0.001002729138930404,0.7504961974374024,-0.0588817335665226,0.9785563349723816,-0.1973840296268463,0,0,0,-1,-1,3542.123566166667,unknown,2,2026-04-24T18:34:45.265+02:00,2026-04-24T18:20:19.173+02:00,16,0.7102333,0,0,12.45568,0,0,2026-04-24T18:28:28.837+02:00,798741324.0493344,0,1.94,101.5415,1,0.85,0
2026-04-24T18:35:26.641+02:00,1777048522.815582,53.56898963022433,9.882980424919118,39.25409,-1,-1,-1,-1,30.01978840862869,11.695014,-9999,3583.494770375,-0.0606231689453125,0.9810028076171875,-0.2045440673828125,3583.489733375,-0.5654469552856969,-0.656870076852495,-1.406706557978253,0.3068441152572632,0.04747315496206284,0.004538071341812611,-0.001649457961320877,0.009939193725585938,0.008743226528167725,XArbitraryZVertical,-0.6565323037187829,-0.06545542126572537,-0.001049424394549801,0.751451855246088,-0.05872955918312073,0.9779911637306213,-0.2002104669809341,0,0,0,-1,-1,3542.123566166667,unknown,2,2026-04-24T18:34:45.265+02:00,2026-04-24T18:20:19.173+02:00,16,0.7102333,0,0,12.45568,0,0,2026-04-24T18:28:28.837+02:00,798741324.0493344,0,1.94,101.5415,1,0.85,0
2026-04-24T18:35:26.651+02:00,1777048522.815582,53.56898963022433,9.882980424919118,39.25409,-1,-1,-1,-1,30.01978840862869,11.695014,-9999,3583.504844541667,-0.061309814453125,0.988739013671875,-0.2095947265625,3583.499807541667,-0.5527289418057515,-0.6438426888397495,-1.404007699053788,0.3752765655517578,0.047059565782547,0.002240029396489263,-0.002023138105869293,0.00228041410446167,0.003200232982635498,XArbitraryZVertical,-0.6552485942546405,-0.06526488062700443,-0.001083874634010056,0.7525880085078964,-0.05860001966357231,0.9773033857345581,-0.2035786360502243,0,0,0,-1,-1,3583.388986375001,walking,2,2026-04-24T18:35:26.531+02:00,2026-04-24T18:20:19.173+02:00,16,0.7102333,0,0,12.45568,0,0,2026-04-24T18:28:28.837+02:00,798741326.6298088,0,1.96,101.5417,1,0.85,0
2026-04-24T18:35:26.661+02:00,1777048522.815582,53.56898963022433,9.882980424919118,39.25409,-1,-1,-1,-1,30.01978840862869,11.695014,-9999,3583.514919541667,-0.0616912841796875,0.990234375,-0.2079925537109375,3583.509882541667,-0.5368323035406021,-0.6276517556135172,-1.400424297824978,0.5215083360671997,0.05706585943698883,0.001675971900112927,-0.001736395061016083,0.009423971176147461,0.0004830509424209595,XArbitraryZVertical,-0.6535665830779434,-0.06506548079457566,-0.001101282885106599,0.7540662990522192,-0.05847477540373802,0.9763853549957275,-0.2079720497131348,0,0,0,-1,-1,3583.388986375001,walking,2,2026-04-24T18:35:26.531+02:00,2026-04-24T18:20:19.173+02:00,16,0.7102333,0,0,12.45568,0,0,2026-04-24T18:28:28.837+02:00,798741326.6298088,0,1.96,101.5417,1,0.85,0
2026-04-24T18:35:26.671+02:00,1777048522.815582,53.56898963022433,9.882980424919118,39.25409,-1,-1,-1,-1,30.01978840862869,11.695014,-9999,3583.524994541667,-0.062469482421875,0.9916229248046875,-0.204833984375,3583.519956541667,-0.5147507206088875,-0.6052759160378012,-1.395085876140123,0.7993773818016052,0.06668439507484436,0.001887160586193204,-0.002890359610319138,0.01503396034240723,0.005129069089889526,XArbitraryZVertical,-0.6510920843389201,-0.06482841926849504,-0.001086122268556735,0.7562243821002278,-0.05832789838314056,0.9750021696090698,-0.2144033312797546,0,0,0,-1,-1,3583.388986375001,walking,2,2026-04-24T18:35:26.531+02:00,2026-04-24T18:20:19.173+02:00,16,0.7102333,0,0,12.45568,0,0,2026-04-24T18:28:28.837+02:00,798741326.6298088,0,1.96,101.5417,1,0.85,0
2026-04-24T18:35:26.681+02:00,1777048522.815582,53.56898963022433,9.882980424919118,39.25409,-1,-1,-1,-1,30.01978840862869,11.695014,-9999,3583.535068541667,-0.0634765625,1.008651733398438,-0.2069549560546875,3583.530031541667,-0.483791766784802,-0.5740969412108652,-1.386780270872749,1.185692071914673,0.07506163418292999,-0.006266106851398945,-0.003490973263978958,0.01714736223220825,0.01730328798294067,XArbitraryZVertical,-0.647308828663045,-0.06456608943171509,-0.001002412749195051,0.7594877190719949,-0.05818504095077515,0.9728124141693115,-0.2241666465997696,0,0,0,-1,-1,3583.388986375001,walking,2,2026-04-24T18:35:26.531+02:00,2026-04-24T18:20:19.173+02:00,16,0.7102333,0,0,12.45568,0,0,2026-04-24T18:28:28.837+02:00,798741326.6298088,0,1.96,101.5417,1,0.85,0
2026-04-24T18:35:26.691+02:00,1777048522.815582,53.56898963022433,9.882980424919118,39.25409,-1,-1,-1,-1,30.01978840862869,11.695014,-9999,3583.545143541667,-0.0626983642578125,1.038833618164062,-0.220611572265625,3583.540106541667,-0.4461544999623354,-0.53631060662616,-1.375057780598247,1.518647789955139,0.08845014870166779,-0.02121962234377861,-0.00485587865114212,0.02721631526947021,0.03322491049766541,XArbitraryZVertical,-0.6420844930979425,-0.0643041568551147,-0.0008807539053732585,0.7639318339631838,-0.05813240259885788,0.9696405529975891,-0.2375248223543167,0,0,0,-1,-1,3583.388986375001,walking,2,2026-04-24T18:35:26.531+02:00,2026-04-24T18:20:19.173+02:00,16,0.7102333,0,0,12.45568,0,0,2026-04-24T18:28:28.837+02:00,798741326.6298088,0,1.96,101.5417,1,0.85,0
2026-04-24T18:35:26.701+02:00,1777048522.815582,53.56898963022433,9.882980424919118,39.25409,-1,-1,-1,-1,30.01978840862869,11.695014,-9999,3583.555218541667,-0.0572662353515625,1.053192138671875,-0.245269775390625,3583.550180541667,-0.4059385202700888,-0.4959135815738225,-1.360299925822695,1.818051815032959,0.1110321581363678,-0.02433578856289387,-0.004869304597377777,0.05782479047775269,0.04153230786323547,XArbitraryZVertical,-0.6356232781134182,-0.063997391129231,-0.0007488155946211864,0.769341835562624,-0.05810370296239853,0.9654906392097473,-0.2538735568523407,0,0,0,-1,-1,3583.388986375001,walking,2,2026-04-24T18:35:26.531+02:00,2026-04-24T18:20:19.173+02:00,16,0.7102333,0,0,12.45568,0,0,2026-04-24T18:28:28.837+02:00,798741326.6298088,0,1.96,101.5417,1,0.85,0
2026-04-24T18:35:26.711+02:00,1777048522.815582,53.56898963022433,9.882980424919118,39.25409,-1,-1,-1,-1,30.01978840862869,11.695014,-9999,3583.565292541667,-0.046630859375,1.037628173828125,-0.2623291015625,3583.560255541667,-0.3663491672366589,-0.456079317367334,-1.342857972942812,2.029430150985718,0.130162701010704,-0.04299149662256241,-0.003788314759731293,0.08991092443466187,0.0410236120223999,XArbitraryZVertical,-0.6281020473032739,-0.06365134608356823,-0.0006353296603682614,0.775523036254097,-0.05811658129096031,0.9603515267372131,-0.27266725897789,0,0,0,-1,-1,3583.388986375001,walking,2,2026-04-24T18:35:26.531+02:00,2026-04-24T18:20:19.173+02:00,16,0.7102333,0,0,12.45568,0,0,2026-04-24T18:28:28.837+02:00,798741326.6298088,0,1.96,101.5417,1,0.85,0
2026-04-24T18:35:26.721+02:00,1777048522.815582,53.56898963022433,9.882980424919118,39.25409,-1,-1,-1,-1,30.01978840862869,11.695014,-9999,3583.575367541667,-0.054595947265625,1.02874755859375,-0.2536163330078125,3583.570329541667,-0.3302595302368242,-0.4194559253740044,-1.323363966929687,2.184902191162109,0.1765128970146179,-0.07144390791654587,0.007715102285146713,0.09337812662124634,0.03549206256866455,XArbitraryZVertical,-0.6198060556999906,-0.06323281595964575,-0.0006642733706368107,0.7822031345716572,-0.05822168290615082,0.9543055891990662,-0.2931061685085297,0,0,0,-1,-1,3583.388986375001,walking,2,2026-04-24T18:35:26.531+02:00,2026-04-24T18:20:19.173+02:00,16,0.7102333,0,0,12.45568,0,0,2026-04-24T18:28:28.837+02:00,798741326.6298088,0,1.96,101.5417,1,0.85,0
2026-04-24T18:35:26.732+02:00,1777048522.815582,53.56898963022433,9.882980424919118,39.25409,-1,-1,-1,-1,30.01978840862869,11.695014,-9999,3583.585441541667,-0.067779541015625,1.023529052734375,-0.2591094970703125,3583.580404541667,-0.2976229024487096,-0.3858760686982657,-1.30166164479878,2.43860387802124,0.2241209000349045,-0.09101901203393936,0.00981522724032402,0.08404511213302612,0.05615633726119995,XArbitraryZVertical,-0.6106515274657008,-0.06270330836380467,-0.0008831572273086556,0.7894126628886959,-0.05839920043945312,0.9471896886825562,-0.3153115808963776,0,0,0,-1,-1,3583.388986375001,walking,2,2026-04-24T18:35:26.531+02:00,2026-04-24T18:20:19.173+02:00,16,0.7102333,0,0,12.45568,0,0,2026-04-24T18:28:28.837+02:00,798741326.6298088,0,1.96,101.5417,1,0.85,0
2026-04-24T18:35:26.742+02:00,1777048522.815582,53.56898963022433,9.882980424919118,39.25409,-1,-1,-1,-1,30.01978840862869,11.695014,-9999,3583.595516541667,-0.0734100341796875,1.022216796875,-0.29962158203125,3583.590479541667,-0.2664625556479623,-0.3535882731388849,-1.276676038575218,2.804296970367432,0.2271848618984222,-0.1065194085240364,-0.002752792090177536,0.08827787637710571,0.08769318461418152,XArbitraryZVertical,-0.6001376340210797,-0.06207195285221755,-0.001149015428163513,0.7974838839696929,-0.05852649360895157,0.9384707808494568,-0.3403633832931519,0,0,0,-1,-1,3583.388986375001,walking,2,2026-04-24T18:35:26.531+02:00,2026-04-24T18:20:19.173+02:00,16,0.7102333,0,0,12.45568,0,0,2026-04-24T18:28:28.837+02:00,798741326.6298088,0,1.96,101.5417,1,0.85,0
2026-04-24T18:35:26.760+02:00,1777048522.815582,53.56898963022433,9.882980424919118,39.25409,-1,-1,-1,-1,30.01978840862869,11.695014,-9999,3583.605591541667,-0.0736541748046875,1.03619384765625,-0.3460693359375,3583.600553541667,-0.2372125766408906,-0.3234573476028784,-1.247668743110993,3.225373268127441,0.2225328534841537,-0.144813597202301,-0.01283819228410721,0.09316325187683105,0.09251809120178223,XArbitraryZVertical,-0.5879430442327132,-0.06155681929700881,-0.0013854314533005,0.8065555997747758,-0.05889336764812469,0.9276497960090637,-0.3687784373760223,0,0,0,-1,-1,3583.388986375001,walking,2,2026-04-24T18:35:26.531+02:00,2026-04-24T18:20:19.173+02:00,16,0.7102333,0,0,12.45568,0,0,2026-04-24T18:28:28.837+02:00,798741326.6298088,0,1.96,101.5417,1,0.85,0
2026-04-24T18:35:26.764+02:00,1777048522.815582,53.56898963022433,9.882980424919118,39.25409,-1,-1,-1,-1,30.01978840862869,11.695014,-9999,3583.615665541667,-0.0728759765625,1.045211791992188,-0.395263671875,3583.610628541667,-0.2098731672359331,-0.2954238331113383,-1.213661589895862,3.757778882980347,0.2254093289375305,-0.185722142457962,-0.01417038217186928,0.1140822768211365,0.07704848051071167,XArbitraryZVertical,-0.5736175816727623,-0.06115190761214705,-0.001638511239570157,0.8168357848911181,-0.05956007912755013,0.914009153842926,-0.4012977480888367,0,0,0,-1,-1,3583.388986375001,walking,2,2026-04-24T18:35:26.531+02:00,2026-04-24T18:20:19.173+02:00,16,0.7102333,0,0,12.45568,0,0,2026-04-24T18:28:28.837+02:00,798741326.6298088,0,1.96,101.5417,1,0.85,0
2026-04-24T18:35:26.772+02:00,1777048522.815582,53.56898963022433,9.882980424919118,39.25409,-1,-1,-1,-1,30.01978840862869,11.695014,-9999,3583.625740541667,-0.07806396484375,1.040695190429688,-0.4459686279296875,3583.620703541667,-0.184879124664303,-0.269947450921605,-1.174337409381905,4.244682788848877,0.2219267040491104,-0.2323809266090393,-0.01237846165895462,0.1461340188980103,0.06993967294692993,XArbitraryZVertical,-0.5569644606743501,-0.06087409386667639,-0.001917471763365948,0.8283002711867904,-0.06055854260921478,0.8969568014144897,-0.4379511475563049,0,0,0,-1,-1,3583.388986375001,walking,2,2026-04-24T18:35:26.531+02:00,2026-04-24T18:20:19.173+02:00,16,0.7102333,0,0,12.45568,0,0,2026-04-24T18:28:28.837+02:00,798741326.6298088,0,1.96,101.5417,1,0.85,0
2026-04-24T18:35:26.782+02:00,1777048522.815582,53.56898963022433,9.882980424919118,39.25409,-1,-1,-1,-1,30.01978840862869,11.695014,-9999,3583.635814541667,-0.0777587890625,1.031082153320312,-0.4662017822265625,3583.630777541667,-0.162500903372183,-0.2472484102722769,-1.130269525673704,4.669603824615479,0.2239581644535065,-0.2601707577705383,-0.01317998394370079,0.1668469309806824,0.05328923463821411,XArbitraryZVertical,-0.5381412335935543,-0.06066094129445858,-0.002200709195938982,0.8406660649660987,-0.06172540411353111,0.8762286305427551,-0.4779260754585266,0,0,0,-1,-1,3583.388986375001,walking,2,2026-04-24T18:35:26.531+02:00,2026-04-24T18:20:19.173+02:00,16,0.7102333,0,0,12.45568,0,0,2026-04-24T18:28:28.837+02:00,798741326.6298088,0,1.96,101.5417,1,0.85,0
2026-04-24T18:35:26.792+02:00,1777048522.815582,53.56898963022433,9.882980424919118,39.25409,-1,-1,-1,-1,30.01978840862869,11.695014,-9999,3583.645889541667,-0.075469970703125,0.996124267578125,-0.4789581298828125,3583.640852541667,-0.1428450577007844,-0.227362847981162,-1.082006795639935,5.041568756103516,0.2367930114269257,-0.293707937002182,-0.01609290391206741,0.1858431696891785,0.06256747245788574,XArbitraryZVertical,-0.5173066674043408,-0.06047532857621,-0.002505408117779137,0.8536570050641831,-0.06297812610864639,0.8516018986701965,-0.520392119884491,0,0,0,-1,-1,3583.388986375001,walking,2,2026-04-24T18:35:26.531+02:00,2026-04-24T18:20:19.173+02:00,16,0.7102333,0,0,12.45568,0,0,2026-04-24T18:28:28.837+02:00,798741326.6298088,0,1.96,101.5417,1,0.85,0
2026-04-24T18:35:26.802+02:00,1777048522.815582,53.56898963022433,9.882980424919118,39.25409,-1,-1,-1,-1,30.01978840862869,11.695014,-9999,3583.655964541667,-0.0758056640625,0.9520721435546875,-0.4925384521484375,3583.650926541667,-0.1260370130736586,-0.2101666551974804,-1.030517479900955,5.263120651245117,0.2684367001056671,-0.3215984404087067,-0.01133020222187042,0.1933553814888,0.09145361185073853,XArbitraryZVertical,-0.4948171181926758,-0.06022922074147135,-0.002914920035305291,0.8669025160786396,-0.06418553739786148,0.8231698870658875,-0.564155638217926,0,0,0,-1,-1,3583.388986375001,walking,2,2026-04-24T18:35:26.531+02:00,2026-04-24T18:20:19.173+02:00,16,0.7102333,0,0,12.45568,0,0,2026-04-24T18:28:28.837+02:00,798741326.6298088,0,1.96,101.5417,1,0.85,0
2026-04-24T18:35:26.812+02:00,1777048522.815582,53.56898963022433,9.882980424919118,39.25409,-1,-1,-1,-1,30.01978840862869,11.695014,-9999,3583.666038541667,-0.0706787109375,0.90484619140625,-0.5021209716796875,3583.661001541667,-0.1119574458549025,-0.1955017811705538,-0.9772527186157864,5.382755279541016,0.2867983877658844,-0.3361960649490356,-0.01111717522144318,0.1812161803245544,0.1224510669708252,XArbitraryZVertical,-0.4712621228885326,-0.05990149408532899,-0.003425591873445104,0.8799501344310193,-0.06523779779672623,0.7914859056472778,-0.6076958179473877,0,0,0,-1,-1,3583.388986375001,walking,2,2026-04-24T18:35:26.531+02:00,2026-04-24T18:20:19.173+02:00,16,0.7102333,0,0,12.45568,0,0,2026-04-24T18:28:28.837+02:00,798741326.6298088,0,1.96,101.5417,1,0.85,0
2026-04-24T18:35:26.822+02:00,1777048522.815582,53.56898963022433,9.882980424919118,39.25409,-1,-1,-1,-1,30.01978840862869,11.695014,-9999,3583.676113541667,-0.0669708251953125,0.835357666015625,-0.523529052734375,3583.671076541667,-0.1001069080106957,-0.1828743802348073,-0.9232839481110218,5.377946853637695,0.3056277334690094,-0.3347449004650116,-0.007597222924232483,0.1734169125556946,0.1524494886398315,XArbitraryZVertical,-0.4470927342572396,-0.05945699601662996,-0.003987969971273636,0.892500562740396,-0.06598065048456192,0.7571099400520325,-0.6499471068382263,0,0,0,-1,-1,3583.388986375001,walking,2,2026-04-24T18:35:26.531+02:00,2026-04-24T18:20:19.173+02:00,16,0.7102333,0,0,12.45568,0,0,2026-04-24T18:28:28.837+02:00,798741326.6298088,0,1.96,101.5417,1,0.85,0
2026-04-24T18:35:26.832+02:00,1777048522.815582,53.56898963022433,9.882980424919118,39.25409,-1,-1,-1,-1,30.01978840862869,11.695014,-9999,3583.686188541667,-0.0681915283203125,0.773193359375,-0.546966552734375,3583.681150541667,-0.09027983751805162,-0.1720020268470058,-0.8698651391895744,5.266088485717773,0.3244480192661285,-0.3379538357257843,-0.001706838607788086,0.1495389938354492,0.1796784400939941,XArbitraryZVertical,-0.422879517033111,-0.05887578538557148,-0.004617234079108393,0.9042595160147973,-0.06634734570980072,0.7209291458129883,-0.6898254752159119,0,0,0,-1,-1,3583.388986375001,walking,2,2026-04-24T18:35:26.531+02:00,2026-04-24T18:20:19.173+02:00,16,0.7102333,0,0,12.45568,0,0,2026-04-24T18:28:28.837+02:00,798741326.6298088,0,1.96,101.5417,1,0.85,0
2026-04-24T18:35:26.842+02:00,1777048522.815582,53.56898963022433,9.882980424919118,39.25409,-1,-1,-1,-1,30.01978840862869,11.695014,-9999,3583.696262541667,-0.0688629150390625,0.7130279541015625,-0.5625,3583.691225541667,-0.0821238986040539,-0.1625489557835686,-0.8178931362689668,5.073290348052979,0.3466175198554993,-0.32038813829422,-0.000295490026473999,0.1191813349723816,0.1904434561729431,XArbitraryZVertical,-0.3990541721003101,-0.05815821579881787,-0.00528562600729546,0.9150658195757974,-0.06629385054111481,0.6837666630744934,-0.7266830801963806,0,0,0,-1,-1,3583.388986375001,walking,2,2026-04-24T18:35:26.531+02:00,2026-04-24T18:20:19.173+02:00,16,0.7102333,0,0,12.45568,0,0,2026-04-24T18:28:28.837+02:00,798741326.6298088,0,1.96,101.5417,1,0.85,0
2026-04-24T18:35:26.853+02:00,1777048522.815582,53.56898963022433,9.882980424919118,39.25409,-1,-1,-1,-1,30.01978840862869,11.695014,-9999,3583.706337541667,-0.0694732666015625,0.6559295654296875,-0.5888671875,3583.701299541667,-0.07527242002140341,-0.1540495097036398,-0.7679444975138721,4.874394416809082,0.367779016494751,-0.3031515181064606,-0.003865815699100494,0.09725737571716309,0.2053342461585999,XArbitraryZVertical,-0.3759158065128277,-0.05724135139512474,-0.005978976346970628,0.9248647957983912,-0.06568372249603271,0.6463186740875244,-0.7602353096008301,0,0,0,-1,-1,3583.388986375001,walking,2,2026-04-24T18:35:26.531+02:00,2026-04-24T18:20:19.173+02:00,16,0.7102333,0,0,12.45568,0,0,2026-04-24T18:28:28.837+02:00,798741326.6298088,0,1.96,101.5417,1,0.85,0
2026-04-24T18:35:26.862+02:00,1777048522.815582,53.56898963022433,9.882980424919118,39.25409,-1,-1,-1,-1,30.01978840862869,11.695014,-9999,3583.716411541667,-0.0738525390625,0.60260009765625,-0.629119873046875,3583.711374541667,-0.06943596092696391,-0.1463411156702707,-0.7199237923124537,4.679157733917236,0.3778825104236603,-0.2766682505607605,-0.004765108227729797,0.0754014253616333,0.2177335023880005,XArbitraryZVertical,-0.3534592823359865,-0.0561849126009492,-0.006664478718883575,0.9337373439834552,-0.06461659818887711,0.6088027358055115,-0.790685772895813,0,0,0,-1,-1,3583.388986375001,walking,2,2026-04-24T18:35:26.531+02:00,2026-04-24T18:20:19.173+02:00,16,0.7102333,0,0,12.45568,0,0,2026-04-24T18:28:28.837+02:00,798741326.6298088,0,1.96,101.5417,1,0.85,0
2026-04-24T18:35:26.880+02:00,1777048522.815582,53.56898963022433,9.882980424919118,39.25409,-1,-1,-1,-1,30.01978840862869,11.695014,-9999,3583.726486541667,-0.0699462890625,0.5550079345703125,-0.6731109619140625,3583.721449541667,-0.06423028381134731,-0.1391552844004553,-0.6737906980729886,4.500298976898193,0.3837680518627167,-0.2435008883476257,-0.00929153710603714,0.05731558799743652,0.2094995379447937,XArbitraryZVertical,-0.3316955410221999,-0.05499113608480467,-0.007262188774946397,0.941754386727813,-0.06306561827659607,0.5714380741119385,-0.8182183504104614,0,0,0,-1,-1,3583.388986375001,walking,2,2026-04-24T18:35:26.531+02:00,2026-04-24T18:20:19.173+02:00,16,0.7102333,0,0,12.45568,0,0,2026-04-24T18:28:28.837+02:00,798741326.6298088,0,1.96,101.5417,1,0.85,0
2026-04-24T18:35:26.883+02:00,1777048522.815582,53.56898963022433,9.882980424919118,39.25409,-1,-1,-1,-1,30.01978840862869,11.695014,-9999,3583.736561541667,-0.0689849853515625,0.5107879638671875,-0.7281341552734375,3583.731523541667,-0.05960747999397766,-0.1324319188323148,-0.6294300362808695,4.326852321624756,0.3929381370544434,-0.2277086079120636,-0.01131627708673477,0.04395967721939087,0.1928804516792297,XArbitraryZVertical,-0.310604845896381,-0.05368575881431226,-0.007800847936017828,0.948989870214991,-0.06111718341708183,0.5343637466430664,-0.8430421948432922,0,0,0,-1,-1,3583.388986375001,walking,2,2026-04-24T18:35:26.531+02:00,2026-04-24T18:20:19.173+02:00,16,0.7102333,0,0,12.45568,0,0,2026-04-24T18:28:28.837+02:00,798741326.6298088,0,1.96,101.5417,1,0.85,0
2026-04-24T18:35:26.893+02:00,1777048522.815582,53.56898963022433,9.882980424919118,39.25409,-1,-1,-1,-1,30.01978840862869,11.695014,-9999,3583.746635541667,-0.0719757080078125,0.470123291015625,-0.7675018310546875,3583.741598541667,-0.05555490704854384,-0.1262293757576341,-0.5866772668897894,4.172970771789551,0.3699958026409149,-0.2107577919960022,-0.008702032268047333,0.0349336564540863,0.1646167039871216,XArbitraryZVertical,-0.2901397457347878,-0.05234044928763303,-0.008304098270883999,0.9555158354577533,-0.05894017219543457,0.4976438581943512,-0.8653765916824341,0,0,0,-1,-1,3583.388986375001,walking,2,2026-04-24T18:35:26.531+02:00,2026-04-24T18:20:19.173+02:00,16,0.7102333,0,0,12.45568,0,0,2026-04-24T18:28:28.837+02:00,798741326.6298088,0,1.96,101.5417,1,0.85,0
2026-04-24T18:35:26.903+02:00,1777048522.815582,53.56898963022433,9.882980424919118,39.25409,-1,-1,-1,-1,30.01978840862869,11.695014,-9999,3583.756710541667,-0.0631103515625,0.4411468505859375,-0.792327880859375,3583.751673541667,-0.05202099284708482,-0.1206961373596359,-0.5453818221687657,4.037669658660889,0.3577796220779419,-0.2110094726085663,-0.01402582600712776,0.02809101343154907,0.1346375346183777,XArbitraryZVertical,-0.2702532592619637,-0.0510715602829593,-0.008763163462350629,0.9613938746656924,-0.05677494406700134,0.4613194167613983,-0.8854157328605652,0,0,0,-1,-1,3583.388986375001,walking,2,2026-04-24T18:35:26.531+02:00,2026-04-24T18:20:19.173+02:00,16,0.7102333,0,0,12.45568,0,0,2026-04-24T18:28:28.837+02:00,798741326.6298088,0,1.96,101.5417,1,0.85,0
2026-04-24T18:35:26.913+02:00,1777048522.815582,53.56898963022433,9.882980424919118,39.25409,-1,-1,-1,-1,30.01978840862869,11.695014,-9999,3583.766784541667,-0.05780029296875,0.419586181640625,-0.81634521484375,3583.761747541667,-0.04895644212084552,-0.1156239047391258,-0.5053467211835917,3.922475576400757,0.3490937054157257,-0.2031777054071426,-0.01408028602600098,0.02884712815284729,0.1227239966392517,XArbitraryZVertical,-0.2508701935331767,-0.04981978588297657,-0.009218794474956656,0.9666939756166104,-0.05453847348690033,0.4253612458705902,-0.9033788442611694,0,0,0,-1,-1,3583.388986375001,walking,2,2026-04-24T18:35:26.531+02:00,2026-04-24T18:20:19.173+02:00,16,0.7102333,0,0,12.45568,0,0,2026-04-24T18:28:28.837+02:00,798741326.6298088,0,1.96,101.5417,1,0.85,0
2026-04-24T18:35:26.923+02:00,1777048522.815582,53.56898963022433,9.882980424919118,39.25409,-1,-1,-1,-1,30.01978840862869,11.695014,-9999,3583.776859541667,-0.0612335205078125,0.3961029052734375,-0.864837646484375,3583.771822541667,-0.04609429539384263,-0.1105882789156939,-0.4661438943766408,3.862827301025391,0.3807946443557739,-0.1780779510736465,-0.00614527240395546,0.04066994786262512,0.1162045001983643,XArbitraryZVertical,-0.2317924083449516,-0.04844283714690917,-0.009626482580702036,0.9715107081756088,-0.05194492638111115,0.3894905745983124,-0.9195644855499268,0,0,0,-1,-1,3583.388986375001,walking,2,2026-04-24T18:35:26.531+02:00,2026-04-24T18:20:19.173+02:00,16,0.7102333,0,0,12.45568,0,0,2026-04-24T18:28:28.837+02:00,798741326.6298088,0,1.96,101.5417,1,0.85,0
2026-04-24T18:35:26.933+02:00,1777048522.815582,53.56898963022433,9.882980424919118,39.25409,-1,-1,-1,-1,30.01978840862869,11.695014,-9999,3583.786934541667,-0.0558624267578125,0.3589935302734375,-0.8864288330078125,3583.781896541667,-0.04343286217831058,-0.1055791569455385,-0.4279184018921185,3.714224338531494,0.3827334642410278,-0.1669583171606064,-0.01078420504927635,0.05543917417526245,0.09482622146606445,XArbitraryZVertical,-0.2131043287824534,-0.0469454741078264,-0.009989035122733187,0.9758499078969295,-0.04901497811079025,0.35393887758255,-0.933983325958252,0,0,0,-1,-1,3583.388986375001,walking,2,2026-04-24T18:35:26.531+02:00,2026-04-24T18:20:19.173+02:00,16,0.7102333,0,0,12.45568,0,0,2026-04-24T18:28:28.837+02:00,798741326.6298088,0,1.96,101.5417,1,0.85,0
2026-04-24T18:35:26.943+02:00,1777048522.815582,53.56898963022433,9.882980424919118,39.25409,-1,-1,-1,-1,30.01978840862869,11.695014,-9999,3583.797008541667,-0.0452728271484375,0.3119049072265625,-0.891815185546875,3583.791971541667,-0.04112997683401872,-0.1008551898489459,-0.3918215220333469,3.439830780029297,0.3720264732837677,-0.1540949791669846,-0.01364948973059654,0.05852052569389343,0.06416410207748413,XArbitraryZVertical,-0.1953880734767838,-0.04543372595232544,-0.01033453657129225,0.9796186427718245,-0.04598185047507286,0.3198974430561066,-0.9463357329368591,0,0,0,-1,-1,3583.388986375001,walking,2,2026-04-24T18:35:26.531+02:00,2026-04-24T18:20:19.173+02:00,16,0.7102333,0,0,12.45568,0,0,2026-04-24T18:28:28.837+02:00,798741326.6298088,0,1.96,101.5417,1,0.85,0
2026-04-24T18:35:26.953+02:00,1777048522.815582,53.56898963022433,9.882980424919118,39.25409,-1,-1,-1,-1,30.01978840862869,11.695014,-9999,3583.807083541667,-0.0384521484375,0.2429656982421875,-0.9080047607421875,3583.802046541667,-0.03921296556007946,-0.09645466740166481,-0.3589984389843942,3.067162036895752,0.3548299074172974,-0.1361327618360519,-0.007461674511432648,0.04906031489372253,0.06949859857559204,XArbitraryZVertical,-0.1792249522602106,-0.04392878001476081,-0.01066243983270431,0.9827690577575152,-0.04290757700800896,0.2885861694812775,-0.956492006778717,0,0,0,-1,-1,3583.388986375001,walking,2,2026-04-24T18:35:26.531+02:00,2026-04-24T18:20:19.173+02:00,16,0.7102333,0,0,12.45568,0,0,2026-04-24T18:28:28.837+02:00,798741326.6298088,0,1.96,101.5417,1,0.85,0
2026-04-24T18:35:26.963+02:00,1777048522.815582,53.56898963022433,9.882980424919118,39.25409,-1,-1,-1,-1,30.01978840862869,11.695014,-9999,3583.817157541667,-0.03057861328125,0.1778106689453125,-0.91796875,3583.812120541667,-0.03773250510728732,-0.0925425975891515,-0.3303242033942009,2.624532699584961,0.3194769620895386,-0.129481241106987,-0.001526318490505219,0.01902955770492554,0.06424564123153687,XArbitraryZVertical,-0.1650677538440318,-0.04251888229718658,-0.01098499465501432,0.9853040745786407,-0.03999283537268639,0.260984480381012,-0.9645141959190369,0,0,0,-1,-1,3583.388986375001,walking,2,2026-04-24T18:35:26.531+02:00,2026-04-24T18:20:19.173+02:00,16,0.7102333,0,0,12.45568,0,0,2026-04-24T18:28:28.837+02:00,798741326.6298088,0,1.96,101.5417,1,0.85,0
2026-04-24T18:35:26.973+02:00,1777048522.815582,53.56898963022433,9.882980424919118,39.25409,-1,-1,-1,-1,30.01978840862869,11.695014,-9999,3583.827232541667,-0.0210418701171875,0.14605712890625,-0.9364166259765625,3583.822195541667,-0.03671082428423073,-0.08934240528035303,-0.3053734249629083,2.363561391830444,0.2660523653030396,-0.1329950839281082,0.003058943897485733,-0.02969558537006378,0.05701422691345215,XArbitraryZVertical,-0.1527269181660301,-0.04134057271833006,-0.01133192528945564,0.9873383314183487,-0.03752853721380234,0.2368031293153763,-0.9708325862884521,0,0,0,-1,-1,3583.388986375001,walking,2,2026-04-24T18:35:26.531+02:00,2026-04-24T18:20:19.173+02:00,16,0.7102333,0,0,12.45568,0,0,2026-04-24T18:28:28.837+02:00,798741326.6298088,0,1.96,101.5417,1,0.85,0
2026-04-24T18:35:26.984+02:00,1777048522.815582,53.56898963022433,9.882980424919118,39.25409,-1,-1,-1,-1,30.01978840862869,11.695014,-9999,3583.837307541667,-0.013397216796875,0.1463165283203125,-0.986572265625,3583.832269541667,-0.03592341044449866,-0.08644643975714762,-0.2817555306432006,2.33331298828125,0.2495298385620117,-0.1338539570569992,0.00976206362247467,-0.05590264499187469,0.0527833104133606,XArbitraryZVertical,-0.1410268551442675,-0.04025523492983413,-0.01169999517502156,0.9891178383873427,-0.03522897139191628,0.2137853354215622,-0.9762452244758606,0,0,0,-1,-1,3583.388986375001,walking,2,2026-04-24T18:35:26.531+02:00,2026-04-24T18:20:19.173+02:00,16,0.7102333,0,0,12.45568,0,0,2026-04-24T18:28:28.837+02:00,798741326.6298088,0,1.96,101.5417,1,0.85,0
2026-04-24T18:35:26.993+02:00,1777048522.815582,53.56898963022433,9.882980424919118,39.25409,-1,-1,-1,-1,30.01978840862869,11.695014,-9999,3583.847381541667,-0.012542724609375,0.1965179443359375,-1.027969360351562,3583.842344541667,-0.03525494706516592,-0.08382869855313055,-0.2574858781424441,2.51082706451416,0.2571890950202942,-0.148439884185791,0.01620626822113991,-0.04855021834373474,0.01943022012710571,XArbitraryZVertical,-0.1289873782418288,-0.03928779980741772,-0.01208646072445776,0.9907939218134381,-0.03312825411558151,0.190014436841011,-0.9812222123146057,0,0,0,-1,-1,3583.388986375001,walking,2,2026-04-24T18:35:26.531+02:00,2026-04-24T18:20:19.173+02:00,16,0.7102333,0,0,12.45568,0,0,2026-04-24T18:28:28.837+02:00,798741326.6298088,0,1.96,101.5417,1,0.85,0
2026-04-24T18:35:27.004+02:00,1777048522.815582,53.56898963022433,9.882980424919118,39.25409,-1,-1,-1,-1,30.01978840862869,11.695014,-9999,3583.857456541667,-0.015289306640625,0.2481689453125,-1.0738525390625,3583.852419541667,-0.03446547171046701,-0.08100955380640229,-0.230762898190464,2.782126665115356,0.2592495679855347,-0.1384623646736145,0.01901728846132755,0.002077996730804443,-0.01929742097854614,XArbitraryZVertical,-0.1157072467440219,-0.03823628100724904,-0.0124420974875468,0.9924691451296693,-0.03079706057906151,0.1637087315320969,-0.9860278964042664,0,0,0,-1,-1,3583.388986375001,walking,2,2026-04-24T18:35:26.531+02:00,2026-04-24T18:20:19.173+02:00,16,0.7102333,0,0,12.45568,0,0,2026-04-24T18:28:28.837+02:00,798741326.6298088,0,1.96,101.5417,1,0.85,0
2026-04-24T18:35:27.014+02:00,1777048522.815582,53.56898963022433,9.882980424919118,39.25409,-1,-1,-1,-1,30.01978840862869,11.695014,-9999,3583.867531541667,-0.0157623291015625,0.244049072265625,-1.060455322265625,3583.862493541667,-0.03344691935602226,-0.07796631189268381,-0.2020364198097986,2.886638402938843,0.2932677268981934,-0.1157327443361282,0.01423680409789085,0.09368106722831726,-0.06759428977966309,XArbitraryZVertical,-0.1014041895588799,-0.03708403131813003,-0.01269501834546659,0.9940728793415669,-0.02819858305156231,0.1352923214435577,-0.9904043674468994,0,0,0,-1,-1,3583.388986375001,walking,2,2026-04-24T18:35:26.531+02:00,2026-04-24T18:20:19.173+02:00,16,0.7102333,0,0,12.45568,0,0,2026-04-24T18:28:28.837+02:00,798741326.6298088,0,1.96,101.5417,1,0.85,0
2026-04-24T18:35:27.024+02:00,1777048522.815582,53.56898963022433,9.882980424919118,39.25409,-1,-1,-1,-1,30.01978840862869,11.695014,-9999,3583.877605541667,-0.0179595947265625,0.180023193359375,-1.02691650390625,3583.872568541667,-0.03223637405739255,-0.07478574239299858,-0.1735340670316945,2.738945722579956,0.2925521433353424,-0.07878671586513519,0.009121103212237358,0.1452201902866364,-0.07643622159957886,XArbitraryZVertical,-0.08718664652793749,-0.0358429471476768,-0.01280640914706934,0.9954646367413359,-0.02538695931434631,0.1069770753383636,-0.9939373135566711,0,0,0,-1,-1,3583.388986375001,walking,2,2026-04-24T18:35:26.531+02:00,2026-04-24T18:20:19.173+02:00,16,0.7102333,0,0,12.45568,0,0,2026-04-24T18:28:28.837+02:00,798741326.6298088,0,1.96,101.5417,1,0.85,0
2026-04-24T18:35:27.034+02:00,1777048522.815582,53.56898963022433,9.882980424919118,39.25409,-1,-1,-1,-1,30.01978840862869,11.695014,-9999,3583.887680541667,-0.0161285400390625,0.0572967529296875,-0.97967529296875,3583.882642541667,-0.03103492402927096,-0.07184280435554764,-0.148002082948886,2.297645330429077,0.2475588321685791,-0.06402360647916794,0.005060018971562386,0.1402390748262405,-0.05026477575302124,XArbitraryZVertical,-0.07443266866527426,-0.03466460044923326,-0.01280948461084994,0.9965410815563404,-0.02271442487835884,0.08153215795755386,-0.9964118599891663,0,0,0,-1,-1,3583.388986375001,walking,2,2026-04-24T18:35:26.531+02:00,2026-04-24T18:20:19.173+02:00,16,0.7102333,0,0,12.45568,0,0,2026-04-24T18:28:28.837+02:00,798741326.6298088,0,1.96,101.5417,1,0.85,0
2026-04-24T18:35:27.044+02:00,1777048522.815582,53.56898963022433,9.882980424919118,39.25409,-1,-1,-1,-1,30.01978840862869,11.695014,-9999,3583.897754541667,-0.0207061767578125,-0.0417327880859375,-0.9294281005859375,3583.892717541667,-0.03024224942324324,-0.06945351204726485,-0.1280281711813522,1.665703296661377,0.2053168416023254,-0.05513371527194977,0.004189163446426392,0.05902537330985069,-0.006198406219482422,XArbitraryZVertical,-0.06444840013060733,-0.03367801638737828,-0.01285969706523028,0.9972697496752575,-0.0204855389893055,0.06159534677863121,-0.9978909492492676,0,0,0,-1,-1,3583.388986375001,walking,2,2026-04-24T18:35:26.531+02:00,2026-04-24T18:20:19.173+02:00,16,0.7102333,0,0,12.45568,0,0,2026-04-24T18:28:28.837+02:00,798741326.6298088,0,1.96,101.5417,1,0.85,0
2026-04-24T18:35:27.054+02:00,1777048522.815582,53.56898963022433,9.882980424919118,39.25409,-1,-1,-1,-1,30.01978840862869,11.695014,-9999,3583.907829541667,-0.0194091796875,-0.098358154296875,-0.92144775390625,3583.902792541667,-0.02975479035743808,-0.06760990692521146,-0.1139378858009912,1.17103111743927,0.1511779725551605,-0.04043798893690109,3.811158239841461e-05,-0.04603926837444305,0.04572230577468872,XArbitraryZVertical,-0.05740130075679045,-0.03289337215184699,-0.01292001401590001,0.9977255681720529,-0.01873011514544487,0.04751936346292496,-0.9986947178840637,0,0,0,-1,-1,3583.388986375001,walking,2,2026-04-24T18:35:26.531+02:00,2026-04-24T18:20:19.173+02:00,16,0.7102333,0,0,12.45568,0,0,2026-04-24T18:28:28.837+02:00,798741326.6298088,0,1.96,101.5417,1,0.85,0
2026-04-24T18:35:27.064+02:00,1777048522.815582,53.56898963022433,9.882980424919118,39.25409,-1,-1,-1,-1,30.01978840862869,11.695014,-9999,3583.917904541667,-0.0100555419921875,-0.0957183837890625,-0.9629058837890625,3583.912866541667,-0.02938670276983415,-0.06621719455202947,-0.1031270983802461,1.01666784286499,0.1144042462110519,-0.03392097353935242,-0.003983762115240097,-0.1116949617862701,0.08178555965423584,XArbitraryZVertical,-0.05199262020538935,-0.0322981206463943,-0.01295930854541982,0.9980408909845336,-0.01739379018545151,0.03671326115727425,-0.9991744756698608,0,0,0,-1,-1,3583.388986375001,walking,2,2026-04-24T18:35:26.531+02:00,2026-04-24T18:20:19.173+02:00,16,0.7102333,0,0,12.45568,0,0,2026-04-24T18:28:28.837+02:00,798741326.6298088,0,1.96,101.5417,1,0.85,0
2026-04-24T18:35:27.074+02:00,1777048522.815582,53.56898963022433,9.882980424919118,39.25409,-1,-1,-1,-1,30.01978840862869,11.695014,-9999,3583.927978541667,-0.0064697265625,-0.0218505859375,-0.9923553466796875,3583.922941541667,-0.02895517353139572,-0.06507116360764298,-0.09242529482102431,1.1522376537323,0.1202829107642174,-0.01756143756210804,0.001788083463907242,-0.1325149238109589,0.05990785360336304,XArbitraryZVertical,-0.0466373494706746,-0.03182327627023317,-0.01295137428166575,0.9983207973950335,-0.0162991788238287,0.02600857056677341,-0.9995288252830505,0,0,0,-1,-1,3583.388986375001,walking,2,2026-04-24T18:35:26.531+02:00,2026-04-24T18:20:19.173+02:00,16,0.7102333,0,0,12.45568,0,0,2026-04-24T18:28:28.837+02:00,798741326.6298088,0,1.96,101.5417,1,0.85,0
2026-04-24T18:35:27.084+02:00,1777048522.815582,53.56898963022433,9.882980424919118,39.25409,-1,-1,-1,-1,30.01978840862869,11.695014,-9999,3583.938053541667,-0.003173828125,0.0728607177734375,-1.049240112304688,3583.933016541667,-0.0281608111313299,-0.06366724383046714,-0.07912164716570279,1.49735701084137,0.1445890367031097,0.008096519857645035,0.006801585666835308,-0.07811444252729416,0.02213114500045776,XArbitraryZVertical,-0.03997433622216112,-0.03124360202930573,-0.01280309702462615,0.9986300828511283,-0.01496502477675676,0.01268474571406841,-0.9998075366020203,0,0,0,-1,-1,3583.388986375001,walking,2,2026-04-24T18:35:26.531+02:00,2026-04-24T18:20:19.173+02:00,16,0.7102333,0,0,12.45568,0,0,2026-04-24T18:28:28.837+02:00,798741326.6298088,0,1.96,101.5417,1,0.85,0
2026-04-24T18:35:27.094+02:00,1777048522.815582,53.56898963022433,9.882980424919118,39.25409,-1,-1,-1,-1,30.01978840862869,11.695014,-9999,3583.948127541667,-0.001373291015625,0.1181488037109375,-1.055679321289062,3583.943090541667,-0.02691898035051368,-0.06197989480637082,-0.06251048364285225,1.79461145401001,0.1735501140356064,0.03074290975928307,0.008527913130819798,0.03156979382038116,-0.01953685283660889,XArbitraryZVertical,-0.0316491444106683,-0.03054665174599374,-0.01247785295180589,0.9989542442196037,-0.01336493622511625,-0.003966652788221836,-0.9999028444290161,0,0,0,-1,-1,3583.388986375001,walking,2,2026-04-24T18:35:26.531+02:00,2026-04-24T18:20:19.173+02:00,16,0.7102333,0,0,12.45568,0,0,2026-04-24T18:28:28.837+02:00,798741326.6298088,0,1.96,101.5417,1,0.85,0
2026-04-24T18:35:27.111+02:00,1777048522.815582,53.56898963022433,9.882980424919118,39.25409,-1,-1,-1,-1,30.01978840862869,11.695014,-9999,3583.958202541667,-0.004730224609375,0.08905029296875,-1.033294677734375,3583.953165541667,-0.02533418950262647,-0.06000467341413113,-0.04366095226232176,1.925350785255432,0.1915789246559143,0.05016800761222839,0.009404807351529598,0.1268727034330368,-0.06030970811843872,XArbitraryZVertical,-0.02219705233309498,-0.02971190660375957,-0.01200327599424579,0.999239937170468,-0.01147998869419098,-0.02286880277097225,-0.999672532081604,0,0,0,-1,-1,3583.388986375001,walking,2,2026-04-24T18:35:26.531+02:00,2026-04-24T18:20:19.173+02:00,16,0.7102333,0,0,12.45568,0,0,2026-04-24T18:28:28.837+02:00,798741326.6298088,0,1.96,101.5417,1,0.85,0
2026-04-24T18:35:27.115+02:00,1777048522.815582,53.56898963022433,9.882980424919118,39.25409,-1,-1,-1,-1,30.01978840862869,11.695014,-9999,3583.968277541667,-0.008941650390625,-0.003265380859375,-0.9798583984375,3583.963239541667,-0.02386599353311809,-0.05808209527631463,-0.02518935510701742,1.700243830680847,0.1820559948682785,0.0176004096865654,0.00644732266664505,0.1556835621595383,-0.04718273878097534,XArbitraryZVertical,-0.01293459983214306,-0.02888237375307695,-0.01156106031306288,0.999432277282444,-0.009621137753129005,-0.04137998074293137,-0.9990971684455872,0,0,0,-1,-1,3583.388986375001,walking,2,2026-04-24T18:35:26.531+02:00,2026-04-24T18:20:19.173+02:00,16,0.7102333,0,0,12.45568,0,0,2026-04-24T18:28:28.837+02:00,798741326.6298088,0,1.96,101.5417,1,0.85,0
2026-04-24T18:35:27.124+02:00,1777048522.815582,53.56898963022433,9.882980424919118,39.25409,-1,-1,-1,-1,30.01978840862869,11.695014,-9999,3583.978351541667,-0.0128631591796875,-0.0898284912109375,-0.9188079833984375,3583.973314541667,-0.02301489520027667,-0.05629015703758164,-0.01037686554719354,1.238288998603821,0.1662847548723221,-0.01193857379257679,0.001590624451637268,0.1024326086044312,-0.01165151596069336,XArbitraryZVertical,-0.005509835054771892,-0.0280794406688755,-0.01135648225929763,0.9995259884656604,-0.007846714928746223,-0.05619849264621735,-0.9983887672424316,0,0,0,-1,-1,3583.388986375001,walking,2,2026-04-24T18:35:26.531+02:00,2026-04-24T18:20:19.173+02:00,16,0.7102333,0,0,12.45568,0,0,2026-04-24T18:28:28.837+02:00,798741326.6298088,0,1.96,101.5417,1,0.85,0
2026-04-24T18:35:27.134+02:00,1777048522.815582,53.56898963022433,9.882980424919118,39.25409,-1,-1,-1,-1,30.01978840862869,11.695014,-9999,3583.988426541667,-0.01568603515625,-0.15704345703125,-0.9010009765625,3583.983389541667,-0.02264723362481301,-0.05459395481138568,0.0001572651350863653,0.889706015586853,0.1746473461389542,-0.03122025728225708,-0.00476768147200346,0.01746272295713425,0.05016690492630005,XArbitraryZVertical,-0.0002304572420161771,-0.02729272627746728,-0.01132130180829337,0.9995633989368028,-0.006142338737845421,-0.06671810150146484,-0.9977529644966125,0,0,0,-1,-1,3583.388986375001,walking,2,2026-04-24T18:35:26.531+02:00,2026-04-24T18:20:19.173+02:00,16,0.7102333,0,0,12.45568,0,0,2026-04-24T18:28:28.837+02:00,798741326.6298088,0,1.96,101.5417,1,0.85,0
2026-04-24T18:35:27.145+02:00,1777048522.815582,53.56898963022433,9.882980424919118,39.25409,-1,-1,-1,-1,30.01978840862869,11.695014,-9999,3583.998500541667,-0.020172119140625,-0.15631103515625,-0.9303131103515625,3583.993463541667,-0.02257885078484547,-0.05293618782578653,0.008455594384236539,0.7764678597450256,0.1565652787685394,-0.04353205114603043,-0.009606868028640747,-0.05219287425279617,0.09789764881134033,XArbitraryZVertical,0.003927268567151479,-0.02651079038717528,-0.01139701101811858,0.999575907744504,-0.004461722448468208,-0.07498914748430252,-0.9971743822097778,0,0,0,-1,-1,3583.388986375001,walking,2,2026-04-24T18:35:26.531+02:00,2026-04-24T18:20:19.173+02:00,16,0.7102333,0,0,12.45568,0,0,2026-04-24T18:28:28.837+02:00,798741326.6298088,0,1.96,101.5417,1,0.85,0
2026-04-24T18:35:27.155+02:00,1777048522.815582,53.56898963022433,9.882980424919118,39.25409,-1,-1,-1,-1,30.01978840862869,11.695014,-9999,3584.008575541667,-0.0094757080078125,-0.0772705078125,-0.94744873046875,3584.003538541667,-0.0226279676704231,-0.05137436044884894,0.01642097146998203,0.8235548734664917,0.1566339880228043,-0.04339143633842468,-0.01518238056451082,-0.08651567995548248,0.07617264986038208,XArbitraryZVertical,0.007916583392952732,-0.02577470624967557,-0.01152049435457868,0.9995700163504279,-0.002868753392249346,-0.08291792124509811,-0.9965522289276123,0,0,0,-1,-1,3583.388986375001,walking,2,2026-04-24T18:35:26.531+02:00,2026-04-24T18:20:19.173+02:00,16,0.7102333,0,0,12.45568,0,0,2026-04-24T18:28:28.837+02:00,798741326.6298088,0,1.96,101.5417,1,0.85,0
2026-04-24T18:35:27.165+02:00,1777048522.815582,53.56898963022433,9.882980424919118,39.25409,-1,-1,-1,-1,30.01978840862869,11.695014,-9999,3584.018650541667,0.0089874267578125,-0.032073974609375,-1.00250244140625,3584.013612541667,-0.0225238860964325,-0.04979858392177286,0.02531680065455145,0.9359210729598999,0.160782665014267,-0.02377459406852722,-0.01640303060412407,-0.02782406657934189,0.06368064880371094,XArbitraryZVertical,0.01237297817396606,-0.02503565100092625,-0.0115724354600077,0.9995430791167351,-0.001266632694751024,-0.09177433699369431,-0.9957790374755859,0,0,0,-1,-1,3583.388986375001,walking,2,2026-04-24T18:35:26.531+02:00,2026-04-24T18:20:19.173+02:00,16,0.7102333,0,0,12.45568,0,0,2026-04-24T18:28:28.837+02:00,798741326.6298088,0,1.96,101.5417,1,0.85,0
2026-04-24T18:35:27.175+02:00,1777048522.815582,53.56898963022433,9.882980424919118,39.25409,-1,-1,-1,-1,30.01978840862869,11.695014,-9999,3584.028724541667,0.010345458984375,-0.0435791015625,-1.015304565429688,3584.023687541667,-0.02225655495800492,-0.04815528566266501,0.03500751327726465,0.9836664795875549,0.1665036678314209,-0.01935221441090107,0.0004879968182649463,0.05547700077295303,0.01797580718994141,XArbitraryZVertical,0.01722883583613876,-0.02426485406274818,-0.0115444789286989,0.9994904302845914,0.0003970264515373856,-0.1014212295413017,-0.9948434829711914,0,0,0,-1,-1,3583.388986375001,walking,2,2026-04-24T18:35:26.531+02:00,2026-04-24T18:20:19.173+02:00,16,0.7102333,0,0,12.45568,0,0,2026-04-24T18:28:28.837+02:00,798741326.6298088,0,1.96,101.5417,1,0.85,0
2026-04-24T18:35:27.186+02:00,1777048522.815582,53.56898963022433,9.882980424919118,39.25409,-1,-1,-1,-1,30.01978840862869,11.695014,-9999,3584.038799541667,-0.000823974609375,-0.085113525390625,-1.00457763671875,3584.033762541667,-0.0219838519532958,-0.04645327143201605,0.04497377498891435,0.9850004911422729,0.1707532703876495,-0.02113093994557858,0.009658423252403736,0.07933466136455536,-0.02044022083282471,XArbitraryZVertical,0.0222223577707228,-0.0234643558918037,-0.01150813448004246,0.9994113606565789,0.002121375408023596,-0.1113323569297791,-0.9937809705734253,0,0,0,-1,-1,3583.388986375001,walking,2,2026-04-24T18:35:26.531+02:00,2026-04-24T18:20:19.173+02:00,16,0.7102333,0,0,12.45568,0,0,2026-04-24T18:28:28.837+02:00,798741326.6298088,0,1.96,101.5417,1,0.85,0
2026-04-24T18:35:27.207+02:00,1777048522.815582,53.56898963022433,9.882980424919118,39.25409,-1,-1,-1,-1,30.01978840862869,11.695014,-9999,3584.048874541667,-0.009307861328125,-0.1153564453125,-0.9746856689453125,3584.043836541667,-0.02179787553295423,-0.0447502625798628,0.05469319680568385,0.9431501626968384,0.174158126115799,-0.02830669470131397,0.001076651737093925,0.05877342075109482,-0.01864445209503174,XArbitraryZVertical,0.02709097192227224,-0.02266150078122661,-0.01150363936479018,0.9993099151932839,0.00385195086710155,-0.1209835186600685,-0.9926470518112183,0,0,0,-1,-1,3583.388986375001,walking,2,2026-04-24T18:35:26.531+02:00,2026-04-24T18:20:19.173+02:00,16,0.7102333,0,0,12.45568,0,0,2026-04-24T18:28:28.837+02:00,798741326.6298088,0,1.96,101.5417,1,0.85,0
2026-04-24T18:35:27.208+02:00,1777048522.815582,53.56898963022433,9.882980424919118,39.25409,-1,-1,-1,-1,30.01978840862869,11.695014,-9999,3584.058948541667,-0.0102996826171875,-0.115875244140625,-0.970550537109375,3584.053911541667,-0.02175102041181346,-0.04299240784453877,0.06401386118859902,0.9019656777381897,0.1757839918136597,-0.04029517993330956,-0.0113050751388073,0.02620247006416321,0.0002731680870056152,XArbitraryZVertical,0.03175853886801993,-0.02183021264122979,-0.0115550300993198,0.9991903881377608,0.005644077900797129,-0.1302216500043869,-0.9914688467979431,0,0,0,-1,-1,3583.388986375001,walking,2,2026-04-24T18:35:26.531+02:00,2026-04-24T18:20:19.173+02:00,16,0.7102333,0,0,12.45568,0,0,2026-04-24T18:28:28.837+02:00,798741326.6298088,0,1.96,101.5417,1,0.85,0
2026-04-24T18:35:27.226+02:00,1777048522.815582,53.56898963022433,9.882980424919118,39.25409,-1,-1,-1,-1,30.01978840862869,11.695014,-9999,3584.069023541667,-0.0068359375,-0.1155853271484375,-0.97320556640625,3584.063985541667,-0.02190105961129075,-0.04124172543950091,0.07275659263269219,0.8237358927726746,0.1705785691738129,-0.05914177373051643,-0.01818045228719711,0.0211610347032547,0.02249437570571899,XArbitraryZVertical,0.03613471871553136,-0.02100270343548235,-0.01169062693810037,0.999057871177629,0.007438278757035732,-0.1388673633337021,-0.9902830719947815,0,0,0,-1,-1,3583.388986375001,walking,2,2026-04-24T18:35:26.531+02:00,2026-04-24T18:20:19.173+02:00,16,0.7102333,0,0,12.45568,0,0,2026-04-24T18:28:28.837+02:00,798741326.6298088,0,1.96,101.5417,1,0.85,0
2026-04-24T18:35:27.233+02:00,1777048522.815582,53.56898963022433,9.882980424919118,39.25409,-1,-1,-1,-1,30.01978840862869,11.695014,-9999,3584.079097541667,-0.0042572021484375,-0.1318511962890625,-0.983062744140625,3584.074060541667,-0.02224188204130724,-0.03948883856415836,0.08071662017168475,0.7578091025352478,0.1765871942043304,-0.07121068239212036,-0.01806118525564671,0.03255373239517212,0.01634132862091064,XArbitraryZVertical,0.04011761570520943,-0.0201744429810021,-0.0119060240357316,0.9989203668150585,0.009241619147360325,-0.1467200070619583,-0.9891349077224731,0,0,0,-1,-1,3583.388986375001,walking,2,2026-04-24T18:35:26.531+02:00,2026-04-24T18:20:19.173+02:00,16,0.7102333,0,0,12.45568,0,0,2026-04-24T18:28:28.837+02:00,798741326.6298088,0,1.96,101.5417,1,0.85,0
2026-04-24T18:35:27.235+02:00,1777048522.815582,53.56898963022433,9.882980424919118,39.25409,-1,-1,-1,-1,30.01978840862869,11.695014,-9999,3584.089172541667,-0.005340576171875,-0.147918701171875,-0.9931793212890625,3584.084135541667,-0.02267950708437967,-0.03771649592044713,0.08811126097238264,0.7013048529624939,0.1685958504676819,-0.07252908498048782,-0.01570432633161545,0.03244927525520325,0.01185828447341919,XArbitraryZVertical,0.04381709026157821,-0.01933693858755012,-0.01215693258337807,0.9987785469830066,0.01106566749513149,-0.1540007889270782,-0.9880087375640869,0,0,0,-1,-1,3583.388986375001,walking,2,2026-04-24T18:35:26.531+02:00,2026-04-24T18:20:19.173+02:00,16,0.7102333,0,0,12.45568,0,0,2026-04-24T18:28:28.837+02:00,798741326.6298088,0,1.96,101.5417,1,0.85,0
2026-04-24T18:35:27.245+02:00,1777048522.815582,53.56898963022433,9.882980424919118,39.25409,-1,-1,-1,-1,30.01978840862869,11.695014,-9999,3584.099247541667,-0.003814697265625,-0.1459503173828125,-0.9902496337890625,3584.094209541667,-0.02318143717623923,-0.03601712161836437,0.09501872305357312,0.6750410199165344,0.1651164293289185,-0.07392457872629166,-0.01692169159650803,0.01830321550369263,-0.004732728004455566,XArbitraryZVertical,0.04727211777567714,-0.01853641820032971,-0.01243065267204145,0.9986327261919478,0.01281709130853415,-0.1607898026704788,-0.9869054555892944,0,0,0,-1,-1,3583.388986375001,walking,2,2026-04-24T18:35:26.531+02:00,2026-04-24T18:20:19.173+02:00,16,0.7102333,0,0,12.45568,0,0,2026-04-24T18:28:28.837+02:00,798741326.6298088,0,1.96,101.5417,1,0.85,0
2026-04-24T18:35:27.255+02:00,1777048522.815582,53.56898963022433,9.882980424919118,39.25409,-1,-1,-1,-1,30.01978840862869,11.695014,-9999,3584.109321541667,-0.0025787353515625,-0.151611328125,-1.003631591796875,3584.104284541667,-0.02368008245186244,-0.03429993991038573,0.1018652014042895,0.6704896092414856,0.1614276766777039,-0.07200098037719727,-0.02030541002750397,0.01980617642402649,-0.002961456775665283,XArbitraryZVertical,0.05069674753336725,-0.01772836999059749,-0.01269568249030959,0.9984760609989217,0.01458337809890509,-0.1675112694501877,-0.9857622981071472,0,0,0,-1,-1,3583.388986375001,walking,2,2026-04-24T18:35:26.531+02:00,2026-04-24T18:20:19.173+02:00,16,0.7102333,0,0,12.45568,0,0,2026-04-24T18:28:28.837+02:00,798741326.6298088,0,1.96,101.5417,1,0.85,0
2026-04-24T18:35:27.265+02:00,1777048522.815582,53.56898963022433,9.882980424919118,39.25409,-1,-1,-1,-1,30.01978840862869,11.695014,-9999,3584.119396541667,-0.00286865234375,-0.1570281982421875,-0.9884185791015625,3584.114359541667,-0.02419944450847599,-0.03265978963995873,0.1084844440181985,0.637796938419342,0.1573788821697235,-0.07219193130731583,-0.01943004690110683,0.02620376646518707,-0.0146564245223999,XArbitraryZVertical,0.05400714772492388,-0.01695985004113213,-0.01296525235441057,0.9983123188286577,0.01627149246633053,-0.1740004122257233,-0.9846111536026001,0,0,0,-1,-1,3583.388986375001,walking,2,2026-04-24T18:35:26.531+02:00,2026-04-24T18:20:19.173+02:00,16,0.7102333,0,0,12.45568,0,0,2026-04-24T18:28:28.837+02:00,798741326.6298088,0,1.96,101.5417,1,0.85,0
2026-04-24T18:35:27.276+02:00,1777048522.815582,53.56898963022433,9.882980424919118,39.25409,-1,-1,-1,-1,30.01978840862869,11.695014,-9999,3584.129470541667,0.0026397705078125,-0.178924560546875,-0.9787750244140625,3584.124433541667,-0.02470735552183706,-0.03109943888744005,0.1146488726506456,0.5753692984580994,0.1404339820146561,-0.07023131102323532,-0.02034731581807137,0.02596767246723175,-0.01342004537582397,XArbitraryZVertical,0.05708997869158202,-0.01623004320314261,-0.01322236747712442,0.9981495585649154,0.01787540502846241,-0.1800356805324554,-0.9834976196289062,0,0,0,-1,-1,3583.388986375001,walking,2,2026-04-24T18:35:26.531+02:00,2026-04-24T18:20:19.173+02:00,16,0.7102333,0,0,12.45568,0,0,2026-04-24T18:28:28.837+02:00,798741326.6298088,0,1.96,101.5417,1,0.85,0
2026-04-24T18:35:27.286+02:00,1777048522.815582,53.56898963022433,9.882980424919118,39.25409,-1,-1,-1,-1,30.01978840862869,11.695014,-9999,3584.139545541667,0.0081787109375,-0.2042388916015625,-0.961578369140625,3584.134508541667,-0.02528223760729775,-0.02970310911659077,0.1200586758499302,0.498130738735199,0.1284383088350296,-0.07213360816240311,-0.02026213891804218,0.01983872056007385,-0.0006049275398254395,XArbitraryZVertical,0.05979449165875373,-0.01558135253763495,-0.01350751129021044,0.9979977007232129,0.01931610889732838,-0.1853203028440475,-0.9824883341789246,0,0,0,-1,-1,3583.388986375001,walking,2,2026-04-24T18:35:26.531+02:00,2026-04-24T18:20:19.173+02:00,16,0.7102333,0,0,12.45568,0,0,2026-04-24T18:28:28.837+02:00,798741326.6298088,0,1.96,101.5417,1,0.85,0
2026-04-24T18:35:27.296+02:00,1777048522.815582,53.56898963022433,9.882980424919118,39.25409,-1,-1,-1,-1,30.01978840862869,11.695014,-9999,3584.149620541667,0.01171875,-0.2157135009765625,-0.9577484130859375,3584.144582541667,-0.02585452793943915,-0.02837652955220265,0.1248085422556517,0.4404192268848419,0.1161416992545128,-0.06981618702411652,-0.01402978226542473,-0.002765953540802002,0.01041454076766968,XArbitraryZVertical,0.06216924068669186,-0.01496507813775941,-0.01378517297803063,0.9978582126954618,0.02068262733519077,-0.1899525672197342,-0.9815753698348999,0,0,0,-1,-1,3583.388986375001,walking,2,2026-04-24T18:35:26.531+02:00,2026-04-24T18:20:19.173+02:00,16,0.7102333,0,0,12.45568,0,0,2026-04-24T18:28:28.837+02:00,798741326.6298088,0,1.96,101.5417,1,0.85,0
2026-04-24T18:35:27.306+02:00,1777048522.815582,53.56898963022433,9.882980424919118,39.25409,-1,-1,-1,-1,30.01978840862869,11.695014,-9999,3584.159694541667,0.0201873779296875,-0.2092437744140625,-0.947052001953125,3584.154657541667,-0.02641973155749945,-0.02720533493400531,0.1289380713674903,0.3790916800498962,0.1033856868743896,-0.06334604322910309,-0.01317842863500118,-0.0189632922410965,0.02249538898468018,XArbitraryZVertical,0.06423349976210081,-0.01442374003906046,-0.01405706038193211,0.9977316467531644,0.02189121022820473,-0.193973109126091,-0.9807625412940979,0,0,0,-1,-1,3583.388986375001,walking,2,2026-04-24T18:35:26.531+02:00,2026-04-24T18:20:19.173+02:00,16,0.7102333,0,0,12.45568,0,0,2026-04-24T18:28:28.837+02:00,798741326.6298088,0,1.96,101.5417,1,0.85,0
2026-04-24T18:35:27.316+02:00,1777048522.815582,53.56898963022433,9.882980424919118,39.25409,-1,-1,-1,-1,30.01978840862869,11.695014,-9999,3584.169769541667,0.030181884765625,-0.209136962890625,-0.9473114013671875,3584.164732541667,-0.02691550031200623,-0.02615327076755045,0.1325494210186601,0.3328813910484314,0.09167630225419998,-0.05657541751861572,-0.007715512067079544,-0.01665547490119934,0.02659100294113159,XArbitraryZVertical,0.06603896121211535,-0.0139375268920184,-0.01429256518977344,0.9976173072018292,0.02297431416809559,-0.1974863708019257,-0.9800363779067993,0,0,0,-1,-1,3583.388986375001,walking,2,2026-04-24T18:35:26.531+02:00,2026-04-24T18:20:19.173+02:00,16,0.7102333,0,0,12.45568,0,0,2026-04-24T18:28:28.837+02:00,798741326.6298088,0,1.96,101.5417,1,0.85,0
2026-04-24T18:35:27.326+02:00,1777048522.815582,53.56898963022433,9.882980424919118,39.25409,-1,-1,-1,-1,30.01978840862869,11.695014,-9999,3584.179843541667,0.0321807861328125,-0.2146759033203125,-0.9454193115234375,3584.174806541667,-0.02738813432810362,-0.02526360344666005,0.1355026928626385,0.2448564469814301,0.07307492196559906,-0.05076706036925316,0.002078147605061531,-0.007409378886222839,0.03425699472427368,XArbitraryZVertical,0.06751520012423178,-0.01352828259823187,-0.0145161958454416,0.9975209609132992,0.02389232441782951,-0.2003543078899384,-0.9794321656227112,0,0,0,-1,-1,3583.388986375001,walking,2,2026-04-24T18:35:26.531+02:00,2026-04-24T18:20:19.173+02:00,16,0.7102333,0,0,12.45568,0,0,2026-04-24T18:28:28.837+02:00,798741326.6298088,0,1.96,101.5417,1,0.85,0
2026-04-24T18:35:27.336+02:00,1777048522.815582,53.56898963022433,9.882980424919118,39.25409,-1,-1,-1,-1,30.01978840862869,11.695014,-9999,3584.189918541667,0.0372772216796875,-0.2216949462890625,-0.94183349609375,3584.184881541667,-0.02779962645619063,-0.02456664311285255,0.137559577762125,0.1619108021259308,0.05481761693954468,-0.03757582604885101,0.007568467408418655,-0.01065069437026978,0.0300300121307373,XArbitraryZVertical,0.06854342382082275,-0.01320795604114859,-0.01470953064920971,0.9974522943221411,0.02461233362555504,-0.2023467421531677,-0.9790046215057373,0,0,0,-1,-1,3583.388986375001,walking,2,2026-04-24T18:35:26.531+02:00,2026-04-24T18:20:19.173+02:00,16,0.7102333,0,0,12.45568,0,0,2026-04-24T18:28:28.837+02:00,798741326.6298088,0,1.96,101.5417,1,0.85,0
2026-04-24T18:35:27.346+02:00,1777048522.815582,53.56898963022433,9.882980424919118,39.25409,-1,-1,-1,-1,30.01978840862869,11.695014,-9999,3584.199993541667,0.0406646728515625,-0.240203857421875,-0.949249267578125,3584.194955541667,-0.02813814356143364,-0.02403108798567918,0.138861309059464,0.09468222409486771,0.05007505789399147,-0.03496167063713074,0.008403975516557693,-0.01270513236522675,0.0366981029510498,XArbitraryZVertical,0.06919437716473967,-0.01296105653855329,-0.01486717199659247,0.9974082546808868,0.02516537345945835,-0.2036034911870956,-0.9787299633026123,0,0,0,-1,-1,3583.388986375001,walking,2,2026-04-24T18:35:26.531+02:00,2026-04-24T18:20:19.173+02:00,16,0.7102333,0,0,12.45568,0,0,2026-04-24T18:28:28.837+02:00,798741326.6298088,0,1.96,101.5417,1,0.85,0
2026-04-24T18:35:27.356+02:00,1777048522.815582,53.56898963022433,9.882980424919118,39.25409,-1,-1,-1,-1,30.01978840862869,11.695014,-9999,3584.210067541667,0.039337158203125,-0.2394561767578125,-0.95703125,3584.205030541667,-0.02847504415857075,-0.023543341478671,0.139646318824909,0.06163985282182693,0.03642156347632408,-0.03556780517101288,0.01360734924674034,-0.02701422572135925,0.03376656770706177,XArbitraryZVertical,0.06958734654323334,-0.01273472345793078,-0.01502253022474826,0.9973815393601202,0.02566878870129585,-0.2043548077344894,-0.9785602688789368,0,0,0,-1,-1,3583.388986375001,walking,2,2026-04-24T18:35:26.531+02:00,2026-04-24T18:20:19.173+02:00,16,0.7102333,0,0,12.45568,0,0,2026-04-24T18:28:28.837+02:00,798741326.6298088,0,1.96,101.5417,1,0.85,0
2026-04-24T18:35:27.366+02:00,1777048522.815582,53.56898963022433,9.882980424919118,39.25409,-1,-1,-1,-1,30.01978840862869,11.695014,-9999,3584.220142541667,0.0457611083984375,-0.222747802734375,-0.9572906494140625,3584.215105541667,-0.02878326960950835,-0.02319123386564741,0.1401857137330055,0.0463264137506485,0.02395104803144932,-0.02945398353040218,0.01301098242402077,-0.03939543664455414,0.023823082447052,XArbitraryZVertical,0.06985705073754862,-0.01257350835535757,-0.01516683664295219,0.9973625194608823,0.02603627368807793,-0.2048672735691071,-0.978443443775177,0,0,0,-1,-1,3583.388986375001,walking,2,2026-04-24T18:35:26.531+02:00,2026-04-24T18:20:19.173+02:00,16,0.7102333,0,0,12.45568,0,0,2026-04-24T18:28:28.837+02:00,798741326.6298088,0,1.96,101.5417,1,0.85,0
2026-04-24T18:35:27.376+02:00,1777048522.815582,53.56898963022433,9.882980424919118,39.25409,-1,-1,-1,-1,30.01978840862869,11.695014,-9999,3584.230217541667,0.05023193359375,-0.218536376953125,-0.9636993408203125,3584.225179541667,-0.02904497390631302,-0.02296903505526971,0.1406196332622394,0.03612091392278671,0.01523478887975216,-0.02626684680581093,0.01507831178605556,-0.02558666467666626,0.02196049690246582,XArbitraryZVertical,0.07007349520804686,-0.01247481102272595,-0.01529184688200203,0.9973466598853792,0.02627301961183548,-0.2052788138389587,-0.978350818157196,0,0,0,-1,-1,3583.388986375001,walking,2,2026-04-24T18:35:26.531+02:00,2026-04-24T18:20:19.173+02:00,16,0.7102333,0,0,12.45568,0,0,2026-04-24T18:28:28.837+02:00,798741326.6298088,0,1.96,101.5417,1,0.85,0
2026-04-24T18:35:27.386+02:00,1777048522.815582,53.56898963022433,9.882980424919118,39.25409,-1,-1,-1,-1,30.01978840862869,11.695014,-9999,3584.240291541667,0.0484619140625,-0.2260589599609375,-0.97381591796875,3584.235254541667,-0.02928489368824002,-0.02280854736844245,0.1409204798209976,0.02336516976356506,0.003701703157275915,-0.02226544730365276,0.02274706028401852,-0.01314295828342438,0.01821905374526978,XArbitraryZVertical,0.0702232648857536,-0.01240526310659327,-0.01540742241723325,0.9973351652926755,0.02644729055464268,-0.2055612951517105,-0.9782868027687073,0,0,0,-1,-1,3583.388986375001,walking,2,2026-04-24T18:35:26.531+02:00,2026-04-24T18:20:19.173+02:00,16,0.7102333,0,0,12.45568,0,0,2026-04-24T18:28:28.837+02:00,798741326.6298088,0,1.96,101.5417,1,0.85,0
2026-04-24T18:35:27.397+02:00,1777048522.815582,53.56898963022433,9.882980424919118,39.25409,-1,-1,-1,-1,30.01978840862869,11.695014,-9999,3584.250366541667,0.0430145263671875,-0.2342681884765625,-0.9719696044921875,3584.245328541667,-0.02952072088805443,-0.02278029730310605,0.1409400503165927,-0.02479926869273186,-0.007321120705455542,-0.02564633078873158,0.02317677810788155,-0.01672101020812988,0.009625613689422607,XArbitraryZVertical,0.07023178302137638,-0.01239959270603822,-0.01552413145967707,0.9973327877355795,0.026490593329072,-0.2055690288543701,-0.9782840013504028,0,0,0,-1,-1,3583.388986375001,walking,2,2026-04-24T18:35:26.531+02:00,2026-04-24T18:20:19.173+02:00,16,0.7102333,0,0,12.45568,0,0,2026-04-24T18:28:28.837+02:00,798741326.6298088,0,1.96,101.5417,1,0.85,0
2026-04-24T18:35:27.407+02:00,1777048522.815582,53.56898963022433,9.882980424919118,39.25409,-1,-1,-1,-1,30.01978840862869,11.695014,-9999,3584.260440541667,0.0391082763671875,-0.231292724609375,-0.970916748046875,3584.255403541667,-0.0297671083213643,-0.02284190121635476,0.1405435440249609,-0.04969263821840286,-0.009362433105707169,-0.02182922139763832,0.01942319050431252,-0.02540601789951324,0.00327146053314209,XArbitraryZVertical,0.0700320409764585,-0.01243618013927713,-0.01564710834218458,0.9973444835310026,0.02644474431872368,-0.2051695585250854,-0.9783691167831421,0,0,0,-1,-1,3583.388986375001,walking,2,2026-04-24T18:35:26.531+02:00,2026-04-24T18:20:19.173+02:00,16,0.7102333,0,0,12.45568,0,0,2026-04-24T18:28:28.837+02:00,798741326.6298088,0,1.96,101.5417,1,0.85,0
2026-04-24T18:35:27.417+02:00,1777048522.815582,53.56898963022433,9.882980424919118,39.25409,-1,-1,-1,-1,30.01978840862869,11.695014,-9999,3584.270515541667,0.0370941162109375,-0.22650146484375,-0.975799560546875,3584.265478541667,-0.02993846964562266,-0.02297340119238092,0.1400199477249559,-0.0527522899210453,-0.02225293219089508,-0.009588133543729782,0.01365309953689575,-0.029481440782547,0.007823944091796875,XArbitraryZVertical,0.06976882665030948,-0.01250405700298625,-0.01573444042782336,0.9973607495960024,0.02632494270801544,-0.2046494334936142,-0.9784812927246094,0,0,0,-1,-1,3583.388986375001,walking,2,2026-04-24T18:35:26.531+02:00,2026-04-24T18:20:19.173+02:00,16,0.7102333,0,0,12.45568,0,0,2026-04-24T18:28:28.837+02:00,798741326.6298088,0,1.96,101.5417,1,0.85,0
2026-04-24T18:35:27.427+02:00,1777048522.815582,53.56898963022433,9.882980424919118,39.25409,-1,-1,-1,-1,30.01978840862869,11.695014,-9999,3584.280590541667,0.0338134765625,-0.2241363525390625,-0.9717254638671875,3584.275552541667,-0.03002274489882465,-0.0232286878734254,0.1394055833457364,-0.07240268588066101,-0.02761600539088249,-0.006536151748150587,0.01280160807073116,-0.02453194558620453,0.005652785301208496,XArbitraryZVertical,0.0694599032790868,-0.01262995251896905,-0.01578213530221849,0.9973799801536271,0.02607779949903488,-0.2040447145700455,-0.9786141514778137,0,0,0,-1,-1,3583.388986375001,walking,2,2026-04-24T18:35:26.531+02:00,2026-04-24T18:20:19.173+02:00,16,0.7102333,0,0,12.45568,0,0,2026-04-24T18:28:28.837+02:00,798741326.6298088,0,1.96,101.5417,1,0.85,0
2026-04-24T18:35:27.437+02:00,1777048522.815582,53.56898963022433,9.882980424919118,39.25409,-1,-1,-1,-1,30.01978840862869,11.695014,-9999,3584.290664541667,0.03143310546875,-0.2195281982421875,-0.980255126953125,3584.285627541667,-0.03012249003622001,-0.02348268722618917,0.1386191333944718,-0.08439446985721588,-0.02969646826386452,-0.005946593824774027,0.009446278214454651,-0.02176573872566223,0.004752218723297119,XArbitraryZVertical,0.06906505279881288,-0.01275449633588612,-0.01583650428340311,0.9974049608497525,0.02583205513656139,-0.2032708823680878,-0.9787817001342773,0,0,0,-1,-1,3583.388986375001,walking,2,2026-04-24T18:35:26.531+02:00,2026-04-24T18:20:19.173+02:00,16,0.7102333,0,0,12.45568,0,0,2026-04-24T18:28:28.837+02:00,798741326.6298088,0,1.96,101.5417,1,0.85,0
2026-04-24T18:35:27.447+02:00,1777048522.815582,53.56898963022433,9.882980424919118,39.25409,-1,-1,-1,-1,30.01978840862869,11.695014,-9999,3584.300739541667,0.0275726318359375,-0.2167205810546875,-0.9781036376953125,3584.295702541667,-0.03017303560300653,-0.02382787215235102,0.137663453855246,-0.1125345006585121,-0.03863083943724632,-0.0004152085166424513,0.007786521688103676,-0.02055136859416962,0.0048484206199646,XArbitraryZVertical,0.06858537416607843,-0.01292158811124306,-0.01586845031945116,0.9974353932790105,0.02549291215837002,-0.2023337781429291,-0.9789847731590271,0,0,0,-1,-1,3583.388986375001,walking,2,2026-04-24T18:35:26.531+02:00,2026-04-24T18:20:19.173+02:00,16,0.7102333,0,0,12.45568,0,0,2026-04-24T18:28:28.837+02:00,798741326.6298088,0,1.96,101.5417,1,0.85,0
2026-04-24T18:35:27.457+02:00,1777048522.815582,53.56898963022433,9.882980424919118,39.25409,-1,-1,-1,-1,30.01978840862869,11.695014,-9999,3584.310813541667,0.022735595703125,-0.2194976806640625,-0.969512939453125,3584.305776541667,-0.03018961089833777,-0.02424986387674248,0.1363126499457877,-0.1512517482042313,-0.04541657492518425,0.002597492188215256,0.004390459507703781,-0.01645669341087341,-0.00255882740020752,XArbitraryZVertical,0.06790821539374872,-0.01312300133910029,-0.01588371641601101,0.997478850022086,0.02507427521049976,-0.2010115832090378,-0.9792678952217102,0,0,0,-1,-1,3583.388986375001,walking,2,2026-04-24T18:35:26.531+02:00,2026-04-24T18:20:19.173+02:00,16,0.7102333,0,0,12.45568,0,0,2026-04-24T18:28:28.837+02:00,798741326.6298088,0,1.96,101.5417,1,0.85,0
2026-04-24T18:35:27.467+02:00,1777048522.815582,53.56898963022433,9.882980424919118,39.25409,-1,-1,-1,-1,30.01978840862869,11.695014,-9999,3584.320888541667,0.016510009765625,-0.216033935546875,-0.971221923828125,3584.315851541667,-0.03016885577931831,-0.02465262622536812,0.1346722713763182,-0.1722920536994934,-0.0348598025739193,0.008984019048511982,0.0007660239934921265,-0.01836603879928589,0.007117688655853271,XArbitraryZVertical,0.06708699197196838,-0.01331151210190614,-0.01587779259602973,0.9975319973737405,0.02467039227485657,-0.1994074136018753,-0.9796060919761658,0,0,0,-1,-1,3583.388986375001,walking,2,2026-04-24T18:35:26.531+02:00,2026-04-24T18:20:19.173+02:00,16,0.7102333,0,0,12.45568,0,0,2026-04-24T18:28:28.837+02:00,798741326.6298088,0,1.96,101.5417,1,0.85,0
2026-04-24T18:35:27.477+02:00,1777048522.815582,53.56898963022433,9.882980424919118,39.25409,-1,-1,-1,-1,30.01978840862869,11.695014,-9999,3584.330963541667,0.014892578125,-0.206329345703125,-0.974609375,3584.325925541667,-0.03006129680362307,-0.02501380398739279,0.1329393293750712,-0.1702609211206436,-0.03544916212558746,0.01926062442362309,-0.004311839118599892,-0.02100321650505066,0.01108598709106445,XArbitraryZVertical,0.06622047476477126,-0.01347577960764824,-0.01582632133486653,0.9975884487401772,0.02430086769163609,-0.1977162659168243,-0.9799580574035645,0,0,0,-1,-1,3583.388986375001,walking,2,2026-04-24T18:35:26.531+02:00,2026-04-24T18:20:19.173+02:00,16,0.7102333,0,0,12.45568,0,0,2026-04-24T18:28:28.837+02:00,798741326.6298088,0,1.96,101.5417,1,0.85,0
2026-04-24T18:35:27.487+02:00,1777048522.815582,53.56898963022433,9.882980424919118,39.25409,-1,-1,-1,-1,30.01978840862869,11.695014,-9999,3584.341037541667,0.0151214599609375,-0.196807861328125,-0.9706573486328125,3584.336000541667,-0.02990779245218518,-0.02539291612733539,0.1312424178688757,-0.1658752262592316,-0.03741111233830452,0.01776366122066975,-0.008514599874615669,-0.01540951430797577,0.005751609802246094,XArbitraryZVertical,0.06537206862822192,-0.01364784825779649,-0.01575239648593957,0.997643233333934,0.02391073480248451,-0.1960620582103729,-0.9802999496459961,0,0,0,-1,-1,3583.388986375001,walking,2,2026-04-24T18:35:26.531+02:00,2026-04-24T18:20:19.173+02:00,16,0.7102333,0,0,12.45568,0,0,2026-04-24T18:28:28.837+02:00,798741326.6298088,0,1.96,101.5417,1,0.85,0
2026-04-24T18:35:27.498+02:00,1777048522.815582,53.56898963022433,9.882980424919118,39.25409,-1,-1,-1,-1,30.01978840862869,11.695014,-9999,3584.351112541667,0.016265869140625,-0.185455322265625,-0.97039794921875,3584.346075541667,-0.02978269543207639,-0.02574854483156106,0.1296264600974343,-0.1547773629426956,-0.02944160439074039,0.01552667282521725,-0.007585020735859871,-0.007281750440597534,0.007997095584869385,XArbitraryZVertical,0.06456401447115234,-0.01380982710676079,-0.01569202435505777,0.9976946013947789,0.02354572899639606,-0.1944852322340012,-0.9806228280067444,0,0,0,-1,-1,3583.388986375001,walking,2,2026-04-24T18:35:26.531+02:00,2026-04-24T18:20:19.173+02:00,16,0.7102333,0,0,12.45568,0,0,2026-04-24T18:28:28.837+02:00,798741326.6298088,0,1.96,101.5417,1,0.85,0
2026-04-24T18:35:27.507+02:00,1777048522.815582,53.56898963022433,9.882980424919118,39.25409,-1,-1,-1,-1,30.01978840862869,11.695014,-9999,3584.361187541667,0.0149993896484375,-0.1774139404296875,-0.9754486083984375,3584.356149541667,-0.0296576787825422,-0.02606771729204624,0.1281432923728547,-0.1414197385311127,-0.02794064395129681,0.01481001637876034,-0.007088443264365196,0.002608329057693481,0.01216655969619751,XArbitraryZVertical,0.06382247037190546,-0.01395465865661576,-0.01563102666260651,0.9977412945121433,0.02321699820458889,-0.1930380314588547,-0.9809165596961975,0,0,0,-1,-1,3583.388986375001,walking,2,2026-04-24T18:35:26.531+02:00,2026-04-24T18:20:19.173+02:00,16,0.7102333,0,0,12.45568,0,0,2026-04-24T18:28:28.837+02:00,798741326.6298088,0,1.96,101.5417,1,0.85,0
2026-04-24T18:35:27.517+02:00,1777048522.815582,53.56898963022433,9.882980424919118,39.25409,-1,-1,-1,-1,30.01978840862869,11.695014,-9999,3584.371261541667,0.01416015625,-0.1743621826171875,-0.9747314453125,3584.366224541667,-0.02955689240661746,-0.02633714680436315,0.1267716062025906,-0.1230433359742165,-0.01769386604428291,0.01339680980890989,-0.006886843591928482,0.01156848669052124,0.008575260639190674,XArbitraryZVertical,0.06313674850838573,-0.01407631403234519,-0.01558097841707755,0.9977839993526625,0.02293910458683968,-0.1916985064744949,-0.9811857342720032,0,0,0,-1,-1,3583.388986375001,walking,2,2026-04-24T18:35:26.531+02:00,2026-04-24T18:20:19.173+02:00,16,0.7102333,0,0,12.45568,0,0,2026-04-24T18:28:28.837+02:00,798741326.6298088,0,1.96,101.5417,1,0.85,0
2026-04-24T18:35:27.527+02:00,1777048522.815582,53.56898963022433,9.882980424919118,39.25409,-1,-1,-1,-1,30.01978840862869,11.695014,-9999,3584.381336541667,0.0149383544921875,-0.1710205078125,-0.9828338623046875,3584.376298541667,-0.0294529959982029,-0.02651932422419234,0.1257433776675777,-0.08158031105995178,-0.01763261295855045,0.0120095694437623,-0.008206641301512718,0.01450227200984955,0.006562650203704834,XArbitraryZVertical,0.06262306734762692,-0.01415679550153568,-0.01552857098187073,0.9978160775428434,0.02274828217923641,-0.1906955242156982,-0.9813856482505798,0,0,0,-1,-1,3583.388986375001,walking,2,2026-04-24T18:35:26.531+02:00,2026-04-24T18:20:19.173+02:00,16,0.7102333,0,0,12.45568,0,0,2026-04-24T18:28:28.837+02:00,798741326.6298088,0,1.96,101.5417,1,0.85,0
2026-04-24T18:35:27.537+02:00,1777048522.815582,53.56898963022433,9.882980424919118,39.25409,-1,-1,-1,-1,30.01978840862869,11.695014,-9999,3584.391410541667,0.0204010009765625,-0.1649627685546875,-0.98590087890625,3584.386373541667,-0.02938736738767113,-0.02671936600753909,0.1250266369909582,-0.06274387985467911,-0.01854314841330051,0.004307308234274387,-0.008292265236377716,0.01654925942420959,0.003239274024963379,XArbitraryZVertical,0.06226437846316166,-0.014249587339803,-0.01549764330210846,0.9978377326227826,0.02254398912191391,-0.1899959295988083,-0.9815260171890259,0,0,0,-1,-1,3583.388986375001,walking,2,2026-04-24T18:35:26.531+02:00,2026-04-24T18:20:19.173+02:00,16,0.7102333,0,0,12.45568,0,0,2026-04-24T18:28:28.837+02:00,798741326.6298088,0,1.96,101.5417,1,0.85,0
2026-04-24T18:35:27.548+02:00,1777048522.815582,53.56898963022433,9.882980424919118,39.25409,-1,-1,-1,-1,30.01978840862869,11.695014,-9999,3584.401485541667,0.0241851806640625,-0.16583251953125,-0.9880523681640625,3584.396448541667,-0.02939317926008591,-0.02694460277714262,0.1244886992410907,-0.04872846603393555,-0.02442420646548271,-0.001602778676897287,-0.004879726096987724,0.02185030281543732,-0.004252493381500244,XArbitraryZVertical,0.06199420230513435,-0.01435842598788155,-0.01550418721731761,0.9978527801038973,0.02232053689658642,-0.189468115568161,-0.9816331267356873,0,0,0,-1,-1,3583.388986375001,walking,2,2026-04-24T18:35:26.531+02:00,2026-04-24T18:20:19.173+02:00,16,0.7102333,0,0,12.45568,0,0,2026-04-24T18:28:28.837+02:00,798741326.6298088,0,1.96,101.5417,1,0.85,0
2026-04-24T18:35:27.558+02:00,1777048522.815582,53.56898963022433,9.882980424919118,39.25409,-1,-1,-1,-1,30.01978840862869,11.695014,-9999,3584.411560541667,0.0236663818359375,-0.1734161376953125,-0.9874725341796875,3584.406522541667,-0.02945793569378713,-0.02721995411061134,0.1239918802902856,-0.05202849209308624,-0.03051618672907352,-0.007065854035317898,-0.0002776551991701126,0.02462531626224518,-0.004670679569244385,XArbitraryZVertical,0.0617437129879263,-0.01449437132414122,-0.01554188369516207,0.9978657789334909,0.02205196209251881,-0.1889777481555939,-0.9817337393760681,0,0,0,-1,-1,3583.388986375001,walking,2,2026-04-24T18:35:26.531+02:00,2026-04-24T18:20:19.173+02:00,16,0.7102333,0,0,12.45568,0,0,2026-04-24T18:28:28.837+02:00,798741326.6298088,0,1.96,101.5417,1,0.85,0
2026-04-24T18:35:27.568+02:00,1777048522.815582,53.56898963022433,9.882980424919118,39.25409,-1,-1,-1,-1,30.01978840862869,11.695014,-9999,3584.421634541667,0.020233154296875,-0.1831817626953125,-0.9796600341796875,3584.416597541667,-0.02956346209101764,-0.0275239952014659,0.1233735581806284,-0.06964796781539917,-0.03144882619380951,-0.007408603094518185,0.002763656899333,0.01990912854671478,-0.006804883480072021,XArbitraryZVertical,0.06143206599236705,-0.01464502728734451,-0.01559995681100465,0.9978819029520302,0.02175723016262054,-0.188366174697876,-0.9818578362464905,0,0,0,-1,-1,3583.388986375001,walking,2,2026-04-24T18:35:26.531+02:00,2026-04-24T18:20:19.173+02:00,16,0.7102333,0,0,12.45568,0,0,2026-04-24T18:28:28.837+02:00,798741326.6298088,0,1.96,101.5417,1,0.85,0
2026-04-24T18:35:27.579+02:00,1777048522.815582,53.56898963022433,9.882980424919118,39.25409,-1,-1,-1,-1,30.01978840862869,11.695014,-9999,3584.431709541667,0.020782470703125,-0.18701171875,-0.9815673828125,3584.426672541667,-0.02965455640600219,-0.02781791806473536,0.122682328279703,-0.0674167200922966,-0.02983255498111248,-0.005004700738936663,0.0003643035888671875,0.00834713876247406,-0.001678287982940674,XArbitraryZVertical,0.06108420480605679,-0.01478965659329218,-0.01564995303251181,0.9979003380929036,0.02147103846073151,-0.1876837015151978,-0.9819948077201843,0,0,0,-1,-1,3583.388986375001,walking,2,2026-04-24T18:35:26.531+02:00,2026-04-24T18:20:19.173+02:00,16,0.7102333,0,0,12.45568,0,0,2026-04-24T18:28:28.837+02:00,798741326.6298088,0,1.96,101.5417,1,0.85,0
2026-04-24T18:35:27.588+02:00,1777048522.815582,53.56898963022433,9.882980424919118,39.25409,-1,-1,-1,-1,30.01978840862869,11.695014,-9999,3584.441783541667,0.0227813720703125,-0.18756103515625,-0.9861602783203125,3584.436746541667,-0.02971190162458968,-0.02812715187633796,0.1220326714407627,-0.06280012428760529,-0.03319639340043068,-0.003228372428566217,-0.0001716297119855881,0.0008863210678100586,0.00362318754196167,XArbitraryZVertical,0.06075719663626648,-0.01494116275618542,-0.01568374516032588,0.9979175495598938,0.02116773836314678,-0.1870435625314713,-0.9821235537528992,0,0,0,-1,-1,3583.388986375001,walking,2,2026-04-24T18:35:26.531+02:00,2026-04-24T18:20:19.173+02:00,16,0.7102333,0,0,12.45568,0,0,2026-04-24T18:28:28.837+02:00,798741326.6298088,0,1.96,101.5417,1,0.85,0
2026-04-24T18:35:27.598+02:00,1777048522.815582,53.56898963022433,9.882980424919118,39.25409,-1,-1,-1,-1,30.01978840862869,11.695014,-9999,3584.451858541667,0.0276947021484375,-0.189544677734375,-0.9860076904296875,3584.446821541667,-0.02973993094919419,-0.02844770868440931,0.1215027433853373,-0.04143614321947098,-0.03033109754323959,0.002452749526128173,-0.0003136005252599716,-0.0008709579706192017,-0.002618551254272461,XArbitraryZVertical,0.06049005180400492,-0.01509825627986897,-0.01570394742115589,0.9979310657080065,0.02085194364190102,-0.1865222454071045,-0.9822294116020203,0,0,0,-1,-1,3583.388986375001,walking,2,2026-04-24T18:35:26.531+02:00,2026-04-24T18:20:19.173+02:00,16,0.7102333,0,0,12.45568,0,0,2026-04-24T18:28:28.837+02:00,798741326.6298088,0,1.96,101.5417,1,0.85,0
2026-04-24T18:35:27.608+02:00,1777048522.815582,53.56898963022433,9.882980424919118,39.25409,-1,-1,-1,-1,30.01978840862869,11.695014,-9999,3584.461933541667,0.030517578125,-0.1906585693359375,-0.984375,3584.456895541667,-0.0297108628543572,-0.0287775293462424,0.1211857187418557,-0.02500683628022671,-0.03428775817155838,0.005673842970281839,0.004774721339344978,-0.001821503043174744,-0.003529489040374756,XArbitraryZVertical,0.06032949322760398,-0.01525973397893494,-0.01569728491195805,0.9979384496742116,0.02052436582744122,-0.186212569475174,-0.9822950959205627,0,0,0,-1,-1,3583.388986375001,walking,2,2026-04-24T18:35:26.531+02:00,2026-04-24T18:20:19.173+02:00,16,0.7102333,0,0,12.45568,0,0,2026-04-24T18:28:28.837+02:00,798741326.6298088,0,1.96,101.5417,1,0.85,0
2026-04-24T18:35:27.618+02:00,1777048522.815582,53.56898963022433,9.882980424919118,39.25409,-1,-1,-1,-1,30.01978840862869,11.695014,-9999,3584.472007541667,0.0281982421875,-0.187042236328125,-0.9739227294921875,3584.466970541667,-0.02970926843405151,-0.02913954837394516,0.120949301579406,-0.02478291839361191,-0.03922818973660469,-0.001976020867004991,0.009724615141749382,-0.004449054598808289,-0.003737568855285645,XArbitraryZVertical,0.06020869560836175,-0.01543867381739943,-0.01570579679212307,0.9979428507049164,0.02016736567020416,-0.1859806329011917,-0.9823464155197144,0,0,0,-1,-1,3583.388986375001,walking,2,2026-04-24T18:35:26.531+02:00,2026-04-24T18:20:19.173+02:00,16,0.7102333,0,0,12.45568,0,0,2026-04-24T18:28:28.837+02:00,798741326.6298088,0,1.96,101.5417,1,0.85,0
2026-04-24T18:35:27.629+02:00,1777048522.815582,53.56898963022433,9.882980424919118,39.25409,-1,-1,-1,-1,30.01978840862869,11.695014,-9999,3584.482082541667,0.0245361328125,-0.1856536865234375,-0.97662353515625,3584.477045541667,-0.02975109361186923,-0.0295616026196592,0.1206679222330188,-0.03551439195871353,-0.04429511725902557,-0.006385683082044125,0.009695500135421753,-0.003323420882225037,0.003693461418151855,XArbitraryZVertical,0.06006464767571517,-0.01564856206043145,-0.01573742225654528,0.9979477785931314,0.01975397765636444,-0.1857024729251862,-0.9824074506759644,0,0,0,-1,-1,3583.388986375001,walking,2,2026-04-24T18:35:26.531+02:00,2026-04-24T18:20:19.173+02:00,16,0.7102333,0,0,12.45568,0,0,2026-04-24T18:28:28.837+02:00,798741326.6298088,0,1.96,101.5417,1,0.85,0
2026-04-24T18:35:27.638+02:00,1777048522.815582,53.56898963022433,9.882980424919118,39.25409,-1,-1,-1,-1,30.01978840862869,11.695014,-9999,3584.492157541667,0.017486572265625,-0.18731689453125,-0.976470947265625,3584.487119541667,-0.02983692964391159,-0.0299860379720928,0.1202674139551406,-0.04416226223111153,-0.04205113649368286,-0.007715665269643068,0.007438745349645615,-0.0008367449045181274,0.008445858955383301,XArbitraryZVertical,0.05986077799663393,-0.01586012097524547,-0.01579018208480585,0.9979558359564693,0.01934044435620308,-0.1853052526712418,-0.9824906587600708,0,0,0,-1,-1,3583.388986375001,walking,2,2026-04-24T18:35:26.531+02:00,2026-04-24T18:20:19.173+02:00,16,0.7102333,0,0,12.45568,0,0,2026-04-24T18:28:28.837+02:00,798741326.6298088,0,1.96,101.5417,1,0.85,0
2026-04-24T18:35:27.648+02:00,1777048522.815582,53.56898963022433,9.882980424919118,39.25409,-1,-1,-1,-1,30.01978840862869,11.695014,-9999,3584.502229625,0.0130157470703125,-0.185394287109375,-0.976287841796875,3584.497194541667,-0.02991810671961064,-0.03038489044172441,0.1198136121052795,-0.0438259057700634,-0.03849954903125763,-0.003976853564381599,0.002304127439856529,-0.002048999071121216,0.005913615226745605,XArbitraryZVertical,0.05963053232827684,-0.01605838799676586,-0.01583938821567845,0.9979656643064184,0.01895138062536716,-0.1848559081554413,-0.9825828671455383,0,0,0,-1,-1,3583.388986375001,walking,2,2026-04-24T18:35:26.531+02:00,2026-04-24T18:20:19.173+02:00,16,0.7102333,0,0,12.45568,0,0,2026-04-24T18:28:28.837+02:00,798741326.6298088,0,1.96,101.5417,1,0.85,0
2026-04-24T18:35:27.658+02:00,1777048522.815582,53.56898963022433,9.882980424919118,39.25409,-1,-1,-1,-1,30.01978840862869,11.695014,-9999,3584.512304625,0.0117340087890625,-0.179046630859375,-0.97900390625,3584.507266625,-0.02996937623005404,-0.03067793563667253,0.1194113165720518,-0.0354275219142437,-0.02346680127084255,-0.00335866748355329,-0.003466771915555,-0.003361910581588745,0.006863534450531006,XArbitraryZVertical,0.05942705254455973,-0.0162033175617418,-0.0158708090723757,0.997974928850291,0.01866454072296619,-0.1844585239887238,-0.9826630353927612,0,0,0,-1,-1,3583.388986375001,walking,2,2026-04-24T18:35:26.531+02:00,2026-04-24T18:20:19.173+02:00,16,0.7102333,0,0,12.45568,0,0,2026-04-24T18:28:28.837+02:00,798741326.6298088,0,1.96,101.5417,1,0.85,0
2026-04-24T18:35:27.668+02:00,1777048522.815582,53.56898963022433,9.882980424919118,39.25409,-1,-1,-1,-1,30.01978840862869,11.695014,-9999,3584.522378625,0.0117645263671875,-0.1753997802734375,-0.9793548583984375,3584.517341625,-0.0299964276912165,-0.03089333605936305,0.1191381171895504,-0.02102887257933617,-0.0203546304255724,-0.001088322605937719,-0.005925621837377548,0.001617595553398132,0.004491925239562988,XArbitraryZVertical,0.05928879516494955,-0.01630968430804213,-0.01588872375708773,0.9979811342735365,0.01845310255885124,-0.1841890215873718,-0.9827175736427307,0,0,0,-1,-1,3583.388986375001,walking,2,2026-04-24T18:35:26.531+02:00,2026-04-24T18:20:19.173+02:00,16,0.7102333,0,0,12.45568,0,0,2026-04-24T18:28:28.837+02:00,798741326.6298088,0,1.96,101.5417,1,0.85,0
2026-04-24T18:35:27.678+02:00,1777048522.815582,53.56898963022433,9.882980424919118,39.25409,-1,-1,-1,-1,30.01978840862869,11.695014,-9999,3584.532453625,0.0108184814453125,-0.17742919921875,-0.9772186279296875,3584.527416625,-0.03003527445918569,-0.03106348742306254,0.1189616564341888,-0.01844970695674419,-0.01710690557956696,-0.002646072302013636,-0.006950153037905693,0.007881686091423035,0.002818822860717773,XArbitraryZVertical,0.05919906880164005,-0.01639449843026957,-0.01591186259938315,0.9979847222246924,0.01828744821250439,-0.1840139180421829,-0.9827535152435303,0,0,0,-1,-1,3583.388986375001,walking,2,2026-04-24T18:35:26.531+02:00,2026-04-24T18:20:19.173+02:00,16,0.7102333,0,0,12.45568,0,0,2026-04-24T18:28:28.837+02:00,798741326.6298088,0,1.96,101.5417,1,0.85,0
2026-04-24T18:35:27.689+02:00,1777048522.815582,53.56898963022433,9.882980424919118,39.25409,-1,-1,-1,-1,30.01978840862869,11.695014,-9999,3584.542528625,0.0155181884765625,-0.180755615234375,-0.976165771484375,3584.537490625,-0.03009166262357476,-0.03124401603080926,0.1187254517952232,-0.03220174089074135,-0.02022493444383144,-0.007482106331735849,-0.006637778133153915,0.007433459162712097,0.004635989665985107,XArbitraryZVertical,0.0590792964161457,-0.01648458477507144,-0.01594360636932837,0.9979898849855396,0.01811240240931511,-0.1837792992591858,-0.9828006625175476,0,0,0,-1,-1,3583.388986375001,walking,2,2026-04-24T18:35:26.531+02:00,2026-04-24T18:20:19.173+02:00,16,0.7102333,0,0,12.45568,0,0,2026-04-24T18:28:28.837+02:00,798741326.6298088,0,1.96,101.5417,1,0.85,0
2026-04-24T18:35:27.699+02:00,1777048522.815582,53.56898963022433,9.882980424919118,39.25409,-1,-1,-1,-1,30.01978840862869,11.695014,-9999,3584.552602625,0.0179901123046875,-0.1848297119140625,-0.97314453125,3584.547565625,-0.03016665317696614,-0.03142563716754008,0.1183427621955016,-0.04065610468387604,-0.01859534718096256,-0.005678480491042137,-0.005988994613289833,0.00342249870300293,0.005961298942565918,XArbitraryZVertical,0.05888626371281428,-0.01657472631364814,-0.01598356222179433,0.9979991079212001,0.01793663948774338,-0.1833999454975128,-0.9828747510910034,0,0,0,-1,-1,3583.388986375001,walking,2,2026-04-24T18:35:26.531+02:00,2026-04-24T18:20:19.173+02:00,16,0.7102333,0,0,12.45568,0,0,2026-04-24T18:28:28.837+02:00,798741326.6298088,0,1.96,101.5417,1,0.85,0
2026-04-24T18:35:27.709+02:00,1777048522.815582,53.56898963022433,9.882980424919118,39.25409,-1,-1,-1,-1,30.01978840862869,11.695014,-9999,3584.562677625,0.0154571533203125,-0.184295654296875,-0.9728851318359375,3584.557640625,-0.03022625349985835,-0.03160008865347738,0.1179580932028993,-0.03887684643268585,-0.01567226089537144,-0.002838751999661326,0.0004063546657562256,0.0006157755851745605,0.008659839630126953,XArbitraryZVertical,0.05869241890952833,-0.01666081101178203,-0.01601557811339786,0.9980085466668479,0.01776687800884247,-0.1830193549394608,-0.9829487800598145,0,0,0,-1,-1,3583.388986375001,walking,2,2026-04-24T18:35:26.531+02:00,2026-04-24T18:20:19.173+02:00,16,0.7102333,0,0,12.45568,0,0,2026-04-24T18:28:28.837+02:00,798741326.6298088,0,1.96,101.5417,1,0.85,0
2026-04-24T18:35:27.724+02:00,1777048522.815582,53.56898963022433,9.882980424919118,39.25409,-1,-1,-1,-1,30.01978840862869,11.695014,-9999,3584.572752625,0.012420654296875,-0.1798553466796875,-0.9712371826171875,3584.567714625,-0.03027719995631543,-0.0317616905278703,0.1175958902753236,-0.03558501973748207,-0.01752582192420959,-0.002840482862666249,-0.0005347002297639847,-0.002916157245635986,0.009293854236602783,XArbitraryZVertical,0.05850994526014978,-0.01674037684154315,-0.01604303169805185,0.998017597070702,0.01760930009186268,-0.182661235332489,-0.9830182194709778,0,0,0,-1,-1,3583.388986375001,walking,2,2026-04-24T18:35:26.531+02:00,2026-04-24T18:20:19.173+02:00,16,0.7102333,0,0,12.45568,0,0,2026-04-24T18:28:28.837+02:00,798741326.6298088,0,1.96,101.5417,1,0.85,0
2026-04-24T18:35:27.729+02:00,1777048522.815582,53.56898963022433,9.882980424919118,39.25409,-1,-1,-1,-1,30.01978840862869,11.695014,-9999,3584.582826625,0.017181396484375,-0.1787872314453125,-0.9747161865234375,3584.577789625,-0.03033473442762361,-0.03192158734163839,0.1172704377795256,-0.03139853104948997,-0.01353826932609081,-0.004021861124783754,-0.003492211923003197,8.785724639892578e-05,0.01172155141830444,XArbitraryZVertical,0.0583457699582922,-0.01681953878442001,-0.01607397208052846,0.9980253773390274,0.01745401881635189,-0.1823388636112213,-0.9830808043479919,0,0,0,-1,-1,3583.388986375001,walking,2,2026-04-24T18:35:26.531+02:00,2026-04-24T18:20:19.173+02:00,16,0.7102333,0,0,12.45568,0,0,2026-04-24T18:28:28.837+02:00,798741326.6298088,0,1.96,101.5417,1,0.85,0
2026-04-24T18:35:27.739+02:00,1777048522.815582,53.56898963022433,9.882980424919118,39.25409,-1,-1,-1,-1,30.01978840862869,11.695014,-9999,3584.592901625,0.0186004638671875,-0.1814422607421875,-0.97332763671875,3584.587863625,-0.03038903727982507,-0.03204838542874479,0.1169980965059008,-0.02984350919723511,-0.008607959374785423,-0.006461982615292072,-0.003735762089490891,0.002716943621635437,0.009713888168334961,XArbitraryZVertical,0.05820838672104618,-0.01688245938231735,-0.01610271213695065,0.9980318682716655,0.01733135804533958,-0.1820687800645828,-0.98313307762146,0,0,0,-1,-1,3583.388986375001,walking,2,2026-04-24T18:35:26.531+02:00,2026-04-24T18:20:19.173+02:00,16,0.7102333,0,0,12.45568,0,0,2026-04-24T18:28:28.837+02:00,798741326.6298088,0,1.96,101.5417,1,0.85,0
2026-04-24T18:35:27.749+02:00,1777048522.815582,53.56898963022433,9.882980424919118,39.25409,-1,-1,-1,-1,30.01978840862869,11.695014,-9999,3584.602975625,0.016510009765625,-0.1769866943359375,-0.9705657958984375,3584.597938625,-0.03046449910470948,-0.0321802031400888,0.1167182426422207,-0.02770871855318546,-0.01177632249891758,-0.009796792641282082,0.001609001308679581,0.001706019043922424,0.007967054843902588,XArbitraryZVertical,0.05806703107631984,-0.01694843910285193,-0.01614208271324117,0.9980383281701134,0.01720510050654411,-0.1817902624607086,-0.9831867814064026,0,0,0,-1,-1,3583.388986375001,walking,2,2026-04-24T18:35:26.531+02:00,2026-04-24T18:20:19.173+02:00,16,0.7102333,0,0,12.45568,0,0,2026-04-24T18:28:28.837+02:00,798741326.6298088,0,1.96,101.5417,1,0.85,0
2026-04-24T18:35:27.759+02:00,1777048522.815582,53.56898963022433,9.882980424919118,39.25409,-1,-1,-1,-1,30.01978840862869,11.695014,-9999,3584.613050625,0.0175933837890625,-0.171173095703125,-0.9745941162109375,3584.608013625,-0.03054457787398458,-0.03230866906678508,0.1164810205067585,-0.01451344881206751,-0.01194170489907265,-0.00703422911465168,2.242997288703918e-05,0.001499682664871216,0.01091217994689941,XArbitraryZVertical,0.05794692984217873,-0.01701317413866902,-0.01618396595679941,0.9980435470149331,0.01708268560469151,-0.1815533936023712,-0.9832326769828796,0,0,0,-1,-1,3583.388986375001,walking,2,2026-04-24T18:35:26.531+02:00,2026-04-24T18:20:19.173+02:00,16,0.7102333,0,0,12.45568,0,0,2026-04-24T18:28:28.837+02:00,798741326.6298088,0,1.96,101.5417,1,0.85,0
2026-04-24T18:35:27.769+02:00,1777048522.815582,53.56898963022433,9.882980424919118,39.25409,-1,-1,-1,-1,30.01978840862869,11.695014,-9999,3584.623125625,0.0199737548828125,-0.1718597412109375,-0.975372314453125,3584.618087625,-0.03064848447092275,-0.03246598362060301,0.1163837462722609,-0.004959625191986561,-0.01499608531594276,-0.01332648005336523,0.0003386717289686203,0.00741104781627655,0.0119403600692749,XArbitraryZVertical,0.05789622397084532,-0.01709398946151255,-0.01623963028529335,0.9980442277992583,0.01693429239094257,-0.1814528256654739,-0.9832538366317749,0,0,0,-1,-1,3583.388986375001,walking,2,2026-04-24T18:35:26.531+02:00,2026-04-24T18:20:19.173+02:00,16,0.7102333,0,0,12.45568,0,0,2026-04-24T18:28:28.837+02:00,798741326.6298088,0,1.96,101.5417,1,0.85,0
2026-04-24T18:35:27.779+02:00,1777048522.815582,53.56898963022433,9.882980424919118,39.25409,-1,-1,-1,-1,30.01978840862869,11.695014,-9999,3584.633199625,0.020599365234375,-0.175933837890625,-0.975189208984375,3584.628162625,-0.03082270308688645,-0.03261834697429031,0.1163208278649248,-0.005307487212121487,-0.01283945702016354,-0.01891805231571198,0.001545488834381104,0.01109448075294495,0.006599903106689453,XArbitraryZVertical,0.05786209698848285,-0.0171746126858408,-0.01633049719766544,0.9980432572788219,0.01679558865725994,-0.1813825666904449,-0.9832691550254822,0,0,0,-1,-1,3583.388986375001,walking,2,2026-04-24T18:35:26.531+02:00,2026-04-24T18:20:19.173+02:00,16,0.7102333,0,0,12.45568,0,0,2026-04-24T18:28:28.837+02:00,798741326.6298088,0,1.96,101.5417,1,0.85,0
2026-04-24T18:35:27.789+02:00,1777048522.815582,53.56898963022433,9.882980424919118,39.25409,-1,-1,-1,-1,30.01978840862869,11.695014,-9999,3584.643274625,0.0167236328125,-0.1785430908203125,-0.979644775390625,3584.638236625,-0.03098787151119511,-0.03272582371981598,0.1162767368904157,-0.007856931537389755,-0.01276861689984798,-0.01466019079089165,0.004844881594181061,0.007579416036605835,0.009052395820617676,XArbitraryZVertical,0.05783779240321141,-0.01723270394378611,-0.01641568854456408,0.9980422842635056,0.01670054160058498,-0.1813312470912933,-0.9832802414894104,0,0,0,-1,-1,3583.388986375001,walking,2,2026-04-24T18:35:26.531+02:00,2026-04-24T18:20:19.173+02:00,16,0.7102333,0,0,12.45568,0,0,2026-04-24T18:28:28.837+02:00,798741326.6298088,0,1.96,101.5417,1,0.85,0
2026-04-24T18:35:27.799+02:00,1777048522.815582,53.56898963022433,9.882980424919118,39.25409,-1,-1,-1,-1,30.01978840862869,11.695014,-9999,3584.653348625,0.0152740478515625,-0.182647705078125,-0.98272705078125,3584.648311625,-0.03113639621859479,-0.03283583742890395,0.1161844729430268,-0.01846568658947945,-0.01133210770785809,-0.01233578473329544,0.002777066081762314,0.004536613821983337,0.006279706954956055,XArbitraryZVertical,0.05778956186782334,-0.01729122509893339,-0.01649227240198767,0.9980428121579556,0.01660161092877388,-0.1812334060668945,-0.9832999706268311,0,0,0,-1,-1,3583.388986375001,walking,2,2026-04-24T18:35:26.531+02:00,2026-04-24T18:20:19.173+02:00,16,0.7102333,0,0,12.45568,0,0,2026-04-24T18:28:28.837+02:00,798741326.6298088,0,1.96,101.5417,1,0.85,0
2026-04-24T18:35:27.809+02:00,1777048522.815582,53.56898963022433,9.882980424919118,39.25409,-1,-1,-1,-1,30.01978840862869,11.695014,-9999,3584.663423625,0.0159454345703125,-0.1895294189453125,-0.98382568359375,3584.658386625,-0.03126164954345138,-0.03295811925134882,0.1160248417698019,-0.02002097107470036,-0.01173850521445274,-0.01251421496272087,-0.002038590610027313,0.0009100139141082764,0.001627206802368164,XArbitraryZVertical,0.05770780437278673,-0.01735469627055908,-0.01655706904489015,0.998045375909101,0.01648867689073086,-0.1810705363750458,-0.9833318591117859,0,0,0,-1,-1,3583.388986375001,walking,2,2026-04-24T18:35:26.531+02:00,2026-04-24T18:20:19.173+02:00,16,0.7102333,0,0,12.45568,0,0,2026-04-24T18:28:28.837+02:00,798741326.6298088,0,1.96,101.5417,1,0.85,0
2026-04-24T18:35:27.820+02:00,1777048522.815582,53.56898963022433,9.882980424919118,39.25409,-1,-1,-1,-1,30.01978840862869,11.695014,-9999,3584.673498625,0.0119171142578125,-0.192626953125,-0.98455810546875,3584.668460625,-0.03135729374746815,-0.03304620487220779,0.1158072437826004,-0.02280259132385254,-0.005147714633494616,-0.004510551225394011,-0.0005531683564186096,-0.004633709788322449,-0.0006658434867858887,XArbitraryZVertical,0.05759765202118417,-0.01739981368126076,-0.01660564323629085,0.998050167426472,0.0164070650935173,-0.1808521449565887,-0.9833734631538391,0,0,0,-1,-1,3583.388986375001,walking,2,2026-04-24T18:35:26.531+02:00,2026-04-24T18:20:19.173+02:00,16,0.7102333,0,0,12.45568,0,0,2026-04-24T18:28:28.837+02:00,798741326.6298088,0,1.96,101.5417,1,0.85,0
2026-04-24T18:35:27.830+02:00,1777048522.815582,53.56898963022433,9.882980424919118,39.25409,-1,-1,-1,-1,30.01978840862869,11.695014,-9999,3584.683572625,0.0101776123046875,-0.1870574951171875,-0.987091064453125,3584.678535625,-0.03138163027283184,-0.03303867463737901,0.1155817649478571,-0.02552460879087448,0.002857747487723827,0.001129491487517953,-0.002025673165917397,-0.01218059659004211,-0.001204907894134521,XArbitraryZVertical,0.05748498076097597,-0.01739509913247205,-0.01661581460733695,0.9980565549854189,0.01641472615301609,-0.1806294769048691,-0.9834142327308655,0,0,0,-1,-1,3583.388986375001,walking,2,2026-04-24T18:35:26.531+02:00,2026-04-24T18:20:19.173+02:00,16,0.7102333,0,0,12.45568,0,0,2026-04-24T18:28:28.837+02:00,798741326.6298088,0,1.96,101.5417,1,0.85,0
2026-04-24T18:35:27.840+02:00,1777048522.815582,53.56898963022433,9.882980424919118,39.25409,-1,-1,-1,-1,30.01978840862869,11.695014,-9999,3584.693647625,0.008697509765625,-0.1799468994140625,-0.9906005859375,3584.688610625,-0.03136805814020503,-0.0329754574358551,0.1153035401592763,-0.03024277091026306,0.007846114225685596,0.005440017208456993,-0.006052572280168533,-0.009691417217254639,-0.002391815185546875,XArbitraryZVertical,0.05734677915393582,-0.01736111707586774,-0.01660506182510778,0.9980652371236971,0.01647434011101723,-0.1803568154573441,-0.9834632873535156,0,0,0,-1,-1,3583.388986375001,walking,2,2026-04-24T18:35:26.531+02:00,2026-04-24T18:20:19.173+02:00,16,0.7102333,0,0,12.45568,0,0,2026-04-24T18:28:28.837+02:00,798741326.6298088,0,1.96,101.5417,1,0.85,0
2026-04-24T18:35:27.850+02:00,1777048522.815582,53.56898963022433,9.882980424919118,39.25409,-1,-1,-1,-1,30.01978840862869,11.695014,-9999,3584.703722625,0.01422119140625,-0.1780548095703125,-0.9884796142578125,3584.698684625,-0.03131324139643236,-0.03291049002601251,0.1149759026394869,-0.03194932639598846,0.003964024130254984,0.006110068410634995,-0.008048780262470245,-0.002808481454849243,-0.006179511547088623,XArbitraryZVertical,0.05718428281117584,-0.01732471831520041,-0.01657329941856739,0.9980757742215836,0.01653268188238144,-0.1800376027822495,-0.9835208058357239,0,0,0,-1,-1,3583.388986375001,walking,2,2026-04-24T18:35:26.531+02:00,2026-04-24T18:20:19.173+02:00,16,0.7102333,0,0,12.45568,0,0,2026-04-24T18:28:28.837+02:00,798741326.6298088,0,1.96,101.5417,1,0.85,0
2026-04-24T18:35:27.860+02:00,1777048522.815582,53.56898963022433,9.882980424919118,39.25409,-1,-1,-1,-1,30.01978840862869,11.695014,-9999,3584.713796625,0.01666259765625,-0.176788330078125,-0.9825439453125,3584.708759625,-0.03129574141800495,-0.03286588427617956,0.1145711600117776,-0.03672048449516296,0.001336815999820828,0.002341495826840401,-0.005128901451826096,0.001494422554969788,-0.006458580493927002,XArbitraryZVertical,0.05698281426464843,-0.01729898764210492,-0.0165601528170205,0.9980879687846995,0.01657300814986229,-0.1796407997608185,-0.983592689037323,0,0,0,-1,-1,3583.388986375001,walking,2,2026-04-24T18:35:26.531+02:00,2026-04-24T18:20:19.173+02:00,16,0.7102333,0,0,12.45568,0,0,2026-04-24T18:28:28.837+02:00,798741326.6298088,0,1.96,101.5417,1,0.85,0
2026-04-24T18:35:27.870+02:00,1777048522.815582,53.56898963022433,9.882980424919118,39.25409,-1,-1,-1,-1,30.01978840862869,11.695014,-9999,3584.723871625,0.0176239013671875,-0.1710205078125,-0.9836273193359375,3584.718833625,-0.03131650130873834,-0.0328446038020973,0.1142195800505486,-0.02991184592247009,-0.001628081314265728,-0.00158187304623425,-0.0009682197123765945,0.0004003047943115234,-0.002230048179626465,XArbitraryZVertical,0.05680735286355753,-0.01728637724938356,-0.01656718283320003,0.9980980415422682,0.01659323275089264,-0.1792943477630615,-0.9836555123329163,0,0,0,-1,-1,3583.388986375001,walking,2,2026-04-24T18:35:26.531+02:00,2026-04-24T18:20:19.173+02:00,16,0.7102333,0,0,12.45568,0,0,2026-04-24T18:28:28.837+02:00,798741326.6298088,0,1.96,101.5417,1,0.85,0
2026-04-24T18:35:27.880+02:00,1777048522.815582,53.56898963022433,9.882980424919118,39.25409,-1,-1,-1,-1,30.01978840862869,11.695014,-9999,3584.733945625,0.018341064453125,-0.166534423828125,-0.9845428466796875,3584.728908625,-0.03135213243960405,-0.03288572979383676,0.1139640917487992,-0.02097358554601669,-0.01043115928769112,-0.005328341387212276,0.000917704775929451,0.004328414797782898,0.001646578311920166,XArbitraryZVertical,0.05667919827998668,-0.01730603391676388,-0.01658414999327329,0.9981047091812477,0.01655362360179424,-0.1790415793657303,-0.9837022423744202,0,0,0,-1,-1,3583.388986375001,walking,2,2026-04-24T18:35:26.531+02:00,2026-04-24T18:20:19.173+02:00,16,0.7102333,0,0,12.45568,0,0,2026-04-24T18:28:28.837+02:00,798741326.6298088,0,1.96,101.5417,1,0.85,0
2026-04-24T18:35:27.890+02:00,1777048522.815582,53.56898963022433,9.882980424919118,39.25409,-1,-1,-1,-1,30.01978840862869,11.695014,-9999,3584.744020625,0.0192108154296875,-0.1645660400390625,-0.982452392578125,3584.738983625,-0.03139541244817855,-0.03303019295365489,0.1138087022620928,-0.01311912387609482,-0.01829946786165237,-0.005512099713087082,0.002156516537070274,0.01081119477748871,-0.001450955867767334,XArbitraryZVertical,0.05660007652147292,-0.01737821137967375,-0.01660863221608416,0.9981074990673795,0.01641344465315342,-0.1788867712020874,-0.9837327599525452,0,0,0,-1,-1,3583.388986375001,walking,2,2026-04-24T18:35:26.531+02:00,2026-04-24T18:20:19.173+02:00,16,0.7102333,0,0,12.45568,0,0,2026-04-24T18:28:28.837+02:00,798741326.6298088,0,1.96,101.5417,1,0.85,0
2026-04-24T18:35:27.901+02:00,1777048522.815582,53.56898963022433,9.882980424919118,39.25409,-1,-1,-1,-1,30.01978840862869,11.695014,-9999,3584.754095625,0.017608642578125,-0.1695709228515625,-0.9761962890625,3584.749057625,-0.03148499045557882,-0.03320807732107141,0.1137080555377825,-0.01884769089519978,-0.01732927933335304,-0.0105304941534996,0.001990504562854767,0.01372918486595154,0.0001880526542663574,XArbitraryZVertical,0.05654758616329559,-0.01746877651834926,-0.01665758107060815,0.9981080947398815,0.01624376326799393,-0.1787835210561752,-0.9837543368339539,0,0,0,-1,-1,3583.388986375001,walking,2,2026-04-24T18:35:26.531+02:00,2026-04-24T18:20:19.173+02:00,16,0.7102333,0,0,12.45568,0,0,2026-04-24T18:28:28.837+02:00,798741326.6298088,0,1.96,101.5417,1,0.85,0
2026-04-24T18:35:27.911+02:00,1777048522.815582,53.56898963022433,9.882980424919118,39.25409,-1,-1,-1,-1,30.01978840862869,11.695014,-9999,3584.764169625,0.01214599609375,-0.1776123046875,-0.969696044921875,3584.759132625,-0.03160099038968801,-0.03338016708382502,0.1135366578645635,-0.03192727267742157,-0.01657267659902573,-0.01053475402295589,0.002855079248547554,0.0124565064907074,0.002511203289031982,XArbitraryZVertical,0.05645959546782612,-0.01755666785269673,-0.01671898597537876,0.9981105010479115,0.01608109101653099,-0.1786094605922699,-0.9837886095046997,0,0,0,-1,-1,3583.388986375001,walking,2,2026-04-24T18:35:26.531+02:00,2026-04-24T18:20:19.173+02:00,16,0.7102333,0,0,12.45568,0,0,2026-04-24T18:28:28.837+02:00,798741326.6298088,0,1.96,101.5417,1,0.85,0
2026-04-24T18:35:27.921+02:00,1777048522.815582,53.56898963022433,9.882980424919118,39.25409,-1,-1,-1,-1,30.01978840862869,11.695014,-9999,3584.774244625,0.0066680908203125,-0.1820831298828125,-0.9698944091796875,3584.769207625,-0.0317180757728246,-0.0335055430986242,0.113211264266268,-0.04106404632329941,-0.007095550652593374,-0.01038315519690514,-0.001116706058382988,0.004577934741973877,0.01168161630630493,XArbitraryZVertical,0.05629511866663877,-0.01762012056187441,-0.01677838186302909,0.9981177183893358,0.01596352271735668,-0.1782840043306351,-0.9838495850563049,0,0,0,-1,-1,3583.388986375001,walking,2,2026-04-24T18:35:26.531+02:00,2026-04-24T18:20:19.173+02:00,16,0.7102333,0,0,12.45568,0,0,2026-04-24T18:28:28.837+02:00,798741326.6298088,0,1.96,101.5417,1,0.85,0
2026-04-24T18:35:27.931+02:00,1777048522.815582,53.56898963022433,9.882980424919118,39.25409,-1,-1,-1,-1,30.01978840862869,11.695014,-9999,3584.784318625,0.0028076171875,-0.1802520751953125,-0.97674560546875,3584.779281625,-0.03177869915252559,-0.03354713130885642,0.1128666063905036,-0.03122686222195625,0.002250812947750092,-1.86641700565815e-05,-0.006570884957909584,-0.002492859959602356,0.01447546482086182,XArbitraryZVertical,0.05612222776900214,-0.01764001295157275,-0.01680707734594023,0.9981265633877707,0.01592453569173813,-0.1779423207044601,-0.9839120507240295,0,0,0,-1,-1,3583.388986375001,walking,2,2026-04-24T18:35:26.531+02:00,2026-04-24T18:20:19.173+02:00,16,0.7102333,0,0,12.45568,0,0,2026-04-24T18:28:28.837+02:00,798741326.6298088,0,1.96,101.5417,1,0.85,0
2026-04-24T18:35:27.941+02:00,1777048522.815582,53.56898963022433,9.882980424919118,39.25409,-1,-1,-1,-1,30.01978840862869,11.695014,-9999,3584.794393625,0.0064849853515625,-0.171905517578125,-0.9822540283203125,3584.789356625,-0.03174137399088546,-0.03350998390138959,0.1126543799439838,-0.007310663349926472,0.009862659499049187,0.006939043756574392,-0.01217316649854183,-0.005141034722328186,0.01156735420227051,XArbitraryZVertical,0.05601695239900761,-0.01761884627287894,-0.01678572794827682,0.9981331813576184,0.01595735922455788,-0.1777355372905731,-0.9839488863945007,0,0,0,-1,-1,3583.388986375001,walking,2,2026-04-24T18:35:26.531+02:00,2026-04-24T18:20:19.173+02:00,16,0.7102333,0,0,12.45568,0,0,2026-04-24T18:28:28.837+02:00,798741326.6298088,0,1.96,101.5417,1,0.85,0
2026-04-24T18:35:27.951+02:00,1777048522.815582,53.56898963022433,9.882980424919118,39.25409,-1,-1,-1,-1,30.01978840862869,11.695014,-9999,3584.804468625,0.0093536376953125,-0.1630706787109375,-0.983673095703125,3584.799430625,-0.03167790156369627,-0.03340257916232701,0.1126208849341297,-0.00311325560323894,0.01235457975417376,0.006545695010572672,-0.01250334642827511,0.001268327236175537,0.003194034099578857,XArbitraryZVertical,0.05600169496865554,-0.01756321746717321,-0.01675077857687869,0.9981355949181087,0.01605865731835365,-0.177705705165863,-0.9839526414871216,0,0,0,-1,-1,3583.388986375001,walking,2,2026-04-24T18:35:26.531+02:00,2026-04-24T18:20:19.173+02:00,16,0.7102333,0,0,12.45568,0,0,2026-04-24T18:28:28.837+02:00,798741326.6298088,0,1.96,101.5417,1,0.85,0
2026-04-24T18:35:27.961+02:00,1777048522.815582,53.56898963022433,9.882980424919118,39.25409,-1,-1,-1,-1,30.01978840862869,11.695014,-9999,3584.814542625,0.010101318359375,-0.1663970947265625,-0.982147216796875,3584.809505625,-0.03161904121794153,-0.03331504277656573,0.112552409305585,-0.008253796026110649,0.007485256064683199,0.003277597017586231,-0.007214101031422615,0.01159510016441345,0.001174867153167725,XArbitraryZVertical,0.05596876714416634,-0.0175173739440433,-0.0167184127865951,0.9981388157090691,0.01614050753414631,-0.1776412576436996,-0.9839629530906677,0,0,0,-1,-1,3583.388986375001,walking,2,2026-04-24T18:35:26.531+02:00,2026-04-24T18:20:19.173+02:00,16,0.7102333,0,0,12.45568,0,0,2026-04-24T18:28:28.837+02:00,798741326.6298088,0,1.96,101.5417,1,0.85,0
2026-04-24T18:35:27.971+02:00,1777048522.815582,53.56898963022433,9.882980424919118,39.25409,-1,-1,-1,-1,30.01978840862869,11.695014,-9999,3584.824617625,0.01214599609375,-0.1830291748046875,-0.9780120849609375,3584.819580625,-0.03164168501025268,-0.03323434967092555,0.1122834632602208,-0.03516104444861412,0.005194138735532761,-0.005839468445628881,-0.00649995356798172,0.01548005640506744,-2.980232238769531e-05,XArbitraryZVertical,0.05583501320304458,-0.01747573679629314,-0.01672534321357172,0.9981469789986144,0.01621981710195541,-0.1773758232593536,-0.9840095043182373,0,0,0,-1,-1,3583.388986375001,walking,2,2026-04-24T18:35:26.531+02:00,2026-04-24T18:20:19.173+02:00,16,0.7102333,0,0,12.45568,0,0,2026-04-24T18:28:28.837+02:00,798741326.6298088,0,1.96,101.5417,1,0.85,0
2026-04-24T18:35:27.981+02:00,1777048522.815582,53.56898963022433,9.882980424919118,39.25409,-1,-1,-1,-1,30.01978840862869,11.695014,-9999,3584.834692625,0.015838623046875,-0.1787567138671875,-0.97735595703125,3584.829654625,-0.03174541522740628,-0.03318915558760313,0.1118154705713916,-0.04259578883647919,-0.00200252141803503,-0.009824955835938454,-0.00461064837872982,0.001327872276306152,0.003471136093139648,XArbitraryZVertical,0.05560091378832789,-0.01745258689598207,-0.01677218178737485,0.9981596838722097,0.01626837626099586,-0.1769107580184937,-0.9840924143791199,0,0,0,-1,-1,3583.388986375001,walking,2,2026-04-24T18:35:26.531+02:00,2026-04-24T18:20:19.173+02:00,16,0.7102333,0,0,12.45568,0,0,2026-04-24T18:28:28.837+02:00,798741326.6298088,0,1.96,101.5417,1,0.85,0
2026-04-24T18:35:27.991+02:00,1777048522.815582,53.56898963022433,9.882980424919118,39.25409,-1,-1,-1,-1,30.01978840862869,11.695014,-9999,3584.844766625,0.0190277099609375,-0.1688995361328125,-0.98272705078125,3584.839729625,-0.03187122115033882,-0.03318289334171587,0.1114003053448425,-0.03060304187238216,-0.001912240404635668,-0.0096558453515172,-0.002745835110545158,-0.006639480590820312,0.008183956146240234,XArbitraryZVertical,0.05539266032271079,-0.01744984862120429,-0.01683154099630836,0.9981703213027682,0.01628039591014385,-0.1764965206384659,-0.9841666221618652,0,0,0,-1,-1,3583.388986375001,walking,2,2026-04-24T18:35:26.531+02:00,2026-04-24T18:20:19.173+02:00,16,0.7102333,0,0,12.45568,0,0,2026-04-24T18:28:28.837+02:00,798741326.6298088,0,1.96,101.5417,1,0.85,0
2026-04-24T18:35:28.001+02:00,1777048522.815582,53.56898963022433,9.882980424919118,39.25409,-1,-1,-1,-1,30.01978840862869,11.695014,-9999,3584.854841625,0.025604248046875,-0.16986083984375,-0.9810791015625,3584.849804625,-0.03198161266490094,-0.03319639238113603,0.1111659069024996,-0.01644887402653694,-0.001137260813266039,-0.01130054704844952,0.001305125653743744,0.004248365759849548,0.003862321376800537,XArbitraryZVertical,0.05527459384002814,-0.01745788021751712,-0.0168851715905369,0.9981758341840382,0.01627301424741745,-0.1762607097625732,-0.9842090010643005,0,0,0,-1,-1,3583.388986375001,walking,2,2026-04-24T18:35:26.531+02:00,2026-04-24T18:20:19.173+02:00,16,0.7102333,0,0,12.45568,0,0,2026-04-24T18:28:28.837+02:00,798741326.6298088,0,1.96,101.5417,1,0.85,0
2026-04-24T18:35:28.011+02:00,1777048522.815582,53.56898963022433,9.882980424919118,39.25409,-1,-1,-1,-1,30.01978840862869,11.695014,-9999,3584.864915625,0.024383544921875,-0.17462158203125,-0.9776153564453125,3584.859878625,-0.03209816702386922,-0.03326084277794394,0.1110911030115284,-0.008296406827867031,-0.006024161353707314,-0.01052716374397278,0.006167832762002945,0.008197486400604248,0.001451253890991211,XArbitraryZVertical,0.05523569386616556,-0.01749270252699002,-0.01694453543891145,0.998176402014169,0.0162168238312006,-0.1761815100908279,-0.9842240810394287,0,0,0,-1,-1,3583.388986375001,walking,2,2026-04-24T18:35:26.531+02:00,2026-04-24T18:20:19.173+02:00,16,0.7102333,0,0,12.45568,0,0,2026-04-24T18:28:28.837+02:00,798741326.6298088,0,1.96,101.5417,1,0.85,0
2026-04-24T18:35:28.021+02:00,1777048522.815582,53.56898963022433,9.882980424919118,39.25409,-1,-1,-1,-1,30.01978840862869,11.695014,-9999,3584.874990625,0.0206756591796875,-0.1744842529296875,-0.9756622314453125,3584.869953625,-0.03219091414748079,-0.03332368665461668,0.1110663604571155,-0.006592036224901676,-0.00323236919939518,-0.008372068405151367,0.00980953685939312,0.002812802791595459,0.004570186138153076,XArbitraryZVertical,0.05522199974711613,-0.01752644128542998,-0.01699236530254982,0.9981757525874079,0.01616093702614307,-0.1761526763439178,-0.9842301607131958,0,0,0,-1,-1,3583.388986375001,walking,2,2026-04-24T18:35:26.531+02:00,2026-04-24T18:20:19.173+02:00,16,0.7102333,0,0,12.45568,0,0,2026-04-24T18:28:28.837+02:00,798741326.6298088,0,1.96,101.5417,1,0.85,0
2026-04-24T18:35:28.031+02:00,1777048522.815582,53.56898963022433,9.882980424919118,39.25409,-1,-1,-1,-1,30.01978840862869,11.695014,-9999,3584.885065625,0.0175323486328125,-0.1792755126953125,-0.9752349853515625,3584.880027625,-0.03223389120683526,-0.03338655114684105,0.1109949115586333,-0.01089171040803194,-0.001297582872211933,-0.002710187574848533,0.005810169503092766,0.001504510641098022,0.008032560348510742,XArbitraryZVertical,0.05518543312313394,-0.01755846293247592,-0.01701498874195212,0.9981767326953193,0.01610146649181843,-0.1760803312063217,-0.9842441082000732,0,0,0,-1,-1,3583.388986375001,walking,2,2026-04-24T18:35:26.531+02:00,2026-04-24T18:20:19.173+02:00,16,0.7102333,0,0,12.45568,0,0,2026-04-24T18:28:28.837+02:00,798741326.6298088,0,1.96,101.5417,1,0.85,0
2026-04-24T18:35:28.041+02:00,1777048522.815582,53.56898963022433,9.882980424919118,39.25409,-1,-1,-1,-1,30.01978840862869,11.695014,-9999,3584.895139625,0.01556396484375,-0.18170166015625,-0.9733428955078125,3584.890102625,-0.0322809247680805,-0.03341940525972254,0.1108022201234328,-0.01573647931218147,0.002375182462856174,-0.002231817226856947,0.003032922744750977,-0.0005335509777069092,0.00849461555480957,XArbitraryZVertical,0.05508856678745634,-0.01757469448901087,-0.01703784805075336,0.9981814147277294,0.01607109606266022,-0.1758885830640793,-0.9842788577079773,0,0,0,-1,-1,3583.388986375001,walking,2,2026-04-24T18:35:26.531+02:00,2026-04-24T18:20:19.173+02:00,16,0.7102333,0,0,12.45568,0,0,2026-04-24T18:28:28.837+02:00,798741326.6298088,0,1.96,101.5417,1,0.85,0
2026-04-24T18:35:28.051+02:00,1777048522.815582,53.56898963022433,9.882980424919118,39.25409,-1,-1,-1,-1,30.01978840862869,11.695014,-9999,3584.905214625,0.0150604248046875,-0.1783905029296875,-0.974029541015625,3584.900177625,-0.03228164292589299,-0.03340626368231563,0.1106171777377381,-0.007244191132485867,0.007755566854029894,0.003954972140491009,-4.598870873451233e-05,-0.005491524934768677,0.008954167366027832,XArbitraryZVertical,0.0549963177781771,-0.01756675056674147,-0.01703638480138278,0.9981866428271985,0.01608298905193806,-0.17570661008358,-0.9843111634254456,0,0,0,-1,-1,3583.388986375001,walking,2,2026-04-24T18:35:26.531+02:00,2026-04-24T18:20:19.173+02:00,16,0.7102333,0,0,12.45568,0,0,2026-04-24T18:28:28.837+02:00,798741326.6298088,0,1.96,101.5417,1,0.85,0
2026-04-24T18:35:28.062+02:00,1777048522.815582,53.56898963022433,9.882980424919118,39.25409,-1,-1,-1,-1,30.01978840862869,11.695014,-9999,3584.915289625,0.0143585205078125,-0.1706695556640625,-0.9776153564453125,3584.910251625,-0.03224754016240629,-0.03331981544671383,0.1105886033862644,0.001794044859707355,0.008928422816097736,0.001073298742994666,-0.0003117769956588745,-0.005334854125976562,0.01078855991363525,XArbitraryZVertical,0.05498308771972547,-0.01752244898916592,-0.01701676105234779,0.9981885485989672,0.01616567373275757,-0.1756801903247833,-0.9843145608901978,0,0,0,-1,-1,3583.388986375001,walking,2,2026-04-24T18:35:26.531+02:00,2026-04-24T18:20:19.173+02:00,16,0.7102333,0,0,12.45568,0,0,2026-04-24T18:28:28.837+02:00,798741326.6298088,0,1.96,101.5417,1,0.85,0
2026-04-24T18:35:28.072+02:00,1777048522.815582,53.56898963022433,9.882980424919118,39.25409,-1,-1,-1,-1,30.01978840862869,11.695014,-9999,3584.925363625,0.019012451171875,-0.1686859130859375,-0.98004150390625,3584.920326625,-0.03226527648837856,-0.03326857276552916,0.1106475057676161,0.002347449772059917,0.002739503048360348,-0.003849288448691368,-0.001859091222286224,0.0008867532014846802,0.008870184421539307,XArbitraryZVertical,0.0550127663604312,-0.01749780859005642,-0.01702466691244126,0.9981872265786049,0.01621762663125992,-0.1757372468709946,-0.9843035340309143,0,0,0,-1,-1,3583.388986375001,walking,2,2026-04-24T18:35:26.531+02:00,2026-04-24T18:20:19.173+02:00,16,0.7102333,0,0,12.45568,0,0,2026-04-24T18:28:28.837+02:00,798741326.6298088,0,1.96,101.5417,1,0.85,0
2026-04-24T18:35:28.082+02:00,1777048522.815582,53.56898963022433,9.882980424919118,39.25409,-1,-1,-1,-1,30.01978840862869,11.695014,-9999,3584.935438625,0.02020263671875,-0.1730194091796875,-0.979522705078125,3584.930401625,-0.03234305323795902,-0.03324570715078158,0.1106736622114529,0.004211289808154106,0.001800472382456064,-0.008618343621492386,-0.0006203912198543549,0.006981685757637024,0.004272937774658203,XArbitraryZVertical,0.05502533896572322,-0.01748873608221223,-0.01706306224984368,0.9981859795836547,0.0162454042583704,-0.1757591664791107,-0.9842991232872009,0,0,0,-1,-1,3583.388986375001,walking,2,2026-04-24T18:35:26.531+02:00,2026-04-24T18:20:19.173+02:00,16,0.7102333,0,0,12.45568,0,0,2026-04-24T18:28:28.837+02:00,798741326.6298088,0,1.96,101.5417,1,0.85,0
2026-04-24T18:35:28.092+02:00,1777048522.815582,53.56898963022433,9.882980424919118,39.25409,-1,-1,-1,-1,30.01978840862869,11.695014,-9999,3584.945513625,0.017364501953125,-0.1763916015625,-0.980499267578125,3584.940475625,-0.03243750173008314,-0.03318973925169862,0.1106722572800556,0.002612327691167593,0.001303526340052485,-0.006492075975984335,0.004460519179701805,0.005480349063873291,0.004471302032470703,XArbitraryZVertical,0.05502429070649811,-0.01746339073599104,-0.01710865003263448,0.9981856986460405,0.01630670577287674,-0.175753191113472,-0.9842991828918457,0,0,0,-1,-1,3583.388986375001,walking,2,2026-04-24T18:35:26.531+02:00,2026-04-24T18:20:19.173+02:00,16,0.7102333,0,0,12.45568,0,0,2026-04-24T18:28:28.837+02:00,798741326.6298088,0,1.96,101.5417,1,0.85,0
2026-04-24T18:35:28.102+02:00,1777048522.815582,53.56898963022433,9.882980424919118,39.25409,-1,-1,-1,-1,30.01978840862869,11.695014,-9999,3584.955587625,0.0186767578125,-0.174041748046875,-0.9820098876953125,3584.950550625,-0.03252766890914252,-0.03316139543109809,0.1106745295627254,0.001598515664227307,-0.0046632862649858,-0.008791649714112282,0.002305693924427032,-0.000716865062713623,0.004425406455993652,XArbitraryZVertical,0.05502487981567357,-0.01745174236883384,-0.01715288954750615,0.9981851240192706,0.01634055934846401,-0.1757510304450989,-0.9842990040779114,0,0,0,-1,-1,3583.388986375001,walking,2,2026-04-24T18:35:26.531+02:00,2026-04-24T18:20:19.173+02:00,16,0.7102333,0,0,12.45568,0,0,2026-04-24T18:28:28.837+02:00,798741326.6298088,0,1.96,101.5417,1,0.85,0
2026-04-24T18:35:28.112+02:00,1777048522.815582,53.56898963022433,9.882980424919118,39.25409,-1,-1,-1,-1,30.01978840862869,11.695014,-9999,3584.965662625,0.0207366943359375,-0.17584228515625,-0.980255126953125,3584.960624625,-0.03261589017022357,-0.03316696345901989,0.1106773577281977,-0.004087333101779222,-0.005717098247259855,-0.009413497522473335,0.001221975311636925,0.0006549060344696045,0.002548813819885254,XArbitraryZVertical,0.05502547404828301,-0.01745697036322541,-0.01719709557026094,0.9981842316746924,0.01634090393781662,-0.1757495254278183,-0.9842993021011353,0,0,0,-1,-1,3583.388986375001,walking,2,2026-04-24T18:35:26.531+02:00,2026-04-24T18:20:19.173+02:00,16,0.7102333,0,0,12.45568,0,0,2026-04-24T18:28:28.837+02:00,798741326.6298088,0,1.96,101.5417,1,0.85,0
2026-04-24T18:35:28.122+02:00,1777048522.815582,53.56898963022433,9.882980424919118,39.25409,-1,-1,-1,-1,30.01978840862869,11.695014,-9999,3584.975736625,0.0175323486328125,-0.1800994873046875,-0.9784698486328125,3584.970699625,-0.03267977631443212,-0.03320499264574732,0.1106308696673545,-0.009222227148711681,-0.00412080017849803,-0.003764133900403976,0.004536107182502747,0.00168946385383606,0.003580391407012939,XArbitraryZVertical,0.05500138397482412,-0.01747734946104156,-0.01722966185235225,0.9981846830477421,0.01630741357803345,-0.1757007092237473,-0.9843085408210754,0,0,0,-1,-1,3583.388986375001,walking,2,2026-04-24T18:35:26.531+02:00,2026-04-24T18:20:19.173+02:00,16,0.7102333,0,0,12.45568,0,0,2026-04-24T18:28:28.837+02:00,798741326.6298088,0,1.96,101.5417,1,0.85,0
2026-04-24T18:35:28.132+02:00,1777048522.815582,53.56898963022433,9.882980424919118,39.25409,-1,-1,-1,-1,30.01978840862869,11.695014,-9999,3584.985811625,0.0151214599609375,-0.1808319091796875,-0.9765625,3584.980774625,-0.03270648170400031,-0.03326367944510142,0.1105681213963357,-0.01856432855129242,-0.004437982570379972,-0.001910307444632053,0.00312764011323452,-0.002447634935379028,0.004325032234191895,XArbitraryZVertical,0.05496932753935786,-0.0175068910098309,-0.01724411202234085,0.9981856623486328,0.01625103689730167,-0.1756377071142197,-0.9843207597732544,0,0,0,-1,-1,3583.388986375001,walking,2,2026-04-24T18:35:26.531+02:00,2026-04-24T18:20:19.173+02:00,16,0.7102333,0,0,12.45568,0,0,2026-04-24T18:28:28.837+02:00,798741326.6298088,0,1.96,101.5417,1,0.85,0
2026-04-24T18:35:28.142+02:00,1777048522.815582,53.56898963022433,9.882980424919118,39.25409,-1,-1,-1,-1,30.01978840862869,11.695014,-9999,3584.995886625,0.01226806640625,-0.177398681640625,-0.9769439697265625,3584.990848625,-0.03271514175875517,-0.03332447495810743,0.1104002214091378,-0.02789657935500145,-0.007081169169396162,1.489190617576241e-05,0.000654933974146843,-0.0054512619972229,0.007498860359191895,XArbitraryZVertical,0.05488492766107458,-0.01753617818441373,-0.01724878473863991,0.9981897006046201,0.0161907821893692,-0.1754721999168396,-0.9843512177467346,0,0,0,-1,-1,3583.388986375001,walking,2,2026-04-24T18:35:26.531+02:00,2026-04-24T18:20:19.173+02:00,16,0.7102333,0,0,12.45568,0,0,2026-04-24T18:28:28.837+02:00,798741326.6298088,0,1.96,101.5417,1,0.85,0
2026-04-24T18:35:28.152+02:00,1777048522.815582,53.56898963022433,9.882980424919118,39.25409,-1,-1,-1,-1,30.01978840862869,11.695014,-9999,3585.005960625,0.01263427734375,-0.17376708984375,-0.97747802734375,3585.000923625,-0.03272097980007061,-0.03339596087679906,0.1101446826840308,-0.02619162201881409,-0.004567944910377264,-0.0005105497548356652,-0.002828884869813919,-0.005184024572372437,0.007682144641876221,XArbitraryZVertical,0.05475671646936676,-0.01757004699148858,-0.01725164514392311,0.9981961167555843,0.01611930504441261,-0.1752206534147263,-0.9843972325325012,0,0,0,-1,-1,3583.388986375001,walking,2,2026-04-24T18:35:26.531+02:00,2026-04-24T18:20:19.173+02:00,16,0.7102333,0,0,12.45568,0,0,2026-04-24T18:28:28.837+02:00,798741326.6298088,0,1.96,101.5417,1,0.85,0
2026-04-24T18:35:28.162+02:00,1777048522.815582,53.56898963022433,9.882980424919118,39.25409,-1,-1,-1,-1,30.01978840862869,11.695014,-9999,3585.016035625,0.01397705078125,-0.1719970703125,-0.975677490234375,3585.010998625,-0.03274806395954288,-0.03344136906082735,0.1098436639003039,-0.02591385506093502,-0.001256037503480911,-0.002175624947994947,-0.004081210121512413,0.000118643045425415,0.007262766361236572,XArbitraryZVertical,0.05460584111618838,-0.01759112879277303,-0.01726402819248603,0.99820384194658,0.01607463136315346,-0.1749233305454254,-0.9844508171081543,0,0,0,-1,-1,3583.388986375001,walking,2,2026-04-24T18:35:26.531+02:00,2026-04-24T18:20:19.173+02:00,16,0.7102333,0,0,12.45568,0,0,2026-04-24T18:28:28.837+02:00,798741326.6298088,0,1.96,101.5417,1,0.85,0
2026-04-24T18:35:28.173+02:00,1777048522.815582,53.56898963022433,9.882980424919118,39.25409,-1,-1,-1,-1,30.01978840862869,11.695014,-9999,3585.026110625,0.012115478515625,-0.168212890625,-0.9753265380859375,3585.021072625,-0.032830351443401,-0.033391138743235,0.1095489826635956,-0.02032388001680374,0.000280340202152729,-0.007718994282186031,-0.002806833013892174,0.001854240894317627,0.008336365222930908,XArbitraryZVertical,0.0544584767067476,-0.01756602778356329,-0.01730140539658417,0.9982115815034385,0.01612776890397072,-0.1746295243501663,-0.9845021367073059,0,0,0,-1,-1,3583.388986375001,walking,2,2026-04-24T18:35:26.531+02:00,2026-04-24T18:20:19.173+02:00,16,0.7102333,0,0,12.45568,0,0,2026-04-24T18:28:28.837+02:00,798741326.6298088,0,1.96,101.5417,1,0.85,0
2026-04-24T18:35:28.182+02:00,1777048522.815582,53.56898963022433,9.882980424919118,39.25409,-1,-1,-1,-1,30.01978840862869,11.695014,-9999,3585.036184625,0.0102996826171875,-0.165802001953125,-0.9763031005859375,3585.031147625,-0.03289347779457123,-0.03332428932092349,0.1094058442097295,-0.01282005198299885,0.003872145432978868,-0.004842048510909081,-0.003226922824978828,0.004167065024375916,0.009016871452331543,XArbitraryZVertical,0.05438705764270554,-0.01753327172056282,-0.01732996561905932,0.9982155630216121,0.01619690842926502,-0.1744856834411621,-0.984526515007019,0,0,0,-1,-1,3583.388986375001,walking,2,2026-04-24T18:35:26.531+02:00,2026-04-24T18:20:19.173+02:00,16,0.7102333,0,0,12.45568,0,0,2026-04-24T18:28:28.837+02:00,798741326.6298088,0,1.96,101.5417,1,0.85,0
2026-04-24T18:35:28.193+02:00,1777048522.815582,53.56898963022433,9.882980424919118,39.25409,-1,-1,-1,-1,30.01978840862869,11.695014,-9999,3585.046259625,0.0136566162109375,-0.165863037109375,-0.9772796630859375,3585.041222625,-0.0329639528760402,-0.03322922075630835,0.1093420998877981,0.001191371586173773,0.01015427615493536,-0.00643408577889204,-0.006025601178407669,0.008022472262382507,0.009164273738861084,XArbitraryZVertical,0.05435544657568789,-0.01748724240299222,-0.01736205426035142,0.9982175773694798,0.01629478111863136,-0.1744195818901062,-0.9845365881919861,0,0,0,-1,-1,3583.388986375001,walking,2,2026-04-24T18:35:26.531+02:00,2026-04-24T18:20:19.173+02:00,16,0.7102333,0,0,12.45568,0,0,2026-04-24T18:28:28.837+02:00,798741326.6298088,0,1.96,101.5417,1,0.85,0
2026-04-24T18:35:28.203+02:00,1777048522.815582,53.56898963022433,9.882980424919118,39.25409,-1,-1,-1,-1,30.01978840862869,11.695014,-9999,3585.056334625,0.0147552490234375,-0.1659088134765625,-0.982269287109375,3585.051296625,-0.03304077505842425,-0.03311859020336105,0.1093598362686386,-0.001065178075805306,0.007495109923183918,-0.009297050535678864,-0.004186557605862617,0.008722811937332153,0.007817208766937256,XArbitraryZVertical,0.05436458970568327,-0.01743425174141545,-0.0173975287237045,0.9982173924124712,0.01640886068344116,-0.1744332760572433,-0.9845322370529175,0,0,0,-1,-1,3583.388986375001,walking,2,2026-04-24T18:35:26.531+02:00,2026-04-24T18:20:19.173+02:00,16,0.7102333,0,0,12.45568,0,0,2026-04-24T18:28:28.837+02:00,798741326.6298088,0,1.96,101.5417,1,0.85,0
2026-04-24T18:35:28.213+02:00,1777048522.815582,53.56898963022433,9.882980424919118,39.25409,-1,-1,-1,-1,30.01978840862869,11.695014,-9999,3585.066408625,0.017669677734375,-0.1719207763671875,-0.982574462890625,3585.061371625,-0.03313210556659968,-0.03303491261010304,0.1093962384525749,0.004955163691192865,0.005485488567501307,-0.01067337207496166,-0.001925313845276833,0.008571073412895203,0.00471264123916626,XArbitraryZVertical,0.05438269157669274,-0.01739525437989779,-0.01744112136539367,0.9982163419998461,0.01649746857583523,-0.1744646281003952,-0.984525203704834,0,0,0,-1,-1,3583.388986375001,walking,2,2026-04-24T18:35:26.531+02:00,2026-04-24T18:20:19.173+02:00,16,0.7102333,0,0,12.45568,0,0,2026-04-24T18:28:28.837+02:00,798741326.6298088,0,1.96,101.5417,1,0.85,0
2026-04-24T18:35:28.229+02:00,1777048522.815582,53.56898963022433,9.882980424919118,39.25409,-1,-1,-1,-1,30.01978840862869,11.695014,-9999,3585.076483625,0.017059326171875,-0.1795501708984375,-0.9806671142578125,3585.071446625,-0.03322378454486627,-0.0330109579593351,0.1094263559468867,-0.009745272807776928,-0.001557507552206516,-0.009003836661577225,-0.0008106958121061325,0.006170079112052917,0.001442313194274902,XArbitraryZVertical,0.0543971361852142,-0.01738602753448709,-0.01748646228064291,0.9982149170722069,0.01652726158499718,-0.1744897812604904,-0.9845202565193176,0,0,0,-1,-1,3583.388986375001,walking,2,2026-04-24T18:35:26.531+02:00,2026-04-24T18:20:19.173+02:00,16,0.7102333,0,0,12.45568,0,0,2026-04-24T18:28:28.837+02:00,798741326.6298088,0,1.96,101.5417,1,0.85,0
2026-04-24T18:35:28.233+02:00,1777048522.815582,53.56898963022433,9.882980424919118,39.25409,-1,-1,-1,-1,30.01978840862869,11.695014,-9999,3585.086557625,0.017486572265625,-0.1774139404296875,-0.9765777587890625,3585.081520625,-0.03327393053529147,-0.03303436797461754,0.1093399664237525,-0.01912705600261688,-0.00160997174680233,-0.00269427546299994,0.001803543418645859,-0.002614855766296387,0.002526223659515381,XArbitraryZVertical,0.05435337654328934,-0.01739839718919181,-0.01751145432765338,0.9982166426474458,0.01650701649487019,-0.1744023859500885,-0.9845361113548279,0,0,0,-1,-1,3583.388986375001,walking,2,2026-04-24T18:35:26.531+02:00,2026-04-24T18:20:19.173+02:00,16,0.7102333,0,0,12.45568,0,0,2026-04-24T18:28:28.837+02:00,798741326.6298088,0,1.96,101.5417,1,0.85,0
2026-04-24T18:35:28.243+02:00,1777048522.815582,53.56898963022433,9.882980424919118,39.25409,-1,-1,-1,-1,30.01978840862869,11.695014,-9999,3585.096632625,0.0182037353515625,-0.18011474609375,-0.9793243408203125,3585.091595625,-0.03329379977588948,-0.03310084585713142,0.1090986504827017,-0.03145328164100647,-0.005201511085033417,-0.001897257985547185,0.0008467342704534531,-0.004607900977134705,0.006017982959747314,XArbitraryZVertical,0.05423217144531749,-0.01743021945764608,-0.01752129276010179,0.9982225648932753,0.01644148863852024,-0.1741640865802765,-0.9845793843269348,0,0,0,-1,-1,3583.388986375001,walking,2,2026-04-24T18:35:26.531+02:00,2026-04-24T18:20:19.173+02:00,16,0.7102333,0,0,12.45568,0,0,2026-04-24T18:28:28.837+02:00,798741326.6298088,0,1.96,101.5417,1,0.85,0
2026-04-24T18:35:28.255+02:00,1777048522.815582,53.56898963022433,9.882980424919118,39.25409,-1,-1,-1,-1,30.01978840862869,11.695014,-9999,3585.106707625,0.0204620361328125,-0.1831817626953125,-0.97637939453125,3585.101669625,-0.03331535731930219,-0.03330446365294381,0.1087313320170654,-0.03285304456949234,-0.05754993855953217,0.002038627862930298,0.002039745450019836,-0.00429883599281311,0.007367074489593506,XArbitraryZVertical,0.05404686126668511,-0.01752954465485164,-0.01753468746538195,0.9982306081211656,0.01624029874801636,-0.1738017648458481,-0.984646737575531,0,0,0,-1,-1,3583.388986375001,walking,2,2026-04-24T18:35:26.531+02:00,2026-04-24T18:20:19.173+02:00,16,0.7102333,0,0,12.45568,0,0,2026-04-24T18:28:28.837+02:00,798741326.6298088,0,1.96,101.5417,1,0.85,0
2026-04-24T18:35:28.263+02:00,1777048522.815582,53.56898963022433,9.882980424919118,39.25409,-1,-1,-1,-1,30.01978840862869,11.695014,-9999,3585.116781625,0.0210723876953125,-0.161895751953125,-0.92974853515625,3585.111744625,-0.03334883920962515,-0.03468244921172157,0.1083736103923035,-0.05846844241023064,-0.1947229653596878,-0.02121429704129696,0.004251035861670971,-0.008817985653877258,0.005909740924835205,XArbitraryZVertical,0.05385591644039491,-0.01821541045984996,-0.0175856985747979,0.9982276986732505,0.01488349959254265,-0.1734482795000076,-0.9847304821014404,0,0,0,-1,-1,3583.388986375001,walking,2,2026-04-24T18:35:26.531+02:00,2026-04-24T18:20:19.173+02:00,16,0.7102333,0,0,12.45568,0,0,2026-04-24T18:28:28.837+02:00,798741326.6298088,0,1.96,101.5417,1,0.85,0
2026-04-24T18:35:28.273+02:00,1777048522.815582,53.56898963022433,9.882980424919118,39.25409,-1,-1,-1,-1,30.01978840862869,11.695014,-9999,3585.126856625,0.0451507568359375,-0.222900390625,-0.8957672119140625,3585.121819625,-0.03381858215184036,-0.03686401020664759,0.1074721797680936,-0.1261087507009506,-0.2146117240190506,-0.07165297120809555,0.008540907874703407,-0.005363583564758301,0.02201426029205322,XArbitraryZVertical,0.05338223960180759,-0.01930972983148673,-0.0178709996881971,0.9982275274293972,0.01276037562638521,-0.1725386381149292,-0.9849200844764709,0,0,0,-1,-1,3583.388986375001,walking,2,2026-04-24T18:35:26.531+02:00,2026-04-24T18:20:19.173+02:00,16,0.7102333,0,0,12.45568,0,0,2026-04-24T18:28:28.837+02:00,798741326.6298088,0,1.96,101.5417,1,0.85,0
2026-04-24T18:35:28.283+02:00,1777048522.815582,53.56898963022433,9.882980424919118,39.25409,-1,-1,-1,-1,30.01978840862869,11.695014,-9999,3585.136931625,0.0613555908203125,-0.25146484375,-0.9606475830078125,3585.131893625,-0.03482849462381887,-0.03795065921052434,0.1059081129918551,-0.1507343947887421,-0.01190681755542755,-0.08904900401830673,0.01552115194499493,0.004110857844352722,0.08765715360641479,XArbitraryZVertical,0.05258181235717316,-0.01986623055303849,-0.01838996423218453,0.9982497165937986,0.01174631714820862,-0.1709504425525665,-0.985209584236145,0,0,0,-1,-1,3583.388986375001,walking,2,2026-04-24T18:35:26.531+02:00,2026-04-24T18:20:19.173+02:00,16,0.7102333,0,0,12.45568,0,0,2026-04-24T18:28:28.837+02:00,798741326.6298088,0,1.96,101.5417,1,0.85,0
2026-04-24T18:35:28.293+02:00,1777048522.815582,53.56898963022433,9.882980424919118,39.25409,-1,-1,-1,-1,30.01978840862869,11.695014,-9999,3585.147005625,-0.050567626953125,-0.0600128173828125,-1.012481689453125,3585.141968625,-0.03494527382871616,-0.03724242418651891,0.1053000984170109,0.01659147255122662,0.1396195888519287,0.07367226481437683,0.05530115216970444,-0.1075009256601334,0.05996686220169067,XArbitraryZVertical,0.05228369300640384,-0.01951079815977194,-0.01842425947744878,0.998271733790823,0.01244788430631161,-0.1703463792800903,-0.9853056073188782,0,0,0,-1,-1,3583.388986375001,walking,2,2026-04-24T18:35:26.531+02:00,2026-04-24T18:20:19.173+02:00,16,0.7102333,0,0,12.45568,0,0,2026-04-24T18:28:28.837+02:00,798741326.6298088,0,1.96,101.5417,1,0.85,0
2026-04-24T18:35:28.303+02:00,1777048522.815582,53.56898963022433,9.882980424919118,39.25409,-1,-1,-1,-1,30.01978840862869,11.695014,-9999,3585.157080625,-0.044769287109375,-0.0700836181640625,-1.033798217773438,3585.152043625,-0.03400374568168518,-0.03563199906048242,0.105584640373851,0.03790752217173576,0.1833846569061279,0.08884283155202866,-0.004193544387817383,0.01883214712142944,-0.00486832857131958,XArbitraryZVertical,0.05244934466582605,-0.01868463021712272,-0.01791459757945443,0.9982881272620923,0.01397444307804108,-0.1706723868846893,-0.9852287173271179,0,0,0,-1,-1,3583.388986375001,walking,2,2026-04-24T18:35:26.531+02:00,2026-04-24T18:20:19.173+02:00,16,0.7102333,0,0,12.45568,0,0,2026-04-24T18:28:28.837+02:00,798741326.6298088,0,1.96,101.5417,1,0.85,0
2026-04-24T18:35:28.313+02:00,1777048522.815582,53.56898963022433,9.882980424919118,39.25409,-1,-1,-1,-1,30.01978840862869,11.695014,-9999,3585.167155625,0.0146026611328125,-0.1891326904296875,-1.026214599609375,3585.162117625,-0.03348269894562494,-0.03419200730781703,0.1058388389962845,0.003340755589306355,0.1064611077308655,0.009934967383742332,-0.08391807228326797,0.1356848776340485,-0.04274797439575195,XArbitraryZVertical,0.05259379432832718,-0.01795420313727711,-0.0176188048128457,0.9982992208504987,0.01536034792661667,-0.1709479540586472,-0.9851603507995605,0,0,0,-1,-1,3583.388986375001,walking,2,2026-04-24T18:35:26.531+02:00,2026-04-24T18:20:19.173+02:00,16,0.7102333,0,0,12.45568,0,0,2026-04-24T18:28:28.837+02:00,798741326.6298088,0,1.96,101.5417,1,0.85,0
2026-04-24T18:35:28.323+02:00,1777048522.815582,53.56898963022433,9.882980424919118,39.25409,-1,-1,-1,-1,30.01978840862869,11.695014,-9999,3585.177229625,0.0422515869140625,-0.2572021484375,-1.01171875,3585.172192625,-0.0337884946486609,-0.03372603211524583,0.1054853195883586,-0.06080712750554085,0.004998662509024143,-0.06217564642429352,-0.02688483707606792,0.03885598480701447,-0.04601907730102539,XArbitraryZVertical,0.05241872668453605,-0.01772683082807757,-0.01775637220838737,0.9983099685497504,0.01583748869597912,-0.1705851256847382,-0.9852156639099121,0,0,0,-1,-1,3583.388986375001,walking,2,2026-04-24T18:35:26.531+02:00,2026-04-24T18:20:19.173+02:00,16,0.7102333,0,0,12.45568,0,0,2026-04-24T18:28:28.837+02:00,798741326.6298088,0,1.96,101.5417,1,0.85,0
